[2026-04-02T08:14:44.490+0000] {processor.py:186} INFO - Started process (PID=203) to work on /opt/airflow/dags/hello_world.py
[2026-04-02T08:14:44.493+0000] {processor.py:914} INFO - Processing file /opt/airflow/dags/hello_world.py for tasks to queue
[2026-04-02T08:14:44.501+0000] {logging_mixin.py:190} INFO - [2026-04-02T08:14:44.500+0000] {dagbag.py:588} INFO - Filling up the DagBag from /opt/airflow/dags/hello_world.py
[2026-04-02T08:14:44.531+0000] {processor.py:925} INFO - DAG(s) 'hello_world' retrieved from /opt/airflow/dags/hello_world.py
[2026-04-02T08:14:44.758+0000] {logging_mixin.py:190} INFO - [2026-04-02T08:14:44.757+0000] {override.py:1900} INFO - Created Permission View: can edit on DAG:hello_world
[2026-04-02T08:14:44.774+0000] {logging_mixin.py:190} INFO - [2026-04-02T08:14:44.774+0000] {override.py:1900} INFO - Created Permission View: can read on DAG:hello_world
[2026-04-02T08:14:44.786+0000] {logging_mixin.py:190} INFO - [2026-04-02T08:14:44.785+0000] {override.py:1900} INFO - Created Permission View: can delete on DAG:hello_world
[2026-04-02T08:14:44.797+0000] {logging_mixin.py:190} INFO - [2026-04-02T08:14:44.797+0000] {override.py:1900} INFO - Created Permission View: can read on DAG Run:hello_world
[2026-04-02T08:14:44.808+0000] {logging_mixin.py:190} INFO - [2026-04-02T08:14:44.807+0000] {override.py:1900} INFO - Created Permission View: menu access on DAG Run:hello_world
[2026-04-02T08:14:44.818+0000] {logging_mixin.py:190} INFO - [2026-04-02T08:14:44.817+0000] {override.py:1900} INFO - Created Permission View: can create on DAG Run:hello_world
[2026-04-02T08:14:44.827+0000] {logging_mixin.py:190} INFO - [2026-04-02T08:14:44.827+0000] {override.py:1900} INFO - Created Permission View: can delete on DAG Run:hello_world
[2026-04-02T08:14:44.828+0000] {logging_mixin.py:190} INFO - [2026-04-02T08:14:44.828+0000] {dag.py:3239} INFO - Sync 1 DAGs
[2026-04-02T08:14:44.852+0000] {logging_mixin.py:190} INFO - [2026-04-02T08:14:44.852+0000] {dag.py:3262} INFO - Creating ORM DAG for hello_world
[2026-04-02T08:14:44.870+0000] {logging_mixin.py:190} INFO - [2026-04-02T08:14:44.870+0000] {dag.py:4180} INFO - Setting next_dagrun for hello_world to 2026-04-01 00:00:00+00:00, run_after=2026-04-02 00:00:00+00:00
[2026-04-02T08:14:44.896+0000] {processor.py:208} INFO - Processing /opt/airflow/dags/hello_world.py took 0.425 seconds
[2026-04-02T08:15:15.081+0000] {processor.py:186} INFO - Started process (PID=230) to work on /opt/airflow/dags/hello_world.py
[2026-04-02T08:15:15.082+0000] {processor.py:914} INFO - Processing file /opt/airflow/dags/hello_world.py for tasks to queue
[2026-04-02T08:15:15.084+0000] {logging_mixin.py:190} INFO - [2026-04-02T08:15:15.084+0000] {dagbag.py:588} INFO - Filling up the DagBag from /opt/airflow/dags/hello_world.py
[2026-04-02T08:15:15.093+0000] {processor.py:925} INFO - DAG(s) 'hello_world' retrieved from /opt/airflow/dags/hello_world.py
[2026-04-02T08:15:15.114+0000] {logging_mixin.py:190} INFO - [2026-04-02T08:15:15.114+0000] {dag.py:3239} INFO - Sync 1 DAGs
[2026-04-02T08:15:15.132+0000] {logging_mixin.py:190} INFO - [2026-04-02T08:15:15.132+0000] {dag.py:4180} INFO - Setting next_dagrun for hello_world to 2026-04-02 00:00:00+00:00, run_after=2026-04-03 00:00:00+00:00
[2026-04-02T08:15:15.147+0000] {processor.py:208} INFO - Processing /opt/airflow/dags/hello_world.py took 0.071 seconds
[2026-04-02T08:15:45.257+0000] {processor.py:186} INFO - Started process (PID=235) to work on /opt/airflow/dags/hello_world.py
[2026-04-02T08:15:45.269+0000] {processor.py:914} INFO - Processing file /opt/airflow/dags/hello_world.py for tasks to queue
[2026-04-02T08:15:45.272+0000] {logging_mixin.py:190} INFO - [2026-04-02T08:15:45.271+0000] {dagbag.py:588} INFO - Filling up the DagBag from /opt/airflow/dags/hello_world.py
[2026-04-02T08:15:45.284+0000] {processor.py:925} INFO - DAG(s) 'hello_world' retrieved from /opt/airflow/dags/hello_world.py
[2026-04-02T08:15:45.310+0000] {logging_mixin.py:190} INFO - [2026-04-02T08:15:45.310+0000] {dag.py:3239} INFO - Sync 1 DAGs
[2026-04-02T08:15:45.332+0000] {logging_mixin.py:190} INFO - [2026-04-02T08:15:45.332+0000] {dag.py:4180} INFO - Setting next_dagrun for hello_world to 2026-04-02 00:00:00+00:00, run_after=2026-04-03 00:00:00+00:00
[2026-04-02T08:15:45.350+0000] {processor.py:208} INFO - Processing /opt/airflow/dags/hello_world.py took 0.098 seconds
[2026-04-02T08:16:15.494+0000] {processor.py:186} INFO - Started process (PID=240) to work on /opt/airflow/dags/hello_world.py
[2026-04-02T08:16:15.495+0000] {processor.py:914} INFO - Processing file /opt/airflow/dags/hello_world.py for tasks to queue
[2026-04-02T08:16:15.497+0000] {logging_mixin.py:190} INFO - [2026-04-02T08:16:15.497+0000] {dagbag.py:588} INFO - Filling up the DagBag from /opt/airflow/dags/hello_world.py
[2026-04-02T08:16:15.506+0000] {processor.py:925} INFO - DAG(s) 'hello_world' retrieved from /opt/airflow/dags/hello_world.py
[2026-04-02T08:16:15.529+0000] {logging_mixin.py:190} INFO - [2026-04-02T08:16:15.529+0000] {dag.py:3239} INFO - Sync 1 DAGs
[2026-04-02T08:16:15.547+0000] {logging_mixin.py:190} INFO - [2026-04-02T08:16:15.547+0000] {dag.py:4180} INFO - Setting next_dagrun for hello_world to 2026-04-02 00:00:00+00:00, run_after=2026-04-03 00:00:00+00:00
[2026-04-02T08:16:15.562+0000] {processor.py:208} INFO - Processing /opt/airflow/dags/hello_world.py took 0.073 seconds
[2026-04-02T08:16:45.704+0000] {processor.py:186} INFO - Started process (PID=245) to work on /opt/airflow/dags/hello_world.py
[2026-04-02T08:16:45.717+0000] {processor.py:914} INFO - Processing file /opt/airflow/dags/hello_world.py for tasks to queue
[2026-04-02T08:16:45.720+0000] {logging_mixin.py:190} INFO - [2026-04-02T08:16:45.720+0000] {dagbag.py:588} INFO - Filling up the DagBag from /opt/airflow/dags/hello_world.py
[2026-04-02T08:16:45.730+0000] {processor.py:925} INFO - DAG(s) 'hello_world' retrieved from /opt/airflow/dags/hello_world.py
[2026-04-02T08:16:45.755+0000] {logging_mixin.py:190} INFO - [2026-04-02T08:16:45.754+0000] {dag.py:3239} INFO - Sync 1 DAGs
[2026-04-02T08:16:45.777+0000] {logging_mixin.py:190} INFO - [2026-04-02T08:16:45.777+0000] {dag.py:4180} INFO - Setting next_dagrun for hello_world to 2026-04-02 00:00:00+00:00, run_after=2026-04-03 00:00:00+00:00
[2026-04-02T08:16:45.801+0000] {processor.py:208} INFO - Processing /opt/airflow/dags/hello_world.py took 0.104 seconds
[2026-04-02T08:17:15.872+0000] {processor.py:186} INFO - Started process (PID=250) to work on /opt/airflow/dags/hello_world.py
[2026-04-02T08:17:15.873+0000] {processor.py:914} INFO - Processing file /opt/airflow/dags/hello_world.py for tasks to queue
[2026-04-02T08:17:15.874+0000] {logging_mixin.py:190} INFO - [2026-04-02T08:17:15.874+0000] {dagbag.py:588} INFO - Filling up the DagBag from /opt/airflow/dags/hello_world.py
[2026-04-02T08:17:15.883+0000] {processor.py:925} INFO - DAG(s) 'hello_world' retrieved from /opt/airflow/dags/hello_world.py
[2026-04-02T08:17:15.907+0000] {logging_mixin.py:190} INFO - [2026-04-02T08:17:15.906+0000] {dag.py:3239} INFO - Sync 1 DAGs
[2026-04-02T08:17:15.926+0000] {logging_mixin.py:190} INFO - [2026-04-02T08:17:15.925+0000] {dag.py:4180} INFO - Setting next_dagrun for hello_world to 2026-04-02 00:00:00+00:00, run_after=2026-04-03 00:00:00+00:00
[2026-04-02T08:17:15.941+0000] {processor.py:208} INFO - Processing /opt/airflow/dags/hello_world.py took 0.074 seconds
[2026-04-02T08:17:46.139+0000] {processor.py:186} INFO - Started process (PID=255) to work on /opt/airflow/dags/hello_world.py
[2026-04-02T08:17:46.156+0000] {processor.py:914} INFO - Processing file /opt/airflow/dags/hello_world.py for tasks to queue
[2026-04-02T08:17:46.158+0000] {logging_mixin.py:190} INFO - [2026-04-02T08:17:46.158+0000] {dagbag.py:588} INFO - Filling up the DagBag from /opt/airflow/dags/hello_world.py
[2026-04-02T08:17:46.168+0000] {processor.py:925} INFO - DAG(s) 'hello_world' retrieved from /opt/airflow/dags/hello_world.py
[2026-04-02T08:17:46.192+0000] {logging_mixin.py:190} INFO - [2026-04-02T08:17:46.191+0000] {dag.py:3239} INFO - Sync 1 DAGs
[2026-04-02T08:17:46.214+0000] {logging_mixin.py:190} INFO - [2026-04-02T08:17:46.213+0000] {dag.py:4180} INFO - Setting next_dagrun for hello_world to 2026-04-02 00:00:00+00:00, run_after=2026-04-03 00:00:00+00:00
[2026-04-02T08:17:46.233+0000] {processor.py:208} INFO - Processing /opt/airflow/dags/hello_world.py took 0.099 seconds
[2026-04-02T08:18:16.317+0000] {processor.py:186} INFO - Started process (PID=260) to work on /opt/airflow/dags/hello_world.py
[2026-04-02T08:18:16.318+0000] {processor.py:914} INFO - Processing file /opt/airflow/dags/hello_world.py for tasks to queue
[2026-04-02T08:18:16.320+0000] {logging_mixin.py:190} INFO - [2026-04-02T08:18:16.320+0000] {dagbag.py:588} INFO - Filling up the DagBag from /opt/airflow/dags/hello_world.py
[2026-04-02T08:18:16.330+0000] {processor.py:925} INFO - DAG(s) 'hello_world' retrieved from /opt/airflow/dags/hello_world.py
[2026-04-02T08:18:16.353+0000] {logging_mixin.py:190} INFO - [2026-04-02T08:18:16.353+0000] {dag.py:3239} INFO - Sync 1 DAGs
[2026-04-02T08:18:16.370+0000] {logging_mixin.py:190} INFO - [2026-04-02T08:18:16.370+0000] {dag.py:4180} INFO - Setting next_dagrun for hello_world to 2026-04-02 00:00:00+00:00, run_after=2026-04-03 00:00:00+00:00
[2026-04-02T08:18:16.384+0000] {processor.py:208} INFO - Processing /opt/airflow/dags/hello_world.py took 0.072 seconds
[2026-04-02T08:18:46.507+0000] {processor.py:186} INFO - Started process (PID=265) to work on /opt/airflow/dags/hello_world.py
[2026-04-02T08:18:46.524+0000] {processor.py:914} INFO - Processing file /opt/airflow/dags/hello_world.py for tasks to queue
[2026-04-02T08:18:46.526+0000] {logging_mixin.py:190} INFO - [2026-04-02T08:18:46.526+0000] {dagbag.py:588} INFO - Filling up the DagBag from /opt/airflow/dags/hello_world.py
[2026-04-02T08:18:46.535+0000] {processor.py:925} INFO - DAG(s) 'hello_world' retrieved from /opt/airflow/dags/hello_world.py
[2026-04-02T08:18:46.556+0000] {logging_mixin.py:190} INFO - [2026-04-02T08:18:46.556+0000] {dag.py:3239} INFO - Sync 1 DAGs
[2026-04-02T08:18:46.573+0000] {logging_mixin.py:190} INFO - [2026-04-02T08:18:46.573+0000] {dag.py:4180} INFO - Setting next_dagrun for hello_world to 2026-04-02 00:00:00+00:00, run_after=2026-04-03 00:00:00+00:00
[2026-04-02T08:18:46.590+0000] {processor.py:208} INFO - Processing /opt/airflow/dags/hello_world.py took 0.087 seconds
[2026-04-02T08:19:16.701+0000] {processor.py:186} INFO - Started process (PID=270) to work on /opt/airflow/dags/hello_world.py
[2026-04-02T08:19:16.702+0000] {processor.py:914} INFO - Processing file /opt/airflow/dags/hello_world.py for tasks to queue
[2026-04-02T08:19:16.704+0000] {logging_mixin.py:190} INFO - [2026-04-02T08:19:16.704+0000] {dagbag.py:588} INFO - Filling up the DagBag from /opt/airflow/dags/hello_world.py
[2026-04-02T08:19:16.712+0000] {processor.py:925} INFO - DAG(s) 'hello_world' retrieved from /opt/airflow/dags/hello_world.py
[2026-04-02T08:19:16.732+0000] {logging_mixin.py:190} INFO - [2026-04-02T08:19:16.732+0000] {dag.py:3239} INFO - Sync 1 DAGs
[2026-04-02T08:19:16.749+0000] {logging_mixin.py:190} INFO - [2026-04-02T08:19:16.748+0000] {dag.py:4180} INFO - Setting next_dagrun for hello_world to 2026-04-02 00:00:00+00:00, run_after=2026-04-03 00:00:00+00:00
[2026-04-02T08:19:16.762+0000] {processor.py:208} INFO - Processing /opt/airflow/dags/hello_world.py took 0.066 seconds
[2026-04-02T08:19:46.906+0000] {processor.py:186} INFO - Started process (PID=275) to work on /opt/airflow/dags/hello_world.py
[2026-04-02T08:19:46.907+0000] {processor.py:914} INFO - Processing file /opt/airflow/dags/hello_world.py for tasks to queue
[2026-04-02T08:19:46.909+0000] {logging_mixin.py:190} INFO - [2026-04-02T08:19:46.909+0000] {dagbag.py:588} INFO - Filling up the DagBag from /opt/airflow/dags/hello_world.py
[2026-04-02T08:19:46.918+0000] {processor.py:925} INFO - DAG(s) 'hello_world' retrieved from /opt/airflow/dags/hello_world.py
[2026-04-02T08:19:46.939+0000] {logging_mixin.py:190} INFO - [2026-04-02T08:19:46.939+0000] {dag.py:3239} INFO - Sync 1 DAGs
[2026-04-02T08:19:46.957+0000] {logging_mixin.py:190} INFO - [2026-04-02T08:19:46.957+0000] {dag.py:4180} INFO - Setting next_dagrun for hello_world to 2026-04-02 00:00:00+00:00, run_after=2026-04-03 00:00:00+00:00
[2026-04-02T08:19:46.973+0000] {processor.py:208} INFO - Processing /opt/airflow/dags/hello_world.py took 0.071 seconds
[2026-04-02T08:20:17.070+0000] {processor.py:186} INFO - Started process (PID=280) to work on /opt/airflow/dags/hello_world.py
[2026-04-02T08:20:17.071+0000] {processor.py:914} INFO - Processing file /opt/airflow/dags/hello_world.py for tasks to queue
[2026-04-02T08:20:17.073+0000] {logging_mixin.py:190} INFO - [2026-04-02T08:20:17.073+0000] {dagbag.py:588} INFO - Filling up the DagBag from /opt/airflow/dags/hello_world.py
[2026-04-02T08:20:17.082+0000] {processor.py:925} INFO - DAG(s) 'hello_world' retrieved from /opt/airflow/dags/hello_world.py
[2026-04-02T08:20:17.104+0000] {logging_mixin.py:190} INFO - [2026-04-02T08:20:17.104+0000] {dag.py:3239} INFO - Sync 1 DAGs
[2026-04-02T08:20:17.122+0000] {logging_mixin.py:190} INFO - [2026-04-02T08:20:17.122+0000] {dag.py:4180} INFO - Setting next_dagrun for hello_world to 2026-04-02 00:00:00+00:00, run_after=2026-04-03 00:00:00+00:00
[2026-04-02T08:20:17.136+0000] {processor.py:208} INFO - Processing /opt/airflow/dags/hello_world.py took 0.071 seconds
[2026-04-02T08:20:47.277+0000] {processor.py:186} INFO - Started process (PID=285) to work on /opt/airflow/dags/hello_world.py
[2026-04-02T08:20:47.278+0000] {processor.py:914} INFO - Processing file /opt/airflow/dags/hello_world.py for tasks to queue
[2026-04-02T08:20:47.280+0000] {logging_mixin.py:190} INFO - [2026-04-02T08:20:47.279+0000] {dagbag.py:588} INFO - Filling up the DagBag from /opt/airflow/dags/hello_world.py
[2026-04-02T08:20:47.290+0000] {processor.py:925} INFO - DAG(s) 'hello_world' retrieved from /opt/airflow/dags/hello_world.py
[2026-04-02T08:20:47.316+0000] {logging_mixin.py:190} INFO - [2026-04-02T08:20:47.315+0000] {dag.py:3239} INFO - Sync 1 DAGs
[2026-04-02T08:20:47.340+0000] {logging_mixin.py:190} INFO - [2026-04-02T08:20:47.340+0000] {dag.py:4180} INFO - Setting next_dagrun for hello_world to 2026-04-02 00:00:00+00:00, run_after=2026-04-03 00:00:00+00:00
[2026-04-02T08:20:47.357+0000] {processor.py:208} INFO - Processing /opt/airflow/dags/hello_world.py took 0.084 seconds
[2026-04-02T08:21:17.522+0000] {processor.py:186} INFO - Started process (PID=290) to work on /opt/airflow/dags/hello_world.py
[2026-04-02T08:21:17.523+0000] {processor.py:914} INFO - Processing file /opt/airflow/dags/hello_world.py for tasks to queue
[2026-04-02T08:21:17.524+0000] {logging_mixin.py:190} INFO - [2026-04-02T08:21:17.524+0000] {dagbag.py:588} INFO - Filling up the DagBag from /opt/airflow/dags/hello_world.py
[2026-04-02T08:21:17.534+0000] {processor.py:925} INFO - DAG(s) 'hello_world' retrieved from /opt/airflow/dags/hello_world.py
[2026-04-02T08:21:17.555+0000] {logging_mixin.py:190} INFO - [2026-04-02T08:21:17.554+0000] {dag.py:3239} INFO - Sync 1 DAGs
[2026-04-02T08:21:17.572+0000] {logging_mixin.py:190} INFO - [2026-04-02T08:21:17.572+0000] {dag.py:4180} INFO - Setting next_dagrun for hello_world to 2026-04-02 00:00:00+00:00, run_after=2026-04-03 00:00:00+00:00
[2026-04-02T08:21:17.585+0000] {processor.py:208} INFO - Processing /opt/airflow/dags/hello_world.py took 0.068 seconds
[2026-04-02T08:21:47.789+0000] {processor.py:186} INFO - Started process (PID=295) to work on /opt/airflow/dags/hello_world.py
[2026-04-02T08:21:47.790+0000] {processor.py:914} INFO - Processing file /opt/airflow/dags/hello_world.py for tasks to queue
[2026-04-02T08:21:47.792+0000] {logging_mixin.py:190} INFO - [2026-04-02T08:21:47.792+0000] {dagbag.py:588} INFO - Filling up the DagBag from /opt/airflow/dags/hello_world.py
[2026-04-02T08:21:47.802+0000] {processor.py:925} INFO - DAG(s) 'hello_world' retrieved from /opt/airflow/dags/hello_world.py
[2026-04-02T08:21:47.824+0000] {logging_mixin.py:190} INFO - [2026-04-02T08:21:47.824+0000] {dag.py:3239} INFO - Sync 1 DAGs
[2026-04-02T08:21:47.842+0000] {logging_mixin.py:190} INFO - [2026-04-02T08:21:47.842+0000] {dag.py:4180} INFO - Setting next_dagrun for hello_world to 2026-04-02 00:00:00+00:00, run_after=2026-04-03 00:00:00+00:00
[2026-04-02T08:21:47.856+0000] {processor.py:208} INFO - Processing /opt/airflow/dags/hello_world.py took 0.071 seconds
[2026-04-02T08:22:17.992+0000] {processor.py:186} INFO - Started process (PID=300) to work on /opt/airflow/dags/hello_world.py
[2026-04-02T08:22:17.993+0000] {processor.py:914} INFO - Processing file /opt/airflow/dags/hello_world.py for tasks to queue
[2026-04-02T08:22:17.995+0000] {logging_mixin.py:190} INFO - [2026-04-02T08:22:17.994+0000] {dagbag.py:588} INFO - Filling up the DagBag from /opt/airflow/dags/hello_world.py
[2026-04-02T08:22:18.004+0000] {processor.py:925} INFO - DAG(s) 'hello_world' retrieved from /opt/airflow/dags/hello_world.py
[2026-04-02T08:22:18.029+0000] {logging_mixin.py:190} INFO - [2026-04-02T08:22:18.029+0000] {dag.py:3239} INFO - Sync 1 DAGs
[2026-04-02T08:22:18.049+0000] {logging_mixin.py:190} INFO - [2026-04-02T08:22:18.049+0000] {dag.py:4180} INFO - Setting next_dagrun for hello_world to 2026-04-02 00:00:00+00:00, run_after=2026-04-03 00:00:00+00:00
[2026-04-02T08:22:18.065+0000] {processor.py:208} INFO - Processing /opt/airflow/dags/hello_world.py took 0.078 seconds
[2026-04-02T08:22:48.215+0000] {processor.py:186} INFO - Started process (PID=305) to work on /opt/airflow/dags/hello_world.py
[2026-04-02T08:22:48.216+0000] {processor.py:914} INFO - Processing file /opt/airflow/dags/hello_world.py for tasks to queue
[2026-04-02T08:22:48.218+0000] {logging_mixin.py:190} INFO - [2026-04-02T08:22:48.218+0000] {dagbag.py:588} INFO - Filling up the DagBag from /opt/airflow/dags/hello_world.py
[2026-04-02T08:22:48.228+0000] {processor.py:925} INFO - DAG(s) 'hello_world' retrieved from /opt/airflow/dags/hello_world.py
[2026-04-02T08:22:48.252+0000] {logging_mixin.py:190} INFO - [2026-04-02T08:22:48.252+0000] {dag.py:3239} INFO - Sync 1 DAGs
[2026-04-02T08:22:48.275+0000] {logging_mixin.py:190} INFO - [2026-04-02T08:22:48.275+0000] {dag.py:4180} INFO - Setting next_dagrun for hello_world to 2026-04-02 00:00:00+00:00, run_after=2026-04-03 00:00:00+00:00
[2026-04-02T08:22:48.290+0000] {processor.py:208} INFO - Processing /opt/airflow/dags/hello_world.py took 0.079 seconds
[2026-04-02T08:23:18.470+0000] {processor.py:186} INFO - Started process (PID=310) to work on /opt/airflow/dags/hello_world.py
[2026-04-02T08:23:18.471+0000] {processor.py:914} INFO - Processing file /opt/airflow/dags/hello_world.py for tasks to queue
[2026-04-02T08:23:18.473+0000] {logging_mixin.py:190} INFO - [2026-04-02T08:23:18.472+0000] {dagbag.py:588} INFO - Filling up the DagBag from /opt/airflow/dags/hello_world.py
[2026-04-02T08:23:18.481+0000] {processor.py:925} INFO - DAG(s) 'hello_world' retrieved from /opt/airflow/dags/hello_world.py
[2026-04-02T08:23:18.503+0000] {logging_mixin.py:190} INFO - [2026-04-02T08:23:18.503+0000] {dag.py:3239} INFO - Sync 1 DAGs
[2026-04-02T08:23:18.520+0000] {logging_mixin.py:190} INFO - [2026-04-02T08:23:18.520+0000] {dag.py:4180} INFO - Setting next_dagrun for hello_world to 2026-04-02 00:00:00+00:00, run_after=2026-04-03 00:00:00+00:00
[2026-04-02T08:23:18.534+0000] {processor.py:208} INFO - Processing /opt/airflow/dags/hello_world.py took 0.068 seconds
[2026-04-02T08:23:48.678+0000] {processor.py:186} INFO - Started process (PID=315) to work on /opt/airflow/dags/hello_world.py
[2026-04-02T08:23:48.679+0000] {processor.py:914} INFO - Processing file /opt/airflow/dags/hello_world.py for tasks to queue
[2026-04-02T08:23:48.680+0000] {logging_mixin.py:190} INFO - [2026-04-02T08:23:48.680+0000] {dagbag.py:588} INFO - Filling up the DagBag from /opt/airflow/dags/hello_world.py
[2026-04-02T08:23:48.690+0000] {processor.py:925} INFO - DAG(s) 'hello_world' retrieved from /opt/airflow/dags/hello_world.py
[2026-04-02T08:23:48.711+0000] {logging_mixin.py:190} INFO - [2026-04-02T08:23:48.711+0000] {dag.py:3239} INFO - Sync 1 DAGs
[2026-04-02T08:23:48.730+0000] {logging_mixin.py:190} INFO - [2026-04-02T08:23:48.730+0000] {dag.py:4180} INFO - Setting next_dagrun for hello_world to 2026-04-02 00:00:00+00:00, run_after=2026-04-03 00:00:00+00:00
[2026-04-02T08:23:48.743+0000] {processor.py:208} INFO - Processing /opt/airflow/dags/hello_world.py took 0.069 seconds
[2026-04-02T08:24:18.898+0000] {processor.py:186} INFO - Started process (PID=320) to work on /opt/airflow/dags/hello_world.py
[2026-04-02T08:24:18.900+0000] {processor.py:914} INFO - Processing file /opt/airflow/dags/hello_world.py for tasks to queue
[2026-04-02T08:24:18.902+0000] {logging_mixin.py:190} INFO - [2026-04-02T08:24:18.902+0000] {dagbag.py:588} INFO - Filling up the DagBag from /opt/airflow/dags/hello_world.py
[2026-04-02T08:24:18.912+0000] {processor.py:925} INFO - DAG(s) 'hello_world' retrieved from /opt/airflow/dags/hello_world.py
[2026-04-02T08:24:18.939+0000] {logging_mixin.py:190} INFO - [2026-04-02T08:24:18.939+0000] {dag.py:3239} INFO - Sync 1 DAGs
[2026-04-02T08:24:18.959+0000] {logging_mixin.py:190} INFO - [2026-04-02T08:24:18.959+0000] {dag.py:4180} INFO - Setting next_dagrun for hello_world to 2026-04-02 00:00:00+00:00, run_after=2026-04-03 00:00:00+00:00
[2026-04-02T08:24:18.976+0000] {processor.py:208} INFO - Processing /opt/airflow/dags/hello_world.py took 0.082 seconds
[2026-04-02T08:24:49.073+0000] {processor.py:186} INFO - Started process (PID=325) to work on /opt/airflow/dags/hello_world.py
[2026-04-02T08:24:49.075+0000] {processor.py:914} INFO - Processing file /opt/airflow/dags/hello_world.py for tasks to queue
[2026-04-02T08:24:49.076+0000] {logging_mixin.py:190} INFO - [2026-04-02T08:24:49.076+0000] {dagbag.py:588} INFO - Filling up the DagBag from /opt/airflow/dags/hello_world.py
[2026-04-02T08:24:49.085+0000] {processor.py:925} INFO - DAG(s) 'hello_world' retrieved from /opt/airflow/dags/hello_world.py
[2026-04-02T08:24:49.108+0000] {logging_mixin.py:190} INFO - [2026-04-02T08:24:49.108+0000] {dag.py:3239} INFO - Sync 1 DAGs
[2026-04-02T08:24:49.128+0000] {logging_mixin.py:190} INFO - [2026-04-02T08:24:49.128+0000] {dag.py:4180} INFO - Setting next_dagrun for hello_world to 2026-04-02 00:00:00+00:00, run_after=2026-04-03 00:00:00+00:00
[2026-04-02T08:24:49.142+0000] {processor.py:208} INFO - Processing /opt/airflow/dags/hello_world.py took 0.073 seconds
[2026-04-02T08:25:19.289+0000] {processor.py:186} INFO - Started process (PID=330) to work on /opt/airflow/dags/hello_world.py
[2026-04-02T08:25:19.290+0000] {processor.py:914} INFO - Processing file /opt/airflow/dags/hello_world.py for tasks to queue
[2026-04-02T08:25:19.292+0000] {logging_mixin.py:190} INFO - [2026-04-02T08:25:19.291+0000] {dagbag.py:588} INFO - Filling up the DagBag from /opt/airflow/dags/hello_world.py
[2026-04-02T08:25:19.306+0000] {processor.py:925} INFO - DAG(s) 'hello_world' retrieved from /opt/airflow/dags/hello_world.py
[2026-04-02T08:25:19.333+0000] {logging_mixin.py:190} INFO - [2026-04-02T08:25:19.333+0000] {dag.py:3239} INFO - Sync 1 DAGs
[2026-04-02T08:25:19.349+0000] {logging_mixin.py:190} INFO - [2026-04-02T08:25:19.349+0000] {dag.py:4180} INFO - Setting next_dagrun for hello_world to 2026-04-02 00:00:00+00:00, run_after=2026-04-03 00:00:00+00:00
[2026-04-02T08:25:19.361+0000] {processor.py:208} INFO - Processing /opt/airflow/dags/hello_world.py took 0.077 seconds
[2026-04-02T08:25:49.471+0000] {processor.py:186} INFO - Started process (PID=335) to work on /opt/airflow/dags/hello_world.py
[2026-04-02T08:25:49.472+0000] {processor.py:914} INFO - Processing file /opt/airflow/dags/hello_world.py for tasks to queue
[2026-04-02T08:25:49.474+0000] {logging_mixin.py:190} INFO - [2026-04-02T08:25:49.474+0000] {dagbag.py:588} INFO - Filling up the DagBag from /opt/airflow/dags/hello_world.py
[2026-04-02T08:25:49.484+0000] {processor.py:925} INFO - DAG(s) 'hello_world' retrieved from /opt/airflow/dags/hello_world.py
[2026-04-02T08:25:49.508+0000] {logging_mixin.py:190} INFO - [2026-04-02T08:25:49.508+0000] {dag.py:3239} INFO - Sync 1 DAGs
[2026-04-02T08:25:49.534+0000] {logging_mixin.py:190} INFO - [2026-04-02T08:25:49.534+0000] {dag.py:4180} INFO - Setting next_dagrun for hello_world to 2026-04-02 00:00:00+00:00, run_after=2026-04-03 00:00:00+00:00
[2026-04-02T08:25:49.551+0000] {processor.py:208} INFO - Processing /opt/airflow/dags/hello_world.py took 0.084 seconds
[2026-04-02T08:26:19.689+0000] {processor.py:186} INFO - Started process (PID=340) to work on /opt/airflow/dags/hello_world.py
[2026-04-02T08:26:19.691+0000] {processor.py:914} INFO - Processing file /opt/airflow/dags/hello_world.py for tasks to queue
[2026-04-02T08:26:19.693+0000] {logging_mixin.py:190} INFO - [2026-04-02T08:26:19.692+0000] {dagbag.py:588} INFO - Filling up the DagBag from /opt/airflow/dags/hello_world.py
[2026-04-02T08:26:19.704+0000] {processor.py:925} INFO - DAG(s) 'hello_world' retrieved from /opt/airflow/dags/hello_world.py
[2026-04-02T08:26:19.727+0000] {logging_mixin.py:190} INFO - [2026-04-02T08:26:19.726+0000] {dag.py:3239} INFO - Sync 1 DAGs
[2026-04-02T08:26:19.744+0000] {logging_mixin.py:190} INFO - [2026-04-02T08:26:19.744+0000] {dag.py:4180} INFO - Setting next_dagrun for hello_world to 2026-04-02 00:00:00+00:00, run_after=2026-04-03 00:00:00+00:00
[2026-04-02T08:26:19.759+0000] {processor.py:208} INFO - Processing /opt/airflow/dags/hello_world.py took 0.074 seconds
[2026-04-02T08:26:49.865+0000] {processor.py:186} INFO - Started process (PID=345) to work on /opt/airflow/dags/hello_world.py
[2026-04-02T08:26:49.866+0000] {processor.py:914} INFO - Processing file /opt/airflow/dags/hello_world.py for tasks to queue
[2026-04-02T08:26:49.868+0000] {logging_mixin.py:190} INFO - [2026-04-02T08:26:49.868+0000] {dagbag.py:588} INFO - Filling up the DagBag from /opt/airflow/dags/hello_world.py
[2026-04-02T08:26:49.876+0000] {processor.py:925} INFO - DAG(s) 'hello_world' retrieved from /opt/airflow/dags/hello_world.py
[2026-04-02T08:26:49.901+0000] {logging_mixin.py:190} INFO - [2026-04-02T08:26:49.901+0000] {dag.py:3239} INFO - Sync 1 DAGs
[2026-04-02T08:26:49.920+0000] {logging_mixin.py:190} INFO - [2026-04-02T08:26:49.920+0000] {dag.py:4180} INFO - Setting next_dagrun for hello_world to 2026-04-02 00:00:00+00:00, run_after=2026-04-03 00:00:00+00:00
[2026-04-02T08:26:49.937+0000] {processor.py:208} INFO - Processing /opt/airflow/dags/hello_world.py took 0.076 seconds
[2026-04-02T08:27:20.079+0000] {processor.py:186} INFO - Started process (PID=350) to work on /opt/airflow/dags/hello_world.py
[2026-04-02T08:27:20.080+0000] {processor.py:914} INFO - Processing file /opt/airflow/dags/hello_world.py for tasks to queue
[2026-04-02T08:27:20.083+0000] {logging_mixin.py:190} INFO - [2026-04-02T08:27:20.082+0000] {dagbag.py:588} INFO - Filling up the DagBag from /opt/airflow/dags/hello_world.py
[2026-04-02T08:27:20.093+0000] {processor.py:925} INFO - DAG(s) 'hello_world' retrieved from /opt/airflow/dags/hello_world.py
[2026-04-02T08:27:20.121+0000] {logging_mixin.py:190} INFO - [2026-04-02T08:27:20.121+0000] {dag.py:3239} INFO - Sync 1 DAGs
[2026-04-02T08:27:20.143+0000] {logging_mixin.py:190} INFO - [2026-04-02T08:27:20.143+0000] {dag.py:4180} INFO - Setting next_dagrun for hello_world to 2026-04-02 00:00:00+00:00, run_after=2026-04-03 00:00:00+00:00
[2026-04-02T08:27:20.162+0000] {processor.py:208} INFO - Processing /opt/airflow/dags/hello_world.py took 0.088 seconds
[2026-04-02T08:27:50.258+0000] {processor.py:186} INFO - Started process (PID=355) to work on /opt/airflow/dags/hello_world.py
[2026-04-02T08:27:50.259+0000] {processor.py:914} INFO - Processing file /opt/airflow/dags/hello_world.py for tasks to queue
[2026-04-02T08:27:50.261+0000] {logging_mixin.py:190} INFO - [2026-04-02T08:27:50.261+0000] {dagbag.py:588} INFO - Filling up the DagBag from /opt/airflow/dags/hello_world.py
[2026-04-02T08:27:50.272+0000] {processor.py:925} INFO - DAG(s) 'hello_world' retrieved from /opt/airflow/dags/hello_world.py
[2026-04-02T08:27:50.310+0000] {logging_mixin.py:190} INFO - [2026-04-02T08:27:50.309+0000] {dag.py:3239} INFO - Sync 1 DAGs
[2026-04-02T08:27:50.336+0000] {logging_mixin.py:190} INFO - [2026-04-02T08:27:50.336+0000] {dag.py:4180} INFO - Setting next_dagrun for hello_world to 2026-04-02 00:00:00+00:00, run_after=2026-04-03 00:00:00+00:00
[2026-04-02T08:27:50.353+0000] {processor.py:208} INFO - Processing /opt/airflow/dags/hello_world.py took 0.100 seconds
[2026-04-02T08:28:20.548+0000] {processor.py:186} INFO - Started process (PID=360) to work on /opt/airflow/dags/hello_world.py
[2026-04-02T08:28:20.549+0000] {processor.py:914} INFO - Processing file /opt/airflow/dags/hello_world.py for tasks to queue
[2026-04-02T08:28:20.552+0000] {logging_mixin.py:190} INFO - [2026-04-02T08:28:20.552+0000] {dagbag.py:588} INFO - Filling up the DagBag from /opt/airflow/dags/hello_world.py
[2026-04-02T08:28:20.561+0000] {processor.py:925} INFO - DAG(s) 'hello_world' retrieved from /opt/airflow/dags/hello_world.py
[2026-04-02T08:28:20.581+0000] {logging_mixin.py:190} INFO - [2026-04-02T08:28:20.581+0000] {dag.py:3239} INFO - Sync 1 DAGs
[2026-04-02T08:28:20.598+0000] {logging_mixin.py:190} INFO - [2026-04-02T08:28:20.598+0000] {dag.py:4180} INFO - Setting next_dagrun for hello_world to 2026-04-02 00:00:00+00:00, run_after=2026-04-03 00:00:00+00:00
[2026-04-02T08:28:20.612+0000] {processor.py:208} INFO - Processing /opt/airflow/dags/hello_world.py took 0.068 seconds
[2026-04-02T08:28:50.738+0000] {processor.py:186} INFO - Started process (PID=365) to work on /opt/airflow/dags/hello_world.py
[2026-04-02T08:28:50.739+0000] {processor.py:914} INFO - Processing file /opt/airflow/dags/hello_world.py for tasks to queue
[2026-04-02T08:28:50.741+0000] {logging_mixin.py:190} INFO - [2026-04-02T08:28:50.741+0000] {dagbag.py:588} INFO - Filling up the DagBag from /opt/airflow/dags/hello_world.py
[2026-04-02T08:28:50.751+0000] {processor.py:925} INFO - DAG(s) 'hello_world' retrieved from /opt/airflow/dags/hello_world.py
[2026-04-02T08:28:50.777+0000] {logging_mixin.py:190} INFO - [2026-04-02T08:28:50.776+0000] {dag.py:3239} INFO - Sync 1 DAGs
[2026-04-02T08:28:50.796+0000] {logging_mixin.py:190} INFO - [2026-04-02T08:28:50.795+0000] {dag.py:4180} INFO - Setting next_dagrun for hello_world to 2026-04-02 00:00:00+00:00, run_after=2026-04-03 00:00:00+00:00
[2026-04-02T08:28:50.810+0000] {processor.py:208} INFO - Processing /opt/airflow/dags/hello_world.py took 0.077 seconds
[2026-04-02T08:29:20.938+0000] {processor.py:186} INFO - Started process (PID=370) to work on /opt/airflow/dags/hello_world.py
[2026-04-02T08:29:20.939+0000] {processor.py:914} INFO - Processing file /opt/airflow/dags/hello_world.py for tasks to queue
[2026-04-02T08:29:20.941+0000] {logging_mixin.py:190} INFO - [2026-04-02T08:29:20.941+0000] {dagbag.py:588} INFO - Filling up the DagBag from /opt/airflow/dags/hello_world.py
[2026-04-02T08:29:20.950+0000] {processor.py:925} INFO - DAG(s) 'hello_world' retrieved from /opt/airflow/dags/hello_world.py
[2026-04-02T08:29:20.971+0000] {logging_mixin.py:190} INFO - [2026-04-02T08:29:20.971+0000] {dag.py:3239} INFO - Sync 1 DAGs
[2026-04-02T08:29:20.992+0000] {logging_mixin.py:190} INFO - [2026-04-02T08:29:20.992+0000] {dag.py:4180} INFO - Setting next_dagrun for hello_world to 2026-04-02 00:00:00+00:00, run_after=2026-04-03 00:00:00+00:00
[2026-04-02T08:29:21.005+0000] {processor.py:208} INFO - Processing /opt/airflow/dags/hello_world.py took 0.072 seconds
[2026-04-02T08:29:51.160+0000] {processor.py:186} INFO - Started process (PID=380) to work on /opt/airflow/dags/hello_world.py
[2026-04-02T08:29:51.161+0000] {processor.py:914} INFO - Processing file /opt/airflow/dags/hello_world.py for tasks to queue
[2026-04-02T08:29:51.163+0000] {logging_mixin.py:190} INFO - [2026-04-02T08:29:51.162+0000] {dagbag.py:588} INFO - Filling up the DagBag from /opt/airflow/dags/hello_world.py
[2026-04-02T08:29:51.171+0000] {processor.py:925} INFO - DAG(s) 'hello_world' retrieved from /opt/airflow/dags/hello_world.py
[2026-04-02T08:29:51.192+0000] {logging_mixin.py:190} INFO - [2026-04-02T08:29:51.192+0000] {dag.py:3239} INFO - Sync 1 DAGs
[2026-04-02T08:29:51.212+0000] {logging_mixin.py:190} INFO - [2026-04-02T08:29:51.212+0000] {dag.py:4180} INFO - Setting next_dagrun for hello_world to 2026-04-02 00:00:00+00:00, run_after=2026-04-03 00:00:00+00:00
[2026-04-02T08:29:51.230+0000] {processor.py:208} INFO - Processing /opt/airflow/dags/hello_world.py took 0.074 seconds
[2026-04-02T08:30:21.416+0000] {processor.py:186} INFO - Started process (PID=390) to work on /opt/airflow/dags/hello_world.py
[2026-04-02T08:30:21.417+0000] {processor.py:914} INFO - Processing file /opt/airflow/dags/hello_world.py for tasks to queue
[2026-04-02T08:30:21.419+0000] {logging_mixin.py:190} INFO - [2026-04-02T08:30:21.419+0000] {dagbag.py:588} INFO - Filling up the DagBag from /opt/airflow/dags/hello_world.py
[2026-04-02T08:30:21.428+0000] {processor.py:925} INFO - DAG(s) 'hello_world' retrieved from /opt/airflow/dags/hello_world.py
[2026-04-02T08:30:21.448+0000] {logging_mixin.py:190} INFO - [2026-04-02T08:30:21.448+0000] {dag.py:3239} INFO - Sync 1 DAGs
[2026-04-02T08:30:21.469+0000] {logging_mixin.py:190} INFO - [2026-04-02T08:30:21.469+0000] {dag.py:4180} INFO - Setting next_dagrun for hello_world to 2026-04-02 00:00:00+00:00, run_after=2026-04-03 00:00:00+00:00
[2026-04-02T08:30:21.482+0000] {processor.py:208} INFO - Processing /opt/airflow/dags/hello_world.py took 0.070 seconds
[2026-04-02T08:30:51.675+0000] {processor.py:186} INFO - Started process (PID=400) to work on /opt/airflow/dags/hello_world.py
[2026-04-02T08:30:51.676+0000] {processor.py:914} INFO - Processing file /opt/airflow/dags/hello_world.py for tasks to queue
[2026-04-02T08:30:51.677+0000] {logging_mixin.py:190} INFO - [2026-04-02T08:30:51.677+0000] {dagbag.py:588} INFO - Filling up the DagBag from /opt/airflow/dags/hello_world.py
[2026-04-02T08:30:51.686+0000] {processor.py:925} INFO - DAG(s) 'hello_world' retrieved from /opt/airflow/dags/hello_world.py
[2026-04-02T08:30:51.707+0000] {logging_mixin.py:190} INFO - [2026-04-02T08:30:51.707+0000] {dag.py:3239} INFO - Sync 1 DAGs
[2026-04-02T08:30:51.725+0000] {logging_mixin.py:190} INFO - [2026-04-02T08:30:51.725+0000] {dag.py:4180} INFO - Setting next_dagrun for hello_world to 2026-04-02 00:00:00+00:00, run_after=2026-04-03 00:00:00+00:00
[2026-04-02T08:30:51.739+0000] {processor.py:208} INFO - Processing /opt/airflow/dags/hello_world.py took 0.069 seconds
[2026-04-02T08:31:21.917+0000] {processor.py:186} INFO - Started process (PID=410) to work on /opt/airflow/dags/hello_world.py
[2026-04-02T08:31:21.918+0000] {processor.py:914} INFO - Processing file /opt/airflow/dags/hello_world.py for tasks to queue
[2026-04-02T08:31:21.919+0000] {logging_mixin.py:190} INFO - [2026-04-02T08:31:21.919+0000] {dagbag.py:588} INFO - Filling up the DagBag from /opt/airflow/dags/hello_world.py
[2026-04-02T08:31:21.928+0000] {processor.py:925} INFO - DAG(s) 'hello_world' retrieved from /opt/airflow/dags/hello_world.py
[2026-04-02T08:31:21.948+0000] {logging_mixin.py:190} INFO - [2026-04-02T08:31:21.947+0000] {dag.py:3239} INFO - Sync 1 DAGs
[2026-04-02T08:31:21.966+0000] {logging_mixin.py:190} INFO - [2026-04-02T08:31:21.966+0000] {dag.py:4180} INFO - Setting next_dagrun for hello_world to 2026-04-02 00:00:00+00:00, run_after=2026-04-03 00:00:00+00:00
[2026-04-02T08:31:21.979+0000] {processor.py:208} INFO - Processing /opt/airflow/dags/hello_world.py took 0.067 seconds
[2026-04-02T08:31:52.169+0000] {processor.py:186} INFO - Started process (PID=420) to work on /opt/airflow/dags/hello_world.py
[2026-04-02T08:31:52.170+0000] {processor.py:914} INFO - Processing file /opt/airflow/dags/hello_world.py for tasks to queue
[2026-04-02T08:31:52.172+0000] {logging_mixin.py:190} INFO - [2026-04-02T08:31:52.172+0000] {dagbag.py:588} INFO - Filling up the DagBag from /opt/airflow/dags/hello_world.py
[2026-04-02T08:31:52.181+0000] {processor.py:925} INFO - DAG(s) 'hello_world' retrieved from /opt/airflow/dags/hello_world.py
[2026-04-02T08:31:52.206+0000] {logging_mixin.py:190} INFO - [2026-04-02T08:31:52.206+0000] {dag.py:3239} INFO - Sync 1 DAGs
[2026-04-02T08:31:52.225+0000] {logging_mixin.py:190} INFO - [2026-04-02T08:31:52.225+0000] {dag.py:4180} INFO - Setting next_dagrun for hello_world to 2026-04-02 00:00:00+00:00, run_after=2026-04-03 00:00:00+00:00
[2026-04-02T08:31:52.243+0000] {processor.py:208} INFO - Processing /opt/airflow/dags/hello_world.py took 0.078 seconds
[2026-04-02T08:32:22.457+0000] {processor.py:186} INFO - Started process (PID=430) to work on /opt/airflow/dags/hello_world.py
[2026-04-02T08:32:22.459+0000] {processor.py:914} INFO - Processing file /opt/airflow/dags/hello_world.py for tasks to queue
[2026-04-02T08:32:22.460+0000] {logging_mixin.py:190} INFO - [2026-04-02T08:32:22.460+0000] {dagbag.py:588} INFO - Filling up the DagBag from /opt/airflow/dags/hello_world.py
[2026-04-02T08:32:22.469+0000] {processor.py:925} INFO - DAG(s) 'hello_world' retrieved from /opt/airflow/dags/hello_world.py
[2026-04-02T08:32:22.493+0000] {logging_mixin.py:190} INFO - [2026-04-02T08:32:22.492+0000] {dag.py:3239} INFO - Sync 1 DAGs
[2026-04-02T08:32:22.511+0000] {logging_mixin.py:190} INFO - [2026-04-02T08:32:22.511+0000] {dag.py:4180} INFO - Setting next_dagrun for hello_world to 2026-04-02 00:00:00+00:00, run_after=2026-04-03 00:00:00+00:00
[2026-04-02T08:32:22.525+0000] {processor.py:208} INFO - Processing /opt/airflow/dags/hello_world.py took 0.072 seconds
[2026-04-02T08:32:52.686+0000] {processor.py:186} INFO - Started process (PID=440) to work on /opt/airflow/dags/hello_world.py
[2026-04-02T08:32:52.687+0000] {processor.py:914} INFO - Processing file /opt/airflow/dags/hello_world.py for tasks to queue
[2026-04-02T08:32:52.689+0000] {logging_mixin.py:190} INFO - [2026-04-02T08:32:52.689+0000] {dagbag.py:588} INFO - Filling up the DagBag from /opt/airflow/dags/hello_world.py
[2026-04-02T08:32:52.697+0000] {processor.py:925} INFO - DAG(s) 'hello_world' retrieved from /opt/airflow/dags/hello_world.py
[2026-04-02T08:32:52.722+0000] {logging_mixin.py:190} INFO - [2026-04-02T08:32:52.722+0000] {dag.py:3239} INFO - Sync 1 DAGs
[2026-04-02T08:32:52.741+0000] {logging_mixin.py:190} INFO - [2026-04-02T08:32:52.741+0000] {dag.py:4180} INFO - Setting next_dagrun for hello_world to 2026-04-02 00:00:00+00:00, run_after=2026-04-03 00:00:00+00:00
[2026-04-02T08:32:52.756+0000] {processor.py:208} INFO - Processing /opt/airflow/dags/hello_world.py took 0.075 seconds
[2026-04-02T08:33:22.943+0000] {processor.py:186} INFO - Started process (PID=450) to work on /opt/airflow/dags/hello_world.py
[2026-04-02T08:33:22.944+0000] {processor.py:914} INFO - Processing file /opt/airflow/dags/hello_world.py for tasks to queue
[2026-04-02T08:33:22.946+0000] {logging_mixin.py:190} INFO - [2026-04-02T08:33:22.945+0000] {dagbag.py:588} INFO - Filling up the DagBag from /opt/airflow/dags/hello_world.py
[2026-04-02T08:33:22.954+0000] {processor.py:925} INFO - DAG(s) 'hello_world' retrieved from /opt/airflow/dags/hello_world.py
[2026-04-02T08:33:22.976+0000] {logging_mixin.py:190} INFO - [2026-04-02T08:33:22.976+0000] {dag.py:3239} INFO - Sync 1 DAGs
[2026-04-02T08:33:22.995+0000] {logging_mixin.py:190} INFO - [2026-04-02T08:33:22.995+0000] {dag.py:4180} INFO - Setting next_dagrun for hello_world to 2026-04-02 00:00:00+00:00, run_after=2026-04-03 00:00:00+00:00
[2026-04-02T08:33:23.009+0000] {processor.py:208} INFO - Processing /opt/airflow/dags/hello_world.py took 0.070 seconds
[2026-04-02T08:33:53.198+0000] {processor.py:186} INFO - Started process (PID=460) to work on /opt/airflow/dags/hello_world.py
[2026-04-02T08:33:53.199+0000] {processor.py:914} INFO - Processing file /opt/airflow/dags/hello_world.py for tasks to queue
[2026-04-02T08:33:53.202+0000] {logging_mixin.py:190} INFO - [2026-04-02T08:33:53.201+0000] {dagbag.py:588} INFO - Filling up the DagBag from /opt/airflow/dags/hello_world.py
[2026-04-02T08:33:53.213+0000] {processor.py:925} INFO - DAG(s) 'hello_world' retrieved from /opt/airflow/dags/hello_world.py
[2026-04-02T08:33:53.237+0000] {logging_mixin.py:190} INFO - [2026-04-02T08:33:53.236+0000] {dag.py:3239} INFO - Sync 1 DAGs
[2026-04-02T08:33:53.256+0000] {logging_mixin.py:190} INFO - [2026-04-02T08:33:53.256+0000] {dag.py:4180} INFO - Setting next_dagrun for hello_world to 2026-04-02 00:00:00+00:00, run_after=2026-04-03 00:00:00+00:00
[2026-04-02T08:33:53.271+0000] {processor.py:208} INFO - Processing /opt/airflow/dags/hello_world.py took 0.078 seconds
[2026-04-02T08:34:23.461+0000] {processor.py:186} INFO - Started process (PID=470) to work on /opt/airflow/dags/hello_world.py
[2026-04-02T08:34:23.462+0000] {processor.py:914} INFO - Processing file /opt/airflow/dags/hello_world.py for tasks to queue
[2026-04-02T08:34:23.463+0000] {logging_mixin.py:190} INFO - [2026-04-02T08:34:23.463+0000] {dagbag.py:588} INFO - Filling up the DagBag from /opt/airflow/dags/hello_world.py
[2026-04-02T08:34:23.471+0000] {processor.py:925} INFO - DAG(s) 'hello_world' retrieved from /opt/airflow/dags/hello_world.py
[2026-04-02T08:34:23.490+0000] {logging_mixin.py:190} INFO - [2026-04-02T08:34:23.490+0000] {dag.py:3239} INFO - Sync 1 DAGs
[2026-04-02T08:34:23.506+0000] {logging_mixin.py:190} INFO - [2026-04-02T08:34:23.506+0000] {dag.py:4180} INFO - Setting next_dagrun for hello_world to 2026-04-02 00:00:00+00:00, run_after=2026-04-03 00:00:00+00:00
[2026-04-02T08:34:23.519+0000] {processor.py:208} INFO - Processing /opt/airflow/dags/hello_world.py took 0.062 seconds
[2026-04-02T08:34:53.725+0000] {processor.py:186} INFO - Started process (PID=480) to work on /opt/airflow/dags/hello_world.py
[2026-04-02T08:34:53.726+0000] {processor.py:914} INFO - Processing file /opt/airflow/dags/hello_world.py for tasks to queue
[2026-04-02T08:34:53.727+0000] {logging_mixin.py:190} INFO - [2026-04-02T08:34:53.727+0000] {dagbag.py:588} INFO - Filling up the DagBag from /opt/airflow/dags/hello_world.py
[2026-04-02T08:34:53.736+0000] {processor.py:925} INFO - DAG(s) 'hello_world' retrieved from /opt/airflow/dags/hello_world.py
[2026-04-02T08:34:53.758+0000] {logging_mixin.py:190} INFO - [2026-04-02T08:34:53.758+0000] {dag.py:3239} INFO - Sync 1 DAGs
[2026-04-02T08:34:53.777+0000] {logging_mixin.py:190} INFO - [2026-04-02T08:34:53.777+0000] {dag.py:4180} INFO - Setting next_dagrun for hello_world to 2026-04-02 00:00:00+00:00, run_after=2026-04-03 00:00:00+00:00
[2026-04-02T08:34:53.792+0000] {processor.py:208} INFO - Processing /opt/airflow/dags/hello_world.py took 0.071 seconds
[2026-04-02T08:35:23.975+0000] {processor.py:186} INFO - Started process (PID=490) to work on /opt/airflow/dags/hello_world.py
[2026-04-02T08:35:23.976+0000] {processor.py:914} INFO - Processing file /opt/airflow/dags/hello_world.py for tasks to queue
[2026-04-02T08:35:23.978+0000] {logging_mixin.py:190} INFO - [2026-04-02T08:35:23.978+0000] {dagbag.py:588} INFO - Filling up the DagBag from /opt/airflow/dags/hello_world.py
[2026-04-02T08:35:23.987+0000] {processor.py:925} INFO - DAG(s) 'hello_world' retrieved from /opt/airflow/dags/hello_world.py
[2026-04-02T08:35:24.008+0000] {logging_mixin.py:190} INFO - [2026-04-02T08:35:24.008+0000] {dag.py:3239} INFO - Sync 1 DAGs
[2026-04-02T08:35:24.028+0000] {logging_mixin.py:190} INFO - [2026-04-02T08:35:24.028+0000] {dag.py:4180} INFO - Setting next_dagrun for hello_world to 2026-04-02 00:00:00+00:00, run_after=2026-04-03 00:00:00+00:00
[2026-04-02T08:35:24.045+0000] {processor.py:208} INFO - Processing /opt/airflow/dags/hello_world.py took 0.075 seconds
[2026-04-02T08:35:54.230+0000] {processor.py:186} INFO - Started process (PID=500) to work on /opt/airflow/dags/hello_world.py
[2026-04-02T08:35:54.231+0000] {processor.py:914} INFO - Processing file /opt/airflow/dags/hello_world.py for tasks to queue
[2026-04-02T08:35:54.233+0000] {logging_mixin.py:190} INFO - [2026-04-02T08:35:54.232+0000] {dagbag.py:588} INFO - Filling up the DagBag from /opt/airflow/dags/hello_world.py
[2026-04-02T08:35:54.242+0000] {processor.py:925} INFO - DAG(s) 'hello_world' retrieved from /opt/airflow/dags/hello_world.py
[2026-04-02T08:35:54.267+0000] {logging_mixin.py:190} INFO - [2026-04-02T08:35:54.266+0000] {dag.py:3239} INFO - Sync 1 DAGs
[2026-04-02T08:35:54.286+0000] {logging_mixin.py:190} INFO - [2026-04-02T08:35:54.286+0000] {dag.py:4180} INFO - Setting next_dagrun for hello_world to 2026-04-02 00:00:00+00:00, run_after=2026-04-03 00:00:00+00:00
[2026-04-02T08:35:54.303+0000] {processor.py:208} INFO - Processing /opt/airflow/dags/hello_world.py took 0.078 seconds
[2026-04-02T08:36:24.503+0000] {processor.py:186} INFO - Started process (PID=510) to work on /opt/airflow/dags/hello_world.py
[2026-04-02T08:36:24.504+0000] {processor.py:914} INFO - Processing file /opt/airflow/dags/hello_world.py for tasks to queue
[2026-04-02T08:36:24.506+0000] {logging_mixin.py:190} INFO - [2026-04-02T08:36:24.506+0000] {dagbag.py:588} INFO - Filling up the DagBag from /opt/airflow/dags/hello_world.py
[2026-04-02T08:36:24.514+0000] {processor.py:925} INFO - DAG(s) 'hello_world' retrieved from /opt/airflow/dags/hello_world.py
[2026-04-02T08:36:24.535+0000] {logging_mixin.py:190} INFO - [2026-04-02T08:36:24.535+0000] {dag.py:3239} INFO - Sync 1 DAGs
[2026-04-02T08:36:24.554+0000] {logging_mixin.py:190} INFO - [2026-04-02T08:36:24.554+0000] {dag.py:4180} INFO - Setting next_dagrun for hello_world to 2026-04-02 00:00:00+00:00, run_after=2026-04-03 00:00:00+00:00
[2026-04-02T08:36:24.569+0000] {processor.py:208} INFO - Processing /opt/airflow/dags/hello_world.py took 0.070 seconds
[2026-04-02T08:36:54.797+0000] {processor.py:186} INFO - Started process (PID=520) to work on /opt/airflow/dags/hello_world.py
[2026-04-02T08:36:54.798+0000] {processor.py:914} INFO - Processing file /opt/airflow/dags/hello_world.py for tasks to queue
[2026-04-02T08:36:54.800+0000] {logging_mixin.py:190} INFO - [2026-04-02T08:36:54.800+0000] {dagbag.py:588} INFO - Filling up the DagBag from /opt/airflow/dags/hello_world.py
[2026-04-02T08:36:54.811+0000] {processor.py:925} INFO - DAG(s) 'hello_world' retrieved from /opt/airflow/dags/hello_world.py
[2026-04-02T08:36:54.843+0000] {logging_mixin.py:190} INFO - [2026-04-02T08:36:54.843+0000] {dag.py:3239} INFO - Sync 1 DAGs
[2026-04-02T08:36:54.878+0000] {logging_mixin.py:190} INFO - [2026-04-02T08:36:54.878+0000] {dag.py:4180} INFO - Setting next_dagrun for hello_world to 2026-04-02 00:00:00+00:00, run_after=2026-04-03 00:00:00+00:00
[2026-04-02T08:36:54.911+0000] {processor.py:208} INFO - Processing /opt/airflow/dags/hello_world.py took 0.120 seconds
[2026-04-02T08:37:24.994+0000] {processor.py:186} INFO - Started process (PID=530) to work on /opt/airflow/dags/hello_world.py
[2026-04-02T08:37:24.996+0000] {processor.py:914} INFO - Processing file /opt/airflow/dags/hello_world.py for tasks to queue
[2026-04-02T08:37:24.997+0000] {logging_mixin.py:190} INFO - [2026-04-02T08:37:24.997+0000] {dagbag.py:588} INFO - Filling up the DagBag from /opt/airflow/dags/hello_world.py
[2026-04-02T08:37:25.009+0000] {processor.py:925} INFO - DAG(s) 'hello_world' retrieved from /opt/airflow/dags/hello_world.py
[2026-04-02T08:37:25.033+0000] {logging_mixin.py:190} INFO - [2026-04-02T08:37:25.032+0000] {dag.py:3239} INFO - Sync 1 DAGs
[2026-04-02T08:37:25.057+0000] {logging_mixin.py:190} INFO - [2026-04-02T08:37:25.057+0000] {dag.py:4180} INFO - Setting next_dagrun for hello_world to 2026-04-02 00:00:00+00:00, run_after=2026-04-03 00:00:00+00:00
[2026-04-02T08:37:25.077+0000] {processor.py:208} INFO - Processing /opt/airflow/dags/hello_world.py took 0.087 seconds
[2026-04-02T08:37:55.287+0000] {processor.py:186} INFO - Started process (PID=540) to work on /opt/airflow/dags/hello_world.py
[2026-04-02T08:37:55.304+0000] {processor.py:914} INFO - Processing file /opt/airflow/dags/hello_world.py for tasks to queue
[2026-04-02T08:37:55.306+0000] {logging_mixin.py:190} INFO - [2026-04-02T08:37:55.306+0000] {dagbag.py:588} INFO - Filling up the DagBag from /opt/airflow/dags/hello_world.py
[2026-04-02T08:37:55.315+0000] {processor.py:925} INFO - DAG(s) 'hello_world' retrieved from /opt/airflow/dags/hello_world.py
[2026-04-02T08:37:55.337+0000] {logging_mixin.py:190} INFO - [2026-04-02T08:37:55.337+0000] {dag.py:3239} INFO - Sync 1 DAGs
[2026-04-02T08:37:55.367+0000] {logging_mixin.py:190} INFO - [2026-04-02T08:37:55.367+0000] {dag.py:4180} INFO - Setting next_dagrun for hello_world to 2026-04-02 00:00:00+00:00, run_after=2026-04-03 00:00:00+00:00
[2026-04-02T08:37:55.385+0000] {processor.py:208} INFO - Processing /opt/airflow/dags/hello_world.py took 0.103 seconds
[2026-04-02T08:38:25.590+0000] {processor.py:186} INFO - Started process (PID=550) to work on /opt/airflow/dags/hello_world.py
[2026-04-02T08:38:25.591+0000] {processor.py:914} INFO - Processing file /opt/airflow/dags/hello_world.py for tasks to queue
[2026-04-02T08:38:25.593+0000] {logging_mixin.py:190} INFO - [2026-04-02T08:38:25.593+0000] {dagbag.py:588} INFO - Filling up the DagBag from /opt/airflow/dags/hello_world.py
[2026-04-02T08:38:25.607+0000] {processor.py:925} INFO - DAG(s) 'hello_world' retrieved from /opt/airflow/dags/hello_world.py
[2026-04-02T08:38:25.635+0000] {logging_mixin.py:190} INFO - [2026-04-02T08:38:25.635+0000] {dag.py:3239} INFO - Sync 1 DAGs
[2026-04-02T08:38:25.653+0000] {logging_mixin.py:190} INFO - [2026-04-02T08:38:25.653+0000] {dag.py:4180} INFO - Setting next_dagrun for hello_world to 2026-04-02 00:00:00+00:00, run_after=2026-04-03 00:00:00+00:00
[2026-04-02T08:38:25.666+0000] {processor.py:208} INFO - Processing /opt/airflow/dags/hello_world.py took 0.081 seconds
[2026-04-02T08:38:55.877+0000] {processor.py:186} INFO - Started process (PID=560) to work on /opt/airflow/dags/hello_world.py
[2026-04-02T08:38:55.879+0000] {processor.py:914} INFO - Processing file /opt/airflow/dags/hello_world.py for tasks to queue
[2026-04-02T08:38:55.880+0000] {logging_mixin.py:190} INFO - [2026-04-02T08:38:55.880+0000] {dagbag.py:588} INFO - Filling up the DagBag from /opt/airflow/dags/hello_world.py
[2026-04-02T08:38:55.888+0000] {processor.py:925} INFO - DAG(s) 'hello_world' retrieved from /opt/airflow/dags/hello_world.py
[2026-04-02T08:38:55.909+0000] {logging_mixin.py:190} INFO - [2026-04-02T08:38:55.908+0000] {dag.py:3239} INFO - Sync 1 DAGs
[2026-04-02T08:38:55.927+0000] {logging_mixin.py:190} INFO - [2026-04-02T08:38:55.927+0000] {dag.py:4180} INFO - Setting next_dagrun for hello_world to 2026-04-02 00:00:00+00:00, run_after=2026-04-03 00:00:00+00:00
[2026-04-02T08:38:55.939+0000] {processor.py:208} INFO - Processing /opt/airflow/dags/hello_world.py took 0.066 seconds
[2026-04-02T08:39:26.180+0000] {processor.py:186} INFO - Started process (PID=570) to work on /opt/airflow/dags/hello_world.py
[2026-04-02T08:39:26.181+0000] {processor.py:914} INFO - Processing file /opt/airflow/dags/hello_world.py for tasks to queue
[2026-04-02T08:39:26.183+0000] {logging_mixin.py:190} INFO - [2026-04-02T08:39:26.183+0000] {dagbag.py:588} INFO - Filling up the DagBag from /opt/airflow/dags/hello_world.py
[2026-04-02T08:39:26.193+0000] {processor.py:925} INFO - DAG(s) 'hello_world' retrieved from /opt/airflow/dags/hello_world.py
[2026-04-02T08:39:26.215+0000] {logging_mixin.py:190} INFO - [2026-04-02T08:39:26.215+0000] {dag.py:3239} INFO - Sync 1 DAGs
[2026-04-02T08:39:26.232+0000] {logging_mixin.py:190} INFO - [2026-04-02T08:39:26.232+0000] {dag.py:4180} INFO - Setting next_dagrun for hello_world to 2026-04-02 00:00:00+00:00, run_after=2026-04-03 00:00:00+00:00
[2026-04-02T08:39:26.246+0000] {processor.py:208} INFO - Processing /opt/airflow/dags/hello_world.py took 0.070 seconds
[2026-04-02T08:39:56.459+0000] {processor.py:186} INFO - Started process (PID=580) to work on /opt/airflow/dags/hello_world.py
[2026-04-02T08:39:56.475+0000] {processor.py:914} INFO - Processing file /opt/airflow/dags/hello_world.py for tasks to queue
[2026-04-02T08:39:56.477+0000] {logging_mixin.py:190} INFO - [2026-04-02T08:39:56.477+0000] {dagbag.py:588} INFO - Filling up the DagBag from /opt/airflow/dags/hello_world.py
[2026-04-02T08:39:56.485+0000] {processor.py:925} INFO - DAG(s) 'hello_world' retrieved from /opt/airflow/dags/hello_world.py
[2026-04-02T08:39:56.506+0000] {logging_mixin.py:190} INFO - [2026-04-02T08:39:56.506+0000] {dag.py:3239} INFO - Sync 1 DAGs
[2026-04-02T08:39:56.524+0000] {logging_mixin.py:190} INFO - [2026-04-02T08:39:56.524+0000] {dag.py:4180} INFO - Setting next_dagrun for hello_world to 2026-04-02 00:00:00+00:00, run_after=2026-04-03 00:00:00+00:00
[2026-04-02T08:39:56.539+0000] {processor.py:208} INFO - Processing /opt/airflow/dags/hello_world.py took 0.084 seconds
[2026-04-02T08:40:26.699+0000] {processor.py:186} INFO - Started process (PID=590) to work on /opt/airflow/dags/hello_world.py
[2026-04-02T08:40:26.700+0000] {processor.py:914} INFO - Processing file /opt/airflow/dags/hello_world.py for tasks to queue
[2026-04-02T08:40:26.702+0000] {logging_mixin.py:190} INFO - [2026-04-02T08:40:26.702+0000] {dagbag.py:588} INFO - Filling up the DagBag from /opt/airflow/dags/hello_world.py
[2026-04-02T08:40:26.710+0000] {processor.py:925} INFO - DAG(s) 'hello_world' retrieved from /opt/airflow/dags/hello_world.py
[2026-04-02T08:40:26.731+0000] {logging_mixin.py:190} INFO - [2026-04-02T08:40:26.730+0000] {dag.py:3239} INFO - Sync 1 DAGs
[2026-04-02T08:40:26.750+0000] {logging_mixin.py:190} INFO - [2026-04-02T08:40:26.750+0000] {dag.py:4180} INFO - Setting next_dagrun for hello_world to 2026-04-02 00:00:00+00:00, run_after=2026-04-03 00:00:00+00:00
[2026-04-02T08:40:26.763+0000] {processor.py:208} INFO - Processing /opt/airflow/dags/hello_world.py took 0.068 seconds
[2026-04-02T08:40:56.955+0000] {processor.py:186} INFO - Started process (PID=600) to work on /opt/airflow/dags/hello_world.py
[2026-04-02T08:40:56.956+0000] {processor.py:914} INFO - Processing file /opt/airflow/dags/hello_world.py for tasks to queue
[2026-04-02T08:40:56.958+0000] {logging_mixin.py:190} INFO - [2026-04-02T08:40:56.957+0000] {dagbag.py:588} INFO - Filling up the DagBag from /opt/airflow/dags/hello_world.py
[2026-04-02T08:40:56.966+0000] {processor.py:925} INFO - DAG(s) 'hello_world' retrieved from /opt/airflow/dags/hello_world.py
[2026-04-02T08:40:56.988+0000] {logging_mixin.py:190} INFO - [2026-04-02T08:40:56.988+0000] {dag.py:3239} INFO - Sync 1 DAGs
[2026-04-02T08:40:57.006+0000] {logging_mixin.py:190} INFO - [2026-04-02T08:40:57.006+0000] {dag.py:4180} INFO - Setting next_dagrun for hello_world to 2026-04-02 00:00:00+00:00, run_after=2026-04-03 00:00:00+00:00
[2026-04-02T08:40:57.020+0000] {processor.py:208} INFO - Processing /opt/airflow/dags/hello_world.py took 0.069 seconds
[2026-04-02T08:41:27.243+0000] {processor.py:186} INFO - Started process (PID=610) to work on /opt/airflow/dags/hello_world.py
[2026-04-02T08:41:27.244+0000] {processor.py:914} INFO - Processing file /opt/airflow/dags/hello_world.py for tasks to queue
[2026-04-02T08:41:27.245+0000] {logging_mixin.py:190} INFO - [2026-04-02T08:41:27.245+0000] {dagbag.py:588} INFO - Filling up the DagBag from /opt/airflow/dags/hello_world.py
[2026-04-02T08:41:27.255+0000] {processor.py:925} INFO - DAG(s) 'hello_world' retrieved from /opt/airflow/dags/hello_world.py
[2026-04-02T08:41:27.277+0000] {logging_mixin.py:190} INFO - [2026-04-02T08:41:27.277+0000] {dag.py:3239} INFO - Sync 1 DAGs
[2026-04-02T08:41:27.294+0000] {logging_mixin.py:190} INFO - [2026-04-02T08:41:27.294+0000] {dag.py:4180} INFO - Setting next_dagrun for hello_world to 2026-04-02 00:00:00+00:00, run_after=2026-04-03 00:00:00+00:00
[2026-04-02T08:41:27.308+0000] {processor.py:208} INFO - Processing /opt/airflow/dags/hello_world.py took 0.070 seconds
[2026-04-02T08:41:57.533+0000] {processor.py:186} INFO - Started process (PID=620) to work on /opt/airflow/dags/hello_world.py
[2026-04-02T08:41:57.534+0000] {processor.py:914} INFO - Processing file /opt/airflow/dags/hello_world.py for tasks to queue
[2026-04-02T08:41:57.536+0000] {logging_mixin.py:190} INFO - [2026-04-02T08:41:57.536+0000] {dagbag.py:588} INFO - Filling up the DagBag from /opt/airflow/dags/hello_world.py
[2026-04-02T08:41:57.544+0000] {processor.py:925} INFO - DAG(s) 'hello_world' retrieved from /opt/airflow/dags/hello_world.py
[2026-04-02T08:41:57.568+0000] {logging_mixin.py:190} INFO - [2026-04-02T08:41:57.568+0000] {dag.py:3239} INFO - Sync 1 DAGs
[2026-04-02T08:41:57.586+0000] {logging_mixin.py:190} INFO - [2026-04-02T08:41:57.586+0000] {dag.py:4180} INFO - Setting next_dagrun for hello_world to 2026-04-02 00:00:00+00:00, run_after=2026-04-03 00:00:00+00:00
[2026-04-02T08:41:57.601+0000] {processor.py:208} INFO - Processing /opt/airflow/dags/hello_world.py took 0.072 seconds
[2026-04-02T08:42:27.798+0000] {processor.py:186} INFO - Started process (PID=630) to work on /opt/airflow/dags/hello_world.py
[2026-04-02T08:42:27.799+0000] {processor.py:914} INFO - Processing file /opt/airflow/dags/hello_world.py for tasks to queue
[2026-04-02T08:42:27.801+0000] {logging_mixin.py:190} INFO - [2026-04-02T08:42:27.801+0000] {dagbag.py:588} INFO - Filling up the DagBag from /opt/airflow/dags/hello_world.py
[2026-04-02T08:42:27.810+0000] {processor.py:925} INFO - DAG(s) 'hello_world' retrieved from /opt/airflow/dags/hello_world.py
[2026-04-02T08:42:27.832+0000] {logging_mixin.py:190} INFO - [2026-04-02T08:42:27.832+0000] {dag.py:3239} INFO - Sync 1 DAGs
[2026-04-02T08:42:27.852+0000] {logging_mixin.py:190} INFO - [2026-04-02T08:42:27.852+0000] {dag.py:4180} INFO - Setting next_dagrun for hello_world to 2026-04-02 00:00:00+00:00, run_after=2026-04-03 00:00:00+00:00
[2026-04-02T08:42:27.865+0000] {processor.py:208} INFO - Processing /opt/airflow/dags/hello_world.py took 0.071 seconds
[2026-04-02T08:42:58.084+0000] {processor.py:186} INFO - Started process (PID=640) to work on /opt/airflow/dags/hello_world.py
[2026-04-02T08:42:58.085+0000] {processor.py:914} INFO - Processing file /opt/airflow/dags/hello_world.py for tasks to queue
[2026-04-02T08:42:58.087+0000] {logging_mixin.py:190} INFO - [2026-04-02T08:42:58.087+0000] {dagbag.py:588} INFO - Filling up the DagBag from /opt/airflow/dags/hello_world.py
[2026-04-02T08:42:58.096+0000] {processor.py:925} INFO - DAG(s) 'hello_world' retrieved from /opt/airflow/dags/hello_world.py
[2026-04-02T08:42:58.119+0000] {logging_mixin.py:190} INFO - [2026-04-02T08:42:58.118+0000] {dag.py:3239} INFO - Sync 1 DAGs
[2026-04-02T08:42:58.137+0000] {logging_mixin.py:190} INFO - [2026-04-02T08:42:58.137+0000] {dag.py:4180} INFO - Setting next_dagrun for hello_world to 2026-04-02 00:00:00+00:00, run_after=2026-04-03 00:00:00+00:00
[2026-04-02T08:42:58.150+0000] {processor.py:208} INFO - Processing /opt/airflow/dags/hello_world.py took 0.072 seconds
[2026-04-02T08:43:28.354+0000] {processor.py:186} INFO - Started process (PID=650) to work on /opt/airflow/dags/hello_world.py
[2026-04-02T08:43:28.371+0000] {processor.py:914} INFO - Processing file /opt/airflow/dags/hello_world.py for tasks to queue
[2026-04-02T08:43:28.373+0000] {logging_mixin.py:190} INFO - [2026-04-02T08:43:28.372+0000] {dagbag.py:588} INFO - Filling up the DagBag from /opt/airflow/dags/hello_world.py
[2026-04-02T08:43:28.382+0000] {processor.py:925} INFO - DAG(s) 'hello_world' retrieved from /opt/airflow/dags/hello_world.py
[2026-04-02T08:43:28.404+0000] {logging_mixin.py:190} INFO - [2026-04-02T08:43:28.403+0000] {dag.py:3239} INFO - Sync 1 DAGs
[2026-04-02T08:43:28.421+0000] {logging_mixin.py:190} INFO - [2026-04-02T08:43:28.421+0000] {dag.py:4180} INFO - Setting next_dagrun for hello_world to 2026-04-02 00:00:00+00:00, run_after=2026-04-03 00:00:00+00:00
[2026-04-02T08:43:28.436+0000] {processor.py:208} INFO - Processing /opt/airflow/dags/hello_world.py took 0.086 seconds
[2026-04-02T08:43:58.672+0000] {processor.py:186} INFO - Started process (PID=660) to work on /opt/airflow/dags/hello_world.py
[2026-04-02T08:43:58.673+0000] {processor.py:914} INFO - Processing file /opt/airflow/dags/hello_world.py for tasks to queue
[2026-04-02T08:43:58.675+0000] {logging_mixin.py:190} INFO - [2026-04-02T08:43:58.674+0000] {dagbag.py:588} INFO - Filling up the DagBag from /opt/airflow/dags/hello_world.py
[2026-04-02T08:43:58.685+0000] {processor.py:925} INFO - DAG(s) 'hello_world' retrieved from /opt/airflow/dags/hello_world.py
[2026-04-02T08:43:58.707+0000] {logging_mixin.py:190} INFO - [2026-04-02T08:43:58.707+0000] {dag.py:3239} INFO - Sync 1 DAGs
[2026-04-02T08:43:58.725+0000] {logging_mixin.py:190} INFO - [2026-04-02T08:43:58.725+0000] {dag.py:4180} INFO - Setting next_dagrun for hello_world to 2026-04-02 00:00:00+00:00, run_after=2026-04-03 00:00:00+00:00
[2026-04-02T08:43:58.740+0000] {processor.py:208} INFO - Processing /opt/airflow/dags/hello_world.py took 0.073 seconds
[2026-04-02T08:44:28.932+0000] {processor.py:186} INFO - Started process (PID=670) to work on /opt/airflow/dags/hello_world.py
[2026-04-02T08:44:28.933+0000] {processor.py:914} INFO - Processing file /opt/airflow/dags/hello_world.py for tasks to queue
[2026-04-02T08:44:28.935+0000] {logging_mixin.py:190} INFO - [2026-04-02T08:44:28.935+0000] {dagbag.py:588} INFO - Filling up the DagBag from /opt/airflow/dags/hello_world.py
[2026-04-02T08:44:28.943+0000] {processor.py:925} INFO - DAG(s) 'hello_world' retrieved from /opt/airflow/dags/hello_world.py
[2026-04-02T08:44:28.964+0000] {logging_mixin.py:190} INFO - [2026-04-02T08:44:28.964+0000] {dag.py:3239} INFO - Sync 1 DAGs
[2026-04-02T08:44:28.982+0000] {logging_mixin.py:190} INFO - [2026-04-02T08:44:28.982+0000] {dag.py:4180} INFO - Setting next_dagrun for hello_world to 2026-04-02 00:00:00+00:00, run_after=2026-04-03 00:00:00+00:00
[2026-04-02T08:44:28.996+0000] {processor.py:208} INFO - Processing /opt/airflow/dags/hello_world.py took 0.068 seconds
[2026-04-02T08:44:59.209+0000] {processor.py:186} INFO - Started process (PID=680) to work on /opt/airflow/dags/hello_world.py
[2026-04-02T08:44:59.226+0000] {processor.py:914} INFO - Processing file /opt/airflow/dags/hello_world.py for tasks to queue
[2026-04-02T08:44:59.228+0000] {logging_mixin.py:190} INFO - [2026-04-02T08:44:59.228+0000] {dagbag.py:588} INFO - Filling up the DagBag from /opt/airflow/dags/hello_world.py
[2026-04-02T08:44:59.237+0000] {processor.py:925} INFO - DAG(s) 'hello_world' retrieved from /opt/airflow/dags/hello_world.py
[2026-04-02T08:44:59.258+0000] {logging_mixin.py:190} INFO - [2026-04-02T08:44:59.258+0000] {dag.py:3239} INFO - Sync 1 DAGs
[2026-04-02T08:44:59.276+0000] {logging_mixin.py:190} INFO - [2026-04-02T08:44:59.276+0000] {dag.py:4180} INFO - Setting next_dagrun for hello_world to 2026-04-02 00:00:00+00:00, run_after=2026-04-03 00:00:00+00:00
[2026-04-02T08:44:59.292+0000] {processor.py:208} INFO - Processing /opt/airflow/dags/hello_world.py took 0.088 seconds
[2026-04-02T08:45:29.510+0000] {processor.py:186} INFO - Started process (PID=690) to work on /opt/airflow/dags/hello_world.py
[2026-04-02T08:45:29.511+0000] {processor.py:914} INFO - Processing file /opt/airflow/dags/hello_world.py for tasks to queue
[2026-04-02T08:45:29.513+0000] {logging_mixin.py:190} INFO - [2026-04-02T08:45:29.513+0000] {dagbag.py:588} INFO - Filling up the DagBag from /opt/airflow/dags/hello_world.py
[2026-04-02T08:45:29.522+0000] {processor.py:925} INFO - DAG(s) 'hello_world' retrieved from /opt/airflow/dags/hello_world.py
[2026-04-02T08:45:29.542+0000] {logging_mixin.py:190} INFO - [2026-04-02T08:45:29.542+0000] {dag.py:3239} INFO - Sync 1 DAGs
[2026-04-02T08:45:29.558+0000] {logging_mixin.py:190} INFO - [2026-04-02T08:45:29.558+0000] {dag.py:4180} INFO - Setting next_dagrun for hello_world to 2026-04-02 00:00:00+00:00, run_after=2026-04-03 00:00:00+00:00
[2026-04-02T08:45:29.571+0000] {processor.py:208} INFO - Processing /opt/airflow/dags/hello_world.py took 0.064 seconds
[2026-04-02T08:45:59.775+0000] {processor.py:186} INFO - Started process (PID=700) to work on /opt/airflow/dags/hello_world.py
[2026-04-02T08:45:59.792+0000] {processor.py:914} INFO - Processing file /opt/airflow/dags/hello_world.py for tasks to queue
[2026-04-02T08:45:59.794+0000] {logging_mixin.py:190} INFO - [2026-04-02T08:45:59.794+0000] {dagbag.py:588} INFO - Filling up the DagBag from /opt/airflow/dags/hello_world.py
[2026-04-02T08:45:59.802+0000] {processor.py:925} INFO - DAG(s) 'hello_world' retrieved from /opt/airflow/dags/hello_world.py
[2026-04-02T08:45:59.824+0000] {logging_mixin.py:190} INFO - [2026-04-02T08:45:59.823+0000] {dag.py:3239} INFO - Sync 1 DAGs
[2026-04-02T08:45:59.841+0000] {logging_mixin.py:190} INFO - [2026-04-02T08:45:59.841+0000] {dag.py:4180} INFO - Setting next_dagrun for hello_world to 2026-04-02 00:00:00+00:00, run_after=2026-04-03 00:00:00+00:00
[2026-04-02T08:45:59.855+0000] {processor.py:208} INFO - Processing /opt/airflow/dags/hello_world.py took 0.084 seconds
[2026-04-02T08:46:30.044+0000] {processor.py:186} INFO - Started process (PID=710) to work on /opt/airflow/dags/hello_world.py
[2026-04-02T08:46:30.045+0000] {processor.py:914} INFO - Processing file /opt/airflow/dags/hello_world.py for tasks to queue
[2026-04-02T08:46:30.047+0000] {logging_mixin.py:190} INFO - [2026-04-02T08:46:30.047+0000] {dagbag.py:588} INFO - Filling up the DagBag from /opt/airflow/dags/hello_world.py
[2026-04-02T08:46:30.056+0000] {processor.py:925} INFO - DAG(s) 'hello_world' retrieved from /opt/airflow/dags/hello_world.py
[2026-04-02T08:46:30.077+0000] {logging_mixin.py:190} INFO - [2026-04-02T08:46:30.077+0000] {dag.py:3239} INFO - Sync 1 DAGs
[2026-04-02T08:46:30.097+0000] {logging_mixin.py:190} INFO - [2026-04-02T08:46:30.097+0000] {dag.py:4180} INFO - Setting next_dagrun for hello_world to 2026-04-02 00:00:00+00:00, run_after=2026-04-03 00:00:00+00:00
[2026-04-02T08:46:30.111+0000] {processor.py:208} INFO - Processing /opt/airflow/dags/hello_world.py took 0.071 seconds
[2026-04-02T08:47:00.317+0000] {processor.py:186} INFO - Started process (PID=720) to work on /opt/airflow/dags/hello_world.py
[2026-04-02T08:47:00.335+0000] {processor.py:914} INFO - Processing file /opt/airflow/dags/hello_world.py for tasks to queue
[2026-04-02T08:47:00.337+0000] {logging_mixin.py:190} INFO - [2026-04-02T08:47:00.337+0000] {dagbag.py:588} INFO - Filling up the DagBag from /opt/airflow/dags/hello_world.py
[2026-04-02T08:47:00.347+0000] {processor.py:925} INFO - DAG(s) 'hello_world' retrieved from /opt/airflow/dags/hello_world.py
[2026-04-02T08:47:00.372+0000] {logging_mixin.py:190} INFO - [2026-04-02T08:47:00.372+0000] {dag.py:3239} INFO - Sync 1 DAGs
[2026-04-02T08:47:00.392+0000] {logging_mixin.py:190} INFO - [2026-04-02T08:47:00.392+0000] {dag.py:4180} INFO - Setting next_dagrun for hello_world to 2026-04-02 00:00:00+00:00, run_after=2026-04-03 00:00:00+00:00
[2026-04-02T08:47:00.405+0000] {processor.py:208} INFO - Processing /opt/airflow/dags/hello_world.py took 0.092 seconds
[2026-04-02T08:47:30.587+0000] {processor.py:186} INFO - Started process (PID=730) to work on /opt/airflow/dags/hello_world.py
[2026-04-02T08:47:30.589+0000] {processor.py:914} INFO - Processing file /opt/airflow/dags/hello_world.py for tasks to queue
[2026-04-02T08:47:30.590+0000] {logging_mixin.py:190} INFO - [2026-04-02T08:47:30.590+0000] {dagbag.py:588} INFO - Filling up the DagBag from /opt/airflow/dags/hello_world.py
[2026-04-02T08:47:30.599+0000] {processor.py:925} INFO - DAG(s) 'hello_world' retrieved from /opt/airflow/dags/hello_world.py
[2026-04-02T08:47:30.620+0000] {logging_mixin.py:190} INFO - [2026-04-02T08:47:30.620+0000] {dag.py:3239} INFO - Sync 1 DAGs
[2026-04-02T08:47:30.638+0000] {logging_mixin.py:190} INFO - [2026-04-02T08:47:30.638+0000] {dag.py:4180} INFO - Setting next_dagrun for hello_world to 2026-04-02 00:00:00+00:00, run_after=2026-04-03 00:00:00+00:00
[2026-04-02T08:47:30.651+0000] {processor.py:208} INFO - Processing /opt/airflow/dags/hello_world.py took 0.068 seconds
[2026-04-02T08:48:00.855+0000] {processor.py:186} INFO - Started process (PID=740) to work on /opt/airflow/dags/hello_world.py
[2026-04-02T08:48:00.856+0000] {processor.py:914} INFO - Processing file /opt/airflow/dags/hello_world.py for tasks to queue
[2026-04-02T08:48:00.857+0000] {logging_mixin.py:190} INFO - [2026-04-02T08:48:00.857+0000] {dagbag.py:588} INFO - Filling up the DagBag from /opt/airflow/dags/hello_world.py
[2026-04-02T08:48:00.865+0000] {processor.py:925} INFO - DAG(s) 'hello_world' retrieved from /opt/airflow/dags/hello_world.py
[2026-04-02T08:48:00.886+0000] {logging_mixin.py:190} INFO - [2026-04-02T08:48:00.886+0000] {dag.py:3239} INFO - Sync 1 DAGs
[2026-04-02T08:48:00.904+0000] {logging_mixin.py:190} INFO - [2026-04-02T08:48:00.904+0000] {dag.py:4180} INFO - Setting next_dagrun for hello_world to 2026-04-02 00:00:00+00:00, run_after=2026-04-03 00:00:00+00:00
[2026-04-02T08:48:00.917+0000] {processor.py:208} INFO - Processing /opt/airflow/dags/hello_world.py took 0.066 seconds
[2026-04-02T08:48:31.099+0000] {processor.py:186} INFO - Started process (PID=750) to work on /opt/airflow/dags/hello_world.py
[2026-04-02T08:48:31.100+0000] {processor.py:914} INFO - Processing file /opt/airflow/dags/hello_world.py for tasks to queue
[2026-04-02T08:48:31.102+0000] {logging_mixin.py:190} INFO - [2026-04-02T08:48:31.102+0000] {dagbag.py:588} INFO - Filling up the DagBag from /opt/airflow/dags/hello_world.py
[2026-04-02T08:48:31.112+0000] {processor.py:925} INFO - DAG(s) 'hello_world' retrieved from /opt/airflow/dags/hello_world.py
[2026-04-02T08:48:31.135+0000] {logging_mixin.py:190} INFO - [2026-04-02T08:48:31.135+0000] {dag.py:3239} INFO - Sync 1 DAGs
[2026-04-02T08:48:31.155+0000] {logging_mixin.py:190} INFO - [2026-04-02T08:48:31.155+0000] {dag.py:4180} INFO - Setting next_dagrun for hello_world to 2026-04-02 00:00:00+00:00, run_after=2026-04-03 00:00:00+00:00
[2026-04-02T08:48:31.168+0000] {processor.py:208} INFO - Processing /opt/airflow/dags/hello_world.py took 0.074 seconds
[2026-04-02T08:49:01.378+0000] {processor.py:186} INFO - Started process (PID=760) to work on /opt/airflow/dags/hello_world.py
[2026-04-02T08:49:01.379+0000] {processor.py:914} INFO - Processing file /opt/airflow/dags/hello_world.py for tasks to queue
[2026-04-02T08:49:01.381+0000] {logging_mixin.py:190} INFO - [2026-04-02T08:49:01.380+0000] {dagbag.py:588} INFO - Filling up the DagBag from /opt/airflow/dags/hello_world.py
[2026-04-02T08:49:01.389+0000] {processor.py:925} INFO - DAG(s) 'hello_world' retrieved from /opt/airflow/dags/hello_world.py
[2026-04-02T08:49:01.410+0000] {logging_mixin.py:190} INFO - [2026-04-02T08:49:01.410+0000] {dag.py:3239} INFO - Sync 1 DAGs
[2026-04-02T08:49:01.428+0000] {logging_mixin.py:190} INFO - [2026-04-02T08:49:01.428+0000] {dag.py:4180} INFO - Setting next_dagrun for hello_world to 2026-04-02 00:00:00+00:00, run_after=2026-04-03 00:00:00+00:00
[2026-04-02T08:49:01.441+0000] {processor.py:208} INFO - Processing /opt/airflow/dags/hello_world.py took 0.068 seconds
[2026-04-02T08:49:31.642+0000] {processor.py:186} INFO - Started process (PID=770) to work on /opt/airflow/dags/hello_world.py
[2026-04-02T08:49:31.643+0000] {processor.py:914} INFO - Processing file /opt/airflow/dags/hello_world.py for tasks to queue
[2026-04-02T08:49:31.644+0000] {logging_mixin.py:190} INFO - [2026-04-02T08:49:31.644+0000] {dagbag.py:588} INFO - Filling up the DagBag from /opt/airflow/dags/hello_world.py
[2026-04-02T08:49:31.654+0000] {processor.py:925} INFO - DAG(s) 'hello_world' retrieved from /opt/airflow/dags/hello_world.py
[2026-04-02T08:49:31.676+0000] {logging_mixin.py:190} INFO - [2026-04-02T08:49:31.676+0000] {dag.py:3239} INFO - Sync 1 DAGs
[2026-04-02T08:49:31.697+0000] {logging_mixin.py:190} INFO - [2026-04-02T08:49:31.697+0000] {dag.py:4180} INFO - Setting next_dagrun for hello_world to 2026-04-02 00:00:00+00:00, run_after=2026-04-03 00:00:00+00:00
[2026-04-02T08:49:31.711+0000] {processor.py:208} INFO - Processing /opt/airflow/dags/hello_world.py took 0.073 seconds
[2026-04-02T08:50:01.927+0000] {processor.py:186} INFO - Started process (PID=780) to work on /opt/airflow/dags/hello_world.py
[2026-04-02T08:50:01.928+0000] {processor.py:914} INFO - Processing file /opt/airflow/dags/hello_world.py for tasks to queue
[2026-04-02T08:50:01.930+0000] {logging_mixin.py:190} INFO - [2026-04-02T08:50:01.929+0000] {dagbag.py:588} INFO - Filling up the DagBag from /opt/airflow/dags/hello_world.py
[2026-04-02T08:50:01.938+0000] {processor.py:925} INFO - DAG(s) 'hello_world' retrieved from /opt/airflow/dags/hello_world.py
[2026-04-02T08:50:01.961+0000] {logging_mixin.py:190} INFO - [2026-04-02T08:50:01.960+0000] {dag.py:3239} INFO - Sync 1 DAGs
[2026-04-02T08:50:01.979+0000] {logging_mixin.py:190} INFO - [2026-04-02T08:50:01.979+0000] {dag.py:4180} INFO - Setting next_dagrun for hello_world to 2026-04-02 00:00:00+00:00, run_after=2026-04-03 00:00:00+00:00
[2026-04-02T08:50:01.994+0000] {processor.py:208} INFO - Processing /opt/airflow/dags/hello_world.py took 0.071 seconds
[2026-04-02T08:50:32.220+0000] {processor.py:186} INFO - Started process (PID=790) to work on /opt/airflow/dags/hello_world.py
[2026-04-02T08:50:32.220+0000] {processor.py:914} INFO - Processing file /opt/airflow/dags/hello_world.py for tasks to queue
[2026-04-02T08:50:32.222+0000] {logging_mixin.py:190} INFO - [2026-04-02T08:50:32.222+0000] {dagbag.py:588} INFO - Filling up the DagBag from /opt/airflow/dags/hello_world.py
[2026-04-02T08:50:32.230+0000] {processor.py:925} INFO - DAG(s) 'hello_world' retrieved from /opt/airflow/dags/hello_world.py
[2026-04-02T08:50:32.252+0000] {logging_mixin.py:190} INFO - [2026-04-02T08:50:32.252+0000] {dag.py:3239} INFO - Sync 1 DAGs
[2026-04-02T08:50:32.272+0000] {logging_mixin.py:190} INFO - [2026-04-02T08:50:32.271+0000] {dag.py:4180} INFO - Setting next_dagrun for hello_world to 2026-04-02 00:00:00+00:00, run_after=2026-04-03 00:00:00+00:00
[2026-04-02T08:50:32.286+0000] {processor.py:208} INFO - Processing /opt/airflow/dags/hello_world.py took 0.071 seconds
[2026-04-02T08:51:02.534+0000] {processor.py:186} INFO - Started process (PID=800) to work on /opt/airflow/dags/hello_world.py
[2026-04-02T08:51:02.551+0000] {processor.py:914} INFO - Processing file /opt/airflow/dags/hello_world.py for tasks to queue
[2026-04-02T08:51:02.553+0000] {logging_mixin.py:190} INFO - [2026-04-02T08:51:02.553+0000] {dagbag.py:588} INFO - Filling up the DagBag from /opt/airflow/dags/hello_world.py
[2026-04-02T08:51:02.561+0000] {processor.py:925} INFO - DAG(s) 'hello_world' retrieved from /opt/airflow/dags/hello_world.py
[2026-04-02T08:51:02.583+0000] {logging_mixin.py:190} INFO - [2026-04-02T08:51:02.582+0000] {dag.py:3239} INFO - Sync 1 DAGs
[2026-04-02T08:51:02.601+0000] {logging_mixin.py:190} INFO - [2026-04-02T08:51:02.600+0000] {dag.py:4180} INFO - Setting next_dagrun for hello_world to 2026-04-02 00:00:00+00:00, run_after=2026-04-03 00:00:00+00:00
[2026-04-02T08:51:02.617+0000] {processor.py:208} INFO - Processing /opt/airflow/dags/hello_world.py took 0.088 seconds
[2026-04-02T08:51:32.794+0000] {processor.py:186} INFO - Started process (PID=810) to work on /opt/airflow/dags/hello_world.py
[2026-04-02T08:51:32.795+0000] {processor.py:914} INFO - Processing file /opt/airflow/dags/hello_world.py for tasks to queue
[2026-04-02T08:51:32.796+0000] {logging_mixin.py:190} INFO - [2026-04-02T08:51:32.796+0000] {dagbag.py:588} INFO - Filling up the DagBag from /opt/airflow/dags/hello_world.py
[2026-04-02T08:51:32.804+0000] {processor.py:925} INFO - DAG(s) 'hello_world' retrieved from /opt/airflow/dags/hello_world.py
[2026-04-02T08:51:32.825+0000] {logging_mixin.py:190} INFO - [2026-04-02T08:51:32.825+0000] {dag.py:3239} INFO - Sync 1 DAGs
[2026-04-02T08:51:32.842+0000] {logging_mixin.py:190} INFO - [2026-04-02T08:51:32.842+0000] {dag.py:4180} INFO - Setting next_dagrun for hello_world to 2026-04-02 00:00:00+00:00, run_after=2026-04-03 00:00:00+00:00
[2026-04-02T08:51:32.856+0000] {processor.py:208} INFO - Processing /opt/airflow/dags/hello_world.py took 0.066 seconds
[2026-04-02T08:52:03.074+0000] {processor.py:186} INFO - Started process (PID=820) to work on /opt/airflow/dags/hello_world.py
[2026-04-02T08:52:03.075+0000] {processor.py:914} INFO - Processing file /opt/airflow/dags/hello_world.py for tasks to queue
[2026-04-02T08:52:03.077+0000] {logging_mixin.py:190} INFO - [2026-04-02T08:52:03.076+0000] {dagbag.py:588} INFO - Filling up the DagBag from /opt/airflow/dags/hello_world.py
[2026-04-02T08:52:03.085+0000] {processor.py:925} INFO - DAG(s) 'hello_world' retrieved from /opt/airflow/dags/hello_world.py
[2026-04-02T08:52:03.108+0000] {logging_mixin.py:190} INFO - [2026-04-02T08:52:03.107+0000] {dag.py:3239} INFO - Sync 1 DAGs
[2026-04-02T08:52:03.126+0000] {logging_mixin.py:190} INFO - [2026-04-02T08:52:03.126+0000] {dag.py:4180} INFO - Setting next_dagrun for hello_world to 2026-04-02 00:00:00+00:00, run_after=2026-04-03 00:00:00+00:00
[2026-04-02T08:52:03.141+0000] {processor.py:208} INFO - Processing /opt/airflow/dags/hello_world.py took 0.071 seconds
[2026-04-02T08:52:33.352+0000] {processor.py:186} INFO - Started process (PID=830) to work on /opt/airflow/dags/hello_world.py
[2026-04-02T08:52:33.352+0000] {processor.py:914} INFO - Processing file /opt/airflow/dags/hello_world.py for tasks to queue
[2026-04-02T08:52:33.354+0000] {logging_mixin.py:190} INFO - [2026-04-02T08:52:33.354+0000] {dagbag.py:588} INFO - Filling up the DagBag from /opt/airflow/dags/hello_world.py
[2026-04-02T08:52:33.362+0000] {processor.py:925} INFO - DAG(s) 'hello_world' retrieved from /opt/airflow/dags/hello_world.py
[2026-04-02T08:52:33.382+0000] {logging_mixin.py:190} INFO - [2026-04-02T08:52:33.382+0000] {dag.py:3239} INFO - Sync 1 DAGs
[2026-04-02T08:52:33.399+0000] {logging_mixin.py:190} INFO - [2026-04-02T08:52:33.399+0000] {dag.py:4180} INFO - Setting next_dagrun for hello_world to 2026-04-02 00:00:00+00:00, run_after=2026-04-03 00:00:00+00:00
[2026-04-02T08:52:33.412+0000] {processor.py:208} INFO - Processing /opt/airflow/dags/hello_world.py took 0.065 seconds
[2026-04-02T08:53:03.642+0000] {processor.py:186} INFO - Started process (PID=840) to work on /opt/airflow/dags/hello_world.py
[2026-04-02T08:53:03.643+0000] {processor.py:914} INFO - Processing file /opt/airflow/dags/hello_world.py for tasks to queue
[2026-04-02T08:53:03.645+0000] {logging_mixin.py:190} INFO - [2026-04-02T08:53:03.645+0000] {dagbag.py:588} INFO - Filling up the DagBag from /opt/airflow/dags/hello_world.py
[2026-04-02T08:53:03.658+0000] {processor.py:925} INFO - DAG(s) 'hello_world' retrieved from /opt/airflow/dags/hello_world.py
[2026-04-02T08:53:03.684+0000] {logging_mixin.py:190} INFO - [2026-04-02T08:53:03.683+0000] {dag.py:3239} INFO - Sync 1 DAGs
[2026-04-02T08:53:03.704+0000] {logging_mixin.py:190} INFO - [2026-04-02T08:53:03.704+0000] {dag.py:4180} INFO - Setting next_dagrun for hello_world to 2026-04-02 00:00:00+00:00, run_after=2026-04-03 00:00:00+00:00
[2026-04-02T08:53:03.720+0000] {processor.py:208} INFO - Processing /opt/airflow/dags/hello_world.py took 0.083 seconds
[2026-04-02T08:53:33.919+0000] {processor.py:186} INFO - Started process (PID=850) to work on /opt/airflow/dags/hello_world.py
[2026-04-02T08:53:33.920+0000] {processor.py:914} INFO - Processing file /opt/airflow/dags/hello_world.py for tasks to queue
[2026-04-02T08:53:33.921+0000] {logging_mixin.py:190} INFO - [2026-04-02T08:53:33.921+0000] {dagbag.py:588} INFO - Filling up the DagBag from /opt/airflow/dags/hello_world.py
[2026-04-02T08:53:33.930+0000] {processor.py:925} INFO - DAG(s) 'hello_world' retrieved from /opt/airflow/dags/hello_world.py
[2026-04-02T08:53:33.952+0000] {logging_mixin.py:190} INFO - [2026-04-02T08:53:33.951+0000] {dag.py:3239} INFO - Sync 1 DAGs
[2026-04-02T08:53:33.972+0000] {logging_mixin.py:190} INFO - [2026-04-02T08:53:33.971+0000] {dag.py:4180} INFO - Setting next_dagrun for hello_world to 2026-04-02 00:00:00+00:00, run_after=2026-04-03 00:00:00+00:00
[2026-04-02T08:53:33.985+0000] {processor.py:208} INFO - Processing /opt/airflow/dags/hello_world.py took 0.071 seconds
[2026-04-02T08:54:04.188+0000] {processor.py:186} INFO - Started process (PID=860) to work on /opt/airflow/dags/hello_world.py
[2026-04-02T08:54:04.189+0000] {processor.py:914} INFO - Processing file /opt/airflow/dags/hello_world.py for tasks to queue
[2026-04-02T08:54:04.190+0000] {logging_mixin.py:190} INFO - [2026-04-02T08:54:04.190+0000] {dagbag.py:588} INFO - Filling up the DagBag from /opt/airflow/dags/hello_world.py
[2026-04-02T08:54:04.199+0000] {processor.py:925} INFO - DAG(s) 'hello_world' retrieved from /opt/airflow/dags/hello_world.py
[2026-04-02T08:54:04.220+0000] {logging_mixin.py:190} INFO - [2026-04-02T08:54:04.220+0000] {dag.py:3239} INFO - Sync 1 DAGs
[2026-04-02T08:54:04.238+0000] {logging_mixin.py:190} INFO - [2026-04-02T08:54:04.238+0000] {dag.py:4180} INFO - Setting next_dagrun for hello_world to 2026-04-02 00:00:00+00:00, run_after=2026-04-03 00:00:00+00:00
[2026-04-02T08:54:04.251+0000] {processor.py:208} INFO - Processing /opt/airflow/dags/hello_world.py took 0.068 seconds
[2026-04-02T08:54:34.525+0000] {processor.py:186} INFO - Started process (PID=870) to work on /opt/airflow/dags/hello_world.py
[2026-04-02T08:54:34.525+0000] {processor.py:914} INFO - Processing file /opt/airflow/dags/hello_world.py for tasks to queue
[2026-04-02T08:54:34.527+0000] {logging_mixin.py:190} INFO - [2026-04-02T08:54:34.527+0000] {dagbag.py:588} INFO - Filling up the DagBag from /opt/airflow/dags/hello_world.py
[2026-04-02T08:54:34.536+0000] {processor.py:925} INFO - DAG(s) 'hello_world' retrieved from /opt/airflow/dags/hello_world.py
[2026-04-02T08:54:34.558+0000] {logging_mixin.py:190} INFO - [2026-04-02T08:54:34.558+0000] {dag.py:3239} INFO - Sync 1 DAGs
[2026-04-02T08:54:34.577+0000] {logging_mixin.py:190} INFO - [2026-04-02T08:54:34.577+0000] {dag.py:4180} INFO - Setting next_dagrun for hello_world to 2026-04-02 00:00:00+00:00, run_after=2026-04-03 00:00:00+00:00
[2026-04-02T08:54:34.591+0000] {processor.py:208} INFO - Processing /opt/airflow/dags/hello_world.py took 0.071 seconds
[2026-04-02T08:55:04.776+0000] {processor.py:186} INFO - Started process (PID=880) to work on /opt/airflow/dags/hello_world.py
[2026-04-02T08:55:04.777+0000] {processor.py:914} INFO - Processing file /opt/airflow/dags/hello_world.py for tasks to queue
[2026-04-02T08:55:04.779+0000] {logging_mixin.py:190} INFO - [2026-04-02T08:55:04.779+0000] {dagbag.py:588} INFO - Filling up the DagBag from /opt/airflow/dags/hello_world.py
[2026-04-02T08:55:04.788+0000] {processor.py:925} INFO - DAG(s) 'hello_world' retrieved from /opt/airflow/dags/hello_world.py
[2026-04-02T08:55:04.810+0000] {logging_mixin.py:190} INFO - [2026-04-02T08:55:04.809+0000] {dag.py:3239} INFO - Sync 1 DAGs
[2026-04-02T08:55:04.829+0000] {logging_mixin.py:190} INFO - [2026-04-02T08:55:04.829+0000] {dag.py:4180} INFO - Setting next_dagrun for hello_world to 2026-04-02 00:00:00+00:00, run_after=2026-04-03 00:00:00+00:00
[2026-04-02T08:55:04.842+0000] {processor.py:208} INFO - Processing /opt/airflow/dags/hello_world.py took 0.070 seconds
[2026-04-02T08:55:35.061+0000] {processor.py:186} INFO - Started process (PID=890) to work on /opt/airflow/dags/hello_world.py
[2026-04-02T08:55:35.062+0000] {processor.py:914} INFO - Processing file /opt/airflow/dags/hello_world.py for tasks to queue
[2026-04-02T08:55:35.064+0000] {logging_mixin.py:190} INFO - [2026-04-02T08:55:35.063+0000] {dagbag.py:588} INFO - Filling up the DagBag from /opt/airflow/dags/hello_world.py
[2026-04-02T08:55:35.074+0000] {processor.py:925} INFO - DAG(s) 'hello_world' retrieved from /opt/airflow/dags/hello_world.py
[2026-04-02T08:55:35.098+0000] {logging_mixin.py:190} INFO - [2026-04-02T08:55:35.097+0000] {dag.py:3239} INFO - Sync 1 DAGs
[2026-04-02T08:55:35.115+0000] {logging_mixin.py:190} INFO - [2026-04-02T08:55:35.115+0000] {dag.py:4180} INFO - Setting next_dagrun for hello_world to 2026-04-02 00:00:00+00:00, run_after=2026-04-03 00:00:00+00:00
[2026-04-02T08:55:35.129+0000] {processor.py:208} INFO - Processing /opt/airflow/dags/hello_world.py took 0.072 seconds
[2026-04-02T08:56:05.337+0000] {processor.py:186} INFO - Started process (PID=900) to work on /opt/airflow/dags/hello_world.py
[2026-04-02T08:56:05.338+0000] {processor.py:914} INFO - Processing file /opt/airflow/dags/hello_world.py for tasks to queue
[2026-04-02T08:56:05.340+0000] {logging_mixin.py:190} INFO - [2026-04-02T08:56:05.340+0000] {dagbag.py:588} INFO - Filling up the DagBag from /opt/airflow/dags/hello_world.py
[2026-04-02T08:56:05.348+0000] {processor.py:925} INFO - DAG(s) 'hello_world' retrieved from /opt/airflow/dags/hello_world.py
[2026-04-02T08:56:05.368+0000] {logging_mixin.py:190} INFO - [2026-04-02T08:56:05.368+0000] {dag.py:3239} INFO - Sync 1 DAGs
[2026-04-02T08:56:05.385+0000] {logging_mixin.py:190} INFO - [2026-04-02T08:56:05.385+0000] {dag.py:4180} INFO - Setting next_dagrun for hello_world to 2026-04-02 00:00:00+00:00, run_after=2026-04-03 00:00:00+00:00
[2026-04-02T08:56:05.399+0000] {processor.py:208} INFO - Processing /opt/airflow/dags/hello_world.py took 0.066 seconds
[2026-04-02T08:56:35.634+0000] {processor.py:186} INFO - Started process (PID=910) to work on /opt/airflow/dags/hello_world.py
[2026-04-02T08:56:35.635+0000] {processor.py:914} INFO - Processing file /opt/airflow/dags/hello_world.py for tasks to queue
[2026-04-02T08:56:35.637+0000] {logging_mixin.py:190} INFO - [2026-04-02T08:56:35.636+0000] {dagbag.py:588} INFO - Filling up the DagBag from /opt/airflow/dags/hello_world.py
[2026-04-02T08:56:35.646+0000] {processor.py:925} INFO - DAG(s) 'hello_world' retrieved from /opt/airflow/dags/hello_world.py
[2026-04-02T08:56:35.670+0000] {logging_mixin.py:190} INFO - [2026-04-02T08:56:35.670+0000] {dag.py:3239} INFO - Sync 1 DAGs
[2026-04-02T08:56:35.690+0000] {logging_mixin.py:190} INFO - [2026-04-02T08:56:35.690+0000] {dag.py:4180} INFO - Setting next_dagrun for hello_world to 2026-04-02 00:00:00+00:00, run_after=2026-04-03 00:00:00+00:00
[2026-04-02T08:56:35.704+0000] {processor.py:208} INFO - Processing /opt/airflow/dags/hello_world.py took 0.074 seconds
[2026-04-02T08:57:05.901+0000] {processor.py:186} INFO - Started process (PID=920) to work on /opt/airflow/dags/hello_world.py
[2026-04-02T08:57:05.902+0000] {processor.py:914} INFO - Processing file /opt/airflow/dags/hello_world.py for tasks to queue
[2026-04-02T08:57:05.904+0000] {logging_mixin.py:190} INFO - [2026-04-02T08:57:05.904+0000] {dagbag.py:588} INFO - Filling up the DagBag from /opt/airflow/dags/hello_world.py
[2026-04-02T08:57:05.912+0000] {processor.py:925} INFO - DAG(s) 'hello_world' retrieved from /opt/airflow/dags/hello_world.py
[2026-04-02T08:57:05.933+0000] {logging_mixin.py:190} INFO - [2026-04-02T08:57:05.932+0000] {dag.py:3239} INFO - Sync 1 DAGs
[2026-04-02T08:57:05.951+0000] {logging_mixin.py:190} INFO - [2026-04-02T08:57:05.951+0000] {dag.py:4180} INFO - Setting next_dagrun for hello_world to 2026-04-02 00:00:00+00:00, run_after=2026-04-03 00:00:00+00:00
[2026-04-02T08:57:05.964+0000] {processor.py:208} INFO - Processing /opt/airflow/dags/hello_world.py took 0.067 seconds
[2026-04-02T08:57:36.177+0000] {processor.py:186} INFO - Started process (PID=930) to work on /opt/airflow/dags/hello_world.py
[2026-04-02T08:57:36.178+0000] {processor.py:914} INFO - Processing file /opt/airflow/dags/hello_world.py for tasks to queue
[2026-04-02T08:57:36.179+0000] {logging_mixin.py:190} INFO - [2026-04-02T08:57:36.179+0000] {dagbag.py:588} INFO - Filling up the DagBag from /opt/airflow/dags/hello_world.py
[2026-04-02T08:57:36.190+0000] {processor.py:925} INFO - DAG(s) 'hello_world' retrieved from /opt/airflow/dags/hello_world.py
[2026-04-02T08:57:36.213+0000] {logging_mixin.py:190} INFO - [2026-04-02T08:57:36.213+0000] {dag.py:3239} INFO - Sync 1 DAGs
[2026-04-02T08:57:36.231+0000] {logging_mixin.py:190} INFO - [2026-04-02T08:57:36.231+0000] {dag.py:4180} INFO - Setting next_dagrun for hello_world to 2026-04-02 00:00:00+00:00, run_after=2026-04-03 00:00:00+00:00
[2026-04-02T08:57:36.244+0000] {processor.py:208} INFO - Processing /opt/airflow/dags/hello_world.py took 0.071 seconds
[2026-04-02T08:58:06.456+0000] {processor.py:186} INFO - Started process (PID=940) to work on /opt/airflow/dags/hello_world.py
[2026-04-02T08:58:06.474+0000] {processor.py:914} INFO - Processing file /opt/airflow/dags/hello_world.py for tasks to queue
[2026-04-02T08:58:06.476+0000] {logging_mixin.py:190} INFO - [2026-04-02T08:58:06.475+0000] {dagbag.py:588} INFO - Filling up the DagBag from /opt/airflow/dags/hello_world.py
[2026-04-02T08:58:06.484+0000] {processor.py:925} INFO - DAG(s) 'hello_world' retrieved from /opt/airflow/dags/hello_world.py
[2026-04-02T08:58:06.506+0000] {logging_mixin.py:190} INFO - [2026-04-02T08:58:06.506+0000] {dag.py:3239} INFO - Sync 1 DAGs
[2026-04-02T08:58:06.524+0000] {logging_mixin.py:190} INFO - [2026-04-02T08:58:06.524+0000] {dag.py:4180} INFO - Setting next_dagrun for hello_world to 2026-04-02 00:00:00+00:00, run_after=2026-04-03 00:00:00+00:00
[2026-04-02T08:58:06.540+0000] {processor.py:208} INFO - Processing /opt/airflow/dags/hello_world.py took 0.089 seconds
[2026-04-02T08:58:36.727+0000] {processor.py:186} INFO - Started process (PID=950) to work on /opt/airflow/dags/hello_world.py
[2026-04-02T08:58:36.728+0000] {processor.py:914} INFO - Processing file /opt/airflow/dags/hello_world.py for tasks to queue
[2026-04-02T08:58:36.729+0000] {logging_mixin.py:190} INFO - [2026-04-02T08:58:36.729+0000] {dagbag.py:588} INFO - Filling up the DagBag from /opt/airflow/dags/hello_world.py
[2026-04-02T08:58:36.739+0000] {processor.py:925} INFO - DAG(s) 'hello_world' retrieved from /opt/airflow/dags/hello_world.py
[2026-04-02T08:58:36.761+0000] {logging_mixin.py:190} INFO - [2026-04-02T08:58:36.761+0000] {dag.py:3239} INFO - Sync 1 DAGs
[2026-04-02T08:58:36.781+0000] {logging_mixin.py:190} INFO - [2026-04-02T08:58:36.780+0000] {dag.py:4180} INFO - Setting next_dagrun for hello_world to 2026-04-02 00:00:00+00:00, run_after=2026-04-03 00:00:00+00:00
[2026-04-02T08:58:36.795+0000] {processor.py:208} INFO - Processing /opt/airflow/dags/hello_world.py took 0.072 seconds
[2026-04-02T08:59:07.012+0000] {processor.py:186} INFO - Started process (PID=960) to work on /opt/airflow/dags/hello_world.py
[2026-04-02T08:59:07.013+0000] {processor.py:914} INFO - Processing file /opt/airflow/dags/hello_world.py for tasks to queue
[2026-04-02T08:59:07.015+0000] {logging_mixin.py:190} INFO - [2026-04-02T08:59:07.014+0000] {dagbag.py:588} INFO - Filling up the DagBag from /opt/airflow/dags/hello_world.py
[2026-04-02T08:59:07.023+0000] {processor.py:925} INFO - DAG(s) 'hello_world' retrieved from /opt/airflow/dags/hello_world.py
[2026-04-02T08:59:07.043+0000] {logging_mixin.py:190} INFO - [2026-04-02T08:59:07.043+0000] {dag.py:3239} INFO - Sync 1 DAGs
[2026-04-02T08:59:07.061+0000] {logging_mixin.py:190} INFO - [2026-04-02T08:59:07.061+0000] {dag.py:4180} INFO - Setting next_dagrun for hello_world to 2026-04-02 00:00:00+00:00, run_after=2026-04-03 00:00:00+00:00
[2026-04-02T08:59:07.074+0000] {processor.py:208} INFO - Processing /opt/airflow/dags/hello_world.py took 0.066 seconds
[2026-04-02T08:59:37.302+0000] {processor.py:186} INFO - Started process (PID=970) to work on /opt/airflow/dags/hello_world.py
[2026-04-02T08:59:37.303+0000] {processor.py:914} INFO - Processing file /opt/airflow/dags/hello_world.py for tasks to queue
[2026-04-02T08:59:37.304+0000] {logging_mixin.py:190} INFO - [2026-04-02T08:59:37.304+0000] {dagbag.py:588} INFO - Filling up the DagBag from /opt/airflow/dags/hello_world.py
[2026-04-02T08:59:37.314+0000] {processor.py:925} INFO - DAG(s) 'hello_world' retrieved from /opt/airflow/dags/hello_world.py
[2026-04-02T08:59:37.336+0000] {logging_mixin.py:190} INFO - [2026-04-02T08:59:37.336+0000] {dag.py:3239} INFO - Sync 1 DAGs
[2026-04-02T08:59:37.354+0000] {logging_mixin.py:190} INFO - [2026-04-02T08:59:37.354+0000] {dag.py:4180} INFO - Setting next_dagrun for hello_world to 2026-04-02 00:00:00+00:00, run_after=2026-04-03 00:00:00+00:00
[2026-04-02T08:59:37.368+0000] {processor.py:208} INFO - Processing /opt/airflow/dags/hello_world.py took 0.070 seconds
[2026-04-02T09:00:07.622+0000] {processor.py:186} INFO - Started process (PID=980) to work on /opt/airflow/dags/hello_world.py
[2026-04-02T09:00:07.623+0000] {processor.py:914} INFO - Processing file /opt/airflow/dags/hello_world.py for tasks to queue
[2026-04-02T09:00:07.625+0000] {logging_mixin.py:190} INFO - [2026-04-02T09:00:07.624+0000] {dagbag.py:588} INFO - Filling up the DagBag from /opt/airflow/dags/hello_world.py
[2026-04-02T09:00:07.633+0000] {processor.py:925} INFO - DAG(s) 'hello_world' retrieved from /opt/airflow/dags/hello_world.py
[2026-04-02T09:00:07.656+0000] {logging_mixin.py:190} INFO - [2026-04-02T09:00:07.656+0000] {dag.py:3239} INFO - Sync 1 DAGs
[2026-04-02T09:00:07.675+0000] {logging_mixin.py:190} INFO - [2026-04-02T09:00:07.674+0000] {dag.py:4180} INFO - Setting next_dagrun for hello_world to 2026-04-02 00:00:00+00:00, run_after=2026-04-03 00:00:00+00:00
[2026-04-02T09:00:07.688+0000] {processor.py:208} INFO - Processing /opt/airflow/dags/hello_world.py took 0.071 seconds
[2026-04-02T09:00:37.892+0000] {processor.py:186} INFO - Started process (PID=990) to work on /opt/airflow/dags/hello_world.py
[2026-04-02T09:00:37.893+0000] {processor.py:914} INFO - Processing file /opt/airflow/dags/hello_world.py for tasks to queue
[2026-04-02T09:00:37.894+0000] {logging_mixin.py:190} INFO - [2026-04-02T09:00:37.894+0000] {dagbag.py:588} INFO - Filling up the DagBag from /opt/airflow/dags/hello_world.py
[2026-04-02T09:00:37.903+0000] {processor.py:925} INFO - DAG(s) 'hello_world' retrieved from /opt/airflow/dags/hello_world.py
[2026-04-02T09:00:37.925+0000] {logging_mixin.py:190} INFO - [2026-04-02T09:00:37.925+0000] {dag.py:3239} INFO - Sync 1 DAGs
[2026-04-02T09:00:37.944+0000] {logging_mixin.py:190} INFO - [2026-04-02T09:00:37.943+0000] {dag.py:4180} INFO - Setting next_dagrun for hello_world to 2026-04-02 00:00:00+00:00, run_after=2026-04-03 00:00:00+00:00
[2026-04-02T09:00:37.958+0000] {processor.py:208} INFO - Processing /opt/airflow/dags/hello_world.py took 0.071 seconds
[2026-04-02T09:01:08.178+0000] {processor.py:186} INFO - Started process (PID=1000) to work on /opt/airflow/dags/hello_world.py
[2026-04-02T09:01:08.179+0000] {processor.py:914} INFO - Processing file /opt/airflow/dags/hello_world.py for tasks to queue
[2026-04-02T09:01:08.181+0000] {logging_mixin.py:190} INFO - [2026-04-02T09:01:08.180+0000] {dagbag.py:588} INFO - Filling up the DagBag from /opt/airflow/dags/hello_world.py
[2026-04-02T09:01:08.189+0000] {processor.py:925} INFO - DAG(s) 'hello_world' retrieved from /opt/airflow/dags/hello_world.py
[2026-04-02T09:01:08.211+0000] {logging_mixin.py:190} INFO - [2026-04-02T09:01:08.211+0000] {dag.py:3239} INFO - Sync 1 DAGs
[2026-04-02T09:01:08.229+0000] {logging_mixin.py:190} INFO - [2026-04-02T09:01:08.229+0000] {dag.py:4180} INFO - Setting next_dagrun for hello_world to 2026-04-02 00:00:00+00:00, run_after=2026-04-03 00:00:00+00:00
[2026-04-02T09:01:08.243+0000] {processor.py:208} INFO - Processing /opt/airflow/dags/hello_world.py took 0.069 seconds
[2026-04-02T09:01:38.493+0000] {processor.py:186} INFO - Started process (PID=1010) to work on /opt/airflow/dags/hello_world.py
[2026-04-02T09:01:38.493+0000] {processor.py:914} INFO - Processing file /opt/airflow/dags/hello_world.py for tasks to queue
[2026-04-02T09:01:38.495+0000] {logging_mixin.py:190} INFO - [2026-04-02T09:01:38.495+0000] {dagbag.py:588} INFO - Filling up the DagBag from /opt/airflow/dags/hello_world.py
[2026-04-02T09:01:38.503+0000] {processor.py:925} INFO - DAG(s) 'hello_world' retrieved from /opt/airflow/dags/hello_world.py
[2026-04-02T09:01:38.526+0000] {logging_mixin.py:190} INFO - [2026-04-02T09:01:38.525+0000] {dag.py:3239} INFO - Sync 1 DAGs
[2026-04-02T09:01:38.543+0000] {logging_mixin.py:190} INFO - [2026-04-02T09:01:38.543+0000] {dag.py:4180} INFO - Setting next_dagrun for hello_world to 2026-04-02 00:00:00+00:00, run_after=2026-04-03 00:00:00+00:00
[2026-04-02T09:01:38.563+0000] {processor.py:208} INFO - Processing /opt/airflow/dags/hello_world.py took 0.075 seconds
[2026-04-02T09:02:08.776+0000] {processor.py:186} INFO - Started process (PID=1020) to work on /opt/airflow/dags/hello_world.py
[2026-04-02T09:02:08.793+0000] {processor.py:914} INFO - Processing file /opt/airflow/dags/hello_world.py for tasks to queue
[2026-04-02T09:02:08.795+0000] {logging_mixin.py:190} INFO - [2026-04-02T09:02:08.795+0000] {dagbag.py:588} INFO - Filling up the DagBag from /opt/airflow/dags/hello_world.py
[2026-04-02T09:02:08.803+0000] {processor.py:925} INFO - DAG(s) 'hello_world' retrieved from /opt/airflow/dags/hello_world.py
[2026-04-02T09:02:08.825+0000] {logging_mixin.py:190} INFO - [2026-04-02T09:02:08.825+0000] {dag.py:3239} INFO - Sync 1 DAGs
[2026-04-02T09:02:08.843+0000] {logging_mixin.py:190} INFO - [2026-04-02T09:02:08.842+0000] {dag.py:4180} INFO - Setting next_dagrun for hello_world to 2026-04-02 00:00:00+00:00, run_after=2026-04-03 00:00:00+00:00
[2026-04-02T09:02:08.857+0000] {processor.py:208} INFO - Processing /opt/airflow/dags/hello_world.py took 0.087 seconds
[2026-04-02T09:02:39.016+0000] {processor.py:186} INFO - Started process (PID=1030) to work on /opt/airflow/dags/hello_world.py
[2026-04-02T09:02:39.016+0000] {processor.py:914} INFO - Processing file /opt/airflow/dags/hello_world.py for tasks to queue
[2026-04-02T09:02:39.018+0000] {logging_mixin.py:190} INFO - [2026-04-02T09:02:39.018+0000] {dagbag.py:588} INFO - Filling up the DagBag from /opt/airflow/dags/hello_world.py
[2026-04-02T09:02:39.027+0000] {processor.py:925} INFO - DAG(s) 'hello_world' retrieved from /opt/airflow/dags/hello_world.py
[2026-04-02T09:02:39.051+0000] {logging_mixin.py:190} INFO - [2026-04-02T09:02:39.050+0000] {dag.py:3239} INFO - Sync 1 DAGs
[2026-04-02T09:02:39.071+0000] {logging_mixin.py:190} INFO - [2026-04-02T09:02:39.071+0000] {dag.py:4180} INFO - Setting next_dagrun for hello_world to 2026-04-02 00:00:00+00:00, run_after=2026-04-03 00:00:00+00:00
[2026-04-02T09:02:39.230+0000] {processor.py:208} INFO - Processing /opt/airflow/dags/hello_world.py took 0.218 seconds
[2026-04-02T09:03:09.287+0000] {processor.py:186} INFO - Started process (PID=1040) to work on /opt/airflow/dags/hello_world.py
[2026-04-02T09:03:09.305+0000] {processor.py:914} INFO - Processing file /opt/airflow/dags/hello_world.py for tasks to queue
[2026-04-02T09:03:09.306+0000] {logging_mixin.py:190} INFO - [2026-04-02T09:03:09.306+0000] {dagbag.py:588} INFO - Filling up the DagBag from /opt/airflow/dags/hello_world.py
[2026-04-02T09:03:09.315+0000] {processor.py:925} INFO - DAG(s) 'hello_world' retrieved from /opt/airflow/dags/hello_world.py
[2026-04-02T09:03:09.334+0000] {logging_mixin.py:190} INFO - [2026-04-02T09:03:09.334+0000] {dag.py:3239} INFO - Sync 1 DAGs
[2026-04-02T09:03:09.352+0000] {logging_mixin.py:190} INFO - [2026-04-02T09:03:09.352+0000] {dag.py:4180} INFO - Setting next_dagrun for hello_world to 2026-04-02 00:00:00+00:00, run_after=2026-04-03 00:00:00+00:00
[2026-04-02T09:03:09.366+0000] {processor.py:208} INFO - Processing /opt/airflow/dags/hello_world.py took 0.083 seconds
[2026-04-02T09:03:39.511+0000] {processor.py:186} INFO - Started process (PID=1050) to work on /opt/airflow/dags/hello_world.py
[2026-04-02T09:03:39.512+0000] {processor.py:914} INFO - Processing file /opt/airflow/dags/hello_world.py for tasks to queue
[2026-04-02T09:03:39.513+0000] {logging_mixin.py:190} INFO - [2026-04-02T09:03:39.513+0000] {dagbag.py:588} INFO - Filling up the DagBag from /opt/airflow/dags/hello_world.py
[2026-04-02T09:03:39.521+0000] {processor.py:925} INFO - DAG(s) 'hello_world' retrieved from /opt/airflow/dags/hello_world.py
[2026-04-02T09:03:39.543+0000] {logging_mixin.py:190} INFO - [2026-04-02T09:03:39.543+0000] {dag.py:3239} INFO - Sync 1 DAGs
[2026-04-02T09:03:39.562+0000] {logging_mixin.py:190} INFO - [2026-04-02T09:03:39.562+0000] {dag.py:4180} INFO - Setting next_dagrun for hello_world to 2026-04-02 00:00:00+00:00, run_after=2026-04-03 00:00:00+00:00
[2026-04-02T09:03:39.575+0000] {processor.py:208} INFO - Processing /opt/airflow/dags/hello_world.py took 0.068 seconds
[2026-04-02T09:04:09.796+0000] {processor.py:186} INFO - Started process (PID=1060) to work on /opt/airflow/dags/hello_world.py
[2026-04-02T09:04:09.797+0000] {processor.py:914} INFO - Processing file /opt/airflow/dags/hello_world.py for tasks to queue
[2026-04-02T09:04:09.799+0000] {logging_mixin.py:190} INFO - [2026-04-02T09:04:09.799+0000] {dagbag.py:588} INFO - Filling up the DagBag from /opt/airflow/dags/hello_world.py
[2026-04-02T09:04:09.810+0000] {processor.py:925} INFO - DAG(s) 'hello_world' retrieved from /opt/airflow/dags/hello_world.py
[2026-04-02T09:04:09.838+0000] {logging_mixin.py:190} INFO - [2026-04-02T09:04:09.838+0000] {dag.py:3239} INFO - Sync 1 DAGs
[2026-04-02T09:04:09.860+0000] {logging_mixin.py:190} INFO - [2026-04-02T09:04:09.860+0000] {dag.py:4180} INFO - Setting next_dagrun for hello_world to 2026-04-02 00:00:00+00:00, run_after=2026-04-03 00:00:00+00:00
[2026-04-02T09:04:09.922+0000] {processor.py:208} INFO - Processing /opt/airflow/dags/hello_world.py took 0.130 seconds
[2026-04-02T09:04:40.088+0000] {processor.py:186} INFO - Started process (PID=1070) to work on /opt/airflow/dags/hello_world.py
[2026-04-02T09:04:40.088+0000] {processor.py:914} INFO - Processing file /opt/airflow/dags/hello_world.py for tasks to queue
[2026-04-02T09:04:40.090+0000] {logging_mixin.py:190} INFO - [2026-04-02T09:04:40.090+0000] {dagbag.py:588} INFO - Filling up the DagBag from /opt/airflow/dags/hello_world.py
[2026-04-02T09:04:40.098+0000] {processor.py:925} INFO - DAG(s) 'hello_world' retrieved from /opt/airflow/dags/hello_world.py
[2026-04-02T09:04:40.122+0000] {logging_mixin.py:190} INFO - [2026-04-02T09:04:40.122+0000] {dag.py:3239} INFO - Sync 1 DAGs
[2026-04-02T09:04:40.141+0000] {logging_mixin.py:190} INFO - [2026-04-02T09:04:40.141+0000] {dag.py:4180} INFO - Setting next_dagrun for hello_world to 2026-04-02 00:00:00+00:00, run_after=2026-04-03 00:00:00+00:00
[2026-04-02T09:04:40.292+0000] {processor.py:208} INFO - Processing /opt/airflow/dags/hello_world.py took 0.208 seconds
[2026-04-02T09:05:10.317+0000] {processor.py:186} INFO - Started process (PID=1080) to work on /opt/airflow/dags/hello_world.py
[2026-04-02T09:05:10.330+0000] {processor.py:914} INFO - Processing file /opt/airflow/dags/hello_world.py for tasks to queue
[2026-04-02T09:05:10.331+0000] {logging_mixin.py:190} INFO - [2026-04-02T09:05:10.331+0000] {dagbag.py:588} INFO - Filling up the DagBag from /opt/airflow/dags/hello_world.py
[2026-04-02T09:05:10.340+0000] {processor.py:925} INFO - DAG(s) 'hello_world' retrieved from /opt/airflow/dags/hello_world.py
[2026-04-02T09:05:10.359+0000] {logging_mixin.py:190} INFO - [2026-04-02T09:05:10.359+0000] {dag.py:3239} INFO - Sync 1 DAGs
[2026-04-02T09:05:10.377+0000] {logging_mixin.py:190} INFO - [2026-04-02T09:05:10.377+0000] {dag.py:4180} INFO - Setting next_dagrun for hello_world to 2026-04-02 00:00:00+00:00, run_after=2026-04-03 00:00:00+00:00
[2026-04-02T09:05:10.391+0000] {processor.py:208} INFO - Processing /opt/airflow/dags/hello_world.py took 0.078 seconds
[2026-04-02T09:05:40.586+0000] {processor.py:186} INFO - Started process (PID=1090) to work on /opt/airflow/dags/hello_world.py
[2026-04-02T09:05:40.586+0000] {processor.py:914} INFO - Processing file /opt/airflow/dags/hello_world.py for tasks to queue
[2026-04-02T09:05:40.588+0000] {logging_mixin.py:190} INFO - [2026-04-02T09:05:40.588+0000] {dagbag.py:588} INFO - Filling up the DagBag from /opt/airflow/dags/hello_world.py
[2026-04-02T09:05:40.598+0000] {processor.py:925} INFO - DAG(s) 'hello_world' retrieved from /opt/airflow/dags/hello_world.py
[2026-04-02T09:05:40.624+0000] {logging_mixin.py:190} INFO - [2026-04-02T09:05:40.624+0000] {dag.py:3239} INFO - Sync 1 DAGs
[2026-04-02T09:05:40.645+0000] {logging_mixin.py:190} INFO - [2026-04-02T09:05:40.644+0000] {dag.py:4180} INFO - Setting next_dagrun for hello_world to 2026-04-02 00:00:00+00:00, run_after=2026-04-03 00:00:00+00:00
[2026-04-02T09:05:40.661+0000] {processor.py:208} INFO - Processing /opt/airflow/dags/hello_world.py took 0.080 seconds
[2026-04-02T09:06:10.830+0000] {processor.py:186} INFO - Started process (PID=1100) to work on /opt/airflow/dags/hello_world.py
[2026-04-02T09:06:10.831+0000] {processor.py:914} INFO - Processing file /opt/airflow/dags/hello_world.py for tasks to queue
[2026-04-02T09:06:10.833+0000] {logging_mixin.py:190} INFO - [2026-04-02T09:06:10.833+0000] {dagbag.py:588} INFO - Filling up the DagBag from /opt/airflow/dags/hello_world.py
[2026-04-02T09:06:10.841+0000] {processor.py:925} INFO - DAG(s) 'hello_world' retrieved from /opt/airflow/dags/hello_world.py
[2026-04-02T09:06:10.862+0000] {logging_mixin.py:190} INFO - [2026-04-02T09:06:10.861+0000] {dag.py:3239} INFO - Sync 1 DAGs
[2026-04-02T09:06:10.879+0000] {logging_mixin.py:190} INFO - [2026-04-02T09:06:10.879+0000] {dag.py:4180} INFO - Setting next_dagrun for hello_world to 2026-04-02 00:00:00+00:00, run_after=2026-04-03 00:00:00+00:00
[2026-04-02T09:06:10.895+0000] {processor.py:208} INFO - Processing /opt/airflow/dags/hello_world.py took 0.069 seconds
[2026-04-02T09:06:41.067+0000] {processor.py:186} INFO - Started process (PID=1110) to work on /opt/airflow/dags/hello_world.py
[2026-04-02T09:06:41.068+0000] {processor.py:914} INFO - Processing file /opt/airflow/dags/hello_world.py for tasks to queue
[2026-04-02T09:06:41.069+0000] {logging_mixin.py:190} INFO - [2026-04-02T09:06:41.069+0000] {dagbag.py:588} INFO - Filling up the DagBag from /opt/airflow/dags/hello_world.py
[2026-04-02T09:06:41.079+0000] {processor.py:925} INFO - DAG(s) 'hello_world' retrieved from /opt/airflow/dags/hello_world.py
[2026-04-02T09:06:41.101+0000] {logging_mixin.py:190} INFO - [2026-04-02T09:06:41.101+0000] {dag.py:3239} INFO - Sync 1 DAGs
[2026-04-02T09:06:41.118+0000] {logging_mixin.py:190} INFO - [2026-04-02T09:06:41.118+0000] {dag.py:4180} INFO - Setting next_dagrun for hello_world to 2026-04-02 00:00:00+00:00, run_after=2026-04-03 00:00:00+00:00
[2026-04-02T09:06:41.266+0000] {processor.py:208} INFO - Processing /opt/airflow/dags/hello_world.py took 0.203 seconds
[2026-04-02T09:07:11.326+0000] {processor.py:186} INFO - Started process (PID=1120) to work on /opt/airflow/dags/hello_world.py
[2026-04-02T09:07:11.327+0000] {processor.py:914} INFO - Processing file /opt/airflow/dags/hello_world.py for tasks to queue
[2026-04-02T09:07:11.328+0000] {logging_mixin.py:190} INFO - [2026-04-02T09:07:11.328+0000] {dagbag.py:588} INFO - Filling up the DagBag from /opt/airflow/dags/hello_world.py
[2026-04-02T09:07:11.336+0000] {processor.py:925} INFO - DAG(s) 'hello_world' retrieved from /opt/airflow/dags/hello_world.py
[2026-04-02T09:07:11.355+0000] {logging_mixin.py:190} INFO - [2026-04-02T09:07:11.355+0000] {dag.py:3239} INFO - Sync 1 DAGs
[2026-04-02T09:07:11.372+0000] {logging_mixin.py:190} INFO - [2026-04-02T09:07:11.372+0000] {dag.py:4180} INFO - Setting next_dagrun for hello_world to 2026-04-02 00:00:00+00:00, run_after=2026-04-03 00:00:00+00:00
[2026-04-02T09:07:11.385+0000] {processor.py:208} INFO - Processing /opt/airflow/dags/hello_world.py took 0.063 seconds
[2026-04-02T09:07:41.612+0000] {processor.py:186} INFO - Started process (PID=1130) to work on /opt/airflow/dags/hello_world.py
[2026-04-02T09:07:41.612+0000] {processor.py:914} INFO - Processing file /opt/airflow/dags/hello_world.py for tasks to queue
[2026-04-02T09:07:41.614+0000] {logging_mixin.py:190} INFO - [2026-04-02T09:07:41.614+0000] {dagbag.py:588} INFO - Filling up the DagBag from /opt/airflow/dags/hello_world.py
[2026-04-02T09:07:41.624+0000] {processor.py:925} INFO - DAG(s) 'hello_world' retrieved from /opt/airflow/dags/hello_world.py
[2026-04-02T09:07:41.646+0000] {logging_mixin.py:190} INFO - [2026-04-02T09:07:41.646+0000] {dag.py:3239} INFO - Sync 1 DAGs
[2026-04-02T09:07:41.663+0000] {logging_mixin.py:190} INFO - [2026-04-02T09:07:41.663+0000] {dag.py:4180} INFO - Setting next_dagrun for hello_world to 2026-04-02 00:00:00+00:00, run_after=2026-04-03 00:00:00+00:00
[2026-04-02T09:07:41.677+0000] {processor.py:208} INFO - Processing /opt/airflow/dags/hello_world.py took 0.069 seconds
[2026-04-02T09:08:11.873+0000] {processor.py:186} INFO - Started process (PID=1140) to work on /opt/airflow/dags/hello_world.py
[2026-04-02T09:08:11.874+0000] {processor.py:914} INFO - Processing file /opt/airflow/dags/hello_world.py for tasks to queue
[2026-04-02T09:08:11.876+0000] {logging_mixin.py:190} INFO - [2026-04-02T09:08:11.876+0000] {dagbag.py:588} INFO - Filling up the DagBag from /opt/airflow/dags/hello_world.py
[2026-04-02T09:08:11.884+0000] {processor.py:925} INFO - DAG(s) 'hello_world' retrieved from /opt/airflow/dags/hello_world.py
[2026-04-02T09:08:11.905+0000] {logging_mixin.py:190} INFO - [2026-04-02T09:08:11.905+0000] {dag.py:3239} INFO - Sync 1 DAGs
[2026-04-02T09:08:11.923+0000] {logging_mixin.py:190} INFO - [2026-04-02T09:08:11.922+0000] {dag.py:4180} INFO - Setting next_dagrun for hello_world to 2026-04-02 00:00:00+00:00, run_after=2026-04-03 00:00:00+00:00
[2026-04-02T09:08:11.935+0000] {processor.py:208} INFO - Processing /opt/airflow/dags/hello_world.py took 0.066 seconds
[2026-04-02T09:08:42.123+0000] {processor.py:186} INFO - Started process (PID=1150) to work on /opt/airflow/dags/hello_world.py
[2026-04-02T09:08:42.124+0000] {processor.py:914} INFO - Processing file /opt/airflow/dags/hello_world.py for tasks to queue
[2026-04-02T09:08:42.126+0000] {logging_mixin.py:190} INFO - [2026-04-02T09:08:42.126+0000] {dagbag.py:588} INFO - Filling up the DagBag from /opt/airflow/dags/hello_world.py
[2026-04-02T09:08:42.137+0000] {processor.py:925} INFO - DAG(s) 'hello_world' retrieved from /opt/airflow/dags/hello_world.py
[2026-04-02T09:08:42.163+0000] {logging_mixin.py:190} INFO - [2026-04-02T09:08:42.163+0000] {dag.py:3239} INFO - Sync 1 DAGs
[2026-04-02T09:08:42.190+0000] {logging_mixin.py:190} INFO - [2026-04-02T09:08:42.190+0000] {dag.py:4180} INFO - Setting next_dagrun for hello_world to 2026-04-02 00:00:00+00:00, run_after=2026-04-03 00:00:00+00:00
[2026-04-02T09:08:42.370+0000] {processor.py:208} INFO - Processing /opt/airflow/dags/hello_world.py took 0.253 seconds
[2026-04-02T09:09:12.400+0000] {processor.py:186} INFO - Started process (PID=1160) to work on /opt/airflow/dags/hello_world.py
[2026-04-02T09:09:12.402+0000] {processor.py:914} INFO - Processing file /opt/airflow/dags/hello_world.py for tasks to queue
[2026-04-02T09:09:12.403+0000] {logging_mixin.py:190} INFO - [2026-04-02T09:09:12.403+0000] {dagbag.py:588} INFO - Filling up the DagBag from /opt/airflow/dags/hello_world.py
[2026-04-02T09:09:12.412+0000] {processor.py:925} INFO - DAG(s) 'hello_world' retrieved from /opt/airflow/dags/hello_world.py
[2026-04-02T09:09:12.435+0000] {logging_mixin.py:190} INFO - [2026-04-02T09:09:12.435+0000] {dag.py:3239} INFO - Sync 1 DAGs
[2026-04-02T09:09:12.458+0000] {logging_mixin.py:190} INFO - [2026-04-02T09:09:12.458+0000] {dag.py:4180} INFO - Setting next_dagrun for hello_world to 2026-04-02 00:00:00+00:00, run_after=2026-04-03 00:00:00+00:00
[2026-04-02T09:09:12.479+0000] {processor.py:208} INFO - Processing /opt/airflow/dags/hello_world.py took 0.083 seconds
[2026-04-02T09:09:42.708+0000] {processor.py:186} INFO - Started process (PID=1170) to work on /opt/airflow/dags/hello_world.py
[2026-04-02T09:09:42.708+0000] {processor.py:914} INFO - Processing file /opt/airflow/dags/hello_world.py for tasks to queue
[2026-04-02T09:09:42.710+0000] {logging_mixin.py:190} INFO - [2026-04-02T09:09:42.710+0000] {dagbag.py:588} INFO - Filling up the DagBag from /opt/airflow/dags/hello_world.py
[2026-04-02T09:09:42.719+0000] {processor.py:925} INFO - DAG(s) 'hello_world' retrieved from /opt/airflow/dags/hello_world.py
[2026-04-02T09:09:42.739+0000] {logging_mixin.py:190} INFO - [2026-04-02T09:09:42.739+0000] {dag.py:3239} INFO - Sync 1 DAGs
[2026-04-02T09:09:42.758+0000] {logging_mixin.py:190} INFO - [2026-04-02T09:09:42.758+0000] {dag.py:4180} INFO - Setting next_dagrun for hello_world to 2026-04-02 00:00:00+00:00, run_after=2026-04-03 00:00:00+00:00
[2026-04-02T09:09:42.771+0000] {processor.py:208} INFO - Processing /opt/airflow/dags/hello_world.py took 0.068 seconds
[2026-04-02T09:10:13.008+0000] {processor.py:186} INFO - Started process (PID=1180) to work on /opt/airflow/dags/hello_world.py
[2026-04-02T09:10:13.024+0000] {processor.py:914} INFO - Processing file /opt/airflow/dags/hello_world.py for tasks to queue
[2026-04-02T09:10:13.026+0000] {logging_mixin.py:190} INFO - [2026-04-02T09:10:13.026+0000] {dagbag.py:588} INFO - Filling up the DagBag from /opt/airflow/dags/hello_world.py
[2026-04-02T09:10:13.034+0000] {processor.py:925} INFO - DAG(s) 'hello_world' retrieved from /opt/airflow/dags/hello_world.py
[2026-04-02T09:10:13.057+0000] {logging_mixin.py:190} INFO - [2026-04-02T09:10:13.057+0000] {dag.py:3239} INFO - Sync 1 DAGs
[2026-04-02T09:10:13.075+0000] {logging_mixin.py:190} INFO - [2026-04-02T09:10:13.075+0000] {dag.py:4180} INFO - Setting next_dagrun for hello_world to 2026-04-02 00:00:00+00:00, run_after=2026-04-03 00:00:00+00:00
[2026-04-02T09:10:13.092+0000] {processor.py:208} INFO - Processing /opt/airflow/dags/hello_world.py took 0.088 seconds
[2026-04-02T09:10:43.309+0000] {processor.py:186} INFO - Started process (PID=1190) to work on /opt/airflow/dags/hello_world.py
[2026-04-02T09:10:43.309+0000] {processor.py:914} INFO - Processing file /opt/airflow/dags/hello_world.py for tasks to queue
[2026-04-02T09:10:43.311+0000] {logging_mixin.py:190} INFO - [2026-04-02T09:10:43.310+0000] {dagbag.py:588} INFO - Filling up the DagBag from /opt/airflow/dags/hello_world.py
[2026-04-02T09:10:43.321+0000] {processor.py:925} INFO - DAG(s) 'hello_world' retrieved from /opt/airflow/dags/hello_world.py
[2026-04-02T09:10:43.342+0000] {logging_mixin.py:190} INFO - [2026-04-02T09:10:43.342+0000] {dag.py:3239} INFO - Sync 1 DAGs
[2026-04-02T09:10:43.360+0000] {logging_mixin.py:190} INFO - [2026-04-02T09:10:43.359+0000] {dag.py:4180} INFO - Setting next_dagrun for hello_world to 2026-04-02 00:00:00+00:00, run_after=2026-04-03 00:00:00+00:00
[2026-04-02T09:10:43.503+0000] {processor.py:208} INFO - Processing /opt/airflow/dags/hello_world.py took 0.199 seconds
[2026-04-02T09:11:13.633+0000] {processor.py:186} INFO - Started process (PID=1200) to work on /opt/airflow/dags/hello_world.py
[2026-04-02T09:11:13.650+0000] {processor.py:914} INFO - Processing file /opt/airflow/dags/hello_world.py for tasks to queue
[2026-04-02T09:11:13.652+0000] {logging_mixin.py:190} INFO - [2026-04-02T09:11:13.652+0000] {dagbag.py:588} INFO - Filling up the DagBag from /opt/airflow/dags/hello_world.py
[2026-04-02T09:11:13.662+0000] {processor.py:925} INFO - DAG(s) 'hello_world' retrieved from /opt/airflow/dags/hello_world.py
[2026-04-02T09:11:13.684+0000] {logging_mixin.py:190} INFO - [2026-04-02T09:11:13.684+0000] {dag.py:3239} INFO - Sync 1 DAGs
[2026-04-02T09:11:13.706+0000] {logging_mixin.py:190} INFO - [2026-04-02T09:11:13.705+0000] {dag.py:4180} INFO - Setting next_dagrun for hello_world to 2026-04-02 00:00:00+00:00, run_after=2026-04-03 00:00:00+00:00
[2026-04-02T09:11:13.722+0000] {processor.py:208} INFO - Processing /opt/airflow/dags/hello_world.py took 0.093 seconds
[2026-04-02T09:11:43.927+0000] {processor.py:186} INFO - Started process (PID=1210) to work on /opt/airflow/dags/hello_world.py
[2026-04-02T09:11:43.928+0000] {processor.py:914} INFO - Processing file /opt/airflow/dags/hello_world.py for tasks to queue
[2026-04-02T09:11:43.929+0000] {logging_mixin.py:190} INFO - [2026-04-02T09:11:43.929+0000] {dagbag.py:588} INFO - Filling up the DagBag from /opt/airflow/dags/hello_world.py
[2026-04-02T09:11:43.939+0000] {processor.py:925} INFO - DAG(s) 'hello_world' retrieved from /opt/airflow/dags/hello_world.py
[2026-04-02T09:11:43.959+0000] {logging_mixin.py:190} INFO - [2026-04-02T09:11:43.959+0000] {dag.py:3239} INFO - Sync 1 DAGs
[2026-04-02T09:11:43.976+0000] {logging_mixin.py:190} INFO - [2026-04-02T09:11:43.976+0000] {dag.py:4180} INFO - Setting next_dagrun for hello_world to 2026-04-02 00:00:00+00:00, run_after=2026-04-03 00:00:00+00:00
[2026-04-02T09:11:43.991+0000] {processor.py:208} INFO - Processing /opt/airflow/dags/hello_world.py took 0.068 seconds
[2026-04-02T09:12:14.171+0000] {processor.py:186} INFO - Started process (PID=1220) to work on /opt/airflow/dags/hello_world.py
[2026-04-02T09:12:14.172+0000] {processor.py:914} INFO - Processing file /opt/airflow/dags/hello_world.py for tasks to queue
[2026-04-02T09:12:14.173+0000] {logging_mixin.py:190} INFO - [2026-04-02T09:12:14.173+0000] {dagbag.py:588} INFO - Filling up the DagBag from /opt/airflow/dags/hello_world.py
[2026-04-02T09:12:14.182+0000] {processor.py:925} INFO - DAG(s) 'hello_world' retrieved from /opt/airflow/dags/hello_world.py
[2026-04-02T09:12:14.202+0000] {logging_mixin.py:190} INFO - [2026-04-02T09:12:14.202+0000] {dag.py:3239} INFO - Sync 1 DAGs
[2026-04-02T09:12:14.219+0000] {logging_mixin.py:190} INFO - [2026-04-02T09:12:14.219+0000] {dag.py:4180} INFO - Setting next_dagrun for hello_world to 2026-04-02 00:00:00+00:00, run_after=2026-04-03 00:00:00+00:00
[2026-04-02T09:12:14.232+0000] {processor.py:208} INFO - Processing /opt/airflow/dags/hello_world.py took 0.066 seconds
[2026-04-02T09:12:44.472+0000] {processor.py:186} INFO - Started process (PID=1230) to work on /opt/airflow/dags/hello_world.py
[2026-04-02T09:12:44.472+0000] {processor.py:914} INFO - Processing file /opt/airflow/dags/hello_world.py for tasks to queue
[2026-04-02T09:12:44.473+0000] {logging_mixin.py:190} INFO - [2026-04-02T09:12:44.473+0000] {dagbag.py:588} INFO - Filling up the DagBag from /opt/airflow/dags/hello_world.py
[2026-04-02T09:12:44.481+0000] {processor.py:925} INFO - DAG(s) 'hello_world' retrieved from /opt/airflow/dags/hello_world.py
[2026-04-02T09:12:44.503+0000] {logging_mixin.py:190} INFO - [2026-04-02T09:12:44.503+0000] {dag.py:3239} INFO - Sync 1 DAGs
[2026-04-02T09:12:44.522+0000] {logging_mixin.py:190} INFO - [2026-04-02T09:12:44.522+0000] {dag.py:4180} INFO - Setting next_dagrun for hello_world to 2026-04-02 00:00:00+00:00, run_after=2026-04-03 00:00:00+00:00
[2026-04-02T09:12:44.667+0000] {processor.py:208} INFO - Processing /opt/airflow/dags/hello_world.py took 0.200 seconds
[2026-04-02T09:13:14.762+0000] {processor.py:186} INFO - Started process (PID=1240) to work on /opt/airflow/dags/hello_world.py
[2026-04-02T09:13:14.763+0000] {processor.py:914} INFO - Processing file /opt/airflow/dags/hello_world.py for tasks to queue
[2026-04-02T09:13:14.765+0000] {logging_mixin.py:190} INFO - [2026-04-02T09:13:14.765+0000] {dagbag.py:588} INFO - Filling up the DagBag from /opt/airflow/dags/hello_world.py
[2026-04-02T09:13:14.774+0000] {processor.py:925} INFO - DAG(s) 'hello_world' retrieved from /opt/airflow/dags/hello_world.py
[2026-04-02T09:13:14.795+0000] {logging_mixin.py:190} INFO - [2026-04-02T09:13:14.795+0000] {dag.py:3239} INFO - Sync 1 DAGs
[2026-04-02T09:13:14.813+0000] {logging_mixin.py:190} INFO - [2026-04-02T09:13:14.813+0000] {dag.py:4180} INFO - Setting next_dagrun for hello_world to 2026-04-02 00:00:00+00:00, run_after=2026-04-03 00:00:00+00:00
[2026-04-02T09:13:14.828+0000] {processor.py:208} INFO - Processing /opt/airflow/dags/hello_world.py took 0.071 seconds
[2026-04-02T09:13:45.067+0000] {processor.py:186} INFO - Started process (PID=1250) to work on /opt/airflow/dags/hello_world.py
[2026-04-02T09:13:45.067+0000] {processor.py:914} INFO - Processing file /opt/airflow/dags/hello_world.py for tasks to queue
[2026-04-02T09:13:45.069+0000] {logging_mixin.py:190} INFO - [2026-04-02T09:13:45.069+0000] {dagbag.py:588} INFO - Filling up the DagBag from /opt/airflow/dags/hello_world.py
[2026-04-02T09:13:45.078+0000] {processor.py:925} INFO - DAG(s) 'hello_world' retrieved from /opt/airflow/dags/hello_world.py
[2026-04-02T09:13:45.100+0000] {logging_mixin.py:190} INFO - [2026-04-02T09:13:45.100+0000] {dag.py:3239} INFO - Sync 1 DAGs
[2026-04-02T09:13:45.119+0000] {logging_mixin.py:190} INFO - [2026-04-02T09:13:45.119+0000] {dag.py:4180} INFO - Setting next_dagrun for hello_world to 2026-04-02 00:00:00+00:00, run_after=2026-04-03 00:00:00+00:00
[2026-04-02T09:13:45.133+0000] {processor.py:208} INFO - Processing /opt/airflow/dags/hello_world.py took 0.070 seconds
[2026-04-02T09:14:15.331+0000] {processor.py:186} INFO - Started process (PID=1260) to work on /opt/airflow/dags/hello_world.py
[2026-04-02T09:14:15.349+0000] {processor.py:914} INFO - Processing file /opt/airflow/dags/hello_world.py for tasks to queue
[2026-04-02T09:14:15.350+0000] {logging_mixin.py:190} INFO - [2026-04-02T09:14:15.350+0000] {dagbag.py:588} INFO - Filling up the DagBag from /opt/airflow/dags/hello_world.py
[2026-04-02T09:14:15.358+0000] {processor.py:925} INFO - DAG(s) 'hello_world' retrieved from /opt/airflow/dags/hello_world.py
[2026-04-02T09:14:15.380+0000] {logging_mixin.py:190} INFO - [2026-04-02T09:14:15.380+0000] {dag.py:3239} INFO - Sync 1 DAGs
[2026-04-02T09:14:15.402+0000] {logging_mixin.py:190} INFO - [2026-04-02T09:14:15.402+0000] {dag.py:4180} INFO - Setting next_dagrun for hello_world to 2026-04-02 00:00:00+00:00, run_after=2026-04-03 00:00:00+00:00
[2026-04-02T09:14:15.419+0000] {processor.py:208} INFO - Processing /opt/airflow/dags/hello_world.py took 0.092 seconds
[2026-04-02T09:14:45.624+0000] {processor.py:186} INFO - Started process (PID=1270) to work on /opt/airflow/dags/hello_world.py
[2026-04-02T09:14:45.624+0000] {processor.py:914} INFO - Processing file /opt/airflow/dags/hello_world.py for tasks to queue
[2026-04-02T09:14:45.626+0000] {logging_mixin.py:190} INFO - [2026-04-02T09:14:45.625+0000] {dagbag.py:588} INFO - Filling up the DagBag from /opt/airflow/dags/hello_world.py
[2026-04-02T09:14:45.634+0000] {processor.py:925} INFO - DAG(s) 'hello_world' retrieved from /opt/airflow/dags/hello_world.py
[2026-04-02T09:14:45.657+0000] {logging_mixin.py:190} INFO - [2026-04-02T09:14:45.657+0000] {dag.py:3239} INFO - Sync 1 DAGs
[2026-04-02T09:14:45.677+0000] {logging_mixin.py:190} INFO - [2026-04-02T09:14:45.676+0000] {dag.py:4180} INFO - Setting next_dagrun for hello_world to 2026-04-02 00:00:00+00:00, run_after=2026-04-03 00:00:00+00:00
[2026-04-02T09:14:45.825+0000] {processor.py:208} INFO - Processing /opt/airflow/dags/hello_world.py took 0.206 seconds
[2026-04-02T09:15:15.890+0000] {processor.py:186} INFO - Started process (PID=1280) to work on /opt/airflow/dags/hello_world.py
[2026-04-02T09:15:15.891+0000] {processor.py:914} INFO - Processing file /opt/airflow/dags/hello_world.py for tasks to queue
[2026-04-02T09:15:15.893+0000] {logging_mixin.py:190} INFO - [2026-04-02T09:15:15.892+0000] {dagbag.py:588} INFO - Filling up the DagBag from /opt/airflow/dags/hello_world.py
[2026-04-02T09:15:15.902+0000] {processor.py:925} INFO - DAG(s) 'hello_world' retrieved from /opt/airflow/dags/hello_world.py
[2026-04-02T09:15:15.925+0000] {logging_mixin.py:190} INFO - [2026-04-02T09:15:15.925+0000] {dag.py:3239} INFO - Sync 1 DAGs
[2026-04-02T09:15:15.943+0000] {logging_mixin.py:190} INFO - [2026-04-02T09:15:15.943+0000] {dag.py:4180} INFO - Setting next_dagrun for hello_world to 2026-04-02 00:00:00+00:00, run_after=2026-04-03 00:00:00+00:00
[2026-04-02T09:15:15.957+0000] {processor.py:208} INFO - Processing /opt/airflow/dags/hello_world.py took 0.072 seconds
[2026-04-02T09:15:46.153+0000] {processor.py:186} INFO - Started process (PID=1290) to work on /opt/airflow/dags/hello_world.py
[2026-04-02T09:15:46.153+0000] {processor.py:914} INFO - Processing file /opt/airflow/dags/hello_world.py for tasks to queue
[2026-04-02T09:15:46.155+0000] {logging_mixin.py:190} INFO - [2026-04-02T09:15:46.155+0000] {dagbag.py:588} INFO - Filling up the DagBag from /opt/airflow/dags/hello_world.py
[2026-04-02T09:15:46.164+0000] {processor.py:925} INFO - DAG(s) 'hello_world' retrieved from /opt/airflow/dags/hello_world.py
[2026-04-02T09:15:46.187+0000] {logging_mixin.py:190} INFO - [2026-04-02T09:15:46.187+0000] {dag.py:3239} INFO - Sync 1 DAGs
[2026-04-02T09:15:46.206+0000] {logging_mixin.py:190} INFO - [2026-04-02T09:15:46.206+0000] {dag.py:4180} INFO - Setting next_dagrun for hello_world to 2026-04-02 00:00:00+00:00, run_after=2026-04-03 00:00:00+00:00
[2026-04-02T09:15:46.226+0000] {processor.py:208} INFO - Processing /opt/airflow/dags/hello_world.py took 0.077 seconds
[2026-04-02T09:16:16.419+0000] {processor.py:186} INFO - Started process (PID=1300) to work on /opt/airflow/dags/hello_world.py
[2026-04-02T09:16:16.420+0000] {processor.py:914} INFO - Processing file /opt/airflow/dags/hello_world.py for tasks to queue
[2026-04-02T09:16:16.421+0000] {logging_mixin.py:190} INFO - [2026-04-02T09:16:16.421+0000] {dagbag.py:588} INFO - Filling up the DagBag from /opt/airflow/dags/hello_world.py
[2026-04-02T09:16:16.430+0000] {processor.py:925} INFO - DAG(s) 'hello_world' retrieved from /opt/airflow/dags/hello_world.py
[2026-04-02T09:16:16.449+0000] {logging_mixin.py:190} INFO - [2026-04-02T09:16:16.449+0000] {dag.py:3239} INFO - Sync 1 DAGs
[2026-04-02T09:16:16.465+0000] {logging_mixin.py:190} INFO - [2026-04-02T09:16:16.465+0000] {dag.py:4180} INFO - Setting next_dagrun for hello_world to 2026-04-02 00:00:00+00:00, run_after=2026-04-03 00:00:00+00:00
[2026-04-02T09:16:16.478+0000] {processor.py:208} INFO - Processing /opt/airflow/dags/hello_world.py took 0.064 seconds
[2026-04-02T09:16:46.673+0000] {processor.py:186} INFO - Started process (PID=1310) to work on /opt/airflow/dags/hello_world.py
[2026-04-02T09:16:46.674+0000] {processor.py:914} INFO - Processing file /opt/airflow/dags/hello_world.py for tasks to queue
[2026-04-02T09:16:46.675+0000] {logging_mixin.py:190} INFO - [2026-04-02T09:16:46.675+0000] {dagbag.py:588} INFO - Filling up the DagBag from /opt/airflow/dags/hello_world.py
[2026-04-02T09:16:46.683+0000] {processor.py:925} INFO - DAG(s) 'hello_world' retrieved from /opt/airflow/dags/hello_world.py
[2026-04-02T09:16:46.706+0000] {logging_mixin.py:190} INFO - [2026-04-02T09:16:46.706+0000] {dag.py:3239} INFO - Sync 1 DAGs
[2026-04-02T09:16:46.724+0000] {logging_mixin.py:190} INFO - [2026-04-02T09:16:46.724+0000] {dag.py:4180} INFO - Setting next_dagrun for hello_world to 2026-04-02 00:00:00+00:00, run_after=2026-04-03 00:00:00+00:00
[2026-04-02T09:16:46.870+0000] {processor.py:208} INFO - Processing /opt/airflow/dags/hello_world.py took 0.201 seconds
[2026-04-02T09:17:16.916+0000] {processor.py:186} INFO - Started process (PID=1320) to work on /opt/airflow/dags/hello_world.py
[2026-04-02T09:17:16.917+0000] {processor.py:914} INFO - Processing file /opt/airflow/dags/hello_world.py for tasks to queue
[2026-04-02T09:17:16.919+0000] {logging_mixin.py:190} INFO - [2026-04-02T09:17:16.918+0000] {dagbag.py:588} INFO - Filling up the DagBag from /opt/airflow/dags/hello_world.py
[2026-04-02T09:17:16.928+0000] {processor.py:925} INFO - DAG(s) 'hello_world' retrieved from /opt/airflow/dags/hello_world.py
[2026-04-02T09:17:16.952+0000] {logging_mixin.py:190} INFO - [2026-04-02T09:17:16.952+0000] {dag.py:3239} INFO - Sync 1 DAGs
[2026-04-02T09:17:16.971+0000] {logging_mixin.py:190} INFO - [2026-04-02T09:17:16.971+0000] {dag.py:4180} INFO - Setting next_dagrun for hello_world to 2026-04-02 00:00:00+00:00, run_after=2026-04-03 00:00:00+00:00
[2026-04-02T09:17:16.984+0000] {processor.py:208} INFO - Processing /opt/airflow/dags/hello_world.py took 0.072 seconds
[2026-04-02T09:17:47.167+0000] {processor.py:186} INFO - Started process (PID=1330) to work on /opt/airflow/dags/hello_world.py
[2026-04-02T09:17:47.168+0000] {processor.py:914} INFO - Processing file /opt/airflow/dags/hello_world.py for tasks to queue
[2026-04-02T09:17:47.169+0000] {logging_mixin.py:190} INFO - [2026-04-02T09:17:47.169+0000] {dagbag.py:588} INFO - Filling up the DagBag from /opt/airflow/dags/hello_world.py
[2026-04-02T09:17:47.179+0000] {processor.py:925} INFO - DAG(s) 'hello_world' retrieved from /opt/airflow/dags/hello_world.py
[2026-04-02T09:17:47.202+0000] {logging_mixin.py:190} INFO - [2026-04-02T09:17:47.201+0000] {dag.py:3239} INFO - Sync 1 DAGs
[2026-04-02T09:17:47.219+0000] {logging_mixin.py:190} INFO - [2026-04-02T09:17:47.219+0000] {dag.py:4180} INFO - Setting next_dagrun for hello_world to 2026-04-02 00:00:00+00:00, run_after=2026-04-03 00:00:00+00:00
[2026-04-02T09:17:47.233+0000] {processor.py:208} INFO - Processing /opt/airflow/dags/hello_world.py took 0.070 seconds
[2026-04-02T09:18:17.421+0000] {processor.py:186} INFO - Started process (PID=1340) to work on /opt/airflow/dags/hello_world.py
[2026-04-02T09:18:17.422+0000] {processor.py:914} INFO - Processing file /opt/airflow/dags/hello_world.py for tasks to queue
[2026-04-02T09:18:17.423+0000] {logging_mixin.py:190} INFO - [2026-04-02T09:18:17.423+0000] {dagbag.py:588} INFO - Filling up the DagBag from /opt/airflow/dags/hello_world.py
[2026-04-02T09:18:17.431+0000] {processor.py:925} INFO - DAG(s) 'hello_world' retrieved from /opt/airflow/dags/hello_world.py
[2026-04-02T09:18:17.453+0000] {logging_mixin.py:190} INFO - [2026-04-02T09:18:17.453+0000] {dag.py:3239} INFO - Sync 1 DAGs
[2026-04-02T09:18:17.471+0000] {logging_mixin.py:190} INFO - [2026-04-02T09:18:17.470+0000] {dag.py:4180} INFO - Setting next_dagrun for hello_world to 2026-04-02 00:00:00+00:00, run_after=2026-04-03 00:00:00+00:00
[2026-04-02T09:18:17.483+0000] {processor.py:208} INFO - Processing /opt/airflow/dags/hello_world.py took 0.066 seconds
[2026-04-02T09:18:47.670+0000] {processor.py:186} INFO - Started process (PID=1350) to work on /opt/airflow/dags/hello_world.py
[2026-04-02T09:18:47.670+0000] {processor.py:914} INFO - Processing file /opt/airflow/dags/hello_world.py for tasks to queue
[2026-04-02T09:18:47.672+0000] {logging_mixin.py:190} INFO - [2026-04-02T09:18:47.671+0000] {dagbag.py:588} INFO - Filling up the DagBag from /opt/airflow/dags/hello_world.py
[2026-04-02T09:18:47.681+0000] {processor.py:925} INFO - DAG(s) 'hello_world' retrieved from /opt/airflow/dags/hello_world.py
[2026-04-02T09:18:47.705+0000] {logging_mixin.py:190} INFO - [2026-04-02T09:18:47.705+0000] {dag.py:3239} INFO - Sync 1 DAGs
[2026-04-02T09:18:47.724+0000] {logging_mixin.py:190} INFO - [2026-04-02T09:18:47.724+0000] {dag.py:4180} INFO - Setting next_dagrun for hello_world to 2026-04-02 00:00:00+00:00, run_after=2026-04-03 00:00:00+00:00
[2026-04-02T09:18:47.868+0000] {processor.py:208} INFO - Processing /opt/airflow/dags/hello_world.py took 0.203 seconds
[2026-04-02T09:19:18.042+0000] {processor.py:186} INFO - Started process (PID=1360) to work on /opt/airflow/dags/hello_world.py
[2026-04-02T09:19:18.043+0000] {processor.py:914} INFO - Processing file /opt/airflow/dags/hello_world.py for tasks to queue
[2026-04-02T09:19:18.045+0000] {logging_mixin.py:190} INFO - [2026-04-02T09:19:18.044+0000] {dagbag.py:588} INFO - Filling up the DagBag from /opt/airflow/dags/hello_world.py
[2026-04-02T09:19:18.052+0000] {processor.py:925} INFO - DAG(s) 'hello_world' retrieved from /opt/airflow/dags/hello_world.py
[2026-04-02T09:19:18.072+0000] {logging_mixin.py:190} INFO - [2026-04-02T09:19:18.072+0000] {dag.py:3239} INFO - Sync 1 DAGs
[2026-04-02T09:19:18.088+0000] {logging_mixin.py:190} INFO - [2026-04-02T09:19:18.088+0000] {dag.py:4180} INFO - Setting next_dagrun for hello_world to 2026-04-02 00:00:00+00:00, run_after=2026-04-03 00:00:00+00:00
[2026-04-02T09:19:18.103+0000] {processor.py:208} INFO - Processing /opt/airflow/dags/hello_world.py took 0.065 seconds
[2026-04-02T09:19:48.285+0000] {processor.py:186} INFO - Started process (PID=1370) to work on /opt/airflow/dags/hello_world.py
[2026-04-02T09:19:48.286+0000] {processor.py:914} INFO - Processing file /opt/airflow/dags/hello_world.py for tasks to queue
[2026-04-02T09:19:48.288+0000] {logging_mixin.py:190} INFO - [2026-04-02T09:19:48.288+0000] {dagbag.py:588} INFO - Filling up the DagBag from /opt/airflow/dags/hello_world.py
[2026-04-02T09:19:48.298+0000] {processor.py:925} INFO - DAG(s) 'hello_world' retrieved from /opt/airflow/dags/hello_world.py
[2026-04-02T09:19:48.322+0000] {logging_mixin.py:190} INFO - [2026-04-02T09:19:48.322+0000] {dag.py:3239} INFO - Sync 1 DAGs
[2026-04-02T09:19:48.340+0000] {logging_mixin.py:190} INFO - [2026-04-02T09:19:48.339+0000] {dag.py:4180} INFO - Setting next_dagrun for hello_world to 2026-04-02 00:00:00+00:00, run_after=2026-04-03 00:00:00+00:00
[2026-04-02T09:19:48.352+0000] {processor.py:208} INFO - Processing /opt/airflow/dags/hello_world.py took 0.072 seconds
[2026-04-02T09:20:18.570+0000] {processor.py:186} INFO - Started process (PID=1380) to work on /opt/airflow/dags/hello_world.py
[2026-04-02T09:20:18.571+0000] {processor.py:914} INFO - Processing file /opt/airflow/dags/hello_world.py for tasks to queue
[2026-04-02T09:20:18.573+0000] {logging_mixin.py:190} INFO - [2026-04-02T09:20:18.572+0000] {dagbag.py:588} INFO - Filling up the DagBag from /opt/airflow/dags/hello_world.py
[2026-04-02T09:20:18.582+0000] {processor.py:925} INFO - DAG(s) 'hello_world' retrieved from /opt/airflow/dags/hello_world.py
[2026-04-02T09:20:18.610+0000] {logging_mixin.py:190} INFO - [2026-04-02T09:20:18.610+0000] {dag.py:3239} INFO - Sync 1 DAGs
[2026-04-02T09:20:18.630+0000] {logging_mixin.py:190} INFO - [2026-04-02T09:20:18.629+0000] {dag.py:4180} INFO - Setting next_dagrun for hello_world to 2026-04-02 00:00:00+00:00, run_after=2026-04-03 00:00:00+00:00
[2026-04-02T09:20:18.648+0000] {processor.py:208} INFO - Processing /opt/airflow/dags/hello_world.py took 0.082 seconds
[2026-04-02T09:20:48.861+0000] {processor.py:186} INFO - Started process (PID=1390) to work on /opt/airflow/dags/hello_world.py
[2026-04-02T09:20:48.862+0000] {processor.py:914} INFO - Processing file /opt/airflow/dags/hello_world.py for tasks to queue
[2026-04-02T09:20:48.863+0000] {logging_mixin.py:190} INFO - [2026-04-02T09:20:48.863+0000] {dagbag.py:588} INFO - Filling up the DagBag from /opt/airflow/dags/hello_world.py
[2026-04-02T09:20:48.873+0000] {processor.py:925} INFO - DAG(s) 'hello_world' retrieved from /opt/airflow/dags/hello_world.py
[2026-04-02T09:20:48.892+0000] {logging_mixin.py:190} INFO - [2026-04-02T09:20:48.892+0000] {dag.py:3239} INFO - Sync 1 DAGs
[2026-04-02T09:20:48.909+0000] {logging_mixin.py:190} INFO - [2026-04-02T09:20:48.909+0000] {dag.py:4180} INFO - Setting next_dagrun for hello_world to 2026-04-02 00:00:00+00:00, run_after=2026-04-03 00:00:00+00:00
[2026-04-02T09:20:49.059+0000] {processor.py:208} INFO - Processing /opt/airflow/dags/hello_world.py took 0.202 seconds
[2026-04-02T09:21:19.134+0000] {processor.py:186} INFO - Started process (PID=1400) to work on /opt/airflow/dags/hello_world.py
[2026-04-02T09:21:19.135+0000] {processor.py:914} INFO - Processing file /opt/airflow/dags/hello_world.py for tasks to queue
[2026-04-02T09:21:19.136+0000] {logging_mixin.py:190} INFO - [2026-04-02T09:21:19.136+0000] {dagbag.py:588} INFO - Filling up the DagBag from /opt/airflow/dags/hello_world.py
[2026-04-02T09:21:19.144+0000] {processor.py:925} INFO - DAG(s) 'hello_world' retrieved from /opt/airflow/dags/hello_world.py
[2026-04-02T09:21:19.164+0000] {logging_mixin.py:190} INFO - [2026-04-02T09:21:19.164+0000] {dag.py:3239} INFO - Sync 1 DAGs
[2026-04-02T09:21:19.182+0000] {logging_mixin.py:190} INFO - [2026-04-02T09:21:19.182+0000] {dag.py:4180} INFO - Setting next_dagrun for hello_world to 2026-04-02 00:00:00+00:00, run_after=2026-04-03 00:00:00+00:00
[2026-04-02T09:21:19.196+0000] {processor.py:208} INFO - Processing /opt/airflow/dags/hello_world.py took 0.067 seconds
[2026-04-02T09:21:49.388+0000] {processor.py:186} INFO - Started process (PID=1410) to work on /opt/airflow/dags/hello_world.py
[2026-04-02T09:21:49.389+0000] {processor.py:914} INFO - Processing file /opt/airflow/dags/hello_world.py for tasks to queue
[2026-04-02T09:21:49.390+0000] {logging_mixin.py:190} INFO - [2026-04-02T09:21:49.390+0000] {dagbag.py:588} INFO - Filling up the DagBag from /opt/airflow/dags/hello_world.py
[2026-04-02T09:21:49.401+0000] {processor.py:925} INFO - DAG(s) 'hello_world' retrieved from /opt/airflow/dags/hello_world.py
[2026-04-02T09:21:49.424+0000] {logging_mixin.py:190} INFO - [2026-04-02T09:21:49.424+0000] {dag.py:3239} INFO - Sync 1 DAGs
[2026-04-02T09:21:49.443+0000] {logging_mixin.py:190} INFO - [2026-04-02T09:21:49.442+0000] {dag.py:4180} INFO - Setting next_dagrun for hello_world to 2026-04-02 00:00:00+00:00, run_after=2026-04-03 00:00:00+00:00
[2026-04-02T09:21:49.459+0000] {processor.py:208} INFO - Processing /opt/airflow/dags/hello_world.py took 0.076 seconds
[2026-04-02T09:22:19.686+0000] {processor.py:186} INFO - Started process (PID=1420) to work on /opt/airflow/dags/hello_world.py
[2026-04-02T09:22:19.704+0000] {processor.py:914} INFO - Processing file /opt/airflow/dags/hello_world.py for tasks to queue
[2026-04-02T09:22:19.706+0000] {logging_mixin.py:190} INFO - [2026-04-02T09:22:19.706+0000] {dagbag.py:588} INFO - Filling up the DagBag from /opt/airflow/dags/hello_world.py
[2026-04-02T09:22:19.714+0000] {processor.py:925} INFO - DAG(s) 'hello_world' retrieved from /opt/airflow/dags/hello_world.py
[2026-04-02T09:22:19.734+0000] {logging_mixin.py:190} INFO - [2026-04-02T09:22:19.734+0000] {dag.py:3239} INFO - Sync 1 DAGs
[2026-04-02T09:22:19.753+0000] {logging_mixin.py:190} INFO - [2026-04-02T09:22:19.753+0000] {dag.py:4180} INFO - Setting next_dagrun for hello_world to 2026-04-02 00:00:00+00:00, run_after=2026-04-03 00:00:00+00:00
[2026-04-02T09:22:19.769+0000] {processor.py:208} INFO - Processing /opt/airflow/dags/hello_world.py took 0.087 seconds
[2026-04-02T09:22:49.941+0000] {processor.py:186} INFO - Started process (PID=1430) to work on /opt/airflow/dags/hello_world.py
[2026-04-02T09:22:49.941+0000] {processor.py:914} INFO - Processing file /opt/airflow/dags/hello_world.py for tasks to queue
[2026-04-02T09:22:49.943+0000] {logging_mixin.py:190} INFO - [2026-04-02T09:22:49.942+0000] {dagbag.py:588} INFO - Filling up the DagBag from /opt/airflow/dags/hello_world.py
[2026-04-02T09:22:49.952+0000] {processor.py:925} INFO - DAG(s) 'hello_world' retrieved from /opt/airflow/dags/hello_world.py
[2026-04-02T09:22:49.972+0000] {logging_mixin.py:190} INFO - [2026-04-02T09:22:49.972+0000] {dag.py:3239} INFO - Sync 1 DAGs
[2026-04-02T09:22:49.989+0000] {logging_mixin.py:190} INFO - [2026-04-02T09:22:49.989+0000] {dag.py:4180} INFO - Setting next_dagrun for hello_world to 2026-04-02 00:00:00+00:00, run_after=2026-04-03 00:00:00+00:00
[2026-04-02T09:22:50.136+0000] {processor.py:208} INFO - Processing /opt/airflow/dags/hello_world.py took 0.200 seconds
[2026-04-02T09:23:20.213+0000] {processor.py:186} INFO - Started process (PID=1440) to work on /opt/airflow/dags/hello_world.py
[2026-04-02T09:23:20.214+0000] {processor.py:914} INFO - Processing file /opt/airflow/dags/hello_world.py for tasks to queue
[2026-04-02T09:23:20.215+0000] {logging_mixin.py:190} INFO - [2026-04-02T09:23:20.215+0000] {dagbag.py:588} INFO - Filling up the DagBag from /opt/airflow/dags/hello_world.py
[2026-04-02T09:23:20.224+0000] {processor.py:925} INFO - DAG(s) 'hello_world' retrieved from /opt/airflow/dags/hello_world.py
[2026-04-02T09:23:20.244+0000] {logging_mixin.py:190} INFO - [2026-04-02T09:23:20.244+0000] {dag.py:3239} INFO - Sync 1 DAGs
[2026-04-02T09:23:20.261+0000] {logging_mixin.py:190} INFO - [2026-04-02T09:23:20.260+0000] {dag.py:4180} INFO - Setting next_dagrun for hello_world to 2026-04-02 00:00:00+00:00, run_after=2026-04-03 00:00:00+00:00
[2026-04-02T09:23:20.274+0000] {processor.py:208} INFO - Processing /opt/airflow/dags/hello_world.py took 0.066 seconds
[2026-04-02T09:23:50.468+0000] {processor.py:186} INFO - Started process (PID=1450) to work on /opt/airflow/dags/hello_world.py
[2026-04-02T09:23:50.469+0000] {processor.py:914} INFO - Processing file /opt/airflow/dags/hello_world.py for tasks to queue
[2026-04-02T09:23:50.470+0000] {logging_mixin.py:190} INFO - [2026-04-02T09:23:50.470+0000] {dagbag.py:588} INFO - Filling up the DagBag from /opt/airflow/dags/hello_world.py
[2026-04-02T09:23:50.478+0000] {processor.py:925} INFO - DAG(s) 'hello_world' retrieved from /opt/airflow/dags/hello_world.py
[2026-04-02T09:23:50.497+0000] {logging_mixin.py:190} INFO - [2026-04-02T09:23:50.497+0000] {dag.py:3239} INFO - Sync 1 DAGs
[2026-04-02T09:23:50.514+0000] {logging_mixin.py:190} INFO - [2026-04-02T09:23:50.514+0000] {dag.py:4180} INFO - Setting next_dagrun for hello_world to 2026-04-02 00:00:00+00:00, run_after=2026-04-03 00:00:00+00:00
[2026-04-02T09:23:50.527+0000] {processor.py:208} INFO - Processing /opt/airflow/dags/hello_world.py took 0.063 seconds
[2026-04-02T09:24:20.710+0000] {processor.py:186} INFO - Started process (PID=1460) to work on /opt/airflow/dags/hello_world.py
[2026-04-02T09:24:20.711+0000] {processor.py:914} INFO - Processing file /opt/airflow/dags/hello_world.py for tasks to queue
[2026-04-02T09:24:20.713+0000] {logging_mixin.py:190} INFO - [2026-04-02T09:24:20.713+0000] {dagbag.py:588} INFO - Filling up the DagBag from /opt/airflow/dags/hello_world.py
[2026-04-02T09:24:20.722+0000] {processor.py:925} INFO - DAG(s) 'hello_world' retrieved from /opt/airflow/dags/hello_world.py
[2026-04-02T09:24:20.747+0000] {logging_mixin.py:190} INFO - [2026-04-02T09:24:20.747+0000] {dag.py:3239} INFO - Sync 1 DAGs
[2026-04-02T09:24:20.771+0000] {logging_mixin.py:190} INFO - [2026-04-02T09:24:20.770+0000] {dag.py:4180} INFO - Setting next_dagrun for hello_world to 2026-04-02 00:00:00+00:00, run_after=2026-04-03 00:00:00+00:00
[2026-04-02T09:24:20.786+0000] {processor.py:208} INFO - Processing /opt/airflow/dags/hello_world.py took 0.080 seconds
[2026-04-02T09:24:50.991+0000] {processor.py:186} INFO - Started process (PID=1470) to work on /opt/airflow/dags/hello_world.py
[2026-04-02T09:24:50.992+0000] {processor.py:914} INFO - Processing file /opt/airflow/dags/hello_world.py for tasks to queue
[2026-04-02T09:24:50.993+0000] {logging_mixin.py:190} INFO - [2026-04-02T09:24:50.993+0000] {dagbag.py:588} INFO - Filling up the DagBag from /opt/airflow/dags/hello_world.py
[2026-04-02T09:24:51.001+0000] {processor.py:925} INFO - DAG(s) 'hello_world' retrieved from /opt/airflow/dags/hello_world.py
[2026-04-02T09:24:51.022+0000] {logging_mixin.py:190} INFO - [2026-04-02T09:24:51.022+0000] {dag.py:3239} INFO - Sync 1 DAGs
[2026-04-02T09:24:51.041+0000] {logging_mixin.py:190} INFO - [2026-04-02T09:24:51.041+0000] {dag.py:4180} INFO - Setting next_dagrun for hello_world to 2026-04-02 00:00:00+00:00, run_after=2026-04-03 00:00:00+00:00
[2026-04-02T09:24:51.190+0000] {processor.py:208} INFO - Processing /opt/airflow/dags/hello_world.py took 0.203 seconds
[2026-04-02T09:25:21.292+0000] {processor.py:186} INFO - Started process (PID=1480) to work on /opt/airflow/dags/hello_world.py
[2026-04-02T09:25:21.293+0000] {processor.py:914} INFO - Processing file /opt/airflow/dags/hello_world.py for tasks to queue
[2026-04-02T09:25:21.294+0000] {logging_mixin.py:190} INFO - [2026-04-02T09:25:21.294+0000] {dagbag.py:588} INFO - Filling up the DagBag from /opt/airflow/dags/hello_world.py
[2026-04-02T09:25:21.309+0000] {processor.py:925} INFO - DAG(s) 'hello_world' retrieved from /opt/airflow/dags/hello_world.py
[2026-04-02T09:25:21.337+0000] {logging_mixin.py:190} INFO - [2026-04-02T09:25:21.337+0000] {dag.py:3239} INFO - Sync 1 DAGs
[2026-04-02T09:25:21.354+0000] {logging_mixin.py:190} INFO - [2026-04-02T09:25:21.353+0000] {dag.py:4180} INFO - Setting next_dagrun for hello_world to 2026-04-02 00:00:00+00:00, run_after=2026-04-03 00:00:00+00:00
[2026-04-02T09:25:21.367+0000] {processor.py:208} INFO - Processing /opt/airflow/dags/hello_world.py took 0.080 seconds
[2026-04-02T09:25:51.575+0000] {processor.py:186} INFO - Started process (PID=1490) to work on /opt/airflow/dags/hello_world.py
[2026-04-02T09:25:51.576+0000] {processor.py:914} INFO - Processing file /opt/airflow/dags/hello_world.py for tasks to queue
[2026-04-02T09:25:51.577+0000] {logging_mixin.py:190} INFO - [2026-04-02T09:25:51.577+0000] {dagbag.py:588} INFO - Filling up the DagBag from /opt/airflow/dags/hello_world.py
[2026-04-02T09:25:51.586+0000] {processor.py:925} INFO - DAG(s) 'hello_world' retrieved from /opt/airflow/dags/hello_world.py
[2026-04-02T09:25:51.608+0000] {logging_mixin.py:190} INFO - [2026-04-02T09:25:51.608+0000] {dag.py:3239} INFO - Sync 1 DAGs
[2026-04-02T09:25:51.627+0000] {logging_mixin.py:190} INFO - [2026-04-02T09:25:51.626+0000] {dag.py:4180} INFO - Setting next_dagrun for hello_world to 2026-04-02 00:00:00+00:00, run_after=2026-04-03 00:00:00+00:00
[2026-04-02T09:25:51.640+0000] {processor.py:208} INFO - Processing /opt/airflow/dags/hello_world.py took 0.070 seconds
[2026-04-02T09:26:21.873+0000] {processor.py:186} INFO - Started process (PID=1500) to work on /opt/airflow/dags/hello_world.py
[2026-04-02T09:26:21.874+0000] {processor.py:914} INFO - Processing file /opt/airflow/dags/hello_world.py for tasks to queue
[2026-04-02T09:26:21.876+0000] {logging_mixin.py:190} INFO - [2026-04-02T09:26:21.876+0000] {dagbag.py:588} INFO - Filling up the DagBag from /opt/airflow/dags/hello_world.py
[2026-04-02T09:26:21.891+0000] {processor.py:925} INFO - DAG(s) 'hello_world' retrieved from /opt/airflow/dags/hello_world.py
[2026-04-02T09:26:21.922+0000] {logging_mixin.py:190} INFO - [2026-04-02T09:26:21.921+0000] {dag.py:3239} INFO - Sync 1 DAGs
[2026-04-02T09:26:21.939+0000] {logging_mixin.py:190} INFO - [2026-04-02T09:26:21.939+0000] {dag.py:4180} INFO - Setting next_dagrun for hello_world to 2026-04-02 00:00:00+00:00, run_after=2026-04-03 00:00:00+00:00
[2026-04-02T09:26:21.955+0000] {processor.py:208} INFO - Processing /opt/airflow/dags/hello_world.py took 0.088 seconds
[2026-04-02T09:26:52.148+0000] {processor.py:186} INFO - Started process (PID=1510) to work on /opt/airflow/dags/hello_world.py
[2026-04-02T09:26:52.149+0000] {processor.py:914} INFO - Processing file /opt/airflow/dags/hello_world.py for tasks to queue
[2026-04-02T09:26:52.150+0000] {logging_mixin.py:190} INFO - [2026-04-02T09:26:52.150+0000] {dagbag.py:588} INFO - Filling up the DagBag from /opt/airflow/dags/hello_world.py
[2026-04-02T09:26:52.159+0000] {processor.py:925} INFO - DAG(s) 'hello_world' retrieved from /opt/airflow/dags/hello_world.py
[2026-04-02T09:26:52.181+0000] {logging_mixin.py:190} INFO - [2026-04-02T09:26:52.180+0000] {dag.py:3239} INFO - Sync 1 DAGs
[2026-04-02T09:26:52.198+0000] {logging_mixin.py:190} INFO - [2026-04-02T09:26:52.198+0000] {dag.py:4180} INFO - Setting next_dagrun for hello_world to 2026-04-02 00:00:00+00:00, run_after=2026-04-03 00:00:00+00:00
[2026-04-02T09:26:52.343+0000] {processor.py:208} INFO - Processing /opt/airflow/dags/hello_world.py took 0.199 seconds
[2026-04-02T09:27:22.399+0000] {processor.py:186} INFO - Started process (PID=1520) to work on /opt/airflow/dags/hello_world.py
[2026-04-02T09:27:22.401+0000] {processor.py:914} INFO - Processing file /opt/airflow/dags/hello_world.py for tasks to queue
[2026-04-02T09:27:22.402+0000] {logging_mixin.py:190} INFO - [2026-04-02T09:27:22.402+0000] {dagbag.py:588} INFO - Filling up the DagBag from /opt/airflow/dags/hello_world.py
[2026-04-02T09:27:22.415+0000] {processor.py:925} INFO - DAG(s) 'hello_world' retrieved from /opt/airflow/dags/hello_world.py
[2026-04-02T09:27:22.441+0000] {logging_mixin.py:190} INFO - [2026-04-02T09:27:22.440+0000] {dag.py:3239} INFO - Sync 1 DAGs
[2026-04-02T09:27:22.458+0000] {logging_mixin.py:190} INFO - [2026-04-02T09:27:22.457+0000] {dag.py:4180} INFO - Setting next_dagrun for hello_world to 2026-04-02 00:00:00+00:00, run_after=2026-04-03 00:00:00+00:00
[2026-04-02T09:27:22.475+0000] {processor.py:208} INFO - Processing /opt/airflow/dags/hello_world.py took 0.080 seconds
[2026-04-02T09:27:52.687+0000] {processor.py:186} INFO - Started process (PID=1530) to work on /opt/airflow/dags/hello_world.py
[2026-04-02T09:27:52.688+0000] {processor.py:914} INFO - Processing file /opt/airflow/dags/hello_world.py for tasks to queue
[2026-04-02T09:27:52.689+0000] {logging_mixin.py:190} INFO - [2026-04-02T09:27:52.689+0000] {dagbag.py:588} INFO - Filling up the DagBag from /opt/airflow/dags/hello_world.py
[2026-04-02T09:27:52.697+0000] {processor.py:925} INFO - DAG(s) 'hello_world' retrieved from /opt/airflow/dags/hello_world.py
[2026-04-02T09:27:52.716+0000] {logging_mixin.py:190} INFO - [2026-04-02T09:27:52.716+0000] {dag.py:3239} INFO - Sync 1 DAGs
[2026-04-02T09:27:52.733+0000] {logging_mixin.py:190} INFO - [2026-04-02T09:27:52.733+0000] {dag.py:4180} INFO - Setting next_dagrun for hello_world to 2026-04-02 00:00:00+00:00, run_after=2026-04-03 00:00:00+00:00
[2026-04-02T09:27:52.748+0000] {processor.py:208} INFO - Processing /opt/airflow/dags/hello_world.py took 0.065 seconds
[2026-04-02T09:28:22.990+0000] {processor.py:186} INFO - Started process (PID=1540) to work on /opt/airflow/dags/hello_world.py
[2026-04-02T09:28:22.991+0000] {processor.py:914} INFO - Processing file /opt/airflow/dags/hello_world.py for tasks to queue
[2026-04-02T09:28:22.993+0000] {logging_mixin.py:190} INFO - [2026-04-02T09:28:22.993+0000] {dagbag.py:588} INFO - Filling up the DagBag from /opt/airflow/dags/hello_world.py
[2026-04-02T09:28:23.006+0000] {processor.py:925} INFO - DAG(s) 'hello_world' retrieved from /opt/airflow/dags/hello_world.py
[2026-04-02T09:28:23.033+0000] {logging_mixin.py:190} INFO - [2026-04-02T09:28:23.032+0000] {dag.py:3239} INFO - Sync 1 DAGs
[2026-04-02T09:28:23.051+0000] {logging_mixin.py:190} INFO - [2026-04-02T09:28:23.050+0000] {dag.py:4180} INFO - Setting next_dagrun for hello_world to 2026-04-02 00:00:00+00:00, run_after=2026-04-03 00:00:00+00:00
[2026-04-02T09:28:23.065+0000] {processor.py:208} INFO - Processing /opt/airflow/dags/hello_world.py took 0.081 seconds
[2026-04-02T09:28:53.264+0000] {processor.py:186} INFO - Started process (PID=1550) to work on /opt/airflow/dags/hello_world.py
[2026-04-02T09:28:53.264+0000] {processor.py:914} INFO - Processing file /opt/airflow/dags/hello_world.py for tasks to queue
[2026-04-02T09:28:53.265+0000] {logging_mixin.py:190} INFO - [2026-04-02T09:28:53.265+0000] {dagbag.py:588} INFO - Filling up the DagBag from /opt/airflow/dags/hello_world.py
[2026-04-02T09:28:53.275+0000] {processor.py:925} INFO - DAG(s) 'hello_world' retrieved from /opt/airflow/dags/hello_world.py
[2026-04-02T09:28:53.299+0000] {logging_mixin.py:190} INFO - [2026-04-02T09:28:53.298+0000] {dag.py:3239} INFO - Sync 1 DAGs
[2026-04-02T09:28:53.317+0000] {logging_mixin.py:190} INFO - [2026-04-02T09:28:53.317+0000] {dag.py:4180} INFO - Setting next_dagrun for hello_world to 2026-04-02 00:00:00+00:00, run_after=2026-04-03 00:00:00+00:00
[2026-04-02T09:28:53.460+0000] {processor.py:208} INFO - Processing /opt/airflow/dags/hello_world.py took 0.201 seconds
[2026-04-02T09:29:23.654+0000] {processor.py:186} INFO - Started process (PID=1560) to work on /opt/airflow/dags/hello_world.py
[2026-04-02T09:29:23.672+0000] {processor.py:914} INFO - Processing file /opt/airflow/dags/hello_world.py for tasks to queue
[2026-04-02T09:29:23.674+0000] {logging_mixin.py:190} INFO - [2026-04-02T09:29:23.674+0000] {dagbag.py:588} INFO - Filling up the DagBag from /opt/airflow/dags/hello_world.py
[2026-04-02T09:29:23.682+0000] {processor.py:925} INFO - DAG(s) 'hello_world' retrieved from /opt/airflow/dags/hello_world.py
[2026-04-02T09:29:23.702+0000] {logging_mixin.py:190} INFO - [2026-04-02T09:29:23.702+0000] {dag.py:3239} INFO - Sync 1 DAGs
[2026-04-02T09:29:23.721+0000] {logging_mixin.py:190} INFO - [2026-04-02T09:29:23.721+0000] {dag.py:4180} INFO - Setting next_dagrun for hello_world to 2026-04-02 00:00:00+00:00, run_after=2026-04-03 00:00:00+00:00
[2026-04-02T09:29:23.737+0000] {processor.py:208} INFO - Processing /opt/airflow/dags/hello_world.py took 0.087 seconds
[2026-04-02T09:29:53.877+0000] {processor.py:186} INFO - Started process (PID=1570) to work on /opt/airflow/dags/hello_world.py
[2026-04-02T09:29:53.878+0000] {processor.py:914} INFO - Processing file /opt/airflow/dags/hello_world.py for tasks to queue
[2026-04-02T09:29:53.880+0000] {logging_mixin.py:190} INFO - [2026-04-02T09:29:53.880+0000] {dagbag.py:588} INFO - Filling up the DagBag from /opt/airflow/dags/hello_world.py
[2026-04-02T09:29:53.888+0000] {processor.py:925} INFO - DAG(s) 'hello_world' retrieved from /opt/airflow/dags/hello_world.py
[2026-04-02T09:29:53.910+0000] {logging_mixin.py:190} INFO - [2026-04-02T09:29:53.910+0000] {dag.py:3239} INFO - Sync 1 DAGs
[2026-04-02T09:29:53.929+0000] {logging_mixin.py:190} INFO - [2026-04-02T09:29:53.928+0000] {dag.py:4180} INFO - Setting next_dagrun for hello_world to 2026-04-02 00:00:00+00:00, run_after=2026-04-03 00:00:00+00:00
[2026-04-02T09:29:53.943+0000] {processor.py:208} INFO - Processing /opt/airflow/dags/hello_world.py took 0.070 seconds
[2026-04-02T09:30:24.155+0000] {processor.py:186} INFO - Started process (PID=1580) to work on /opt/airflow/dags/hello_world.py
[2026-04-02T09:30:24.157+0000] {processor.py:914} INFO - Processing file /opt/airflow/dags/hello_world.py for tasks to queue
[2026-04-02T09:30:24.158+0000] {logging_mixin.py:190} INFO - [2026-04-02T09:30:24.158+0000] {dagbag.py:588} INFO - Filling up the DagBag from /opt/airflow/dags/hello_world.py
[2026-04-02T09:30:24.166+0000] {processor.py:925} INFO - DAG(s) 'hello_world' retrieved from /opt/airflow/dags/hello_world.py
[2026-04-02T09:30:24.187+0000] {logging_mixin.py:190} INFO - [2026-04-02T09:30:24.187+0000] {dag.py:3239} INFO - Sync 1 DAGs
[2026-04-02T09:30:24.205+0000] {logging_mixin.py:190} INFO - [2026-04-02T09:30:24.205+0000] {dag.py:4180} INFO - Setting next_dagrun for hello_world to 2026-04-02 00:00:00+00:00, run_after=2026-04-03 00:00:00+00:00
[2026-04-02T09:30:24.218+0000] {processor.py:208} INFO - Processing /opt/airflow/dags/hello_world.py took 0.068 seconds
[2026-04-02T09:30:54.448+0000] {processor.py:186} INFO - Started process (PID=1590) to work on /opt/airflow/dags/hello_world.py
[2026-04-02T09:30:54.449+0000] {processor.py:914} INFO - Processing file /opt/airflow/dags/hello_world.py for tasks to queue
[2026-04-02T09:30:54.451+0000] {logging_mixin.py:190} INFO - [2026-04-02T09:30:54.450+0000] {dagbag.py:588} INFO - Filling up the DagBag from /opt/airflow/dags/hello_world.py
[2026-04-02T09:30:54.460+0000] {processor.py:925} INFO - DAG(s) 'hello_world' retrieved from /opt/airflow/dags/hello_world.py
[2026-04-02T09:30:54.484+0000] {logging_mixin.py:190} INFO - [2026-04-02T09:30:54.483+0000] {dag.py:3239} INFO - Sync 1 DAGs
[2026-04-02T09:30:54.505+0000] {logging_mixin.py:190} INFO - [2026-04-02T09:30:54.505+0000] {dag.py:4180} INFO - Setting next_dagrun for hello_world to 2026-04-02 00:00:00+00:00, run_after=2026-04-03 00:00:00+00:00
[2026-04-02T09:30:54.651+0000] {processor.py:208} INFO - Processing /opt/airflow/dags/hello_world.py took 0.208 seconds
[2026-04-02T09:31:24.873+0000] {processor.py:186} INFO - Started process (PID=1600) to work on /opt/airflow/dags/hello_world.py
[2026-04-02T09:31:24.874+0000] {processor.py:914} INFO - Processing file /opt/airflow/dags/hello_world.py for tasks to queue
[2026-04-02T09:31:24.876+0000] {logging_mixin.py:190} INFO - [2026-04-02T09:31:24.876+0000] {dagbag.py:588} INFO - Filling up the DagBag from /opt/airflow/dags/hello_world.py
[2026-04-02T09:31:24.885+0000] {processor.py:925} INFO - DAG(s) 'hello_world' retrieved from /opt/airflow/dags/hello_world.py
[2026-04-02T09:31:24.910+0000] {logging_mixin.py:190} INFO - [2026-04-02T09:31:24.909+0000] {dag.py:3239} INFO - Sync 1 DAGs
[2026-04-02T09:31:25.065+0000] {logging_mixin.py:190} INFO - [2026-04-02T09:31:25.064+0000] {dag.py:4180} INFO - Setting next_dagrun for hello_world to 2026-04-02 00:00:00+00:00, run_after=2026-04-03 00:00:00+00:00
[2026-04-02T09:31:25.078+0000] {processor.py:208} INFO - Processing /opt/airflow/dags/hello_world.py took 0.210 seconds
[2026-04-02T09:31:55.107+0000] {processor.py:186} INFO - Started process (PID=1610) to work on /opt/airflow/dags/hello_world.py
[2026-04-02T09:31:55.107+0000] {processor.py:914} INFO - Processing file /opt/airflow/dags/hello_world.py for tasks to queue
[2026-04-02T09:31:55.111+0000] {logging_mixin.py:190} INFO - [2026-04-02T09:31:55.110+0000] {dagbag.py:588} INFO - Filling up the DagBag from /opt/airflow/dags/hello_world.py
[2026-04-02T09:31:55.120+0000] {processor.py:925} INFO - DAG(s) 'hello_world' retrieved from /opt/airflow/dags/hello_world.py
[2026-04-02T09:31:55.146+0000] {logging_mixin.py:190} INFO - [2026-04-02T09:31:55.145+0000] {dag.py:3239} INFO - Sync 1 DAGs
[2026-04-02T09:31:55.175+0000] {logging_mixin.py:190} INFO - [2026-04-02T09:31:55.175+0000] {dag.py:4180} INFO - Setting next_dagrun for hello_world to 2026-04-02 00:00:00+00:00, run_after=2026-04-03 00:00:00+00:00
[2026-04-02T09:31:55.200+0000] {processor.py:208} INFO - Processing /opt/airflow/dags/hello_world.py took 0.098 seconds
[2026-04-02T09:32:25.386+0000] {processor.py:186} INFO - Started process (PID=1620) to work on /opt/airflow/dags/hello_world.py
[2026-04-02T09:32:25.387+0000] {processor.py:914} INFO - Processing file /opt/airflow/dags/hello_world.py for tasks to queue
[2026-04-02T09:32:25.389+0000] {logging_mixin.py:190} INFO - [2026-04-02T09:32:25.389+0000] {dagbag.py:588} INFO - Filling up the DagBag from /opt/airflow/dags/hello_world.py
[2026-04-02T09:32:25.404+0000] {processor.py:925} INFO - DAG(s) 'hello_world' retrieved from /opt/airflow/dags/hello_world.py
[2026-04-02T09:32:25.430+0000] {logging_mixin.py:190} INFO - [2026-04-02T09:32:25.430+0000] {dag.py:3239} INFO - Sync 1 DAGs
[2026-04-02T09:32:25.448+0000] {logging_mixin.py:190} INFO - [2026-04-02T09:32:25.448+0000] {dag.py:4180} INFO - Setting next_dagrun for hello_world to 2026-04-02 00:00:00+00:00, run_after=2026-04-03 00:00:00+00:00
[2026-04-02T09:32:25.463+0000] {processor.py:208} INFO - Processing /opt/airflow/dags/hello_world.py took 0.082 seconds
[2026-04-02T09:32:55.644+0000] {processor.py:186} INFO - Started process (PID=1630) to work on /opt/airflow/dags/hello_world.py
[2026-04-02T09:32:55.645+0000] {processor.py:914} INFO - Processing file /opt/airflow/dags/hello_world.py for tasks to queue
[2026-04-02T09:32:55.646+0000] {logging_mixin.py:190} INFO - [2026-04-02T09:32:55.646+0000] {dagbag.py:588} INFO - Filling up the DagBag from /opt/airflow/dags/hello_world.py
[2026-04-02T09:32:55.655+0000] {processor.py:925} INFO - DAG(s) 'hello_world' retrieved from /opt/airflow/dags/hello_world.py
[2026-04-02T09:32:55.675+0000] {logging_mixin.py:190} INFO - [2026-04-02T09:32:55.675+0000] {dag.py:3239} INFO - Sync 1 DAGs
[2026-04-02T09:32:55.693+0000] {logging_mixin.py:190} INFO - [2026-04-02T09:32:55.693+0000] {dag.py:4180} INFO - Setting next_dagrun for hello_world to 2026-04-02 00:00:00+00:00, run_after=2026-04-03 00:00:00+00:00
[2026-04-02T09:32:55.844+0000] {processor.py:208} INFO - Processing /opt/airflow/dags/hello_world.py took 0.204 seconds
[2026-04-02T09:33:26.074+0000] {processor.py:186} INFO - Started process (PID=1640) to work on /opt/airflow/dags/hello_world.py
[2026-04-02T09:33:26.075+0000] {processor.py:914} INFO - Processing file /opt/airflow/dags/hello_world.py for tasks to queue
[2026-04-02T09:33:26.076+0000] {logging_mixin.py:190} INFO - [2026-04-02T09:33:26.076+0000] {dagbag.py:588} INFO - Filling up the DagBag from /opt/airflow/dags/hello_world.py
[2026-04-02T09:33:26.086+0000] {processor.py:925} INFO - DAG(s) 'hello_world' retrieved from /opt/airflow/dags/hello_world.py
[2026-04-02T09:33:26.106+0000] {logging_mixin.py:190} INFO - [2026-04-02T09:33:26.106+0000] {dag.py:3239} INFO - Sync 1 DAGs
[2026-04-02T09:33:26.262+0000] {logging_mixin.py:190} INFO - [2026-04-02T09:33:26.262+0000] {dag.py:4180} INFO - Setting next_dagrun for hello_world to 2026-04-02 00:00:00+00:00, run_after=2026-04-03 00:00:00+00:00
[2026-04-02T09:33:26.274+0000] {processor.py:208} INFO - Processing /opt/airflow/dags/hello_world.py took 0.205 seconds
[2026-04-02T09:33:56.363+0000] {processor.py:186} INFO - Started process (PID=1650) to work on /opt/airflow/dags/hello_world.py
[2026-04-02T09:33:56.364+0000] {processor.py:914} INFO - Processing file /opt/airflow/dags/hello_world.py for tasks to queue
[2026-04-02T09:33:56.365+0000] {logging_mixin.py:190} INFO - [2026-04-02T09:33:56.365+0000] {dagbag.py:588} INFO - Filling up the DagBag from /opt/airflow/dags/hello_world.py
[2026-04-02T09:33:56.373+0000] {processor.py:925} INFO - DAG(s) 'hello_world' retrieved from /opt/airflow/dags/hello_world.py
[2026-04-02T09:33:56.396+0000] {logging_mixin.py:190} INFO - [2026-04-02T09:33:56.396+0000] {dag.py:3239} INFO - Sync 1 DAGs
[2026-04-02T09:33:56.414+0000] {logging_mixin.py:190} INFO - [2026-04-02T09:33:56.414+0000] {dag.py:4180} INFO - Setting next_dagrun for hello_world to 2026-04-02 00:00:00+00:00, run_after=2026-04-03 00:00:00+00:00
[2026-04-02T09:33:56.427+0000] {processor.py:208} INFO - Processing /opt/airflow/dags/hello_world.py took 0.068 seconds
[2026-04-02T09:34:26.644+0000] {processor.py:186} INFO - Started process (PID=1660) to work on /opt/airflow/dags/hello_world.py
[2026-04-02T09:34:26.645+0000] {processor.py:914} INFO - Processing file /opt/airflow/dags/hello_world.py for tasks to queue
[2026-04-02T09:34:26.647+0000] {logging_mixin.py:190} INFO - [2026-04-02T09:34:26.647+0000] {dagbag.py:588} INFO - Filling up the DagBag from /opt/airflow/dags/hello_world.py
[2026-04-02T09:34:26.656+0000] {processor.py:925} INFO - DAG(s) 'hello_world' retrieved from /opt/airflow/dags/hello_world.py
[2026-04-02T09:34:26.676+0000] {logging_mixin.py:190} INFO - [2026-04-02T09:34:26.676+0000] {dag.py:3239} INFO - Sync 1 DAGs
[2026-04-02T09:34:26.695+0000] {logging_mixin.py:190} INFO - [2026-04-02T09:34:26.695+0000] {dag.py:4180} INFO - Setting next_dagrun for hello_world to 2026-04-02 00:00:00+00:00, run_after=2026-04-03 00:00:00+00:00
[2026-04-02T09:34:26.708+0000] {processor.py:208} INFO - Processing /opt/airflow/dags/hello_world.py took 0.068 seconds
[2026-04-02T09:34:56.913+0000] {processor.py:186} INFO - Started process (PID=1670) to work on /opt/airflow/dags/hello_world.py
[2026-04-02T09:34:56.913+0000] {processor.py:914} INFO - Processing file /opt/airflow/dags/hello_world.py for tasks to queue
[2026-04-02T09:34:56.915+0000] {logging_mixin.py:190} INFO - [2026-04-02T09:34:56.915+0000] {dagbag.py:588} INFO - Filling up the DagBag from /opt/airflow/dags/hello_world.py
[2026-04-02T09:34:56.923+0000] {processor.py:925} INFO - DAG(s) 'hello_world' retrieved from /opt/airflow/dags/hello_world.py
[2026-04-02T09:34:56.944+0000] {logging_mixin.py:190} INFO - [2026-04-02T09:34:56.944+0000] {dag.py:3239} INFO - Sync 1 DAGs
[2026-04-02T09:34:56.967+0000] {logging_mixin.py:190} INFO - [2026-04-02T09:34:56.966+0000] {dag.py:4180} INFO - Setting next_dagrun for hello_world to 2026-04-02 00:00:00+00:00, run_after=2026-04-03 00:00:00+00:00
[2026-04-02T09:34:57.116+0000] {processor.py:208} INFO - Processing /opt/airflow/dags/hello_world.py took 0.207 seconds
[2026-04-02T09:35:27.305+0000] {processor.py:186} INFO - Started process (PID=1680) to work on /opt/airflow/dags/hello_world.py
[2026-04-02T09:35:27.306+0000] {processor.py:914} INFO - Processing file /opt/airflow/dags/hello_world.py for tasks to queue
[2026-04-02T09:35:27.307+0000] {logging_mixin.py:190} INFO - [2026-04-02T09:35:27.307+0000] {dagbag.py:588} INFO - Filling up the DagBag from /opt/airflow/dags/hello_world.py
[2026-04-02T09:35:27.317+0000] {processor.py:925} INFO - DAG(s) 'hello_world' retrieved from /opt/airflow/dags/hello_world.py
[2026-04-02T09:35:27.339+0000] {logging_mixin.py:190} INFO - [2026-04-02T09:35:27.339+0000] {dag.py:3239} INFO - Sync 1 DAGs
[2026-04-02T09:35:27.492+0000] {logging_mixin.py:190} INFO - [2026-04-02T09:35:27.492+0000] {dag.py:4180} INFO - Setting next_dagrun for hello_world to 2026-04-02 00:00:00+00:00, run_after=2026-04-03 00:00:00+00:00
[2026-04-02T09:35:27.506+0000] {processor.py:208} INFO - Processing /opt/airflow/dags/hello_world.py took 0.205 seconds
[2026-04-02T09:35:57.594+0000] {processor.py:186} INFO - Started process (PID=1690) to work on /opt/airflow/dags/hello_world.py
[2026-04-02T09:35:57.595+0000] {processor.py:914} INFO - Processing file /opt/airflow/dags/hello_world.py for tasks to queue
[2026-04-02T09:35:57.596+0000] {logging_mixin.py:190} INFO - [2026-04-02T09:35:57.596+0000] {dagbag.py:588} INFO - Filling up the DagBag from /opt/airflow/dags/hello_world.py
[2026-04-02T09:35:57.606+0000] {processor.py:925} INFO - DAG(s) 'hello_world' retrieved from /opt/airflow/dags/hello_world.py
[2026-04-02T09:35:57.628+0000] {logging_mixin.py:190} INFO - [2026-04-02T09:35:57.628+0000] {dag.py:3239} INFO - Sync 1 DAGs
[2026-04-02T09:35:57.646+0000] {logging_mixin.py:190} INFO - [2026-04-02T09:35:57.646+0000] {dag.py:4180} INFO - Setting next_dagrun for hello_world to 2026-04-02 00:00:00+00:00, run_after=2026-04-03 00:00:00+00:00
[2026-04-02T09:35:57.661+0000] {processor.py:208} INFO - Processing /opt/airflow/dags/hello_world.py took 0.071 seconds
[2026-04-02T09:36:27.877+0000] {processor.py:186} INFO - Started process (PID=1700) to work on /opt/airflow/dags/hello_world.py
[2026-04-02T09:36:27.878+0000] {processor.py:914} INFO - Processing file /opt/airflow/dags/hello_world.py for tasks to queue
[2026-04-02T09:36:27.880+0000] {logging_mixin.py:190} INFO - [2026-04-02T09:36:27.880+0000] {dagbag.py:588} INFO - Filling up the DagBag from /opt/airflow/dags/hello_world.py
[2026-04-02T09:36:27.890+0000] {processor.py:925} INFO - DAG(s) 'hello_world' retrieved from /opt/airflow/dags/hello_world.py
[2026-04-02T09:36:27.912+0000] {logging_mixin.py:190} INFO - [2026-04-02T09:36:27.912+0000] {dag.py:3239} INFO - Sync 1 DAGs
[2026-04-02T09:36:27.931+0000] {logging_mixin.py:190} INFO - [2026-04-02T09:36:27.931+0000] {dag.py:4180} INFO - Setting next_dagrun for hello_world to 2026-04-02 00:00:00+00:00, run_after=2026-04-03 00:00:00+00:00
[2026-04-02T09:36:27.947+0000] {processor.py:208} INFO - Processing /opt/airflow/dags/hello_world.py took 0.074 seconds
[2026-04-02T09:36:58.161+0000] {processor.py:186} INFO - Started process (PID=1710) to work on /opt/airflow/dags/hello_world.py
[2026-04-02T09:36:58.162+0000] {processor.py:914} INFO - Processing file /opt/airflow/dags/hello_world.py for tasks to queue
[2026-04-02T09:36:58.163+0000] {logging_mixin.py:190} INFO - [2026-04-02T09:36:58.163+0000] {dagbag.py:588} INFO - Filling up the DagBag from /opt/airflow/dags/hello_world.py
[2026-04-02T09:36:58.172+0000] {processor.py:925} INFO - DAG(s) 'hello_world' retrieved from /opt/airflow/dags/hello_world.py
[2026-04-02T09:36:58.193+0000] {logging_mixin.py:190} INFO - [2026-04-02T09:36:58.193+0000] {dag.py:3239} INFO - Sync 1 DAGs
[2026-04-02T09:36:58.211+0000] {logging_mixin.py:190} INFO - [2026-04-02T09:36:58.211+0000] {dag.py:4180} INFO - Setting next_dagrun for hello_world to 2026-04-02 00:00:00+00:00, run_after=2026-04-03 00:00:00+00:00
[2026-04-02T09:36:58.362+0000] {processor.py:208} INFO - Processing /opt/airflow/dags/hello_world.py took 0.205 seconds
[2026-04-02T09:37:28.592+0000] {processor.py:186} INFO - Started process (PID=1720) to work on /opt/airflow/dags/hello_world.py
[2026-04-02T09:37:28.593+0000] {processor.py:914} INFO - Processing file /opt/airflow/dags/hello_world.py for tasks to queue
[2026-04-02T09:37:28.594+0000] {logging_mixin.py:190} INFO - [2026-04-02T09:37:28.594+0000] {dagbag.py:588} INFO - Filling up the DagBag from /opt/airflow/dags/hello_world.py
[2026-04-02T09:37:28.603+0000] {processor.py:925} INFO - DAG(s) 'hello_world' retrieved from /opt/airflow/dags/hello_world.py
[2026-04-02T09:37:28.623+0000] {logging_mixin.py:190} INFO - [2026-04-02T09:37:28.623+0000] {dag.py:3239} INFO - Sync 1 DAGs
[2026-04-02T09:37:28.775+0000] {logging_mixin.py:190} INFO - [2026-04-02T09:37:28.775+0000] {dag.py:4180} INFO - Setting next_dagrun for hello_world to 2026-04-02 00:00:00+00:00, run_after=2026-04-03 00:00:00+00:00
[2026-04-02T09:37:28.788+0000] {processor.py:208} INFO - Processing /opt/airflow/dags/hello_world.py took 0.200 seconds
[2026-04-02T09:37:58.865+0000] {processor.py:186} INFO - Started process (PID=1730) to work on /opt/airflow/dags/hello_world.py
[2026-04-02T09:37:58.865+0000] {processor.py:914} INFO - Processing file /opt/airflow/dags/hello_world.py for tasks to queue
[2026-04-02T09:37:58.867+0000] {logging_mixin.py:190} INFO - [2026-04-02T09:37:58.867+0000] {dagbag.py:588} INFO - Filling up the DagBag from /opt/airflow/dags/hello_world.py
[2026-04-02T09:37:58.876+0000] {processor.py:925} INFO - DAG(s) 'hello_world' retrieved from /opt/airflow/dags/hello_world.py
[2026-04-02T09:37:58.898+0000] {logging_mixin.py:190} INFO - [2026-04-02T09:37:58.897+0000] {dag.py:3239} INFO - Sync 1 DAGs
[2026-04-02T09:37:58.914+0000] {logging_mixin.py:190} INFO - [2026-04-02T09:37:58.914+0000] {dag.py:4180} INFO - Setting next_dagrun for hello_world to 2026-04-02 00:00:00+00:00, run_after=2026-04-03 00:00:00+00:00
[2026-04-02T09:37:58.927+0000] {processor.py:208} INFO - Processing /opt/airflow/dags/hello_world.py took 0.067 seconds
[2026-04-02T09:38:29.168+0000] {processor.py:186} INFO - Started process (PID=1740) to work on /opt/airflow/dags/hello_world.py
[2026-04-02T09:38:29.170+0000] {processor.py:914} INFO - Processing file /opt/airflow/dags/hello_world.py for tasks to queue
[2026-04-02T09:38:29.172+0000] {logging_mixin.py:190} INFO - [2026-04-02T09:38:29.171+0000] {dagbag.py:588} INFO - Filling up the DagBag from /opt/airflow/dags/hello_world.py
[2026-04-02T09:38:29.180+0000] {processor.py:925} INFO - DAG(s) 'hello_world' retrieved from /opt/airflow/dags/hello_world.py
[2026-04-02T09:38:29.203+0000] {logging_mixin.py:190} INFO - [2026-04-02T09:38:29.203+0000] {dag.py:3239} INFO - Sync 1 DAGs
[2026-04-02T09:38:29.222+0000] {logging_mixin.py:190} INFO - [2026-04-02T09:38:29.222+0000] {dag.py:4180} INFO - Setting next_dagrun for hello_world to 2026-04-02 00:00:00+00:00, run_after=2026-04-03 00:00:00+00:00
[2026-04-02T09:38:29.235+0000] {processor.py:208} INFO - Processing /opt/airflow/dags/hello_world.py took 0.071 seconds
[2026-04-02T09:38:59.442+0000] {processor.py:186} INFO - Started process (PID=1750) to work on /opt/airflow/dags/hello_world.py
[2026-04-02T09:38:59.443+0000] {processor.py:914} INFO - Processing file /opt/airflow/dags/hello_world.py for tasks to queue
[2026-04-02T09:38:59.445+0000] {logging_mixin.py:190} INFO - [2026-04-02T09:38:59.444+0000] {dagbag.py:588} INFO - Filling up the DagBag from /opt/airflow/dags/hello_world.py
[2026-04-02T09:38:59.453+0000] {processor.py:925} INFO - DAG(s) 'hello_world' retrieved from /opt/airflow/dags/hello_world.py
[2026-04-02T09:38:59.478+0000] {logging_mixin.py:190} INFO - [2026-04-02T09:38:59.477+0000] {dag.py:3239} INFO - Sync 1 DAGs
[2026-04-02T09:38:59.496+0000] {logging_mixin.py:190} INFO - [2026-04-02T09:38:59.496+0000] {dag.py:4180} INFO - Setting next_dagrun for hello_world to 2026-04-02 00:00:00+00:00, run_after=2026-04-03 00:00:00+00:00
[2026-04-02T09:38:59.648+0000] {processor.py:208} INFO - Processing /opt/airflow/dags/hello_world.py took 0.210 seconds
[2026-04-02T09:39:29.850+0000] {processor.py:186} INFO - Started process (PID=1760) to work on /opt/airflow/dags/hello_world.py
[2026-04-02T09:39:29.868+0000] {processor.py:914} INFO - Processing file /opt/airflow/dags/hello_world.py for tasks to queue
[2026-04-02T09:39:29.870+0000] {logging_mixin.py:190} INFO - [2026-04-02T09:39:29.870+0000] {dagbag.py:588} INFO - Filling up the DagBag from /opt/airflow/dags/hello_world.py
[2026-04-02T09:39:29.878+0000] {processor.py:925} INFO - DAG(s) 'hello_world' retrieved from /opt/airflow/dags/hello_world.py
[2026-04-02T09:39:29.900+0000] {logging_mixin.py:190} INFO - [2026-04-02T09:39:29.900+0000] {dag.py:3239} INFO - Sync 1 DAGs
[2026-04-02T09:39:30.057+0000] {logging_mixin.py:190} INFO - [2026-04-02T09:39:30.057+0000] {dag.py:4180} INFO - Setting next_dagrun for hello_world to 2026-04-02 00:00:00+00:00, run_after=2026-04-03 00:00:00+00:00
[2026-04-02T09:39:30.069+0000] {processor.py:208} INFO - Processing /opt/airflow/dags/hello_world.py took 0.223 seconds
[2026-04-02T09:40:00.166+0000] {processor.py:186} INFO - Started process (PID=1770) to work on /opt/airflow/dags/hello_world.py
[2026-04-02T09:40:00.166+0000] {processor.py:914} INFO - Processing file /opt/airflow/dags/hello_world.py for tasks to queue
[2026-04-02T09:40:00.168+0000] {logging_mixin.py:190} INFO - [2026-04-02T09:40:00.168+0000] {dagbag.py:588} INFO - Filling up the DagBag from /opt/airflow/dags/hello_world.py
[2026-04-02T09:40:00.177+0000] {processor.py:925} INFO - DAG(s) 'hello_world' retrieved from /opt/airflow/dags/hello_world.py
[2026-04-02T09:40:00.198+0000] {logging_mixin.py:190} INFO - [2026-04-02T09:40:00.197+0000] {dag.py:3239} INFO - Sync 1 DAGs
[2026-04-02T09:40:00.215+0000] {logging_mixin.py:190} INFO - [2026-04-02T09:40:00.215+0000] {dag.py:4180} INFO - Setting next_dagrun for hello_world to 2026-04-02 00:00:00+00:00, run_after=2026-04-03 00:00:00+00:00
[2026-04-02T09:40:00.229+0000] {processor.py:208} INFO - Processing /opt/airflow/dags/hello_world.py took 0.068 seconds
[2026-04-02T09:40:30.484+0000] {processor.py:186} INFO - Started process (PID=1780) to work on /opt/airflow/dags/hello_world.py
[2026-04-02T09:40:30.485+0000] {processor.py:914} INFO - Processing file /opt/airflow/dags/hello_world.py for tasks to queue
[2026-04-02T09:40:30.487+0000] {logging_mixin.py:190} INFO - [2026-04-02T09:40:30.486+0000] {dagbag.py:588} INFO - Filling up the DagBag from /opt/airflow/dags/hello_world.py
[2026-04-02T09:40:30.497+0000] {processor.py:925} INFO - DAG(s) 'hello_world' retrieved from /opt/airflow/dags/hello_world.py
[2026-04-02T09:40:30.518+0000] {logging_mixin.py:190} INFO - [2026-04-02T09:40:30.518+0000] {dag.py:3239} INFO - Sync 1 DAGs
[2026-04-02T09:40:30.536+0000] {logging_mixin.py:190} INFO - [2026-04-02T09:40:30.536+0000] {dag.py:4180} INFO - Setting next_dagrun for hello_world to 2026-04-02 00:00:00+00:00, run_after=2026-04-03 00:00:00+00:00
[2026-04-02T09:40:30.551+0000] {processor.py:208} INFO - Processing /opt/airflow/dags/hello_world.py took 0.071 seconds
[2026-04-02T09:41:00.754+0000] {processor.py:186} INFO - Started process (PID=1790) to work on /opt/airflow/dags/hello_world.py
[2026-04-02T09:41:00.755+0000] {processor.py:914} INFO - Processing file /opt/airflow/dags/hello_world.py for tasks to queue
[2026-04-02T09:41:00.757+0000] {logging_mixin.py:190} INFO - [2026-04-02T09:41:00.756+0000] {dagbag.py:588} INFO - Filling up the DagBag from /opt/airflow/dags/hello_world.py
[2026-04-02T09:41:00.766+0000] {processor.py:925} INFO - DAG(s) 'hello_world' retrieved from /opt/airflow/dags/hello_world.py
[2026-04-02T09:41:00.789+0000] {logging_mixin.py:190} INFO - [2026-04-02T09:41:00.789+0000] {dag.py:3239} INFO - Sync 1 DAGs
[2026-04-02T09:41:00.807+0000] {logging_mixin.py:190} INFO - [2026-04-02T09:41:00.807+0000] {dag.py:4180} INFO - Setting next_dagrun for hello_world to 2026-04-02 00:00:00+00:00, run_after=2026-04-03 00:00:00+00:00
[2026-04-02T09:41:00.956+0000] {processor.py:208} INFO - Processing /opt/airflow/dags/hello_world.py took 0.207 seconds
[2026-04-02T09:41:31.125+0000] {processor.py:186} INFO - Started process (PID=1800) to work on /opt/airflow/dags/hello_world.py
[2026-04-02T09:41:31.126+0000] {processor.py:914} INFO - Processing file /opt/airflow/dags/hello_world.py for tasks to queue
[2026-04-02T09:41:31.128+0000] {logging_mixin.py:190} INFO - [2026-04-02T09:41:31.128+0000] {dagbag.py:588} INFO - Filling up the DagBag from /opt/airflow/dags/hello_world.py
[2026-04-02T09:41:31.138+0000] {processor.py:925} INFO - DAG(s) 'hello_world' retrieved from /opt/airflow/dags/hello_world.py
[2026-04-02T09:41:31.158+0000] {logging_mixin.py:190} INFO - [2026-04-02T09:41:31.158+0000] {dag.py:3239} INFO - Sync 1 DAGs
[2026-04-02T09:41:31.310+0000] {logging_mixin.py:190} INFO - [2026-04-02T09:41:31.310+0000] {dag.py:4180} INFO - Setting next_dagrun for hello_world to 2026-04-02 00:00:00+00:00, run_after=2026-04-03 00:00:00+00:00
[2026-04-02T09:41:31.323+0000] {processor.py:208} INFO - Processing /opt/airflow/dags/hello_world.py took 0.202 seconds
[2026-04-02T09:42:01.545+0000] {processor.py:186} INFO - Started process (PID=1810) to work on /opt/airflow/dags/hello_world.py
[2026-04-02T09:42:01.546+0000] {processor.py:914} INFO - Processing file /opt/airflow/dags/hello_world.py for tasks to queue
[2026-04-02T09:42:01.548+0000] {logging_mixin.py:190} INFO - [2026-04-02T09:42:01.547+0000] {dagbag.py:588} INFO - Filling up the DagBag from /opt/airflow/dags/hello_world.py
[2026-04-02T09:42:01.556+0000] {processor.py:925} INFO - DAG(s) 'hello_world' retrieved from /opt/airflow/dags/hello_world.py
[2026-04-02T09:42:01.578+0000] {logging_mixin.py:190} INFO - [2026-04-02T09:42:01.578+0000] {dag.py:3239} INFO - Sync 1 DAGs
[2026-04-02T09:42:01.595+0000] {logging_mixin.py:190} INFO - [2026-04-02T09:42:01.595+0000] {dag.py:4180} INFO - Setting next_dagrun for hello_world to 2026-04-02 00:00:00+00:00, run_after=2026-04-03 00:00:00+00:00
[2026-04-02T09:42:01.609+0000] {processor.py:208} INFO - Processing /opt/airflow/dags/hello_world.py took 0.067 seconds
[2026-04-02T09:42:31.790+0000] {processor.py:186} INFO - Started process (PID=1820) to work on /opt/airflow/dags/hello_world.py
[2026-04-02T09:42:31.792+0000] {processor.py:914} INFO - Processing file /opt/airflow/dags/hello_world.py for tasks to queue
[2026-04-02T09:42:31.793+0000] {logging_mixin.py:190} INFO - [2026-04-02T09:42:31.793+0000] {dagbag.py:588} INFO - Filling up the DagBag from /opt/airflow/dags/hello_world.py
[2026-04-02T09:42:31.802+0000] {processor.py:925} INFO - DAG(s) 'hello_world' retrieved from /opt/airflow/dags/hello_world.py
[2026-04-02T09:42:31.824+0000] {logging_mixin.py:190} INFO - [2026-04-02T09:42:31.823+0000] {dag.py:3239} INFO - Sync 1 DAGs
[2026-04-02T09:42:31.841+0000] {logging_mixin.py:190} INFO - [2026-04-02T09:42:31.841+0000] {dag.py:4180} INFO - Setting next_dagrun for hello_world to 2026-04-02 00:00:00+00:00, run_after=2026-04-03 00:00:00+00:00
[2026-04-02T09:42:31.853+0000] {processor.py:208} INFO - Processing /opt/airflow/dags/hello_world.py took 0.067 seconds
[2026-04-02T09:43:02.057+0000] {processor.py:186} INFO - Started process (PID=1830) to work on /opt/airflow/dags/hello_world.py
[2026-04-02T09:43:02.057+0000] {processor.py:914} INFO - Processing file /opt/airflow/dags/hello_world.py for tasks to queue
[2026-04-02T09:43:02.059+0000] {logging_mixin.py:190} INFO - [2026-04-02T09:43:02.059+0000] {dagbag.py:588} INFO - Filling up the DagBag from /opt/airflow/dags/hello_world.py
[2026-04-02T09:43:02.068+0000] {processor.py:925} INFO - DAG(s) 'hello_world' retrieved from /opt/airflow/dags/hello_world.py
[2026-04-02T09:43:02.088+0000] {logging_mixin.py:190} INFO - [2026-04-02T09:43:02.087+0000] {dag.py:3239} INFO - Sync 1 DAGs
[2026-04-02T09:43:02.106+0000] {logging_mixin.py:190} INFO - [2026-04-02T09:43:02.105+0000] {dag.py:4180} INFO - Setting next_dagrun for hello_world to 2026-04-02 00:00:00+00:00, run_after=2026-04-03 00:00:00+00:00
[2026-04-02T09:43:02.253+0000] {processor.py:208} INFO - Processing /opt/airflow/dags/hello_world.py took 0.201 seconds
[2026-04-02T09:43:32.489+0000] {processor.py:186} INFO - Started process (PID=1840) to work on /opt/airflow/dags/hello_world.py
[2026-04-02T09:43:32.490+0000] {processor.py:914} INFO - Processing file /opt/airflow/dags/hello_world.py for tasks to queue
[2026-04-02T09:43:32.492+0000] {logging_mixin.py:190} INFO - [2026-04-02T09:43:32.492+0000] {dagbag.py:588} INFO - Filling up the DagBag from /opt/airflow/dags/hello_world.py
[2026-04-02T09:43:32.501+0000] {processor.py:925} INFO - DAG(s) 'hello_world' retrieved from /opt/airflow/dags/hello_world.py
[2026-04-02T09:43:32.520+0000] {logging_mixin.py:190} INFO - [2026-04-02T09:43:32.520+0000] {dag.py:3239} INFO - Sync 1 DAGs
[2026-04-02T09:43:32.676+0000] {logging_mixin.py:190} INFO - [2026-04-02T09:43:32.675+0000] {dag.py:4180} INFO - Setting next_dagrun for hello_world to 2026-04-02 00:00:00+00:00, run_after=2026-04-03 00:00:00+00:00
[2026-04-02T09:43:32.689+0000] {processor.py:208} INFO - Processing /opt/airflow/dags/hello_world.py took 0.206 seconds
[2026-04-02T09:44:02.761+0000] {processor.py:186} INFO - Started process (PID=1850) to work on /opt/airflow/dags/hello_world.py
[2026-04-02T09:44:02.762+0000] {processor.py:914} INFO - Processing file /opt/airflow/dags/hello_world.py for tasks to queue
[2026-04-02T09:44:02.763+0000] {logging_mixin.py:190} INFO - [2026-04-02T09:44:02.763+0000] {dagbag.py:588} INFO - Filling up the DagBag from /opt/airflow/dags/hello_world.py
[2026-04-02T09:44:02.772+0000] {processor.py:925} INFO - DAG(s) 'hello_world' retrieved from /opt/airflow/dags/hello_world.py
[2026-04-02T09:44:02.796+0000] {logging_mixin.py:190} INFO - [2026-04-02T09:44:02.796+0000] {dag.py:3239} INFO - Sync 1 DAGs
[2026-04-02T09:44:02.815+0000] {logging_mixin.py:190} INFO - [2026-04-02T09:44:02.815+0000] {dag.py:4180} INFO - Setting next_dagrun for hello_world to 2026-04-02 00:00:00+00:00, run_after=2026-04-03 00:00:00+00:00
[2026-04-02T09:44:02.831+0000] {processor.py:208} INFO - Processing /opt/airflow/dags/hello_world.py took 0.073 seconds
[2026-04-02T09:44:33.045+0000] {processor.py:186} INFO - Started process (PID=1860) to work on /opt/airflow/dags/hello_world.py
[2026-04-02T09:44:33.046+0000] {processor.py:914} INFO - Processing file /opt/airflow/dags/hello_world.py for tasks to queue
[2026-04-02T09:44:33.048+0000] {logging_mixin.py:190} INFO - [2026-04-02T09:44:33.047+0000] {dagbag.py:588} INFO - Filling up the DagBag from /opt/airflow/dags/hello_world.py
[2026-04-02T09:44:33.057+0000] {processor.py:925} INFO - DAG(s) 'hello_world' retrieved from /opt/airflow/dags/hello_world.py
[2026-04-02T09:44:33.078+0000] {logging_mixin.py:190} INFO - [2026-04-02T09:44:33.078+0000] {dag.py:3239} INFO - Sync 1 DAGs
[2026-04-02T09:44:33.096+0000] {logging_mixin.py:190} INFO - [2026-04-02T09:44:33.095+0000] {dag.py:4180} INFO - Setting next_dagrun for hello_world to 2026-04-02 00:00:00+00:00, run_after=2026-04-03 00:00:00+00:00
[2026-04-02T09:44:33.110+0000] {processor.py:208} INFO - Processing /opt/airflow/dags/hello_world.py took 0.069 seconds
[2026-04-02T09:45:03.315+0000] {processor.py:186} INFO - Started process (PID=1870) to work on /opt/airflow/dags/hello_world.py
[2026-04-02T09:45:03.316+0000] {processor.py:914} INFO - Processing file /opt/airflow/dags/hello_world.py for tasks to queue
[2026-04-02T09:45:03.318+0000] {logging_mixin.py:190} INFO - [2026-04-02T09:45:03.317+0000] {dagbag.py:588} INFO - Filling up the DagBag from /opt/airflow/dags/hello_world.py
[2026-04-02T09:45:03.327+0000] {processor.py:925} INFO - DAG(s) 'hello_world' retrieved from /opt/airflow/dags/hello_world.py
[2026-04-02T09:45:03.347+0000] {logging_mixin.py:190} INFO - [2026-04-02T09:45:03.346+0000] {dag.py:3239} INFO - Sync 1 DAGs
[2026-04-02T09:45:03.365+0000] {logging_mixin.py:190} INFO - [2026-04-02T09:45:03.365+0000] {dag.py:4180} INFO - Setting next_dagrun for hello_world to 2026-04-02 00:00:00+00:00, run_after=2026-04-03 00:00:00+00:00
[2026-04-02T09:45:03.508+0000] {processor.py:208} INFO - Processing /opt/airflow/dags/hello_world.py took 0.197 seconds
[2026-04-02T09:45:33.726+0000] {processor.py:186} INFO - Started process (PID=1880) to work on /opt/airflow/dags/hello_world.py
[2026-04-02T09:45:33.727+0000] {processor.py:914} INFO - Processing file /opt/airflow/dags/hello_world.py for tasks to queue
[2026-04-02T09:45:33.729+0000] {logging_mixin.py:190} INFO - [2026-04-02T09:45:33.729+0000] {dagbag.py:588} INFO - Filling up the DagBag from /opt/airflow/dags/hello_world.py
[2026-04-02T09:45:33.739+0000] {processor.py:925} INFO - DAG(s) 'hello_world' retrieved from /opt/airflow/dags/hello_world.py
[2026-04-02T09:45:33.760+0000] {logging_mixin.py:190} INFO - [2026-04-02T09:45:33.760+0000] {dag.py:3239} INFO - Sync 1 DAGs
[2026-04-02T09:45:33.915+0000] {logging_mixin.py:190} INFO - [2026-04-02T09:45:33.915+0000] {dag.py:4180} INFO - Setting next_dagrun for hello_world to 2026-04-02 00:00:00+00:00, run_after=2026-04-03 00:00:00+00:00
[2026-04-02T09:45:33.927+0000] {processor.py:208} INFO - Processing /opt/airflow/dags/hello_world.py took 0.205 seconds
[2026-04-02T09:46:04.095+0000] {processor.py:186} INFO - Started process (PID=1890) to work on /opt/airflow/dags/hello_world.py
[2026-04-02T09:46:04.096+0000] {processor.py:914} INFO - Processing file /opt/airflow/dags/hello_world.py for tasks to queue
[2026-04-02T09:46:04.097+0000] {logging_mixin.py:190} INFO - [2026-04-02T09:46:04.097+0000] {dagbag.py:588} INFO - Filling up the DagBag from /opt/airflow/dags/hello_world.py
[2026-04-02T09:46:04.105+0000] {processor.py:925} INFO - DAG(s) 'hello_world' retrieved from /opt/airflow/dags/hello_world.py
[2026-04-02T09:46:04.124+0000] {logging_mixin.py:190} INFO - [2026-04-02T09:46:04.124+0000] {dag.py:3239} INFO - Sync 1 DAGs
[2026-04-02T09:46:04.142+0000] {logging_mixin.py:190} INFO - [2026-04-02T09:46:04.141+0000] {dag.py:4180} INFO - Setting next_dagrun for hello_world to 2026-04-02 00:00:00+00:00, run_after=2026-04-03 00:00:00+00:00
[2026-04-02T09:46:04.156+0000] {processor.py:208} INFO - Processing /opt/airflow/dags/hello_world.py took 0.065 seconds
[2026-04-02T09:46:34.318+0000] {processor.py:186} INFO - Started process (PID=1900) to work on /opt/airflow/dags/hello_world.py
[2026-04-02T09:46:34.319+0000] {processor.py:914} INFO - Processing file /opt/airflow/dags/hello_world.py for tasks to queue
[2026-04-02T09:46:34.321+0000] {logging_mixin.py:190} INFO - [2026-04-02T09:46:34.321+0000] {dagbag.py:588} INFO - Filling up the DagBag from /opt/airflow/dags/hello_world.py
[2026-04-02T09:46:34.331+0000] {processor.py:925} INFO - DAG(s) 'hello_world' retrieved from /opt/airflow/dags/hello_world.py
[2026-04-02T09:46:34.352+0000] {logging_mixin.py:190} INFO - [2026-04-02T09:46:34.352+0000] {dag.py:3239} INFO - Sync 1 DAGs
[2026-04-02T09:46:34.369+0000] {logging_mixin.py:190} INFO - [2026-04-02T09:46:34.369+0000] {dag.py:4180} INFO - Setting next_dagrun for hello_world to 2026-04-02 00:00:00+00:00, run_after=2026-04-03 00:00:00+00:00
[2026-04-02T09:46:34.382+0000] {processor.py:208} INFO - Processing /opt/airflow/dags/hello_world.py took 0.067 seconds
[2026-04-02T09:47:04.594+0000] {processor.py:186} INFO - Started process (PID=1910) to work on /opt/airflow/dags/hello_world.py
[2026-04-02T09:47:04.594+0000] {processor.py:914} INFO - Processing file /opt/airflow/dags/hello_world.py for tasks to queue
[2026-04-02T09:47:04.596+0000] {logging_mixin.py:190} INFO - [2026-04-02T09:47:04.595+0000] {dagbag.py:588} INFO - Filling up the DagBag from /opt/airflow/dags/hello_world.py
[2026-04-02T09:47:04.604+0000] {processor.py:925} INFO - DAG(s) 'hello_world' retrieved from /opt/airflow/dags/hello_world.py
[2026-04-02T09:47:04.626+0000] {logging_mixin.py:190} INFO - [2026-04-02T09:47:04.626+0000] {dag.py:3239} INFO - Sync 1 DAGs
[2026-04-02T09:47:04.645+0000] {logging_mixin.py:190} INFO - [2026-04-02T09:47:04.644+0000] {dag.py:4180} INFO - Setting next_dagrun for hello_world to 2026-04-02 00:00:00+00:00, run_after=2026-04-03 00:00:00+00:00
[2026-04-02T09:47:04.795+0000] {processor.py:208} INFO - Processing /opt/airflow/dags/hello_world.py took 0.206 seconds
[2026-04-02T09:47:35.002+0000] {processor.py:186} INFO - Started process (PID=1920) to work on /opt/airflow/dags/hello_world.py
[2026-04-02T09:47:35.003+0000] {processor.py:914} INFO - Processing file /opt/airflow/dags/hello_world.py for tasks to queue
[2026-04-02T09:47:35.005+0000] {logging_mixin.py:190} INFO - [2026-04-02T09:47:35.005+0000] {dagbag.py:588} INFO - Filling up the DagBag from /opt/airflow/dags/hello_world.py
[2026-04-02T09:47:35.013+0000] {processor.py:925} INFO - DAG(s) 'hello_world' retrieved from /opt/airflow/dags/hello_world.py
[2026-04-02T09:47:35.033+0000] {logging_mixin.py:190} INFO - [2026-04-02T09:47:35.033+0000] {dag.py:3239} INFO - Sync 1 DAGs
[2026-04-02T09:47:35.224+0000] {logging_mixin.py:190} INFO - [2026-04-02T09:47:35.224+0000] {dag.py:4180} INFO - Setting next_dagrun for hello_world to 2026-04-02 00:00:00+00:00, run_after=2026-04-03 00:00:00+00:00
[2026-04-02T09:47:35.237+0000] {processor.py:208} INFO - Processing /opt/airflow/dags/hello_world.py took 0.240 seconds
[2026-04-02T09:48:05.369+0000] {processor.py:186} INFO - Started process (PID=1930) to work on /opt/airflow/dags/hello_world.py
[2026-04-02T09:48:05.369+0000] {processor.py:914} INFO - Processing file /opt/airflow/dags/hello_world.py for tasks to queue
[2026-04-02T09:48:05.371+0000] {logging_mixin.py:190} INFO - [2026-04-02T09:48:05.371+0000] {dagbag.py:588} INFO - Filling up the DagBag from /opt/airflow/dags/hello_world.py
[2026-04-02T09:48:05.380+0000] {processor.py:925} INFO - DAG(s) 'hello_world' retrieved from /opt/airflow/dags/hello_world.py
[2026-04-02T09:48:05.401+0000] {logging_mixin.py:190} INFO - [2026-04-02T09:48:05.401+0000] {dag.py:3239} INFO - Sync 1 DAGs
[2026-04-02T09:48:05.420+0000] {logging_mixin.py:190} INFO - [2026-04-02T09:48:05.420+0000] {dag.py:4180} INFO - Setting next_dagrun for hello_world to 2026-04-02 00:00:00+00:00, run_after=2026-04-03 00:00:00+00:00
[2026-04-02T09:48:05.435+0000] {processor.py:208} INFO - Processing /opt/airflow/dags/hello_world.py took 0.071 seconds
[2026-04-02T09:48:35.672+0000] {processor.py:186} INFO - Started process (PID=1940) to work on /opt/airflow/dags/hello_world.py
[2026-04-02T09:48:35.673+0000] {processor.py:914} INFO - Processing file /opt/airflow/dags/hello_world.py for tasks to queue
[2026-04-02T09:48:35.675+0000] {logging_mixin.py:190} INFO - [2026-04-02T09:48:35.674+0000] {dagbag.py:588} INFO - Filling up the DagBag from /opt/airflow/dags/hello_world.py
[2026-04-02T09:48:35.683+0000] {processor.py:925} INFO - DAG(s) 'hello_world' retrieved from /opt/airflow/dags/hello_world.py
[2026-04-02T09:48:35.705+0000] {logging_mixin.py:190} INFO - [2026-04-02T09:48:35.705+0000] {dag.py:3239} INFO - Sync 1 DAGs
[2026-04-02T09:48:35.723+0000] {logging_mixin.py:190} INFO - [2026-04-02T09:48:35.722+0000] {dag.py:4180} INFO - Setting next_dagrun for hello_world to 2026-04-02 00:00:00+00:00, run_after=2026-04-03 00:00:00+00:00
[2026-04-02T09:48:35.736+0000] {processor.py:208} INFO - Processing /opt/airflow/dags/hello_world.py took 0.068 seconds
[2026-04-02T09:49:05.968+0000] {processor.py:186} INFO - Started process (PID=1950) to work on /opt/airflow/dags/hello_world.py
[2026-04-02T09:49:05.968+0000] {processor.py:914} INFO - Processing file /opt/airflow/dags/hello_world.py for tasks to queue
[2026-04-02T09:49:05.970+0000] {logging_mixin.py:190} INFO - [2026-04-02T09:49:05.970+0000] {dagbag.py:588} INFO - Filling up the DagBag from /opt/airflow/dags/hello_world.py
[2026-04-02T09:49:05.981+0000] {processor.py:925} INFO - DAG(s) 'hello_world' retrieved from /opt/airflow/dags/hello_world.py
[2026-04-02T09:49:06.002+0000] {logging_mixin.py:190} INFO - [2026-04-02T09:49:06.002+0000] {dag.py:3239} INFO - Sync 1 DAGs
[2026-04-02T09:49:06.020+0000] {logging_mixin.py:190} INFO - [2026-04-02T09:49:06.020+0000] {dag.py:4180} INFO - Setting next_dagrun for hello_world to 2026-04-02 00:00:00+00:00, run_after=2026-04-03 00:00:00+00:00
[2026-04-02T09:49:06.168+0000] {processor.py:208} INFO - Processing /opt/airflow/dags/hello_world.py took 0.204 seconds
[2026-04-02T09:49:36.363+0000] {processor.py:186} INFO - Started process (PID=1960) to work on /opt/airflow/dags/hello_world.py
[2026-04-02T09:49:36.364+0000] {processor.py:914} INFO - Processing file /opt/airflow/dags/hello_world.py for tasks to queue
[2026-04-02T09:49:36.366+0000] {logging_mixin.py:190} INFO - [2026-04-02T09:49:36.365+0000] {dagbag.py:588} INFO - Filling up the DagBag from /opt/airflow/dags/hello_world.py
[2026-04-02T09:49:36.374+0000] {processor.py:925} INFO - DAG(s) 'hello_world' retrieved from /opt/airflow/dags/hello_world.py
[2026-04-02T09:49:36.396+0000] {logging_mixin.py:190} INFO - [2026-04-02T09:49:36.396+0000] {dag.py:3239} INFO - Sync 1 DAGs
[2026-04-02T09:49:36.555+0000] {logging_mixin.py:190} INFO - [2026-04-02T09:49:36.554+0000] {dag.py:4180} INFO - Setting next_dagrun for hello_world to 2026-04-02 00:00:00+00:00, run_after=2026-04-03 00:00:00+00:00
[2026-04-02T09:49:36.572+0000] {processor.py:208} INFO - Processing /opt/airflow/dags/hello_world.py took 0.213 seconds
[2026-04-02T09:50:06.759+0000] {processor.py:186} INFO - Started process (PID=1970) to work on /opt/airflow/dags/hello_world.py
[2026-04-02T09:50:06.759+0000] {processor.py:914} INFO - Processing file /opt/airflow/dags/hello_world.py for tasks to queue
[2026-04-02T09:50:06.761+0000] {logging_mixin.py:190} INFO - [2026-04-02T09:50:06.761+0000] {dagbag.py:588} INFO - Filling up the DagBag from /opt/airflow/dags/hello_world.py
[2026-04-02T09:50:06.770+0000] {processor.py:925} INFO - DAG(s) 'hello_world' retrieved from /opt/airflow/dags/hello_world.py
[2026-04-02T09:50:06.791+0000] {logging_mixin.py:190} INFO - [2026-04-02T09:50:06.791+0000] {dag.py:3239} INFO - Sync 1 DAGs
[2026-04-02T09:50:06.809+0000] {logging_mixin.py:190} INFO - [2026-04-02T09:50:06.809+0000] {dag.py:4180} INFO - Setting next_dagrun for hello_world to 2026-04-02 00:00:00+00:00, run_after=2026-04-03 00:00:00+00:00
[2026-04-02T09:50:06.822+0000] {processor.py:208} INFO - Processing /opt/airflow/dags/hello_world.py took 0.068 seconds
[2026-04-02T09:50:37.007+0000] {processor.py:186} INFO - Started process (PID=1980) to work on /opt/airflow/dags/hello_world.py
[2026-04-02T09:50:37.008+0000] {processor.py:914} INFO - Processing file /opt/airflow/dags/hello_world.py for tasks to queue
[2026-04-02T09:50:37.010+0000] {logging_mixin.py:190} INFO - [2026-04-02T09:50:37.009+0000] {dagbag.py:588} INFO - Filling up the DagBag from /opt/airflow/dags/hello_world.py
[2026-04-02T09:50:37.021+0000] {processor.py:925} INFO - DAG(s) 'hello_world' retrieved from /opt/airflow/dags/hello_world.py
[2026-04-02T09:50:37.044+0000] {logging_mixin.py:190} INFO - [2026-04-02T09:50:37.043+0000] {dag.py:3239} INFO - Sync 1 DAGs
[2026-04-02T09:50:37.062+0000] {logging_mixin.py:190} INFO - [2026-04-02T09:50:37.062+0000] {dag.py:4180} INFO - Setting next_dagrun for hello_world to 2026-04-02 00:00:00+00:00, run_after=2026-04-03 00:00:00+00:00
[2026-04-02T09:50:37.076+0000] {processor.py:208} INFO - Processing /opt/airflow/dags/hello_world.py took 0.075 seconds
[2026-04-02T09:51:07.282+0000] {processor.py:186} INFO - Started process (PID=1990) to work on /opt/airflow/dags/hello_world.py
[2026-04-02T09:51:07.283+0000] {processor.py:914} INFO - Processing file /opt/airflow/dags/hello_world.py for tasks to queue
[2026-04-02T09:51:07.284+0000] {logging_mixin.py:190} INFO - [2026-04-02T09:51:07.284+0000] {dagbag.py:588} INFO - Filling up the DagBag from /opt/airflow/dags/hello_world.py
[2026-04-02T09:51:07.292+0000] {processor.py:925} INFO - DAG(s) 'hello_world' retrieved from /opt/airflow/dags/hello_world.py
[2026-04-02T09:51:07.314+0000] {logging_mixin.py:190} INFO - [2026-04-02T09:51:07.314+0000] {dag.py:3239} INFO - Sync 1 DAGs
[2026-04-02T09:51:07.330+0000] {logging_mixin.py:190} INFO - [2026-04-02T09:51:07.330+0000] {dag.py:4180} INFO - Setting next_dagrun for hello_world to 2026-04-02 00:00:00+00:00, run_after=2026-04-03 00:00:00+00:00
[2026-04-02T09:51:07.492+0000] {processor.py:208} INFO - Processing /opt/airflow/dags/hello_world.py took 0.214 seconds
[2026-04-02T09:51:37.686+0000] {processor.py:186} INFO - Started process (PID=2000) to work on /opt/airflow/dags/hello_world.py
[2026-04-02T09:51:37.687+0000] {processor.py:914} INFO - Processing file /opt/airflow/dags/hello_world.py for tasks to queue
[2026-04-02T09:51:37.689+0000] {logging_mixin.py:190} INFO - [2026-04-02T09:51:37.689+0000] {dagbag.py:588} INFO - Filling up the DagBag from /opt/airflow/dags/hello_world.py
[2026-04-02T09:51:37.697+0000] {processor.py:925} INFO - DAG(s) 'hello_world' retrieved from /opt/airflow/dags/hello_world.py
[2026-04-02T09:51:37.720+0000] {logging_mixin.py:190} INFO - [2026-04-02T09:51:37.719+0000] {dag.py:3239} INFO - Sync 1 DAGs
[2026-04-02T09:51:37.877+0000] {logging_mixin.py:190} INFO - [2026-04-02T09:51:37.877+0000] {dag.py:4180} INFO - Setting next_dagrun for hello_world to 2026-04-02 00:00:00+00:00, run_after=2026-04-03 00:00:00+00:00
[2026-04-02T09:51:37.892+0000] {processor.py:208} INFO - Processing /opt/airflow/dags/hello_world.py took 0.211 seconds
[2026-04-02T09:52:07.977+0000] {processor.py:186} INFO - Started process (PID=2010) to work on /opt/airflow/dags/hello_world.py
[2026-04-02T09:52:07.978+0000] {processor.py:914} INFO - Processing file /opt/airflow/dags/hello_world.py for tasks to queue
[2026-04-02T09:52:07.979+0000] {logging_mixin.py:190} INFO - [2026-04-02T09:52:07.979+0000] {dagbag.py:588} INFO - Filling up the DagBag from /opt/airflow/dags/hello_world.py
[2026-04-02T09:52:07.987+0000] {processor.py:925} INFO - DAG(s) 'hello_world' retrieved from /opt/airflow/dags/hello_world.py
[2026-04-02T09:52:08.008+0000] {logging_mixin.py:190} INFO - [2026-04-02T09:52:08.008+0000] {dag.py:3239} INFO - Sync 1 DAGs
[2026-04-02T09:52:08.025+0000] {logging_mixin.py:190} INFO - [2026-04-02T09:52:08.025+0000] {dag.py:4180} INFO - Setting next_dagrun for hello_world to 2026-04-02 00:00:00+00:00, run_after=2026-04-03 00:00:00+00:00
[2026-04-02T09:52:08.039+0000] {processor.py:208} INFO - Processing /opt/airflow/dags/hello_world.py took 0.066 seconds
[2026-04-02T09:52:38.234+0000] {processor.py:186} INFO - Started process (PID=2020) to work on /opt/airflow/dags/hello_world.py
[2026-04-02T09:52:38.235+0000] {processor.py:914} INFO - Processing file /opt/airflow/dags/hello_world.py for tasks to queue
[2026-04-02T09:52:38.237+0000] {logging_mixin.py:190} INFO - [2026-04-02T09:52:38.236+0000] {dagbag.py:588} INFO - Filling up the DagBag from /opt/airflow/dags/hello_world.py
[2026-04-02T09:52:38.246+0000] {processor.py:925} INFO - DAG(s) 'hello_world' retrieved from /opt/airflow/dags/hello_world.py
[2026-04-02T09:52:38.266+0000] {logging_mixin.py:190} INFO - [2026-04-02T09:52:38.266+0000] {dag.py:3239} INFO - Sync 1 DAGs
[2026-04-02T09:52:38.283+0000] {logging_mixin.py:190} INFO - [2026-04-02T09:52:38.283+0000] {dag.py:4180} INFO - Setting next_dagrun for hello_world to 2026-04-02 00:00:00+00:00, run_after=2026-04-03 00:00:00+00:00
[2026-04-02T09:52:38.298+0000] {processor.py:208} INFO - Processing /opt/airflow/dags/hello_world.py took 0.069 seconds
[2026-04-02T09:53:08.526+0000] {processor.py:186} INFO - Started process (PID=2030) to work on /opt/airflow/dags/hello_world.py
[2026-04-02T09:53:08.526+0000] {processor.py:914} INFO - Processing file /opt/airflow/dags/hello_world.py for tasks to queue
[2026-04-02T09:53:08.528+0000] {logging_mixin.py:190} INFO - [2026-04-02T09:53:08.528+0000] {dagbag.py:588} INFO - Filling up the DagBag from /opt/airflow/dags/hello_world.py
[2026-04-02T09:53:08.536+0000] {processor.py:925} INFO - DAG(s) 'hello_world' retrieved from /opt/airflow/dags/hello_world.py
[2026-04-02T09:53:08.556+0000] {logging_mixin.py:190} INFO - [2026-04-02T09:53:08.556+0000] {dag.py:3239} INFO - Sync 1 DAGs
[2026-04-02T09:53:08.575+0000] {logging_mixin.py:190} INFO - [2026-04-02T09:53:08.575+0000] {dag.py:4180} INFO - Setting next_dagrun for hello_world to 2026-04-02 00:00:00+00:00, run_after=2026-04-03 00:00:00+00:00
[2026-04-02T09:53:08.727+0000] {processor.py:208} INFO - Processing /opt/airflow/dags/hello_world.py took 0.205 seconds
[2026-04-02T09:53:38.960+0000] {processor.py:186} INFO - Started process (PID=2040) to work on /opt/airflow/dags/hello_world.py
[2026-04-02T09:53:38.961+0000] {processor.py:914} INFO - Processing file /opt/airflow/dags/hello_world.py for tasks to queue
[2026-04-02T09:53:38.963+0000] {logging_mixin.py:190} INFO - [2026-04-02T09:53:38.963+0000] {dagbag.py:588} INFO - Filling up the DagBag from /opt/airflow/dags/hello_world.py
[2026-04-02T09:53:38.973+0000] {processor.py:925} INFO - DAG(s) 'hello_world' retrieved from /opt/airflow/dags/hello_world.py
[2026-04-02T09:53:38.995+0000] {logging_mixin.py:190} INFO - [2026-04-02T09:53:38.995+0000] {dag.py:3239} INFO - Sync 1 DAGs
[2026-04-02T09:53:39.151+0000] {logging_mixin.py:190} INFO - [2026-04-02T09:53:39.151+0000] {dag.py:4180} INFO - Setting next_dagrun for hello_world to 2026-04-02 00:00:00+00:00, run_after=2026-04-03 00:00:00+00:00
[2026-04-02T09:53:39.163+0000] {processor.py:208} INFO - Processing /opt/airflow/dags/hello_world.py took 0.208 seconds
[2026-04-02T09:54:09.265+0000] {processor.py:186} INFO - Started process (PID=2050) to work on /opt/airflow/dags/hello_world.py
[2026-04-02T09:54:09.265+0000] {processor.py:914} INFO - Processing file /opt/airflow/dags/hello_world.py for tasks to queue
[2026-04-02T09:54:09.267+0000] {logging_mixin.py:190} INFO - [2026-04-02T09:54:09.267+0000] {dagbag.py:588} INFO - Filling up the DagBag from /opt/airflow/dags/hello_world.py
[2026-04-02T09:54:09.277+0000] {processor.py:925} INFO - DAG(s) 'hello_world' retrieved from /opt/airflow/dags/hello_world.py
[2026-04-02T09:54:09.299+0000] {logging_mixin.py:190} INFO - [2026-04-02T09:54:09.299+0000] {dag.py:3239} INFO - Sync 1 DAGs
[2026-04-02T09:54:09.317+0000] {logging_mixin.py:190} INFO - [2026-04-02T09:54:09.316+0000] {dag.py:4180} INFO - Setting next_dagrun for hello_world to 2026-04-02 00:00:00+00:00, run_after=2026-04-03 00:00:00+00:00
[2026-04-02T09:54:09.331+0000] {processor.py:208} INFO - Processing /opt/airflow/dags/hello_world.py took 0.071 seconds
[2026-04-02T09:54:39.459+0000] {processor.py:186} INFO - Started process (PID=2061) to work on /opt/airflow/dags/hello_world.py
[2026-04-02T09:54:39.460+0000] {processor.py:914} INFO - Processing file /opt/airflow/dags/hello_world.py for tasks to queue
[2026-04-02T09:54:39.462+0000] {logging_mixin.py:190} INFO - [2026-04-02T09:54:39.462+0000] {dagbag.py:588} INFO - Filling up the DagBag from /opt/airflow/dags/hello_world.py
[2026-04-02T09:54:39.471+0000] {processor.py:925} INFO - DAG(s) 'hello_world' retrieved from /opt/airflow/dags/hello_world.py
[2026-04-02T09:54:39.493+0000] {logging_mixin.py:190} INFO - [2026-04-02T09:54:39.493+0000] {dag.py:3239} INFO - Sync 1 DAGs
[2026-04-02T09:54:39.512+0000] {logging_mixin.py:190} INFO - [2026-04-02T09:54:39.512+0000] {dag.py:4180} INFO - Setting next_dagrun for hello_world to 2026-04-02 00:00:00+00:00, run_after=2026-04-03 00:00:00+00:00
[2026-04-02T09:54:39.528+0000] {processor.py:208} INFO - Processing /opt/airflow/dags/hello_world.py took 0.073 seconds
[2026-04-02T09:55:09.745+0000] {processor.py:186} INFO - Started process (PID=2071) to work on /opt/airflow/dags/hello_world.py
[2026-04-02T09:55:09.746+0000] {processor.py:914} INFO - Processing file /opt/airflow/dags/hello_world.py for tasks to queue
[2026-04-02T09:55:09.748+0000] {logging_mixin.py:190} INFO - [2026-04-02T09:55:09.747+0000] {dagbag.py:588} INFO - Filling up the DagBag from /opt/airflow/dags/hello_world.py
[2026-04-02T09:55:09.756+0000] {processor.py:925} INFO - DAG(s) 'hello_world' retrieved from /opt/airflow/dags/hello_world.py
[2026-04-02T09:55:09.776+0000] {logging_mixin.py:190} INFO - [2026-04-02T09:55:09.776+0000] {dag.py:3239} INFO - Sync 1 DAGs
[2026-04-02T09:55:09.794+0000] {logging_mixin.py:190} INFO - [2026-04-02T09:55:09.794+0000] {dag.py:4180} INFO - Setting next_dagrun for hello_world to 2026-04-02 00:00:00+00:00, run_after=2026-04-03 00:00:00+00:00
[2026-04-02T09:55:09.945+0000] {processor.py:208} INFO - Processing /opt/airflow/dags/hello_world.py took 0.204 seconds
[2026-04-02T09:55:40.139+0000] {processor.py:186} INFO - Started process (PID=2081) to work on /opt/airflow/dags/hello_world.py
[2026-04-02T09:55:40.140+0000] {processor.py:914} INFO - Processing file /opt/airflow/dags/hello_world.py for tasks to queue
[2026-04-02T09:55:40.142+0000] {logging_mixin.py:190} INFO - [2026-04-02T09:55:40.142+0000] {dagbag.py:588} INFO - Filling up the DagBag from /opt/airflow/dags/hello_world.py
[2026-04-02T09:55:40.153+0000] {processor.py:925} INFO - DAG(s) 'hello_world' retrieved from /opt/airflow/dags/hello_world.py
[2026-04-02T09:55:40.176+0000] {logging_mixin.py:190} INFO - [2026-04-02T09:55:40.175+0000] {dag.py:3239} INFO - Sync 1 DAGs
[2026-04-02T09:55:40.330+0000] {logging_mixin.py:190} INFO - [2026-04-02T09:55:40.330+0000] {dag.py:4180} INFO - Setting next_dagrun for hello_world to 2026-04-02 00:00:00+00:00, run_after=2026-04-03 00:00:00+00:00
[2026-04-02T09:55:40.341+0000] {processor.py:208} INFO - Processing /opt/airflow/dags/hello_world.py took 0.207 seconds
[2026-04-02T09:56:10.570+0000] {processor.py:186} INFO - Started process (PID=2091) to work on /opt/airflow/dags/hello_world.py
[2026-04-02T09:56:10.571+0000] {processor.py:914} INFO - Processing file /opt/airflow/dags/hello_world.py for tasks to queue
[2026-04-02T09:56:10.572+0000] {logging_mixin.py:190} INFO - [2026-04-02T09:56:10.572+0000] {dagbag.py:588} INFO - Filling up the DagBag from /opt/airflow/dags/hello_world.py
[2026-04-02T09:56:10.580+0000] {processor.py:925} INFO - DAG(s) 'hello_world' retrieved from /opt/airflow/dags/hello_world.py
[2026-04-02T09:56:10.601+0000] {logging_mixin.py:190} INFO - [2026-04-02T09:56:10.601+0000] {dag.py:3239} INFO - Sync 1 DAGs
[2026-04-02T09:56:10.620+0000] {logging_mixin.py:190} INFO - [2026-04-02T09:56:10.619+0000] {dag.py:4180} INFO - Setting next_dagrun for hello_world to 2026-04-02 00:00:00+00:00, run_after=2026-04-03 00:00:00+00:00
[2026-04-02T09:56:10.634+0000] {processor.py:208} INFO - Processing /opt/airflow/dags/hello_world.py took 0.068 seconds
[2026-04-02T09:56:40.834+0000] {processor.py:186} INFO - Started process (PID=2101) to work on /opt/airflow/dags/hello_world.py
[2026-04-02T09:56:40.835+0000] {processor.py:914} INFO - Processing file /opt/airflow/dags/hello_world.py for tasks to queue
[2026-04-02T09:56:40.836+0000] {logging_mixin.py:190} INFO - [2026-04-02T09:56:40.836+0000] {dagbag.py:588} INFO - Filling up the DagBag from /opt/airflow/dags/hello_world.py
[2026-04-02T09:56:40.846+0000] {processor.py:925} INFO - DAG(s) 'hello_world' retrieved from /opt/airflow/dags/hello_world.py
[2026-04-02T09:56:40.868+0000] {logging_mixin.py:190} INFO - [2026-04-02T09:56:40.868+0000] {dag.py:3239} INFO - Sync 1 DAGs
[2026-04-02T09:56:40.886+0000] {logging_mixin.py:190} INFO - [2026-04-02T09:56:40.885+0000] {dag.py:4180} INFO - Setting next_dagrun for hello_world to 2026-04-02 00:00:00+00:00, run_after=2026-04-03 00:00:00+00:00
[2026-04-02T09:56:40.901+0000] {processor.py:208} INFO - Processing /opt/airflow/dags/hello_world.py took 0.072 seconds
[2026-04-02T09:57:11.090+0000] {processor.py:186} INFO - Started process (PID=2111) to work on /opt/airflow/dags/hello_world.py
[2026-04-02T09:57:11.090+0000] {processor.py:914} INFO - Processing file /opt/airflow/dags/hello_world.py for tasks to queue
[2026-04-02T09:57:11.092+0000] {logging_mixin.py:190} INFO - [2026-04-02T09:57:11.092+0000] {dagbag.py:588} INFO - Filling up the DagBag from /opt/airflow/dags/hello_world.py
[2026-04-02T09:57:11.100+0000] {processor.py:925} INFO - DAG(s) 'hello_world' retrieved from /opt/airflow/dags/hello_world.py
[2026-04-02T09:57:11.121+0000] {logging_mixin.py:190} INFO - [2026-04-02T09:57:11.120+0000] {dag.py:3239} INFO - Sync 1 DAGs
[2026-04-02T09:57:11.140+0000] {logging_mixin.py:190} INFO - [2026-04-02T09:57:11.139+0000] {dag.py:4180} INFO - Setting next_dagrun for hello_world to 2026-04-02 00:00:00+00:00, run_after=2026-04-03 00:00:00+00:00
[2026-04-02T09:57:11.287+0000] {processor.py:208} INFO - Processing /opt/airflow/dags/hello_world.py took 0.202 seconds
[2026-04-02T09:57:41.497+0000] {processor.py:186} INFO - Started process (PID=2121) to work on /opt/airflow/dags/hello_world.py
[2026-04-02T09:57:41.498+0000] {processor.py:914} INFO - Processing file /opt/airflow/dags/hello_world.py for tasks to queue
[2026-04-02T09:57:41.499+0000] {logging_mixin.py:190} INFO - [2026-04-02T09:57:41.499+0000] {dagbag.py:588} INFO - Filling up the DagBag from /opt/airflow/dags/hello_world.py
[2026-04-02T09:57:41.509+0000] {processor.py:925} INFO - DAG(s) 'hello_world' retrieved from /opt/airflow/dags/hello_world.py
[2026-04-02T09:57:41.535+0000] {logging_mixin.py:190} INFO - [2026-04-02T09:57:41.535+0000] {dag.py:3239} INFO - Sync 1 DAGs
[2026-04-02T09:57:41.694+0000] {logging_mixin.py:190} INFO - [2026-04-02T09:57:41.694+0000] {dag.py:4180} INFO - Setting next_dagrun for hello_world to 2026-04-02 00:00:00+00:00, run_after=2026-04-03 00:00:00+00:00
[2026-04-02T09:57:41.711+0000] {processor.py:208} INFO - Processing /opt/airflow/dags/hello_world.py took 0.219 seconds
[2026-04-02T09:58:11.932+0000] {processor.py:186} INFO - Started process (PID=2131) to work on /opt/airflow/dags/hello_world.py
[2026-04-02T09:58:11.932+0000] {processor.py:914} INFO - Processing file /opt/airflow/dags/hello_world.py for tasks to queue
[2026-04-02T09:58:11.934+0000] {logging_mixin.py:190} INFO - [2026-04-02T09:58:11.933+0000] {dagbag.py:588} INFO - Filling up the DagBag from /opt/airflow/dags/hello_world.py
[2026-04-02T09:58:11.942+0000] {processor.py:925} INFO - DAG(s) 'hello_world' retrieved from /opt/airflow/dags/hello_world.py
[2026-04-02T09:58:11.963+0000] {logging_mixin.py:190} INFO - [2026-04-02T09:58:11.962+0000] {dag.py:3239} INFO - Sync 1 DAGs
[2026-04-02T09:58:11.981+0000] {logging_mixin.py:190} INFO - [2026-04-02T09:58:11.981+0000] {dag.py:4180} INFO - Setting next_dagrun for hello_world to 2026-04-02 00:00:00+00:00, run_after=2026-04-03 00:00:00+00:00
[2026-04-02T09:58:11.996+0000] {processor.py:208} INFO - Processing /opt/airflow/dags/hello_world.py took 0.069 seconds
[2026-04-02T09:58:42.210+0000] {processor.py:186} INFO - Started process (PID=2141) to work on /opt/airflow/dags/hello_world.py
[2026-04-02T09:58:42.211+0000] {processor.py:914} INFO - Processing file /opt/airflow/dags/hello_world.py for tasks to queue
[2026-04-02T09:58:42.212+0000] {logging_mixin.py:190} INFO - [2026-04-02T09:58:42.212+0000] {dagbag.py:588} INFO - Filling up the DagBag from /opt/airflow/dags/hello_world.py
[2026-04-02T09:58:42.222+0000] {processor.py:925} INFO - DAG(s) 'hello_world' retrieved from /opt/airflow/dags/hello_world.py
[2026-04-02T09:58:42.242+0000] {logging_mixin.py:190} INFO - [2026-04-02T09:58:42.242+0000] {dag.py:3239} INFO - Sync 1 DAGs
[2026-04-02T09:58:42.260+0000] {logging_mixin.py:190} INFO - [2026-04-02T09:58:42.260+0000] {dag.py:4180} INFO - Setting next_dagrun for hello_world to 2026-04-02 00:00:00+00:00, run_after=2026-04-03 00:00:00+00:00
[2026-04-02T09:58:42.276+0000] {processor.py:208} INFO - Processing /opt/airflow/dags/hello_world.py took 0.071 seconds
[2026-04-02T09:59:12.508+0000] {processor.py:186} INFO - Started process (PID=2151) to work on /opt/airflow/dags/hello_world.py
[2026-04-02T09:59:12.509+0000] {processor.py:914} INFO - Processing file /opt/airflow/dags/hello_world.py for tasks to queue
[2026-04-02T09:59:12.510+0000] {logging_mixin.py:190} INFO - [2026-04-02T09:59:12.510+0000] {dagbag.py:588} INFO - Filling up the DagBag from /opt/airflow/dags/hello_world.py
[2026-04-02T09:59:12.519+0000] {processor.py:925} INFO - DAG(s) 'hello_world' retrieved from /opt/airflow/dags/hello_world.py
[2026-04-02T09:59:12.538+0000] {logging_mixin.py:190} INFO - [2026-04-02T09:59:12.538+0000] {dag.py:3239} INFO - Sync 1 DAGs
[2026-04-02T09:59:12.558+0000] {logging_mixin.py:190} INFO - [2026-04-02T09:59:12.557+0000] {dag.py:4180} INFO - Setting next_dagrun for hello_world to 2026-04-02 00:00:00+00:00, run_after=2026-04-03 00:00:00+00:00
[2026-04-02T09:59:12.713+0000] {processor.py:208} INFO - Processing /opt/airflow/dags/hello_world.py took 0.209 seconds
[2026-04-02T09:59:42.920+0000] {processor.py:186} INFO - Started process (PID=2161) to work on /opt/airflow/dags/hello_world.py
[2026-04-02T09:59:42.921+0000] {processor.py:914} INFO - Processing file /opt/airflow/dags/hello_world.py for tasks to queue
[2026-04-02T09:59:42.922+0000] {logging_mixin.py:190} INFO - [2026-04-02T09:59:42.922+0000] {dagbag.py:588} INFO - Filling up the DagBag from /opt/airflow/dags/hello_world.py
[2026-04-02T09:59:42.931+0000] {processor.py:925} INFO - DAG(s) 'hello_world' retrieved from /opt/airflow/dags/hello_world.py
[2026-04-02T09:59:42.953+0000] {logging_mixin.py:190} INFO - [2026-04-02T09:59:42.953+0000] {dag.py:3239} INFO - Sync 1 DAGs
[2026-04-02T09:59:43.105+0000] {logging_mixin.py:190} INFO - [2026-04-02T09:59:43.105+0000] {dag.py:4180} INFO - Setting next_dagrun for hello_world to 2026-04-02 00:00:00+00:00, run_after=2026-04-03 00:00:00+00:00
[2026-04-02T09:59:43.117+0000] {processor.py:208} INFO - Processing /opt/airflow/dags/hello_world.py took 0.201 seconds
[2026-04-02T10:00:13.303+0000] {processor.py:186} INFO - Started process (PID=2171) to work on /opt/airflow/dags/hello_world.py
[2026-04-02T10:00:13.304+0000] {processor.py:914} INFO - Processing file /opt/airflow/dags/hello_world.py for tasks to queue
[2026-04-02T10:00:13.306+0000] {logging_mixin.py:190} INFO - [2026-04-02T10:00:13.305+0000] {dagbag.py:588} INFO - Filling up the DagBag from /opt/airflow/dags/hello_world.py
[2026-04-02T10:00:13.314+0000] {processor.py:925} INFO - DAG(s) 'hello_world' retrieved from /opt/airflow/dags/hello_world.py
[2026-04-02T10:00:13.471+0000] {logging_mixin.py:190} INFO - [2026-04-02T10:00:13.470+0000] {dag.py:3239} INFO - Sync 1 DAGs
[2026-04-02T10:00:13.486+0000] {logging_mixin.py:190} INFO - [2026-04-02T10:00:13.485+0000] {dag.py:4180} INFO - Setting next_dagrun for hello_world to 2026-04-02 00:00:00+00:00, run_after=2026-04-03 00:00:00+00:00
[2026-04-02T10:00:13.497+0000] {processor.py:208} INFO - Processing /opt/airflow/dags/hello_world.py took 0.198 seconds
[2026-04-02T10:00:43.694+0000] {processor.py:186} INFO - Started process (PID=2181) to work on /opt/airflow/dags/hello_world.py
[2026-04-02T10:00:43.695+0000] {processor.py:914} INFO - Processing file /opt/airflow/dags/hello_world.py for tasks to queue
[2026-04-02T10:00:43.697+0000] {logging_mixin.py:190} INFO - [2026-04-02T10:00:43.697+0000] {dagbag.py:588} INFO - Filling up the DagBag from /opt/airflow/dags/hello_world.py
[2026-04-02T10:00:43.709+0000] {processor.py:925} INFO - DAG(s) 'hello_world' retrieved from /opt/airflow/dags/hello_world.py
[2026-04-02T10:00:43.732+0000] {logging_mixin.py:190} INFO - [2026-04-02T10:00:43.732+0000] {dag.py:3239} INFO - Sync 1 DAGs
[2026-04-02T10:00:43.751+0000] {logging_mixin.py:190} INFO - [2026-04-02T10:00:43.751+0000] {dag.py:4180} INFO - Setting next_dagrun for hello_world to 2026-04-02 00:00:00+00:00, run_after=2026-04-03 00:00:00+00:00
[2026-04-02T10:00:43.764+0000] {processor.py:208} INFO - Processing /opt/airflow/dags/hello_world.py took 0.075 seconds
[2026-04-02T10:01:13.958+0000] {processor.py:186} INFO - Started process (PID=2191) to work on /opt/airflow/dags/hello_world.py
[2026-04-02T10:01:13.958+0000] {processor.py:914} INFO - Processing file /opt/airflow/dags/hello_world.py for tasks to queue
[2026-04-02T10:01:13.960+0000] {logging_mixin.py:190} INFO - [2026-04-02T10:01:13.960+0000] {dagbag.py:588} INFO - Filling up the DagBag from /opt/airflow/dags/hello_world.py
[2026-04-02T10:01:13.968+0000] {processor.py:925} INFO - DAG(s) 'hello_world' retrieved from /opt/airflow/dags/hello_world.py
[2026-04-02T10:01:13.986+0000] {logging_mixin.py:190} INFO - [2026-04-02T10:01:13.986+0000] {dag.py:3239} INFO - Sync 1 DAGs
[2026-04-02T10:01:14.005+0000] {logging_mixin.py:190} INFO - [2026-04-02T10:01:14.005+0000] {dag.py:4180} INFO - Setting next_dagrun for hello_world to 2026-04-02 00:00:00+00:00, run_after=2026-04-03 00:00:00+00:00
[2026-04-02T10:01:14.155+0000] {processor.py:208} INFO - Processing /opt/airflow/dags/hello_world.py took 0.201 seconds
[2026-04-02T10:01:44.362+0000] {processor.py:186} INFO - Started process (PID=2201) to work on /opt/airflow/dags/hello_world.py
[2026-04-02T10:01:44.363+0000] {processor.py:914} INFO - Processing file /opt/airflow/dags/hello_world.py for tasks to queue
[2026-04-02T10:01:44.364+0000] {logging_mixin.py:190} INFO - [2026-04-02T10:01:44.364+0000] {dagbag.py:588} INFO - Filling up the DagBag from /opt/airflow/dags/hello_world.py
[2026-04-02T10:01:44.373+0000] {processor.py:925} INFO - DAG(s) 'hello_world' retrieved from /opt/airflow/dags/hello_world.py
[2026-04-02T10:01:44.394+0000] {logging_mixin.py:190} INFO - [2026-04-02T10:01:44.394+0000] {dag.py:3239} INFO - Sync 1 DAGs
[2026-04-02T10:01:44.544+0000] {logging_mixin.py:190} INFO - [2026-04-02T10:01:44.544+0000] {dag.py:4180} INFO - Setting next_dagrun for hello_world to 2026-04-02 00:00:00+00:00, run_after=2026-04-03 00:00:00+00:00
[2026-04-02T10:01:44.557+0000] {processor.py:208} INFO - Processing /opt/airflow/dags/hello_world.py took 0.199 seconds
[2026-04-02T10:02:14.757+0000] {processor.py:186} INFO - Started process (PID=2211) to work on /opt/airflow/dags/hello_world.py
[2026-04-02T10:02:14.758+0000] {processor.py:914} INFO - Processing file /opt/airflow/dags/hello_world.py for tasks to queue
[2026-04-02T10:02:14.760+0000] {logging_mixin.py:190} INFO - [2026-04-02T10:02:14.759+0000] {dagbag.py:588} INFO - Filling up the DagBag from /opt/airflow/dags/hello_world.py
[2026-04-02T10:02:14.768+0000] {processor.py:925} INFO - DAG(s) 'hello_world' retrieved from /opt/airflow/dags/hello_world.py
[2026-04-02T10:02:14.926+0000] {logging_mixin.py:190} INFO - [2026-04-02T10:02:14.926+0000] {dag.py:3239} INFO - Sync 1 DAGs
[2026-04-02T10:02:14.943+0000] {logging_mixin.py:190} INFO - [2026-04-02T10:02:14.943+0000] {dag.py:4180} INFO - Setting next_dagrun for hello_world to 2026-04-02 00:00:00+00:00, run_after=2026-04-03 00:00:00+00:00
[2026-04-02T10:02:14.957+0000] {processor.py:208} INFO - Processing /opt/airflow/dags/hello_world.py took 0.205 seconds
[2026-04-02T10:02:45.172+0000] {processor.py:186} INFO - Started process (PID=2221) to work on /opt/airflow/dags/hello_world.py
[2026-04-02T10:02:45.173+0000] {processor.py:914} INFO - Processing file /opt/airflow/dags/hello_world.py for tasks to queue
[2026-04-02T10:02:45.175+0000] {logging_mixin.py:190} INFO - [2026-04-02T10:02:45.175+0000] {dagbag.py:588} INFO - Filling up the DagBag from /opt/airflow/dags/hello_world.py
[2026-04-02T10:02:45.187+0000] {processor.py:925} INFO - DAG(s) 'hello_world' retrieved from /opt/airflow/dags/hello_world.py
[2026-04-02T10:02:45.216+0000] {logging_mixin.py:190} INFO - [2026-04-02T10:02:45.216+0000] {dag.py:3239} INFO - Sync 1 DAGs
[2026-04-02T10:02:45.247+0000] {logging_mixin.py:190} INFO - [2026-04-02T10:02:45.247+0000] {dag.py:4180} INFO - Setting next_dagrun for hello_world to 2026-04-02 00:00:00+00:00, run_after=2026-04-03 00:00:00+00:00
[2026-04-02T10:02:45.265+0000] {processor.py:208} INFO - Processing /opt/airflow/dags/hello_world.py took 0.098 seconds
[2026-04-02T10:03:15.461+0000] {processor.py:186} INFO - Started process (PID=2231) to work on /opt/airflow/dags/hello_world.py
[2026-04-02T10:03:15.462+0000] {processor.py:914} INFO - Processing file /opt/airflow/dags/hello_world.py for tasks to queue
[2026-04-02T10:03:15.464+0000] {logging_mixin.py:190} INFO - [2026-04-02T10:03:15.464+0000] {dagbag.py:588} INFO - Filling up the DagBag from /opt/airflow/dags/hello_world.py
[2026-04-02T10:03:15.472+0000] {processor.py:925} INFO - DAG(s) 'hello_world' retrieved from /opt/airflow/dags/hello_world.py
[2026-04-02T10:03:15.491+0000] {logging_mixin.py:190} INFO - [2026-04-02T10:03:15.491+0000] {dag.py:3239} INFO - Sync 1 DAGs
[2026-04-02T10:03:15.508+0000] {logging_mixin.py:190} INFO - [2026-04-02T10:03:15.508+0000] {dag.py:4180} INFO - Setting next_dagrun for hello_world to 2026-04-02 00:00:00+00:00, run_after=2026-04-03 00:00:00+00:00
[2026-04-02T10:03:15.656+0000] {processor.py:208} INFO - Processing /opt/airflow/dags/hello_world.py took 0.199 seconds
[2026-04-02T10:03:45.840+0000] {processor.py:186} INFO - Started process (PID=2241) to work on /opt/airflow/dags/hello_world.py
[2026-04-02T10:03:45.841+0000] {processor.py:914} INFO - Processing file /opt/airflow/dags/hello_world.py for tasks to queue
[2026-04-02T10:03:45.843+0000] {logging_mixin.py:190} INFO - [2026-04-02T10:03:45.843+0000] {dagbag.py:588} INFO - Filling up the DagBag from /opt/airflow/dags/hello_world.py
[2026-04-02T10:03:45.852+0000] {processor.py:925} INFO - DAG(s) 'hello_world' retrieved from /opt/airflow/dags/hello_world.py
[2026-04-02T10:03:45.874+0000] {logging_mixin.py:190} INFO - [2026-04-02T10:03:45.874+0000] {dag.py:3239} INFO - Sync 1 DAGs
[2026-04-02T10:03:46.028+0000] {logging_mixin.py:190} INFO - [2026-04-02T10:03:46.028+0000] {dag.py:4180} INFO - Setting next_dagrun for hello_world to 2026-04-02 00:00:00+00:00, run_after=2026-04-03 00:00:00+00:00
[2026-04-02T10:03:46.041+0000] {processor.py:208} INFO - Processing /opt/airflow/dags/hello_world.py took 0.205 seconds
[2026-04-02T10:04:16.221+0000] {processor.py:186} INFO - Started process (PID=2251) to work on /opt/airflow/dags/hello_world.py
[2026-04-02T10:04:16.222+0000] {processor.py:914} INFO - Processing file /opt/airflow/dags/hello_world.py for tasks to queue
[2026-04-02T10:04:16.224+0000] {logging_mixin.py:190} INFO - [2026-04-02T10:04:16.224+0000] {dagbag.py:588} INFO - Filling up the DagBag from /opt/airflow/dags/hello_world.py
[2026-04-02T10:04:16.233+0000] {processor.py:925} INFO - DAG(s) 'hello_world' retrieved from /opt/airflow/dags/hello_world.py
[2026-04-02T10:04:16.394+0000] {logging_mixin.py:190} INFO - [2026-04-02T10:04:16.394+0000] {dag.py:3239} INFO - Sync 1 DAGs
[2026-04-02T10:04:16.409+0000] {logging_mixin.py:190} INFO - [2026-04-02T10:04:16.409+0000] {dag.py:4180} INFO - Setting next_dagrun for hello_world to 2026-04-02 00:00:00+00:00, run_after=2026-04-03 00:00:00+00:00
[2026-04-02T10:04:16.422+0000] {processor.py:208} INFO - Processing /opt/airflow/dags/hello_world.py took 0.206 seconds
[2026-04-02T10:04:46.549+0000] {processor.py:186} INFO - Started process (PID=2261) to work on /opt/airflow/dags/hello_world.py
[2026-04-02T10:04:46.549+0000] {processor.py:914} INFO - Processing file /opt/airflow/dags/hello_world.py for tasks to queue
[2026-04-02T10:04:46.551+0000] {logging_mixin.py:190} INFO - [2026-04-02T10:04:46.551+0000] {dagbag.py:588} INFO - Filling up the DagBag from /opt/airflow/dags/hello_world.py
[2026-04-02T10:04:46.560+0000] {processor.py:925} INFO - DAG(s) 'hello_world' retrieved from /opt/airflow/dags/hello_world.py
[2026-04-02T10:04:46.580+0000] {logging_mixin.py:190} INFO - [2026-04-02T10:04:46.579+0000] {dag.py:3239} INFO - Sync 1 DAGs
[2026-04-02T10:04:46.596+0000] {logging_mixin.py:190} INFO - [2026-04-02T10:04:46.595+0000] {dag.py:4180} INFO - Setting next_dagrun for hello_world to 2026-04-02 00:00:00+00:00, run_after=2026-04-03 00:00:00+00:00
[2026-04-02T10:04:46.609+0000] {processor.py:208} INFO - Processing /opt/airflow/dags/hello_world.py took 0.065 seconds
[2026-04-02T10:05:16.858+0000] {processor.py:186} INFO - Started process (PID=2271) to work on /opt/airflow/dags/hello_world.py
[2026-04-02T10:05:16.859+0000] {processor.py:914} INFO - Processing file /opt/airflow/dags/hello_world.py for tasks to queue
[2026-04-02T10:05:16.860+0000] {logging_mixin.py:190} INFO - [2026-04-02T10:05:16.860+0000] {dagbag.py:588} INFO - Filling up the DagBag from /opt/airflow/dags/hello_world.py
[2026-04-02T10:05:16.869+0000] {processor.py:925} INFO - DAG(s) 'hello_world' retrieved from /opt/airflow/dags/hello_world.py
[2026-04-02T10:05:16.890+0000] {logging_mixin.py:190} INFO - [2026-04-02T10:05:16.890+0000] {dag.py:3239} INFO - Sync 1 DAGs
[2026-04-02T10:05:16.907+0000] {logging_mixin.py:190} INFO - [2026-04-02T10:05:16.907+0000] {dag.py:4180} INFO - Setting next_dagrun for hello_world to 2026-04-02 00:00:00+00:00, run_after=2026-04-03 00:00:00+00:00
[2026-04-02T10:05:17.056+0000] {processor.py:208} INFO - Processing /opt/airflow/dags/hello_world.py took 0.203 seconds
[2026-04-02T10:05:47.285+0000] {processor.py:186} INFO - Started process (PID=2281) to work on /opt/airflow/dags/hello_world.py
[2026-04-02T10:05:47.286+0000] {processor.py:914} INFO - Processing file /opt/airflow/dags/hello_world.py for tasks to queue
[2026-04-02T10:05:47.288+0000] {logging_mixin.py:190} INFO - [2026-04-02T10:05:47.288+0000] {dagbag.py:588} INFO - Filling up the DagBag from /opt/airflow/dags/hello_world.py
[2026-04-02T10:05:47.300+0000] {processor.py:925} INFO - DAG(s) 'hello_world' retrieved from /opt/airflow/dags/hello_world.py
[2026-04-02T10:05:47.325+0000] {logging_mixin.py:190} INFO - [2026-04-02T10:05:47.324+0000] {dag.py:3239} INFO - Sync 1 DAGs
[2026-04-02T10:05:47.488+0000] {logging_mixin.py:190} INFO - [2026-04-02T10:05:47.487+0000] {dag.py:4180} INFO - Setting next_dagrun for hello_world to 2026-04-02 00:00:00+00:00, run_after=2026-04-03 00:00:00+00:00
[2026-04-02T10:05:47.503+0000] {processor.py:208} INFO - Processing /opt/airflow/dags/hello_world.py took 0.222 seconds
[2026-04-02T10:06:17.708+0000] {processor.py:186} INFO - Started process (PID=2291) to work on /opt/airflow/dags/hello_world.py
[2026-04-02T10:06:17.709+0000] {processor.py:914} INFO - Processing file /opt/airflow/dags/hello_world.py for tasks to queue
[2026-04-02T10:06:17.711+0000] {logging_mixin.py:190} INFO - [2026-04-02T10:06:17.711+0000] {dagbag.py:588} INFO - Filling up the DagBag from /opt/airflow/dags/hello_world.py
[2026-04-02T10:06:17.719+0000] {processor.py:925} INFO - DAG(s) 'hello_world' retrieved from /opt/airflow/dags/hello_world.py
[2026-04-02T10:06:17.883+0000] {logging_mixin.py:190} INFO - [2026-04-02T10:06:17.883+0000] {dag.py:3239} INFO - Sync 1 DAGs
[2026-04-02T10:06:17.898+0000] {logging_mixin.py:190} INFO - [2026-04-02T10:06:17.898+0000] {dag.py:4180} INFO - Setting next_dagrun for hello_world to 2026-04-02 00:00:00+00:00, run_after=2026-04-03 00:00:00+00:00
[2026-04-02T10:06:17.914+0000] {processor.py:208} INFO - Processing /opt/airflow/dags/hello_world.py took 0.210 seconds
[2026-04-02T10:06:48.156+0000] {processor.py:186} INFO - Started process (PID=2301) to work on /opt/airflow/dags/hello_world.py
[2026-04-02T10:06:48.157+0000] {processor.py:914} INFO - Processing file /opt/airflow/dags/hello_world.py for tasks to queue
[2026-04-02T10:06:48.159+0000] {logging_mixin.py:190} INFO - [2026-04-02T10:06:48.159+0000] {dagbag.py:588} INFO - Filling up the DagBag from /opt/airflow/dags/hello_world.py
[2026-04-02T10:06:48.171+0000] {processor.py:925} INFO - DAG(s) 'hello_world' retrieved from /opt/airflow/dags/hello_world.py
[2026-04-02T10:06:48.197+0000] {logging_mixin.py:190} INFO - [2026-04-02T10:06:48.197+0000] {dag.py:3239} INFO - Sync 1 DAGs
[2026-04-02T10:06:48.219+0000] {logging_mixin.py:190} INFO - [2026-04-02T10:06:48.219+0000] {dag.py:4180} INFO - Setting next_dagrun for hello_world to 2026-04-02 00:00:00+00:00, run_after=2026-04-03 00:00:00+00:00
[2026-04-02T10:06:48.234+0000] {processor.py:208} INFO - Processing /opt/airflow/dags/hello_world.py took 0.084 seconds
[2026-04-02T10:07:18.418+0000] {processor.py:186} INFO - Started process (PID=2311) to work on /opt/airflow/dags/hello_world.py
[2026-04-02T10:07:18.419+0000] {processor.py:914} INFO - Processing file /opt/airflow/dags/hello_world.py for tasks to queue
[2026-04-02T10:07:18.421+0000] {logging_mixin.py:190} INFO - [2026-04-02T10:07:18.421+0000] {dagbag.py:588} INFO - Filling up the DagBag from /opt/airflow/dags/hello_world.py
[2026-04-02T10:07:18.429+0000] {processor.py:925} INFO - DAG(s) 'hello_world' retrieved from /opt/airflow/dags/hello_world.py
[2026-04-02T10:07:18.451+0000] {logging_mixin.py:190} INFO - [2026-04-02T10:07:18.451+0000] {dag.py:3239} INFO - Sync 1 DAGs
[2026-04-02T10:07:18.472+0000] {logging_mixin.py:190} INFO - [2026-04-02T10:07:18.472+0000] {dag.py:4180} INFO - Setting next_dagrun for hello_world to 2026-04-02 00:00:00+00:00, run_after=2026-04-03 00:00:00+00:00
[2026-04-02T10:07:18.484+0000] {processor.py:208} INFO - Processing /opt/airflow/dags/hello_world.py took 0.071 seconds
[2026-04-02T10:07:48.673+0000] {processor.py:186} INFO - Started process (PID=2321) to work on /opt/airflow/dags/hello_world.py
[2026-04-02T10:07:48.674+0000] {processor.py:914} INFO - Processing file /opt/airflow/dags/hello_world.py for tasks to queue
[2026-04-02T10:07:48.676+0000] {logging_mixin.py:190} INFO - [2026-04-02T10:07:48.676+0000] {dagbag.py:588} INFO - Filling up the DagBag from /opt/airflow/dags/hello_world.py
[2026-04-02T10:07:48.685+0000] {processor.py:925} INFO - DAG(s) 'hello_world' retrieved from /opt/airflow/dags/hello_world.py
[2026-04-02T10:07:48.707+0000] {logging_mixin.py:190} INFO - [2026-04-02T10:07:48.707+0000] {dag.py:3239} INFO - Sync 1 DAGs
[2026-04-02T10:07:48.726+0000] {logging_mixin.py:190} INFO - [2026-04-02T10:07:48.726+0000] {dag.py:4180} INFO - Setting next_dagrun for hello_world to 2026-04-02 00:00:00+00:00, run_after=2026-04-03 00:00:00+00:00
[2026-04-02T10:07:48.740+0000] {processor.py:208} INFO - Processing /opt/airflow/dags/hello_world.py took 0.072 seconds
[2026-04-02T10:08:18.912+0000] {processor.py:186} INFO - Started process (PID=2331) to work on /opt/airflow/dags/hello_world.py
[2026-04-02T10:08:18.912+0000] {processor.py:914} INFO - Processing file /opt/airflow/dags/hello_world.py for tasks to queue
[2026-04-02T10:08:18.914+0000] {logging_mixin.py:190} INFO - [2026-04-02T10:08:18.914+0000] {dagbag.py:588} INFO - Filling up the DagBag from /opt/airflow/dags/hello_world.py
[2026-04-02T10:08:18.923+0000] {processor.py:925} INFO - DAG(s) 'hello_world' retrieved from /opt/airflow/dags/hello_world.py
[2026-04-02T10:08:18.946+0000] {logging_mixin.py:190} INFO - [2026-04-02T10:08:18.946+0000] {dag.py:3239} INFO - Sync 1 DAGs
[2026-04-02T10:08:18.964+0000] {logging_mixin.py:190} INFO - [2026-04-02T10:08:18.964+0000] {dag.py:4180} INFO - Setting next_dagrun for hello_world to 2026-04-02 00:00:00+00:00, run_after=2026-04-03 00:00:00+00:00
[2026-04-02T10:08:18.978+0000] {processor.py:208} INFO - Processing /opt/airflow/dags/hello_world.py took 0.070 seconds
[2026-04-02T10:08:49.175+0000] {processor.py:186} INFO - Started process (PID=2341) to work on /opt/airflow/dags/hello_world.py
[2026-04-02T10:08:49.176+0000] {processor.py:914} INFO - Processing file /opt/airflow/dags/hello_world.py for tasks to queue
[2026-04-02T10:08:49.178+0000] {logging_mixin.py:190} INFO - [2026-04-02T10:08:49.178+0000] {dagbag.py:588} INFO - Filling up the DagBag from /opt/airflow/dags/hello_world.py
[2026-04-02T10:08:49.190+0000] {processor.py:925} INFO - DAG(s) 'hello_world' retrieved from /opt/airflow/dags/hello_world.py
[2026-04-02T10:08:49.213+0000] {logging_mixin.py:190} INFO - [2026-04-02T10:08:49.213+0000] {dag.py:3239} INFO - Sync 1 DAGs
[2026-04-02T10:08:49.232+0000] {logging_mixin.py:190} INFO - [2026-04-02T10:08:49.232+0000] {dag.py:4180} INFO - Setting next_dagrun for hello_world to 2026-04-02 00:00:00+00:00, run_after=2026-04-03 00:00:00+00:00
[2026-04-02T10:08:49.245+0000] {processor.py:208} INFO - Processing /opt/airflow/dags/hello_world.py took 0.075 seconds
[2026-04-02T10:09:19.430+0000] {processor.py:186} INFO - Started process (PID=2351) to work on /opt/airflow/dags/hello_world.py
[2026-04-02T10:09:19.430+0000] {processor.py:914} INFO - Processing file /opt/airflow/dags/hello_world.py for tasks to queue
[2026-04-02T10:09:19.432+0000] {logging_mixin.py:190} INFO - [2026-04-02T10:09:19.432+0000] {dagbag.py:588} INFO - Filling up the DagBag from /opt/airflow/dags/hello_world.py
[2026-04-02T10:09:19.441+0000] {processor.py:925} INFO - DAG(s) 'hello_world' retrieved from /opt/airflow/dags/hello_world.py
[2026-04-02T10:09:19.461+0000] {logging_mixin.py:190} INFO - [2026-04-02T10:09:19.460+0000] {dag.py:3239} INFO - Sync 1 DAGs
[2026-04-02T10:09:19.479+0000] {logging_mixin.py:190} INFO - [2026-04-02T10:09:19.478+0000] {dag.py:4180} INFO - Setting next_dagrun for hello_world to 2026-04-02 00:00:00+00:00, run_after=2026-04-03 00:00:00+00:00
[2026-04-02T10:09:19.492+0000] {processor.py:208} INFO - Processing /opt/airflow/dags/hello_world.py took 0.067 seconds
[2026-04-02T10:09:49.700+0000] {processor.py:186} INFO - Started process (PID=2361) to work on /opt/airflow/dags/hello_world.py
[2026-04-02T10:09:49.701+0000] {processor.py:914} INFO - Processing file /opt/airflow/dags/hello_world.py for tasks to queue
[2026-04-02T10:09:49.704+0000] {logging_mixin.py:190} INFO - [2026-04-02T10:09:49.704+0000] {dagbag.py:588} INFO - Filling up the DagBag from /opt/airflow/dags/hello_world.py
[2026-04-02T10:09:49.715+0000] {processor.py:925} INFO - DAG(s) 'hello_world' retrieved from /opt/airflow/dags/hello_world.py
[2026-04-02T10:09:49.737+0000] {logging_mixin.py:190} INFO - [2026-04-02T10:09:49.737+0000] {dag.py:3239} INFO - Sync 1 DAGs
[2026-04-02T10:09:49.755+0000] {logging_mixin.py:190} INFO - [2026-04-02T10:09:49.755+0000] {dag.py:4180} INFO - Setting next_dagrun for hello_world to 2026-04-02 00:00:00+00:00, run_after=2026-04-03 00:00:00+00:00
[2026-04-02T10:09:49.770+0000] {processor.py:208} INFO - Processing /opt/airflow/dags/hello_world.py took 0.074 seconds
[2026-04-02T10:10:19.973+0000] {processor.py:186} INFO - Started process (PID=2371) to work on /opt/airflow/dags/hello_world.py
[2026-04-02T10:10:19.974+0000] {processor.py:914} INFO - Processing file /opt/airflow/dags/hello_world.py for tasks to queue
[2026-04-02T10:10:19.976+0000] {logging_mixin.py:190} INFO - [2026-04-02T10:10:19.975+0000] {dagbag.py:588} INFO - Filling up the DagBag from /opt/airflow/dags/hello_world.py
[2026-04-02T10:10:19.984+0000] {processor.py:925} INFO - DAG(s) 'hello_world' retrieved from /opt/airflow/dags/hello_world.py
[2026-04-02T10:10:20.006+0000] {logging_mixin.py:190} INFO - [2026-04-02T10:10:20.005+0000] {dag.py:3239} INFO - Sync 1 DAGs
[2026-04-02T10:10:20.023+0000] {logging_mixin.py:190} INFO - [2026-04-02T10:10:20.023+0000] {dag.py:4180} INFO - Setting next_dagrun for hello_world to 2026-04-02 00:00:00+00:00, run_after=2026-04-03 00:00:00+00:00
[2026-04-02T10:10:20.038+0000] {processor.py:208} INFO - Processing /opt/airflow/dags/hello_world.py took 0.069 seconds
[2026-04-02T10:10:50.247+0000] {processor.py:186} INFO - Started process (PID=2381) to work on /opt/airflow/dags/hello_world.py
[2026-04-02T10:10:50.248+0000] {processor.py:914} INFO - Processing file /opt/airflow/dags/hello_world.py for tasks to queue
[2026-04-02T10:10:50.250+0000] {logging_mixin.py:190} INFO - [2026-04-02T10:10:50.250+0000] {dagbag.py:588} INFO - Filling up the DagBag from /opt/airflow/dags/hello_world.py
[2026-04-02T10:10:50.260+0000] {processor.py:925} INFO - DAG(s) 'hello_world' retrieved from /opt/airflow/dags/hello_world.py
[2026-04-02T10:10:50.284+0000] {logging_mixin.py:190} INFO - [2026-04-02T10:10:50.284+0000] {dag.py:3239} INFO - Sync 1 DAGs
[2026-04-02T10:10:50.303+0000] {logging_mixin.py:190} INFO - [2026-04-02T10:10:50.303+0000] {dag.py:4180} INFO - Setting next_dagrun for hello_world to 2026-04-02 00:00:00+00:00, run_after=2026-04-03 00:00:00+00:00
[2026-04-02T10:10:50.316+0000] {processor.py:208} INFO - Processing /opt/airflow/dags/hello_world.py took 0.074 seconds
[2026-04-02T10:11:20.546+0000] {processor.py:186} INFO - Started process (PID=2391) to work on /opt/airflow/dags/hello_world.py
[2026-04-02T10:11:20.547+0000] {processor.py:914} INFO - Processing file /opt/airflow/dags/hello_world.py for tasks to queue
[2026-04-02T10:11:20.549+0000] {logging_mixin.py:190} INFO - [2026-04-02T10:11:20.549+0000] {dagbag.py:588} INFO - Filling up the DagBag from /opt/airflow/dags/hello_world.py
[2026-04-02T10:11:20.564+0000] {processor.py:925} INFO - DAG(s) 'hello_world' retrieved from /opt/airflow/dags/hello_world.py
[2026-04-02T10:11:20.606+0000] {logging_mixin.py:190} INFO - [2026-04-02T10:11:20.606+0000] {dag.py:3239} INFO - Sync 1 DAGs
[2026-04-02T10:11:20.632+0000] {logging_mixin.py:190} INFO - [2026-04-02T10:11:20.632+0000] {dag.py:4180} INFO - Setting next_dagrun for hello_world to 2026-04-02 00:00:00+00:00, run_after=2026-04-03 00:00:00+00:00
[2026-04-02T10:11:20.647+0000] {processor.py:208} INFO - Processing /opt/airflow/dags/hello_world.py took 0.106 seconds
[2026-04-02T10:11:50.852+0000] {processor.py:186} INFO - Started process (PID=2401) to work on /opt/airflow/dags/hello_world.py
[2026-04-02T10:11:50.853+0000] {processor.py:914} INFO - Processing file /opt/airflow/dags/hello_world.py for tasks to queue
[2026-04-02T10:11:50.855+0000] {logging_mixin.py:190} INFO - [2026-04-02T10:11:50.854+0000] {dagbag.py:588} INFO - Filling up the DagBag from /opt/airflow/dags/hello_world.py
[2026-04-02T10:11:50.863+0000] {processor.py:925} INFO - DAG(s) 'hello_world' retrieved from /opt/airflow/dags/hello_world.py
[2026-04-02T10:11:50.884+0000] {logging_mixin.py:190} INFO - [2026-04-02T10:11:50.883+0000] {dag.py:3239} INFO - Sync 1 DAGs
[2026-04-02T10:11:50.902+0000] {logging_mixin.py:190} INFO - [2026-04-02T10:11:50.902+0000] {dag.py:4180} INFO - Setting next_dagrun for hello_world to 2026-04-02 00:00:00+00:00, run_after=2026-04-03 00:00:00+00:00
[2026-04-02T10:11:50.916+0000] {processor.py:208} INFO - Processing /opt/airflow/dags/hello_world.py took 0.069 seconds
[2026-04-02T10:12:21.124+0000] {processor.py:186} INFO - Started process (PID=2411) to work on /opt/airflow/dags/hello_world.py
[2026-04-02T10:12:21.125+0000] {processor.py:914} INFO - Processing file /opt/airflow/dags/hello_world.py for tasks to queue
[2026-04-02T10:12:21.127+0000] {logging_mixin.py:190} INFO - [2026-04-02T10:12:21.127+0000] {dagbag.py:588} INFO - Filling up the DagBag from /opt/airflow/dags/hello_world.py
[2026-04-02T10:12:21.143+0000] {processor.py:925} INFO - DAG(s) 'hello_world' retrieved from /opt/airflow/dags/hello_world.py
[2026-04-02T10:12:21.169+0000] {logging_mixin.py:190} INFO - [2026-04-02T10:12:21.169+0000] {dag.py:3239} INFO - Sync 1 DAGs
[2026-04-02T10:12:21.188+0000] {logging_mixin.py:190} INFO - [2026-04-02T10:12:21.188+0000] {dag.py:4180} INFO - Setting next_dagrun for hello_world to 2026-04-02 00:00:00+00:00, run_after=2026-04-03 00:00:00+00:00
[2026-04-02T10:12:21.206+0000] {processor.py:208} INFO - Processing /opt/airflow/dags/hello_world.py took 0.088 seconds
[2026-04-02T10:12:51.418+0000] {processor.py:186} INFO - Started process (PID=2421) to work on /opt/airflow/dags/hello_world.py
[2026-04-02T10:12:51.419+0000] {processor.py:914} INFO - Processing file /opt/airflow/dags/hello_world.py for tasks to queue
[2026-04-02T10:12:51.422+0000] {logging_mixin.py:190} INFO - [2026-04-02T10:12:51.421+0000] {dagbag.py:588} INFO - Filling up the DagBag from /opt/airflow/dags/hello_world.py
[2026-04-02T10:12:51.431+0000] {processor.py:925} INFO - DAG(s) 'hello_world' retrieved from /opt/airflow/dags/hello_world.py
[2026-04-02T10:12:51.454+0000] {logging_mixin.py:190} INFO - [2026-04-02T10:12:51.454+0000] {dag.py:3239} INFO - Sync 1 DAGs
[2026-04-02T10:12:51.472+0000] {logging_mixin.py:190} INFO - [2026-04-02T10:12:51.472+0000] {dag.py:4180} INFO - Setting next_dagrun for hello_world to 2026-04-02 00:00:00+00:00, run_after=2026-04-03 00:00:00+00:00
[2026-04-02T10:12:51.487+0000] {processor.py:208} INFO - Processing /opt/airflow/dags/hello_world.py took 0.073 seconds
[2026-04-02T10:13:21.705+0000] {processor.py:186} INFO - Started process (PID=2431) to work on /opt/airflow/dags/hello_world.py
[2026-04-02T10:13:21.706+0000] {processor.py:914} INFO - Processing file /opt/airflow/dags/hello_world.py for tasks to queue
[2026-04-02T10:13:21.709+0000] {logging_mixin.py:190} INFO - [2026-04-02T10:13:21.708+0000] {dagbag.py:588} INFO - Filling up the DagBag from /opt/airflow/dags/hello_world.py
[2026-04-02T10:13:21.719+0000] {processor.py:925} INFO - DAG(s) 'hello_world' retrieved from /opt/airflow/dags/hello_world.py
[2026-04-02T10:13:21.742+0000] {logging_mixin.py:190} INFO - [2026-04-02T10:13:21.741+0000] {dag.py:3239} INFO - Sync 1 DAGs
[2026-04-02T10:13:21.761+0000] {logging_mixin.py:190} INFO - [2026-04-02T10:13:21.761+0000] {dag.py:4180} INFO - Setting next_dagrun for hello_world to 2026-04-02 00:00:00+00:00, run_after=2026-04-03 00:00:00+00:00
[2026-04-02T10:13:21.777+0000] {processor.py:208} INFO - Processing /opt/airflow/dags/hello_world.py took 0.076 seconds
[2026-04-02T10:13:51.996+0000] {processor.py:186} INFO - Started process (PID=2441) to work on /opt/airflow/dags/hello_world.py
[2026-04-02T10:13:51.997+0000] {processor.py:914} INFO - Processing file /opt/airflow/dags/hello_world.py for tasks to queue
[2026-04-02T10:13:51.999+0000] {logging_mixin.py:190} INFO - [2026-04-02T10:13:51.999+0000] {dagbag.py:588} INFO - Filling up the DagBag from /opt/airflow/dags/hello_world.py
[2026-04-02T10:13:52.008+0000] {processor.py:925} INFO - DAG(s) 'hello_world' retrieved from /opt/airflow/dags/hello_world.py
[2026-04-02T10:13:52.030+0000] {logging_mixin.py:190} INFO - [2026-04-02T10:13:52.030+0000] {dag.py:3239} INFO - Sync 1 DAGs
[2026-04-02T10:13:52.049+0000] {logging_mixin.py:190} INFO - [2026-04-02T10:13:52.049+0000] {dag.py:4180} INFO - Setting next_dagrun for hello_world to 2026-04-02 00:00:00+00:00, run_after=2026-04-03 00:00:00+00:00
[2026-04-02T10:13:52.064+0000] {processor.py:208} INFO - Processing /opt/airflow/dags/hello_world.py took 0.072 seconds
[2026-04-02T10:14:22.284+0000] {processor.py:186} INFO - Started process (PID=2451) to work on /opt/airflow/dags/hello_world.py
[2026-04-02T10:14:22.285+0000] {processor.py:914} INFO - Processing file /opt/airflow/dags/hello_world.py for tasks to queue
[2026-04-02T10:14:22.287+0000] {logging_mixin.py:190} INFO - [2026-04-02T10:14:22.287+0000] {dagbag.py:588} INFO - Filling up the DagBag from /opt/airflow/dags/hello_world.py
[2026-04-02T10:14:22.302+0000] {processor.py:925} INFO - DAG(s) 'hello_world' retrieved from /opt/airflow/dags/hello_world.py
[2026-04-02T10:14:22.327+0000] {logging_mixin.py:190} INFO - [2026-04-02T10:14:22.327+0000] {dag.py:3239} INFO - Sync 1 DAGs
[2026-04-02T10:14:22.350+0000] {logging_mixin.py:190} INFO - [2026-04-02T10:14:22.349+0000] {dag.py:4180} INFO - Setting next_dagrun for hello_world to 2026-04-02 00:00:00+00:00, run_after=2026-04-03 00:00:00+00:00
[2026-04-02T10:14:22.366+0000] {processor.py:208} INFO - Processing /opt/airflow/dags/hello_world.py took 0.087 seconds
[2026-04-02T10:14:52.628+0000] {processor.py:186} INFO - Started process (PID=2461) to work on /opt/airflow/dags/hello_world.py
[2026-04-02T10:14:52.645+0000] {processor.py:914} INFO - Processing file /opt/airflow/dags/hello_world.py for tasks to queue
[2026-04-02T10:14:52.647+0000] {logging_mixin.py:190} INFO - [2026-04-02T10:14:52.647+0000] {dagbag.py:588} INFO - Filling up the DagBag from /opt/airflow/dags/hello_world.py
[2026-04-02T10:14:52.656+0000] {processor.py:925} INFO - DAG(s) 'hello_world' retrieved from /opt/airflow/dags/hello_world.py
[2026-04-02T10:14:52.680+0000] {logging_mixin.py:190} INFO - [2026-04-02T10:14:52.680+0000] {dag.py:3239} INFO - Sync 1 DAGs
[2026-04-02T10:14:52.700+0000] {logging_mixin.py:190} INFO - [2026-04-02T10:14:52.700+0000] {dag.py:4180} INFO - Setting next_dagrun for hello_world to 2026-04-02 00:00:00+00:00, run_after=2026-04-03 00:00:00+00:00
[2026-04-02T10:14:52.716+0000] {processor.py:208} INFO - Processing /opt/airflow/dags/hello_world.py took 0.092 seconds
[2026-04-02T10:15:22.934+0000] {processor.py:186} INFO - Started process (PID=2471) to work on /opt/airflow/dags/hello_world.py
[2026-04-02T10:15:22.935+0000] {processor.py:914} INFO - Processing file /opt/airflow/dags/hello_world.py for tasks to queue
[2026-04-02T10:15:22.936+0000] {logging_mixin.py:190} INFO - [2026-04-02T10:15:22.936+0000] {dagbag.py:588} INFO - Filling up the DagBag from /opt/airflow/dags/hello_world.py
[2026-04-02T10:15:22.945+0000] {processor.py:925} INFO - DAG(s) 'hello_world' retrieved from /opt/airflow/dags/hello_world.py
[2026-04-02T10:15:22.966+0000] {logging_mixin.py:190} INFO - [2026-04-02T10:15:22.966+0000] {dag.py:3239} INFO - Sync 1 DAGs
[2026-04-02T10:15:22.985+0000] {logging_mixin.py:190} INFO - [2026-04-02T10:15:22.985+0000] {dag.py:4180} INFO - Setting next_dagrun for hello_world to 2026-04-02 00:00:00+00:00, run_after=2026-04-03 00:00:00+00:00
[2026-04-02T10:15:23.000+0000] {processor.py:208} INFO - Processing /opt/airflow/dags/hello_world.py took 0.071 seconds
[2026-04-02T10:15:53.216+0000] {processor.py:186} INFO - Started process (PID=2481) to work on /opt/airflow/dags/hello_world.py
[2026-04-02T10:15:53.217+0000] {processor.py:914} INFO - Processing file /opt/airflow/dags/hello_world.py for tasks to queue
[2026-04-02T10:15:53.219+0000] {logging_mixin.py:190} INFO - [2026-04-02T10:15:53.218+0000] {dagbag.py:588} INFO - Filling up the DagBag from /opt/airflow/dags/hello_world.py
[2026-04-02T10:15:53.227+0000] {processor.py:925} INFO - DAG(s) 'hello_world' retrieved from /opt/airflow/dags/hello_world.py
[2026-04-02T10:15:53.249+0000] {logging_mixin.py:190} INFO - [2026-04-02T10:15:53.249+0000] {dag.py:3239} INFO - Sync 1 DAGs
[2026-04-02T10:15:53.267+0000] {logging_mixin.py:190} INFO - [2026-04-02T10:15:53.267+0000] {dag.py:4180} INFO - Setting next_dagrun for hello_world to 2026-04-02 00:00:00+00:00, run_after=2026-04-03 00:00:00+00:00
[2026-04-02T10:15:53.281+0000] {processor.py:208} INFO - Processing /opt/airflow/dags/hello_world.py took 0.070 seconds
[2026-04-02T10:16:23.512+0000] {processor.py:186} INFO - Started process (PID=2491) to work on /opt/airflow/dags/hello_world.py
[2026-04-02T10:16:23.513+0000] {processor.py:914} INFO - Processing file /opt/airflow/dags/hello_world.py for tasks to queue
[2026-04-02T10:16:23.515+0000] {logging_mixin.py:190} INFO - [2026-04-02T10:16:23.514+0000] {dagbag.py:588} INFO - Filling up the DagBag from /opt/airflow/dags/hello_world.py
[2026-04-02T10:16:23.530+0000] {processor.py:925} INFO - DAG(s) 'hello_world' retrieved from /opt/airflow/dags/hello_world.py
[2026-04-02T10:16:23.561+0000] {logging_mixin.py:190} INFO - [2026-04-02T10:16:23.561+0000] {dag.py:3239} INFO - Sync 1 DAGs
[2026-04-02T10:16:23.587+0000] {logging_mixin.py:190} INFO - [2026-04-02T10:16:23.586+0000] {dag.py:4180} INFO - Setting next_dagrun for hello_world to 2026-04-02 00:00:00+00:00, run_after=2026-04-03 00:00:00+00:00
[2026-04-02T10:16:23.611+0000] {processor.py:208} INFO - Processing /opt/airflow/dags/hello_world.py took 0.104 seconds
[2026-04-02T10:16:53.816+0000] {processor.py:186} INFO - Started process (PID=2501) to work on /opt/airflow/dags/hello_world.py
[2026-04-02T10:16:53.817+0000] {processor.py:914} INFO - Processing file /opt/airflow/dags/hello_world.py for tasks to queue
[2026-04-02T10:16:53.819+0000] {logging_mixin.py:190} INFO - [2026-04-02T10:16:53.818+0000] {dagbag.py:588} INFO - Filling up the DagBag from /opt/airflow/dags/hello_world.py
[2026-04-02T10:16:53.828+0000] {processor.py:925} INFO - DAG(s) 'hello_world' retrieved from /opt/airflow/dags/hello_world.py
[2026-04-02T10:16:53.853+0000] {logging_mixin.py:190} INFO - [2026-04-02T10:16:53.853+0000] {dag.py:3239} INFO - Sync 1 DAGs
[2026-04-02T10:16:53.874+0000] {logging_mixin.py:190} INFO - [2026-04-02T10:16:53.873+0000] {dag.py:4180} INFO - Setting next_dagrun for hello_world to 2026-04-02 00:00:00+00:00, run_after=2026-04-03 00:00:00+00:00
[2026-04-02T10:16:53.892+0000] {processor.py:208} INFO - Processing /opt/airflow/dags/hello_world.py took 0.081 seconds
[2026-04-02T10:17:24.080+0000] {processor.py:186} INFO - Started process (PID=2511) to work on /opt/airflow/dags/hello_world.py
[2026-04-02T10:17:24.082+0000] {processor.py:914} INFO - Processing file /opt/airflow/dags/hello_world.py for tasks to queue
[2026-04-02T10:17:24.087+0000] {logging_mixin.py:190} INFO - [2026-04-02T10:17:24.086+0000] {dagbag.py:588} INFO - Filling up the DagBag from /opt/airflow/dags/hello_world.py
[2026-04-02T10:17:24.109+0000] {processor.py:925} INFO - DAG(s) 'hello_world' retrieved from /opt/airflow/dags/hello_world.py
[2026-04-02T10:17:24.158+0000] {logging_mixin.py:190} INFO - [2026-04-02T10:17:24.157+0000] {dag.py:3239} INFO - Sync 1 DAGs
[2026-04-02T10:17:24.196+0000] {logging_mixin.py:190} INFO - [2026-04-02T10:17:24.195+0000] {dag.py:4180} INFO - Setting next_dagrun for hello_world to 2026-04-02 00:00:00+00:00, run_after=2026-04-03 00:00:00+00:00
[2026-04-02T10:17:24.229+0000] {processor.py:208} INFO - Processing /opt/airflow/dags/hello_world.py took 0.162 seconds
[2026-04-02T10:17:54.319+0000] {processor.py:186} INFO - Started process (PID=2521) to work on /opt/airflow/dags/hello_world.py
[2026-04-02T10:17:54.320+0000] {processor.py:914} INFO - Processing file /opt/airflow/dags/hello_world.py for tasks to queue
[2026-04-02T10:17:54.321+0000] {logging_mixin.py:190} INFO - [2026-04-02T10:17:54.321+0000] {dagbag.py:588} INFO - Filling up the DagBag from /opt/airflow/dags/hello_world.py
[2026-04-02T10:17:54.329+0000] {processor.py:925} INFO - DAG(s) 'hello_world' retrieved from /opt/airflow/dags/hello_world.py
[2026-04-02T10:17:54.351+0000] {logging_mixin.py:190} INFO - [2026-04-02T10:17:54.351+0000] {dag.py:3239} INFO - Sync 1 DAGs
[2026-04-02T10:17:54.368+0000] {logging_mixin.py:190} INFO - [2026-04-02T10:17:54.368+0000] {dag.py:4180} INFO - Setting next_dagrun for hello_world to 2026-04-02 00:00:00+00:00, run_after=2026-04-03 00:00:00+00:00
[2026-04-02T10:17:54.383+0000] {processor.py:208} INFO - Processing /opt/airflow/dags/hello_world.py took 0.069 seconds
[2026-04-02T10:18:24.616+0000] {processor.py:186} INFO - Started process (PID=2531) to work on /opt/airflow/dags/hello_world.py
[2026-04-02T10:18:24.617+0000] {processor.py:914} INFO - Processing file /opt/airflow/dags/hello_world.py for tasks to queue
[2026-04-02T10:18:24.619+0000] {logging_mixin.py:190} INFO - [2026-04-02T10:18:24.618+0000] {dagbag.py:588} INFO - Filling up the DagBag from /opt/airflow/dags/hello_world.py
[2026-04-02T10:18:24.628+0000] {processor.py:925} INFO - DAG(s) 'hello_world' retrieved from /opt/airflow/dags/hello_world.py
[2026-04-02T10:18:24.648+0000] {logging_mixin.py:190} INFO - [2026-04-02T10:18:24.648+0000] {dag.py:3239} INFO - Sync 1 DAGs
[2026-04-02T10:18:24.666+0000] {logging_mixin.py:190} INFO - [2026-04-02T10:18:24.666+0000] {dag.py:4180} INFO - Setting next_dagrun for hello_world to 2026-04-02 00:00:00+00:00, run_after=2026-04-03 00:00:00+00:00
[2026-04-02T10:18:24.679+0000] {processor.py:208} INFO - Processing /opt/airflow/dags/hello_world.py took 0.068 seconds
[2026-04-02T10:18:54.884+0000] {processor.py:186} INFO - Started process (PID=2541) to work on /opt/airflow/dags/hello_world.py
[2026-04-02T10:18:54.886+0000] {processor.py:914} INFO - Processing file /opt/airflow/dags/hello_world.py for tasks to queue
[2026-04-02T10:18:54.887+0000] {logging_mixin.py:190} INFO - [2026-04-02T10:18:54.887+0000] {dagbag.py:588} INFO - Filling up the DagBag from /opt/airflow/dags/hello_world.py
[2026-04-02T10:18:54.896+0000] {processor.py:925} INFO - DAG(s) 'hello_world' retrieved from /opt/airflow/dags/hello_world.py
[2026-04-02T10:18:54.919+0000] {logging_mixin.py:190} INFO - [2026-04-02T10:18:54.919+0000] {dag.py:3239} INFO - Sync 1 DAGs
[2026-04-02T10:18:54.938+0000] {logging_mixin.py:190} INFO - [2026-04-02T10:18:54.938+0000] {dag.py:4180} INFO - Setting next_dagrun for hello_world to 2026-04-02 00:00:00+00:00, run_after=2026-04-03 00:00:00+00:00
[2026-04-02T10:18:54.951+0000] {processor.py:208} INFO - Processing /opt/airflow/dags/hello_world.py took 0.071 seconds
[2026-04-02T10:19:25.136+0000] {processor.py:186} INFO - Started process (PID=2551) to work on /opt/airflow/dags/hello_world.py
[2026-04-02T10:19:25.137+0000] {processor.py:914} INFO - Processing file /opt/airflow/dags/hello_world.py for tasks to queue
[2026-04-02T10:19:25.139+0000] {logging_mixin.py:190} INFO - [2026-04-02T10:19:25.138+0000] {dagbag.py:588} INFO - Filling up the DagBag from /opt/airflow/dags/hello_world.py
[2026-04-02T10:19:25.148+0000] {processor.py:925} INFO - DAG(s) 'hello_world' retrieved from /opt/airflow/dags/hello_world.py
[2026-04-02T10:19:25.168+0000] {logging_mixin.py:190} INFO - [2026-04-02T10:19:25.168+0000] {dag.py:3239} INFO - Sync 1 DAGs
[2026-04-02T10:19:25.189+0000] {logging_mixin.py:190} INFO - [2026-04-02T10:19:25.188+0000] {dag.py:4180} INFO - Setting next_dagrun for hello_world to 2026-04-02 00:00:00+00:00, run_after=2026-04-03 00:00:00+00:00
[2026-04-02T10:19:25.203+0000] {processor.py:208} INFO - Processing /opt/airflow/dags/hello_world.py took 0.071 seconds
[2026-04-02T10:19:55.393+0000] {processor.py:186} INFO - Started process (PID=2561) to work on /opt/airflow/dags/hello_world.py
[2026-04-02T10:19:55.394+0000] {processor.py:914} INFO - Processing file /opt/airflow/dags/hello_world.py for tasks to queue
[2026-04-02T10:19:55.396+0000] {logging_mixin.py:190} INFO - [2026-04-02T10:19:55.396+0000] {dagbag.py:588} INFO - Filling up the DagBag from /opt/airflow/dags/hello_world.py
[2026-04-02T10:19:55.405+0000] {processor.py:925} INFO - DAG(s) 'hello_world' retrieved from /opt/airflow/dags/hello_world.py
[2026-04-02T10:19:55.429+0000] {logging_mixin.py:190} INFO - [2026-04-02T10:19:55.429+0000] {dag.py:3239} INFO - Sync 1 DAGs
[2026-04-02T10:19:55.447+0000] {logging_mixin.py:190} INFO - [2026-04-02T10:19:55.447+0000] {dag.py:4180} INFO - Setting next_dagrun for hello_world to 2026-04-02 00:00:00+00:00, run_after=2026-04-03 00:00:00+00:00
[2026-04-02T10:19:55.461+0000] {processor.py:208} INFO - Processing /opt/airflow/dags/hello_world.py took 0.073 seconds
[2026-04-02T10:20:25.705+0000] {processor.py:186} INFO - Started process (PID=2571) to work on /opt/airflow/dags/hello_world.py
[2026-04-02T10:20:25.706+0000] {processor.py:914} INFO - Processing file /opt/airflow/dags/hello_world.py for tasks to queue
[2026-04-02T10:20:25.708+0000] {logging_mixin.py:190} INFO - [2026-04-02T10:20:25.708+0000] {dagbag.py:588} INFO - Filling up the DagBag from /opt/airflow/dags/hello_world.py
[2026-04-02T10:20:25.718+0000] {processor.py:925} INFO - DAG(s) 'hello_world' retrieved from /opt/airflow/dags/hello_world.py
[2026-04-02T10:20:25.746+0000] {logging_mixin.py:190} INFO - [2026-04-02T10:20:25.746+0000] {dag.py:3239} INFO - Sync 1 DAGs
[2026-04-02T10:20:25.774+0000] {logging_mixin.py:190} INFO - [2026-04-02T10:20:25.774+0000] {dag.py:4180} INFO - Setting next_dagrun for hello_world to 2026-04-02 00:00:00+00:00, run_after=2026-04-03 00:00:00+00:00
[2026-04-02T10:20:25.797+0000] {processor.py:208} INFO - Processing /opt/airflow/dags/hello_world.py took 0.099 seconds
[2026-04-02T10:20:55.996+0000] {processor.py:186} INFO - Started process (PID=2581) to work on /opt/airflow/dags/hello_world.py
[2026-04-02T10:20:55.997+0000] {processor.py:914} INFO - Processing file /opt/airflow/dags/hello_world.py for tasks to queue
[2026-04-02T10:20:55.999+0000] {logging_mixin.py:190} INFO - [2026-04-02T10:20:55.999+0000] {dagbag.py:588} INFO - Filling up the DagBag from /opt/airflow/dags/hello_world.py
[2026-04-02T10:20:56.008+0000] {processor.py:925} INFO - DAG(s) 'hello_world' retrieved from /opt/airflow/dags/hello_world.py
[2026-04-02T10:20:56.031+0000] {logging_mixin.py:190} INFO - [2026-04-02T10:20:56.031+0000] {dag.py:3239} INFO - Sync 1 DAGs
[2026-04-02T10:20:56.051+0000] {logging_mixin.py:190} INFO - [2026-04-02T10:20:56.050+0000] {dag.py:4180} INFO - Setting next_dagrun for hello_world to 2026-04-02 00:00:00+00:00, run_after=2026-04-03 00:00:00+00:00
[2026-04-02T10:20:56.063+0000] {processor.py:208} INFO - Processing /opt/airflow/dags/hello_world.py took 0.072 seconds
[2026-04-02T10:21:26.263+0000] {processor.py:186} INFO - Started process (PID=2591) to work on /opt/airflow/dags/hello_world.py
[2026-04-02T10:21:26.264+0000] {processor.py:914} INFO - Processing file /opt/airflow/dags/hello_world.py for tasks to queue
[2026-04-02T10:21:26.265+0000] {logging_mixin.py:190} INFO - [2026-04-02T10:21:26.265+0000] {dagbag.py:588} INFO - Filling up the DagBag from /opt/airflow/dags/hello_world.py
[2026-04-02T10:21:26.275+0000] {processor.py:925} INFO - DAG(s) 'hello_world' retrieved from /opt/airflow/dags/hello_world.py
[2026-04-02T10:21:26.296+0000] {logging_mixin.py:190} INFO - [2026-04-02T10:21:26.296+0000] {dag.py:3239} INFO - Sync 1 DAGs
[2026-04-02T10:21:26.314+0000] {logging_mixin.py:190} INFO - [2026-04-02T10:21:26.314+0000] {dag.py:4180} INFO - Setting next_dagrun for hello_world to 2026-04-02 00:00:00+00:00, run_after=2026-04-03 00:00:00+00:00
[2026-04-02T10:21:26.330+0000] {processor.py:208} INFO - Processing /opt/airflow/dags/hello_world.py took 0.072 seconds
[2026-04-02T10:21:56.591+0000] {processor.py:186} INFO - Started process (PID=2601) to work on /opt/airflow/dags/hello_world.py
[2026-04-02T10:21:56.593+0000] {processor.py:914} INFO - Processing file /opt/airflow/dags/hello_world.py for tasks to queue
[2026-04-02T10:21:56.594+0000] {logging_mixin.py:190} INFO - [2026-04-02T10:21:56.594+0000] {dagbag.py:588} INFO - Filling up the DagBag from /opt/airflow/dags/hello_world.py
[2026-04-02T10:21:56.603+0000] {processor.py:925} INFO - DAG(s) 'hello_world' retrieved from /opt/airflow/dags/hello_world.py
[2026-04-02T10:21:56.625+0000] {logging_mixin.py:190} INFO - [2026-04-02T10:21:56.624+0000] {dag.py:3239} INFO - Sync 1 DAGs
[2026-04-02T10:21:56.644+0000] {logging_mixin.py:190} INFO - [2026-04-02T10:21:56.644+0000] {dag.py:4180} INFO - Setting next_dagrun for hello_world to 2026-04-02 00:00:00+00:00, run_after=2026-04-03 00:00:00+00:00
[2026-04-02T10:21:56.658+0000] {processor.py:208} INFO - Processing /opt/airflow/dags/hello_world.py took 0.071 seconds
[2026-04-02T10:22:26.850+0000] {processor.py:186} INFO - Started process (PID=2611) to work on /opt/airflow/dags/hello_world.py
[2026-04-02T10:22:26.851+0000] {processor.py:914} INFO - Processing file /opt/airflow/dags/hello_world.py for tasks to queue
[2026-04-02T10:22:26.852+0000] {logging_mixin.py:190} INFO - [2026-04-02T10:22:26.852+0000] {dagbag.py:588} INFO - Filling up the DagBag from /opt/airflow/dags/hello_world.py
[2026-04-02T10:22:26.862+0000] {processor.py:925} INFO - DAG(s) 'hello_world' retrieved from /opt/airflow/dags/hello_world.py
[2026-04-02T10:22:26.886+0000] {logging_mixin.py:190} INFO - [2026-04-02T10:22:26.885+0000] {dag.py:3239} INFO - Sync 1 DAGs
[2026-04-02T10:22:26.905+0000] {logging_mixin.py:190} INFO - [2026-04-02T10:22:26.905+0000] {dag.py:4180} INFO - Setting next_dagrun for hello_world to 2026-04-02 00:00:00+00:00, run_after=2026-04-03 00:00:00+00:00
[2026-04-02T10:22:26.923+0000] {processor.py:208} INFO - Processing /opt/airflow/dags/hello_world.py took 0.078 seconds
[2026-04-02T10:22:57.122+0000] {processor.py:186} INFO - Started process (PID=2621) to work on /opt/airflow/dags/hello_world.py
[2026-04-02T10:22:57.123+0000] {processor.py:914} INFO - Processing file /opt/airflow/dags/hello_world.py for tasks to queue
[2026-04-02T10:22:57.125+0000] {logging_mixin.py:190} INFO - [2026-04-02T10:22:57.125+0000] {dagbag.py:588} INFO - Filling up the DagBag from /opt/airflow/dags/hello_world.py
[2026-04-02T10:22:57.133+0000] {processor.py:925} INFO - DAG(s) 'hello_world' retrieved from /opt/airflow/dags/hello_world.py
[2026-04-02T10:22:57.156+0000] {logging_mixin.py:190} INFO - [2026-04-02T10:22:57.155+0000] {dag.py:3239} INFO - Sync 1 DAGs
[2026-04-02T10:22:57.174+0000] {logging_mixin.py:190} INFO - [2026-04-02T10:22:57.174+0000] {dag.py:4180} INFO - Setting next_dagrun for hello_world to 2026-04-02 00:00:00+00:00, run_after=2026-04-03 00:00:00+00:00
[2026-04-02T10:22:57.188+0000] {processor.py:208} INFO - Processing /opt/airflow/dags/hello_world.py took 0.071 seconds
[2026-04-02T10:23:27.429+0000] {processor.py:186} INFO - Started process (PID=2631) to work on /opt/airflow/dags/hello_world.py
[2026-04-02T10:23:27.429+0000] {processor.py:914} INFO - Processing file /opt/airflow/dags/hello_world.py for tasks to queue
[2026-04-02T10:23:27.431+0000] {logging_mixin.py:190} INFO - [2026-04-02T10:23:27.431+0000] {dagbag.py:588} INFO - Filling up the DagBag from /opt/airflow/dags/hello_world.py
[2026-04-02T10:23:27.439+0000] {processor.py:925} INFO - DAG(s) 'hello_world' retrieved from /opt/airflow/dags/hello_world.py
[2026-04-02T10:23:27.461+0000] {logging_mixin.py:190} INFO - [2026-04-02T10:23:27.461+0000] {dag.py:3239} INFO - Sync 1 DAGs
[2026-04-02T10:23:27.480+0000] {logging_mixin.py:190} INFO - [2026-04-02T10:23:27.480+0000] {dag.py:4180} INFO - Setting next_dagrun for hello_world to 2026-04-02 00:00:00+00:00, run_after=2026-04-03 00:00:00+00:00
[2026-04-02T10:23:27.494+0000] {processor.py:208} INFO - Processing /opt/airflow/dags/hello_world.py took 0.070 seconds
[2026-04-02T10:23:57.743+0000] {processor.py:186} INFO - Started process (PID=2641) to work on /opt/airflow/dags/hello_world.py
[2026-04-02T10:23:57.744+0000] {processor.py:914} INFO - Processing file /opt/airflow/dags/hello_world.py for tasks to queue
[2026-04-02T10:23:57.746+0000] {logging_mixin.py:190} INFO - [2026-04-02T10:23:57.746+0000] {dagbag.py:588} INFO - Filling up the DagBag from /opt/airflow/dags/hello_world.py
[2026-04-02T10:23:57.756+0000] {processor.py:925} INFO - DAG(s) 'hello_world' retrieved from /opt/airflow/dags/hello_world.py
[2026-04-02T10:23:57.779+0000] {logging_mixin.py:190} INFO - [2026-04-02T10:23:57.779+0000] {dag.py:3239} INFO - Sync 1 DAGs
[2026-04-02T10:23:57.800+0000] {logging_mixin.py:190} INFO - [2026-04-02T10:23:57.800+0000] {dag.py:4180} INFO - Setting next_dagrun for hello_world to 2026-04-02 00:00:00+00:00, run_after=2026-04-03 00:00:00+00:00
[2026-04-02T10:23:57.814+0000] {processor.py:208} INFO - Processing /opt/airflow/dags/hello_world.py took 0.075 seconds
[2026-04-02T10:24:28.018+0000] {processor.py:186} INFO - Started process (PID=2651) to work on /opt/airflow/dags/hello_world.py
[2026-04-02T10:24:28.019+0000] {processor.py:914} INFO - Processing file /opt/airflow/dags/hello_world.py for tasks to queue
[2026-04-02T10:24:28.020+0000] {logging_mixin.py:190} INFO - [2026-04-02T10:24:28.020+0000] {dagbag.py:588} INFO - Filling up the DagBag from /opt/airflow/dags/hello_world.py
[2026-04-02T10:24:28.029+0000] {processor.py:925} INFO - DAG(s) 'hello_world' retrieved from /opt/airflow/dags/hello_world.py
[2026-04-02T10:24:28.050+0000] {logging_mixin.py:190} INFO - [2026-04-02T10:24:28.050+0000] {dag.py:3239} INFO - Sync 1 DAGs
[2026-04-02T10:24:28.068+0000] {logging_mixin.py:190} INFO - [2026-04-02T10:24:28.068+0000] {dag.py:4180} INFO - Setting next_dagrun for hello_world to 2026-04-02 00:00:00+00:00, run_after=2026-04-03 00:00:00+00:00
[2026-04-02T10:24:28.083+0000] {processor.py:208} INFO - Processing /opt/airflow/dags/hello_world.py took 0.070 seconds
[2026-04-02T10:24:58.312+0000] {processor.py:186} INFO - Started process (PID=2661) to work on /opt/airflow/dags/hello_world.py
[2026-04-02T10:24:58.330+0000] {processor.py:914} INFO - Processing file /opt/airflow/dags/hello_world.py for tasks to queue
[2026-04-02T10:24:58.333+0000] {logging_mixin.py:190} INFO - [2026-04-02T10:24:58.332+0000] {dagbag.py:588} INFO - Filling up the DagBag from /opt/airflow/dags/hello_world.py
[2026-04-02T10:24:58.340+0000] {processor.py:925} INFO - DAG(s) 'hello_world' retrieved from /opt/airflow/dags/hello_world.py
[2026-04-02T10:24:58.361+0000] {logging_mixin.py:190} INFO - [2026-04-02T10:24:58.360+0000] {dag.py:3239} INFO - Sync 1 DAGs
[2026-04-02T10:24:58.379+0000] {logging_mixin.py:190} INFO - [2026-04-02T10:24:58.378+0000] {dag.py:4180} INFO - Setting next_dagrun for hello_world to 2026-04-02 00:00:00+00:00, run_after=2026-04-03 00:00:00+00:00
[2026-04-02T10:24:58.394+0000] {processor.py:208} INFO - Processing /opt/airflow/dags/hello_world.py took 0.086 seconds
[2026-04-02T10:25:28.615+0000] {processor.py:186} INFO - Started process (PID=2671) to work on /opt/airflow/dags/hello_world.py
[2026-04-02T10:25:28.616+0000] {processor.py:914} INFO - Processing file /opt/airflow/dags/hello_world.py for tasks to queue
[2026-04-02T10:25:28.618+0000] {logging_mixin.py:190} INFO - [2026-04-02T10:25:28.618+0000] {dagbag.py:588} INFO - Filling up the DagBag from /opt/airflow/dags/hello_world.py
[2026-04-02T10:25:28.630+0000] {processor.py:925} INFO - DAG(s) 'hello_world' retrieved from /opt/airflow/dags/hello_world.py
[2026-04-02T10:25:28.654+0000] {logging_mixin.py:190} INFO - [2026-04-02T10:25:28.654+0000] {dag.py:3239} INFO - Sync 1 DAGs
[2026-04-02T10:25:28.675+0000] {logging_mixin.py:190} INFO - [2026-04-02T10:25:28.675+0000] {dag.py:4180} INFO - Setting next_dagrun for hello_world to 2026-04-02 00:00:00+00:00, run_after=2026-04-03 00:00:00+00:00
[2026-04-02T10:25:28.690+0000] {processor.py:208} INFO - Processing /opt/airflow/dags/hello_world.py took 0.081 seconds
[2026-04-02T10:25:58.911+0000] {processor.py:186} INFO - Started process (PID=2681) to work on /opt/airflow/dags/hello_world.py
[2026-04-02T10:25:58.912+0000] {processor.py:914} INFO - Processing file /opt/airflow/dags/hello_world.py for tasks to queue
[2026-04-02T10:25:58.914+0000] {logging_mixin.py:190} INFO - [2026-04-02T10:25:58.914+0000] {dagbag.py:588} INFO - Filling up the DagBag from /opt/airflow/dags/hello_world.py
[2026-04-02T10:25:58.925+0000] {processor.py:925} INFO - DAG(s) 'hello_world' retrieved from /opt/airflow/dags/hello_world.py
[2026-04-02T10:25:58.947+0000] {logging_mixin.py:190} INFO - [2026-04-02T10:25:58.947+0000] {dag.py:3239} INFO - Sync 1 DAGs
[2026-04-02T10:25:58.966+0000] {logging_mixin.py:190} INFO - [2026-04-02T10:25:58.966+0000] {dag.py:4180} INFO - Setting next_dagrun for hello_world to 2026-04-02 00:00:00+00:00, run_after=2026-04-03 00:00:00+00:00
[2026-04-02T10:25:58.979+0000] {processor.py:208} INFO - Processing /opt/airflow/dags/hello_world.py took 0.072 seconds
[2026-04-02T10:26:29.217+0000] {processor.py:186} INFO - Started process (PID=2691) to work on /opt/airflow/dags/hello_world.py
[2026-04-02T10:26:29.218+0000] {processor.py:914} INFO - Processing file /opt/airflow/dags/hello_world.py for tasks to queue
[2026-04-02T10:26:29.221+0000] {logging_mixin.py:190} INFO - [2026-04-02T10:26:29.220+0000] {dagbag.py:588} INFO - Filling up the DagBag from /opt/airflow/dags/hello_world.py
[2026-04-02T10:26:29.231+0000] {processor.py:925} INFO - DAG(s) 'hello_world' retrieved from /opt/airflow/dags/hello_world.py
[2026-04-02T10:26:29.251+0000] {logging_mixin.py:190} INFO - [2026-04-02T10:26:29.251+0000] {dag.py:3239} INFO - Sync 1 DAGs
[2026-04-02T10:26:29.268+0000] {logging_mixin.py:190} INFO - [2026-04-02T10:26:29.268+0000] {dag.py:4180} INFO - Setting next_dagrun for hello_world to 2026-04-02 00:00:00+00:00, run_after=2026-04-03 00:00:00+00:00
[2026-04-02T10:26:29.281+0000] {processor.py:208} INFO - Processing /opt/airflow/dags/hello_world.py took 0.069 seconds
[2026-04-02T10:26:59.504+0000] {processor.py:186} INFO - Started process (PID=2701) to work on /opt/airflow/dags/hello_world.py
[2026-04-02T10:26:59.505+0000] {processor.py:914} INFO - Processing file /opt/airflow/dags/hello_world.py for tasks to queue
[2026-04-02T10:26:59.507+0000] {logging_mixin.py:190} INFO - [2026-04-02T10:26:59.507+0000] {dagbag.py:588} INFO - Filling up the DagBag from /opt/airflow/dags/hello_world.py
[2026-04-02T10:26:59.516+0000] {processor.py:925} INFO - DAG(s) 'hello_world' retrieved from /opt/airflow/dags/hello_world.py
[2026-04-02T10:26:59.539+0000] {logging_mixin.py:190} INFO - [2026-04-02T10:26:59.539+0000] {dag.py:3239} INFO - Sync 1 DAGs
[2026-04-02T10:26:59.555+0000] {logging_mixin.py:190} INFO - [2026-04-02T10:26:59.555+0000] {dag.py:4180} INFO - Setting next_dagrun for hello_world to 2026-04-02 00:00:00+00:00, run_after=2026-04-03 00:00:00+00:00
[2026-04-02T10:26:59.568+0000] {processor.py:208} INFO - Processing /opt/airflow/dags/hello_world.py took 0.069 seconds
[2026-04-02T10:27:29.752+0000] {processor.py:186} INFO - Started process (PID=2711) to work on /opt/airflow/dags/hello_world.py
[2026-04-02T10:27:29.753+0000] {processor.py:914} INFO - Processing file /opt/airflow/dags/hello_world.py for tasks to queue
[2026-04-02T10:27:29.755+0000] {logging_mixin.py:190} INFO - [2026-04-02T10:27:29.754+0000] {dagbag.py:588} INFO - Filling up the DagBag from /opt/airflow/dags/hello_world.py
[2026-04-02T10:27:29.764+0000] {processor.py:925} INFO - DAG(s) 'hello_world' retrieved from /opt/airflow/dags/hello_world.py
[2026-04-02T10:27:29.786+0000] {logging_mixin.py:190} INFO - [2026-04-02T10:27:29.786+0000] {dag.py:3239} INFO - Sync 1 DAGs
[2026-04-02T10:27:29.807+0000] {logging_mixin.py:190} INFO - [2026-04-02T10:27:29.807+0000] {dag.py:4180} INFO - Setting next_dagrun for hello_world to 2026-04-02 00:00:00+00:00, run_after=2026-04-03 00:00:00+00:00
[2026-04-02T10:27:29.821+0000] {processor.py:208} INFO - Processing /opt/airflow/dags/hello_world.py took 0.074 seconds
[2026-04-02T10:28:00.002+0000] {processor.py:186} INFO - Started process (PID=2721) to work on /opt/airflow/dags/hello_world.py
[2026-04-02T10:28:00.003+0000] {processor.py:914} INFO - Processing file /opt/airflow/dags/hello_world.py for tasks to queue
[2026-04-02T10:28:00.005+0000] {logging_mixin.py:190} INFO - [2026-04-02T10:28:00.005+0000] {dagbag.py:588} INFO - Filling up the DagBag from /opt/airflow/dags/hello_world.py
[2026-04-02T10:28:00.015+0000] {processor.py:925} INFO - DAG(s) 'hello_world' retrieved from /opt/airflow/dags/hello_world.py
[2026-04-02T10:28:00.039+0000] {logging_mixin.py:190} INFO - [2026-04-02T10:28:00.038+0000] {dag.py:3239} INFO - Sync 1 DAGs
[2026-04-02T10:28:00.059+0000] {logging_mixin.py:190} INFO - [2026-04-02T10:28:00.059+0000] {dag.py:4180} INFO - Setting next_dagrun for hello_world to 2026-04-02 00:00:00+00:00, run_after=2026-04-03 00:00:00+00:00
[2026-04-02T10:28:00.075+0000] {processor.py:208} INFO - Processing /opt/airflow/dags/hello_world.py took 0.077 seconds
[2026-04-02T10:28:30.252+0000] {processor.py:186} INFO - Started process (PID=2731) to work on /opt/airflow/dags/hello_world.py
[2026-04-02T10:28:30.253+0000] {processor.py:914} INFO - Processing file /opt/airflow/dags/hello_world.py for tasks to queue
[2026-04-02T10:28:30.255+0000] {logging_mixin.py:190} INFO - [2026-04-02T10:28:30.254+0000] {dagbag.py:588} INFO - Filling up the DagBag from /opt/airflow/dags/hello_world.py
[2026-04-02T10:28:30.263+0000] {processor.py:925} INFO - DAG(s) 'hello_world' retrieved from /opt/airflow/dags/hello_world.py
[2026-04-02T10:28:30.288+0000] {logging_mixin.py:190} INFO - [2026-04-02T10:28:30.287+0000] {dag.py:3239} INFO - Sync 1 DAGs
[2026-04-02T10:28:30.315+0000] {logging_mixin.py:190} INFO - [2026-04-02T10:28:30.315+0000] {dag.py:4180} INFO - Setting next_dagrun for hello_world to 2026-04-02 00:00:00+00:00, run_after=2026-04-03 00:00:00+00:00
[2026-04-02T10:28:30.330+0000] {processor.py:208} INFO - Processing /opt/airflow/dags/hello_world.py took 0.082 seconds
[2026-04-02T10:29:00.556+0000] {processor.py:186} INFO - Started process (PID=2741) to work on /opt/airflow/dags/hello_world.py
[2026-04-02T10:29:00.557+0000] {processor.py:914} INFO - Processing file /opt/airflow/dags/hello_world.py for tasks to queue
[2026-04-02T10:29:00.558+0000] {logging_mixin.py:190} INFO - [2026-04-02T10:29:00.558+0000] {dagbag.py:588} INFO - Filling up the DagBag from /opt/airflow/dags/hello_world.py
[2026-04-02T10:29:00.567+0000] {processor.py:925} INFO - DAG(s) 'hello_world' retrieved from /opt/airflow/dags/hello_world.py
[2026-04-02T10:29:00.589+0000] {logging_mixin.py:190} INFO - [2026-04-02T10:29:00.589+0000] {dag.py:3239} INFO - Sync 1 DAGs
[2026-04-02T10:29:00.607+0000] {logging_mixin.py:190} INFO - [2026-04-02T10:29:00.607+0000] {dag.py:4180} INFO - Setting next_dagrun for hello_world to 2026-04-02 00:00:00+00:00, run_after=2026-04-03 00:00:00+00:00
[2026-04-02T10:29:00.622+0000] {processor.py:208} INFO - Processing /opt/airflow/dags/hello_world.py took 0.070 seconds
[2026-04-02T10:29:30.804+0000] {processor.py:186} INFO - Started process (PID=2751) to work on /opt/airflow/dags/hello_world.py
[2026-04-02T10:29:30.805+0000] {processor.py:914} INFO - Processing file /opt/airflow/dags/hello_world.py for tasks to queue
[2026-04-02T10:29:30.807+0000] {logging_mixin.py:190} INFO - [2026-04-02T10:29:30.806+0000] {dagbag.py:588} INFO - Filling up the DagBag from /opt/airflow/dags/hello_world.py
[2026-04-02T10:29:30.816+0000] {processor.py:925} INFO - DAG(s) 'hello_world' retrieved from /opt/airflow/dags/hello_world.py
[2026-04-02T10:29:30.837+0000] {logging_mixin.py:190} INFO - [2026-04-02T10:29:30.837+0000] {dag.py:3239} INFO - Sync 1 DAGs
[2026-04-02T10:29:30.858+0000] {logging_mixin.py:190} INFO - [2026-04-02T10:29:30.857+0000] {dag.py:4180} INFO - Setting next_dagrun for hello_world to 2026-04-02 00:00:00+00:00, run_after=2026-04-03 00:00:00+00:00
[2026-04-02T10:29:30.870+0000] {processor.py:208} INFO - Processing /opt/airflow/dags/hello_world.py took 0.071 seconds
[2026-04-02T10:30:01.078+0000] {processor.py:186} INFO - Started process (PID=2761) to work on /opt/airflow/dags/hello_world.py
[2026-04-02T10:30:01.079+0000] {processor.py:914} INFO - Processing file /opt/airflow/dags/hello_world.py for tasks to queue
[2026-04-02T10:30:01.081+0000] {logging_mixin.py:190} INFO - [2026-04-02T10:30:01.081+0000] {dagbag.py:588} INFO - Filling up the DagBag from /opt/airflow/dags/hello_world.py
[2026-04-02T10:30:01.089+0000] {processor.py:925} INFO - DAG(s) 'hello_world' retrieved from /opt/airflow/dags/hello_world.py
[2026-04-02T10:30:01.111+0000] {logging_mixin.py:190} INFO - [2026-04-02T10:30:01.110+0000] {dag.py:3239} INFO - Sync 1 DAGs
[2026-04-02T10:30:01.130+0000] {logging_mixin.py:190} INFO - [2026-04-02T10:30:01.129+0000] {dag.py:4180} INFO - Setting next_dagrun for hello_world to 2026-04-02 00:00:00+00:00, run_after=2026-04-03 00:00:00+00:00
[2026-04-02T10:30:01.143+0000] {processor.py:208} INFO - Processing /opt/airflow/dags/hello_world.py took 0.070 seconds
[2026-04-02T10:30:31.328+0000] {processor.py:186} INFO - Started process (PID=2771) to work on /opt/airflow/dags/hello_world.py
[2026-04-02T10:30:31.329+0000] {processor.py:914} INFO - Processing file /opt/airflow/dags/hello_world.py for tasks to queue
[2026-04-02T10:30:31.331+0000] {logging_mixin.py:190} INFO - [2026-04-02T10:30:31.331+0000] {dagbag.py:588} INFO - Filling up the DagBag from /opt/airflow/dags/hello_world.py
[2026-04-02T10:30:31.339+0000] {processor.py:925} INFO - DAG(s) 'hello_world' retrieved from /opt/airflow/dags/hello_world.py
[2026-04-02T10:30:31.365+0000] {logging_mixin.py:190} INFO - [2026-04-02T10:30:31.365+0000] {dag.py:3239} INFO - Sync 1 DAGs
[2026-04-02T10:30:31.383+0000] {logging_mixin.py:190} INFO - [2026-04-02T10:30:31.382+0000] {dag.py:4180} INFO - Setting next_dagrun for hello_world to 2026-04-02 00:00:00+00:00, run_after=2026-04-03 00:00:00+00:00
[2026-04-02T10:30:31.396+0000] {processor.py:208} INFO - Processing /opt/airflow/dags/hello_world.py took 0.072 seconds
[2026-04-02T10:31:01.610+0000] {processor.py:186} INFO - Started process (PID=2781) to work on /opt/airflow/dags/hello_world.py
[2026-04-02T10:31:01.610+0000] {processor.py:914} INFO - Processing file /opt/airflow/dags/hello_world.py for tasks to queue
[2026-04-02T10:31:01.612+0000] {logging_mixin.py:190} INFO - [2026-04-02T10:31:01.612+0000] {dagbag.py:588} INFO - Filling up the DagBag from /opt/airflow/dags/hello_world.py
[2026-04-02T10:31:01.622+0000] {processor.py:925} INFO - DAG(s) 'hello_world' retrieved from /opt/airflow/dags/hello_world.py
[2026-04-02T10:31:01.644+0000] {logging_mixin.py:190} INFO - [2026-04-02T10:31:01.644+0000] {dag.py:3239} INFO - Sync 1 DAGs
[2026-04-02T10:31:01.663+0000] {logging_mixin.py:190} INFO - [2026-04-02T10:31:01.662+0000] {dag.py:4180} INFO - Setting next_dagrun for hello_world to 2026-04-02 00:00:00+00:00, run_after=2026-04-03 00:00:00+00:00
[2026-04-02T10:31:01.676+0000] {processor.py:208} INFO - Processing /opt/airflow/dags/hello_world.py took 0.071 seconds
[2026-04-02T10:31:31.871+0000] {processor.py:186} INFO - Started process (PID=2791) to work on /opt/airflow/dags/hello_world.py
[2026-04-02T10:31:31.873+0000] {processor.py:914} INFO - Processing file /opt/airflow/dags/hello_world.py for tasks to queue
[2026-04-02T10:31:31.874+0000] {logging_mixin.py:190} INFO - [2026-04-02T10:31:31.874+0000] {dagbag.py:588} INFO - Filling up the DagBag from /opt/airflow/dags/hello_world.py
[2026-04-02T10:31:31.885+0000] {processor.py:925} INFO - DAG(s) 'hello_world' retrieved from /opt/airflow/dags/hello_world.py
[2026-04-02T10:31:31.906+0000] {logging_mixin.py:190} INFO - [2026-04-02T10:31:31.906+0000] {dag.py:3239} INFO - Sync 1 DAGs
[2026-04-02T10:31:31.927+0000] {logging_mixin.py:190} INFO - [2026-04-02T10:31:31.926+0000] {dag.py:4180} INFO - Setting next_dagrun for hello_world to 2026-04-02 00:00:00+00:00, run_after=2026-04-03 00:00:00+00:00
[2026-04-02T10:31:31.939+0000] {processor.py:208} INFO - Processing /opt/airflow/dags/hello_world.py took 0.073 seconds
[2026-04-02T10:32:02.112+0000] {processor.py:186} INFO - Started process (PID=2801) to work on /opt/airflow/dags/hello_world.py
[2026-04-02T10:32:02.112+0000] {processor.py:914} INFO - Processing file /opt/airflow/dags/hello_world.py for tasks to queue
[2026-04-02T10:32:02.115+0000] {logging_mixin.py:190} INFO - [2026-04-02T10:32:02.114+0000] {dagbag.py:588} INFO - Filling up the DagBag from /opt/airflow/dags/hello_world.py
[2026-04-02T10:32:02.126+0000] {processor.py:925} INFO - DAG(s) 'hello_world' retrieved from /opt/airflow/dags/hello_world.py
[2026-04-02T10:32:02.149+0000] {logging_mixin.py:190} INFO - [2026-04-02T10:32:02.149+0000] {dag.py:3239} INFO - Sync 1 DAGs
[2026-04-02T10:32:02.171+0000] {logging_mixin.py:190} INFO - [2026-04-02T10:32:02.170+0000] {dag.py:4180} INFO - Setting next_dagrun for hello_world to 2026-04-02 00:00:00+00:00, run_after=2026-04-03 00:00:00+00:00
[2026-04-02T10:32:02.188+0000] {processor.py:208} INFO - Processing /opt/airflow/dags/hello_world.py took 0.082 seconds
[2026-04-02T10:32:32.411+0000] {processor.py:186} INFO - Started process (PID=2811) to work on /opt/airflow/dags/hello_world.py
[2026-04-02T10:32:32.412+0000] {processor.py:914} INFO - Processing file /opt/airflow/dags/hello_world.py for tasks to queue
[2026-04-02T10:32:32.414+0000] {logging_mixin.py:190} INFO - [2026-04-02T10:32:32.414+0000] {dagbag.py:588} INFO - Filling up the DagBag from /opt/airflow/dags/hello_world.py
[2026-04-02T10:32:32.424+0000] {processor.py:925} INFO - DAG(s) 'hello_world' retrieved from /opt/airflow/dags/hello_world.py
[2026-04-02T10:32:32.445+0000] {logging_mixin.py:190} INFO - [2026-04-02T10:32:32.444+0000] {dag.py:3239} INFO - Sync 1 DAGs
[2026-04-02T10:32:32.462+0000] {logging_mixin.py:190} INFO - [2026-04-02T10:32:32.462+0000] {dag.py:4180} INFO - Setting next_dagrun for hello_world to 2026-04-02 00:00:00+00:00, run_after=2026-04-03 00:00:00+00:00
[2026-04-02T10:32:32.477+0000] {processor.py:208} INFO - Processing /opt/airflow/dags/hello_world.py took 0.070 seconds
[2026-04-02T10:33:02.742+0000] {processor.py:186} INFO - Started process (PID=2821) to work on /opt/airflow/dags/hello_world.py
[2026-04-02T10:33:02.743+0000] {processor.py:914} INFO - Processing file /opt/airflow/dags/hello_world.py for tasks to queue
[2026-04-02T10:33:02.745+0000] {logging_mixin.py:190} INFO - [2026-04-02T10:33:02.745+0000] {dagbag.py:588} INFO - Filling up the DagBag from /opt/airflow/dags/hello_world.py
[2026-04-02T10:33:02.754+0000] {processor.py:925} INFO - DAG(s) 'hello_world' retrieved from /opt/airflow/dags/hello_world.py
[2026-04-02T10:33:02.778+0000] {logging_mixin.py:190} INFO - [2026-04-02T10:33:02.777+0000] {dag.py:3239} INFO - Sync 1 DAGs
[2026-04-02T10:33:02.796+0000] {logging_mixin.py:190} INFO - [2026-04-02T10:33:02.796+0000] {dag.py:4180} INFO - Setting next_dagrun for hello_world to 2026-04-02 00:00:00+00:00, run_after=2026-04-03 00:00:00+00:00
[2026-04-02T10:33:02.811+0000] {processor.py:208} INFO - Processing /opt/airflow/dags/hello_world.py took 0.073 seconds
[2026-04-02T10:33:33.069+0000] {processor.py:186} INFO - Started process (PID=2831) to work on /opt/airflow/dags/hello_world.py
[2026-04-02T10:33:33.071+0000] {processor.py:914} INFO - Processing file /opt/airflow/dags/hello_world.py for tasks to queue
[2026-04-02T10:33:33.072+0000] {logging_mixin.py:190} INFO - [2026-04-02T10:33:33.072+0000] {dagbag.py:588} INFO - Filling up the DagBag from /opt/airflow/dags/hello_world.py
[2026-04-02T10:33:33.082+0000] {processor.py:925} INFO - DAG(s) 'hello_world' retrieved from /opt/airflow/dags/hello_world.py
[2026-04-02T10:33:33.105+0000] {logging_mixin.py:190} INFO - [2026-04-02T10:33:33.105+0000] {dag.py:3239} INFO - Sync 1 DAGs
[2026-04-02T10:33:33.126+0000] {logging_mixin.py:190} INFO - [2026-04-02T10:33:33.126+0000] {dag.py:4180} INFO - Setting next_dagrun for hello_world to 2026-04-02 00:00:00+00:00, run_after=2026-04-03 00:00:00+00:00
[2026-04-02T10:33:33.143+0000] {processor.py:208} INFO - Processing /opt/airflow/dags/hello_world.py took 0.078 seconds
[2026-04-02T10:34:03.334+0000] {processor.py:186} INFO - Started process (PID=2841) to work on /opt/airflow/dags/hello_world.py
[2026-04-02T10:34:03.335+0000] {processor.py:914} INFO - Processing file /opt/airflow/dags/hello_world.py for tasks to queue
[2026-04-02T10:34:03.336+0000] {logging_mixin.py:190} INFO - [2026-04-02T10:34:03.336+0000] {dagbag.py:588} INFO - Filling up the DagBag from /opt/airflow/dags/hello_world.py
[2026-04-02T10:34:03.347+0000] {processor.py:925} INFO - DAG(s) 'hello_world' retrieved from /opt/airflow/dags/hello_world.py
[2026-04-02T10:34:03.370+0000] {logging_mixin.py:190} INFO - [2026-04-02T10:34:03.369+0000] {dag.py:3239} INFO - Sync 1 DAGs
[2026-04-02T10:34:03.391+0000] {logging_mixin.py:190} INFO - [2026-04-02T10:34:03.391+0000] {dag.py:4180} INFO - Setting next_dagrun for hello_world to 2026-04-02 00:00:00+00:00, run_after=2026-04-03 00:00:00+00:00
[2026-04-02T10:34:03.407+0000] {processor.py:208} INFO - Processing /opt/airflow/dags/hello_world.py took 0.077 seconds
[2026-04-02T10:34:33.656+0000] {processor.py:186} INFO - Started process (PID=2851) to work on /opt/airflow/dags/hello_world.py
[2026-04-02T10:34:33.657+0000] {processor.py:914} INFO - Processing file /opt/airflow/dags/hello_world.py for tasks to queue
[2026-04-02T10:34:33.659+0000] {logging_mixin.py:190} INFO - [2026-04-02T10:34:33.659+0000] {dagbag.py:588} INFO - Filling up the DagBag from /opt/airflow/dags/hello_world.py
[2026-04-02T10:34:33.668+0000] {processor.py:925} INFO - DAG(s) 'hello_world' retrieved from /opt/airflow/dags/hello_world.py
[2026-04-02T10:34:33.692+0000] {logging_mixin.py:190} INFO - [2026-04-02T10:34:33.692+0000] {dag.py:3239} INFO - Sync 1 DAGs
[2026-04-02T10:34:33.711+0000] {logging_mixin.py:190} INFO - [2026-04-02T10:34:33.710+0000] {dag.py:4180} INFO - Setting next_dagrun for hello_world to 2026-04-02 00:00:00+00:00, run_after=2026-04-03 00:00:00+00:00
[2026-04-02T10:34:33.726+0000] {processor.py:208} INFO - Processing /opt/airflow/dags/hello_world.py took 0.079 seconds
[2026-04-02T10:35:03.927+0000] {processor.py:186} INFO - Started process (PID=2861) to work on /opt/airflow/dags/hello_world.py
[2026-04-02T10:35:03.928+0000] {processor.py:914} INFO - Processing file /opt/airflow/dags/hello_world.py for tasks to queue
[2026-04-02T10:35:03.930+0000] {logging_mixin.py:190} INFO - [2026-04-02T10:35:03.930+0000] {dagbag.py:588} INFO - Filling up the DagBag from /opt/airflow/dags/hello_world.py
[2026-04-02T10:35:03.939+0000] {processor.py:925} INFO - DAG(s) 'hello_world' retrieved from /opt/airflow/dags/hello_world.py
[2026-04-02T10:35:03.963+0000] {logging_mixin.py:190} INFO - [2026-04-02T10:35:03.963+0000] {dag.py:3239} INFO - Sync 1 DAGs
[2026-04-02T10:35:03.983+0000] {logging_mixin.py:190} INFO - [2026-04-02T10:35:03.983+0000] {dag.py:4180} INFO - Setting next_dagrun for hello_world to 2026-04-02 00:00:00+00:00, run_after=2026-04-03 00:00:00+00:00
[2026-04-02T10:35:03.997+0000] {processor.py:208} INFO - Processing /opt/airflow/dags/hello_world.py took 0.074 seconds
[2026-04-02T10:35:34.184+0000] {processor.py:186} INFO - Started process (PID=2871) to work on /opt/airflow/dags/hello_world.py
[2026-04-02T10:35:34.185+0000] {processor.py:914} INFO - Processing file /opt/airflow/dags/hello_world.py for tasks to queue
[2026-04-02T10:35:34.187+0000] {logging_mixin.py:190} INFO - [2026-04-02T10:35:34.187+0000] {dagbag.py:588} INFO - Filling up the DagBag from /opt/airflow/dags/hello_world.py
[2026-04-02T10:35:34.197+0000] {processor.py:925} INFO - DAG(s) 'hello_world' retrieved from /opt/airflow/dags/hello_world.py
[2026-04-02T10:35:34.219+0000] {logging_mixin.py:190} INFO - [2026-04-02T10:35:34.219+0000] {dag.py:3239} INFO - Sync 1 DAGs
[2026-04-02T10:35:34.239+0000] {logging_mixin.py:190} INFO - [2026-04-02T10:35:34.239+0000] {dag.py:4180} INFO - Setting next_dagrun for hello_world to 2026-04-02 00:00:00+00:00, run_after=2026-04-03 00:00:00+00:00
[2026-04-02T10:35:34.254+0000] {processor.py:208} INFO - Processing /opt/airflow/dags/hello_world.py took 0.074 seconds
[2026-04-02T10:36:04.478+0000] {processor.py:186} INFO - Started process (PID=2881) to work on /opt/airflow/dags/hello_world.py
[2026-04-02T10:36:04.479+0000] {processor.py:914} INFO - Processing file /opt/airflow/dags/hello_world.py for tasks to queue
[2026-04-02T10:36:04.481+0000] {logging_mixin.py:190} INFO - [2026-04-02T10:36:04.480+0000] {dagbag.py:588} INFO - Filling up the DagBag from /opt/airflow/dags/hello_world.py
[2026-04-02T10:36:04.490+0000] {processor.py:925} INFO - DAG(s) 'hello_world' retrieved from /opt/airflow/dags/hello_world.py
[2026-04-02T10:36:04.513+0000] {logging_mixin.py:190} INFO - [2026-04-02T10:36:04.513+0000] {dag.py:3239} INFO - Sync 1 DAGs
[2026-04-02T10:36:04.531+0000] {logging_mixin.py:190} INFO - [2026-04-02T10:36:04.531+0000] {dag.py:4180} INFO - Setting next_dagrun for hello_world to 2026-04-02 00:00:00+00:00, run_after=2026-04-03 00:00:00+00:00
[2026-04-02T10:36:04.545+0000] {processor.py:208} INFO - Processing /opt/airflow/dags/hello_world.py took 0.072 seconds
[2026-04-02T10:36:34.752+0000] {processor.py:186} INFO - Started process (PID=2891) to work on /opt/airflow/dags/hello_world.py
[2026-04-02T10:36:34.754+0000] {processor.py:914} INFO - Processing file /opt/airflow/dags/hello_world.py for tasks to queue
[2026-04-02T10:36:34.756+0000] {logging_mixin.py:190} INFO - [2026-04-02T10:36:34.755+0000] {dagbag.py:588} INFO - Filling up the DagBag from /opt/airflow/dags/hello_world.py
[2026-04-02T10:36:34.765+0000] {processor.py:925} INFO - DAG(s) 'hello_world' retrieved from /opt/airflow/dags/hello_world.py
[2026-04-02T10:36:34.786+0000] {logging_mixin.py:190} INFO - [2026-04-02T10:36:34.786+0000] {dag.py:3239} INFO - Sync 1 DAGs
[2026-04-02T10:36:34.804+0000] {logging_mixin.py:190} INFO - [2026-04-02T10:36:34.803+0000] {dag.py:4180} INFO - Setting next_dagrun for hello_world to 2026-04-02 00:00:00+00:00, run_after=2026-04-03 00:00:00+00:00
[2026-04-02T10:36:34.816+0000] {processor.py:208} INFO - Processing /opt/airflow/dags/hello_world.py took 0.069 seconds
[2026-04-02T10:37:05.034+0000] {processor.py:186} INFO - Started process (PID=2901) to work on /opt/airflow/dags/hello_world.py
[2026-04-02T10:37:05.034+0000] {processor.py:914} INFO - Processing file /opt/airflow/dags/hello_world.py for tasks to queue
[2026-04-02T10:37:05.037+0000] {logging_mixin.py:190} INFO - [2026-04-02T10:37:05.036+0000] {dagbag.py:588} INFO - Filling up the DagBag from /opt/airflow/dags/hello_world.py
[2026-04-02T10:37:05.046+0000] {processor.py:925} INFO - DAG(s) 'hello_world' retrieved from /opt/airflow/dags/hello_world.py
[2026-04-02T10:37:05.069+0000] {logging_mixin.py:190} INFO - [2026-04-02T10:37:05.069+0000] {dag.py:3239} INFO - Sync 1 DAGs
[2026-04-02T10:37:05.089+0000] {logging_mixin.py:190} INFO - [2026-04-02T10:37:05.089+0000] {dag.py:4180} INFO - Setting next_dagrun for hello_world to 2026-04-02 00:00:00+00:00, run_after=2026-04-03 00:00:00+00:00
[2026-04-02T10:37:05.103+0000] {processor.py:208} INFO - Processing /opt/airflow/dags/hello_world.py took 0.074 seconds
[2026-04-02T10:37:35.291+0000] {processor.py:186} INFO - Started process (PID=2911) to work on /opt/airflow/dags/hello_world.py
[2026-04-02T10:37:35.293+0000] {processor.py:914} INFO - Processing file /opt/airflow/dags/hello_world.py for tasks to queue
[2026-04-02T10:37:35.298+0000] {logging_mixin.py:190} INFO - [2026-04-02T10:37:35.296+0000] {dagbag.py:588} INFO - Filling up the DagBag from /opt/airflow/dags/hello_world.py
[2026-04-02T10:37:35.316+0000] {processor.py:925} INFO - DAG(s) 'hello_world' retrieved from /opt/airflow/dags/hello_world.py
[2026-04-02T10:37:35.359+0000] {logging_mixin.py:190} INFO - [2026-04-02T10:37:35.358+0000] {dag.py:3239} INFO - Sync 1 DAGs
[2026-04-02T10:37:35.389+0000] {logging_mixin.py:190} INFO - [2026-04-02T10:37:35.389+0000] {dag.py:4180} INFO - Setting next_dagrun for hello_world to 2026-04-02 00:00:00+00:00, run_after=2026-04-03 00:00:00+00:00
[2026-04-02T10:37:35.409+0000] {processor.py:208} INFO - Processing /opt/airflow/dags/hello_world.py took 0.123 seconds
[2026-04-02T10:38:05.635+0000] {processor.py:186} INFO - Started process (PID=2921) to work on /opt/airflow/dags/hello_world.py
[2026-04-02T10:38:05.636+0000] {processor.py:914} INFO - Processing file /opt/airflow/dags/hello_world.py for tasks to queue
[2026-04-02T10:38:05.638+0000] {logging_mixin.py:190} INFO - [2026-04-02T10:38:05.637+0000] {dagbag.py:588} INFO - Filling up the DagBag from /opt/airflow/dags/hello_world.py
[2026-04-02T10:38:05.646+0000] {processor.py:925} INFO - DAG(s) 'hello_world' retrieved from /opt/airflow/dags/hello_world.py
[2026-04-02T10:38:05.668+0000] {logging_mixin.py:190} INFO - [2026-04-02T10:38:05.668+0000] {dag.py:3239} INFO - Sync 1 DAGs
[2026-04-02T10:38:05.686+0000] {logging_mixin.py:190} INFO - [2026-04-02T10:38:05.686+0000] {dag.py:4180} INFO - Setting next_dagrun for hello_world to 2026-04-02 00:00:00+00:00, run_after=2026-04-03 00:00:00+00:00
[2026-04-02T10:38:05.700+0000] {processor.py:208} INFO - Processing /opt/airflow/dags/hello_world.py took 0.069 seconds
[2026-04-02T10:38:35.905+0000] {processor.py:186} INFO - Started process (PID=2931) to work on /opt/airflow/dags/hello_world.py
[2026-04-02T10:38:35.906+0000] {processor.py:914} INFO - Processing file /opt/airflow/dags/hello_world.py for tasks to queue
[2026-04-02T10:38:35.907+0000] {logging_mixin.py:190} INFO - [2026-04-02T10:38:35.907+0000] {dagbag.py:588} INFO - Filling up the DagBag from /opt/airflow/dags/hello_world.py
[2026-04-02T10:38:35.917+0000] {processor.py:925} INFO - DAG(s) 'hello_world' retrieved from /opt/airflow/dags/hello_world.py
[2026-04-02T10:38:35.941+0000] {logging_mixin.py:190} INFO - [2026-04-02T10:38:35.940+0000] {dag.py:3239} INFO - Sync 1 DAGs
[2026-04-02T10:38:35.959+0000] {logging_mixin.py:190} INFO - [2026-04-02T10:38:35.958+0000] {dag.py:4180} INFO - Setting next_dagrun for hello_world to 2026-04-02 00:00:00+00:00, run_after=2026-04-03 00:00:00+00:00
[2026-04-02T10:38:35.972+0000] {processor.py:208} INFO - Processing /opt/airflow/dags/hello_world.py took 0.072 seconds
[2026-04-02T10:39:06.189+0000] {processor.py:186} INFO - Started process (PID=2941) to work on /opt/airflow/dags/hello_world.py
[2026-04-02T10:39:06.189+0000] {processor.py:914} INFO - Processing file /opt/airflow/dags/hello_world.py for tasks to queue
[2026-04-02T10:39:06.192+0000] {logging_mixin.py:190} INFO - [2026-04-02T10:39:06.192+0000] {dagbag.py:588} INFO - Filling up the DagBag from /opt/airflow/dags/hello_world.py
[2026-04-02T10:39:06.205+0000] {processor.py:925} INFO - DAG(s) 'hello_world' retrieved from /opt/airflow/dags/hello_world.py
[2026-04-02T10:39:06.237+0000] {logging_mixin.py:190} INFO - [2026-04-02T10:39:06.237+0000] {dag.py:3239} INFO - Sync 1 DAGs
[2026-04-02T10:39:06.260+0000] {logging_mixin.py:190} INFO - [2026-04-02T10:39:06.260+0000] {dag.py:4180} INFO - Setting next_dagrun for hello_world to 2026-04-02 00:00:00+00:00, run_after=2026-04-03 00:00:00+00:00
[2026-04-02T10:39:06.275+0000] {processor.py:208} INFO - Processing /opt/airflow/dags/hello_world.py took 0.092 seconds
[2026-04-02T10:39:36.458+0000] {processor.py:186} INFO - Started process (PID=2951) to work on /opt/airflow/dags/hello_world.py
[2026-04-02T10:39:36.459+0000] {processor.py:914} INFO - Processing file /opt/airflow/dags/hello_world.py for tasks to queue
[2026-04-02T10:39:36.461+0000] {logging_mixin.py:190} INFO - [2026-04-02T10:39:36.461+0000] {dagbag.py:588} INFO - Filling up the DagBag from /opt/airflow/dags/hello_world.py
[2026-04-02T10:39:36.470+0000] {processor.py:925} INFO - DAG(s) 'hello_world' retrieved from /opt/airflow/dags/hello_world.py
[2026-04-02T10:39:36.490+0000] {logging_mixin.py:190} INFO - [2026-04-02T10:39:36.489+0000] {dag.py:3239} INFO - Sync 1 DAGs
[2026-04-02T10:39:36.507+0000] {logging_mixin.py:190} INFO - [2026-04-02T10:39:36.507+0000] {dag.py:4180} INFO - Setting next_dagrun for hello_world to 2026-04-02 00:00:00+00:00, run_after=2026-04-03 00:00:00+00:00
[2026-04-02T10:39:36.520+0000] {processor.py:208} INFO - Processing /opt/airflow/dags/hello_world.py took 0.067 seconds
[2026-04-02T10:40:06.727+0000] {processor.py:186} INFO - Started process (PID=2961) to work on /opt/airflow/dags/hello_world.py
[2026-04-02T10:40:06.727+0000] {processor.py:914} INFO - Processing file /opt/airflow/dags/hello_world.py for tasks to queue
[2026-04-02T10:40:06.729+0000] {logging_mixin.py:190} INFO - [2026-04-02T10:40:06.729+0000] {dagbag.py:588} INFO - Filling up the DagBag from /opt/airflow/dags/hello_world.py
[2026-04-02T10:40:06.737+0000] {processor.py:925} INFO - DAG(s) 'hello_world' retrieved from /opt/airflow/dags/hello_world.py
[2026-04-02T10:40:06.761+0000] {logging_mixin.py:190} INFO - [2026-04-02T10:40:06.761+0000] {dag.py:3239} INFO - Sync 1 DAGs
[2026-04-02T10:40:06.780+0000] {logging_mixin.py:190} INFO - [2026-04-02T10:40:06.780+0000] {dag.py:4180} INFO - Setting next_dagrun for hello_world to 2026-04-02 00:00:00+00:00, run_after=2026-04-03 00:00:00+00:00
[2026-04-02T10:40:06.793+0000] {processor.py:208} INFO - Processing /opt/airflow/dags/hello_world.py took 0.071 seconds
[2026-04-02T10:40:36.993+0000] {processor.py:186} INFO - Started process (PID=2971) to work on /opt/airflow/dags/hello_world.py
[2026-04-02T10:40:37.011+0000] {processor.py:914} INFO - Processing file /opt/airflow/dags/hello_world.py for tasks to queue
[2026-04-02T10:40:37.014+0000] {logging_mixin.py:190} INFO - [2026-04-02T10:40:37.013+0000] {dagbag.py:588} INFO - Filling up the DagBag from /opt/airflow/dags/hello_world.py
[2026-04-02T10:40:37.024+0000] {processor.py:925} INFO - DAG(s) 'hello_world' retrieved from /opt/airflow/dags/hello_world.py
[2026-04-02T10:40:37.048+0000] {logging_mixin.py:190} INFO - [2026-04-02T10:40:37.047+0000] {dag.py:3239} INFO - Sync 1 DAGs
[2026-04-02T10:40:37.067+0000] {logging_mixin.py:190} INFO - [2026-04-02T10:40:37.067+0000] {dag.py:4180} INFO - Setting next_dagrun for hello_world to 2026-04-02 00:00:00+00:00, run_after=2026-04-03 00:00:00+00:00
[2026-04-02T10:40:37.081+0000] {processor.py:208} INFO - Processing /opt/airflow/dags/hello_world.py took 0.095 seconds
[2026-04-02T10:41:07.258+0000] {processor.py:186} INFO - Started process (PID=2981) to work on /opt/airflow/dags/hello_world.py
[2026-04-02T10:41:07.259+0000] {processor.py:914} INFO - Processing file /opt/airflow/dags/hello_world.py for tasks to queue
[2026-04-02T10:41:07.260+0000] {logging_mixin.py:190} INFO - [2026-04-02T10:41:07.260+0000] {dagbag.py:588} INFO - Filling up the DagBag from /opt/airflow/dags/hello_world.py
[2026-04-02T10:41:07.269+0000] {processor.py:925} INFO - DAG(s) 'hello_world' retrieved from /opt/airflow/dags/hello_world.py
[2026-04-02T10:41:07.294+0000] {logging_mixin.py:190} INFO - [2026-04-02T10:41:07.293+0000] {dag.py:3239} INFO - Sync 1 DAGs
[2026-04-02T10:41:07.315+0000] {logging_mixin.py:190} INFO - [2026-04-02T10:41:07.315+0000] {dag.py:4180} INFO - Setting next_dagrun for hello_world to 2026-04-02 00:00:00+00:00, run_after=2026-04-03 00:00:00+00:00
[2026-04-02T10:41:07.329+0000] {processor.py:208} INFO - Processing /opt/airflow/dags/hello_world.py took 0.076 seconds
[2026-04-02T10:41:37.553+0000] {processor.py:186} INFO - Started process (PID=2991) to work on /opt/airflow/dags/hello_world.py
[2026-04-02T10:41:37.554+0000] {processor.py:914} INFO - Processing file /opt/airflow/dags/hello_world.py for tasks to queue
[2026-04-02T10:41:37.556+0000] {logging_mixin.py:190} INFO - [2026-04-02T10:41:37.556+0000] {dagbag.py:588} INFO - Filling up the DagBag from /opt/airflow/dags/hello_world.py
[2026-04-02T10:41:37.565+0000] {processor.py:925} INFO - DAG(s) 'hello_world' retrieved from /opt/airflow/dags/hello_world.py
[2026-04-02T10:41:37.588+0000] {logging_mixin.py:190} INFO - [2026-04-02T10:41:37.588+0000] {dag.py:3239} INFO - Sync 1 DAGs
[2026-04-02T10:41:37.608+0000] {logging_mixin.py:190} INFO - [2026-04-02T10:41:37.607+0000] {dag.py:4180} INFO - Setting next_dagrun for hello_world to 2026-04-02 00:00:00+00:00, run_after=2026-04-03 00:00:00+00:00
[2026-04-02T10:41:37.623+0000] {processor.py:208} INFO - Processing /opt/airflow/dags/hello_world.py took 0.075 seconds
[2026-04-02T10:42:07.826+0000] {processor.py:186} INFO - Started process (PID=3001) to work on /opt/airflow/dags/hello_world.py
[2026-04-02T10:42:07.827+0000] {processor.py:914} INFO - Processing file /opt/airflow/dags/hello_world.py for tasks to queue
[2026-04-02T10:42:07.828+0000] {logging_mixin.py:190} INFO - [2026-04-02T10:42:07.828+0000] {dagbag.py:588} INFO - Filling up the DagBag from /opt/airflow/dags/hello_world.py
[2026-04-02T10:42:07.837+0000] {processor.py:925} INFO - DAG(s) 'hello_world' retrieved from /opt/airflow/dags/hello_world.py
[2026-04-02T10:42:07.858+0000] {logging_mixin.py:190} INFO - [2026-04-02T10:42:07.857+0000] {dag.py:3239} INFO - Sync 1 DAGs
[2026-04-02T10:42:07.876+0000] {logging_mixin.py:190} INFO - [2026-04-02T10:42:07.876+0000] {dag.py:4180} INFO - Setting next_dagrun for hello_world to 2026-04-02 00:00:00+00:00, run_after=2026-04-03 00:00:00+00:00
[2026-04-02T10:42:07.890+0000] {processor.py:208} INFO - Processing /opt/airflow/dags/hello_world.py took 0.068 seconds
[2026-04-02T10:42:38.102+0000] {processor.py:186} INFO - Started process (PID=3011) to work on /opt/airflow/dags/hello_world.py
[2026-04-02T10:42:38.103+0000] {processor.py:914} INFO - Processing file /opt/airflow/dags/hello_world.py for tasks to queue
[2026-04-02T10:42:38.105+0000] {logging_mixin.py:190} INFO - [2026-04-02T10:42:38.105+0000] {dagbag.py:588} INFO - Filling up the DagBag from /opt/airflow/dags/hello_world.py
[2026-04-02T10:42:38.115+0000] {processor.py:925} INFO - DAG(s) 'hello_world' retrieved from /opt/airflow/dags/hello_world.py
[2026-04-02T10:42:38.139+0000] {logging_mixin.py:190} INFO - [2026-04-02T10:42:38.139+0000] {dag.py:3239} INFO - Sync 1 DAGs
[2026-04-02T10:42:38.157+0000] {logging_mixin.py:190} INFO - [2026-04-02T10:42:38.157+0000] {dag.py:4180} INFO - Setting next_dagrun for hello_world to 2026-04-02 00:00:00+00:00, run_after=2026-04-03 00:00:00+00:00
[2026-04-02T10:42:38.171+0000] {processor.py:208} INFO - Processing /opt/airflow/dags/hello_world.py took 0.073 seconds
[2026-04-02T10:43:08.382+0000] {processor.py:186} INFO - Started process (PID=3021) to work on /opt/airflow/dags/hello_world.py
[2026-04-02T10:43:08.382+0000] {processor.py:914} INFO - Processing file /opt/airflow/dags/hello_world.py for tasks to queue
[2026-04-02T10:43:08.385+0000] {logging_mixin.py:190} INFO - [2026-04-02T10:43:08.384+0000] {dagbag.py:588} INFO - Filling up the DagBag from /opt/airflow/dags/hello_world.py
[2026-04-02T10:43:08.394+0000] {processor.py:925} INFO - DAG(s) 'hello_world' retrieved from /opt/airflow/dags/hello_world.py
[2026-04-02T10:43:08.414+0000] {logging_mixin.py:190} INFO - [2026-04-02T10:43:08.414+0000] {dag.py:3239} INFO - Sync 1 DAGs
[2026-04-02T10:43:08.431+0000] {logging_mixin.py:190} INFO - [2026-04-02T10:43:08.431+0000] {dag.py:4180} INFO - Setting next_dagrun for hello_world to 2026-04-02 00:00:00+00:00, run_after=2026-04-03 00:00:00+00:00
[2026-04-02T10:43:08.443+0000] {processor.py:208} INFO - Processing /opt/airflow/dags/hello_world.py took 0.066 seconds
[2026-04-02T10:43:38.672+0000] {processor.py:186} INFO - Started process (PID=3031) to work on /opt/airflow/dags/hello_world.py
[2026-04-02T10:43:38.673+0000] {processor.py:914} INFO - Processing file /opt/airflow/dags/hello_world.py for tasks to queue
[2026-04-02T10:43:38.675+0000] {logging_mixin.py:190} INFO - [2026-04-02T10:43:38.675+0000] {dagbag.py:588} INFO - Filling up the DagBag from /opt/airflow/dags/hello_world.py
[2026-04-02T10:43:38.685+0000] {processor.py:925} INFO - DAG(s) 'hello_world' retrieved from /opt/airflow/dags/hello_world.py
[2026-04-02T10:43:38.707+0000] {logging_mixin.py:190} INFO - [2026-04-02T10:43:38.707+0000] {dag.py:3239} INFO - Sync 1 DAGs
[2026-04-02T10:43:38.726+0000] {logging_mixin.py:190} INFO - [2026-04-02T10:43:38.726+0000] {dag.py:4180} INFO - Setting next_dagrun for hello_world to 2026-04-02 00:00:00+00:00, run_after=2026-04-03 00:00:00+00:00
[2026-04-02T10:43:38.740+0000] {processor.py:208} INFO - Processing /opt/airflow/dags/hello_world.py took 0.072 seconds
[2026-04-02T10:44:08.957+0000] {processor.py:186} INFO - Started process (PID=3041) to work on /opt/airflow/dags/hello_world.py
[2026-04-02T10:44:08.958+0000] {processor.py:914} INFO - Processing file /opt/airflow/dags/hello_world.py for tasks to queue
[2026-04-02T10:44:08.961+0000] {logging_mixin.py:190} INFO - [2026-04-02T10:44:08.960+0000] {dagbag.py:588} INFO - Filling up the DagBag from /opt/airflow/dags/hello_world.py
[2026-04-02T10:44:08.974+0000] {processor.py:925} INFO - DAG(s) 'hello_world' retrieved from /opt/airflow/dags/hello_world.py
[2026-04-02T10:44:08.996+0000] {logging_mixin.py:190} INFO - [2026-04-02T10:44:08.996+0000] {dag.py:3239} INFO - Sync 1 DAGs
[2026-04-02T10:44:09.017+0000] {logging_mixin.py:190} INFO - [2026-04-02T10:44:09.017+0000] {dag.py:4180} INFO - Setting next_dagrun for hello_world to 2026-04-02 00:00:00+00:00, run_after=2026-04-03 00:00:00+00:00
[2026-04-02T10:44:09.035+0000] {processor.py:208} INFO - Processing /opt/airflow/dags/hello_world.py took 0.084 seconds
[2026-04-02T10:44:39.238+0000] {processor.py:186} INFO - Started process (PID=3051) to work on /opt/airflow/dags/hello_world.py
[2026-04-02T10:44:39.239+0000] {processor.py:914} INFO - Processing file /opt/airflow/dags/hello_world.py for tasks to queue
[2026-04-02T10:44:39.241+0000] {logging_mixin.py:190} INFO - [2026-04-02T10:44:39.241+0000] {dagbag.py:588} INFO - Filling up the DagBag from /opt/airflow/dags/hello_world.py
[2026-04-02T10:44:39.251+0000] {processor.py:925} INFO - DAG(s) 'hello_world' retrieved from /opt/airflow/dags/hello_world.py
[2026-04-02T10:44:39.274+0000] {logging_mixin.py:190} INFO - [2026-04-02T10:44:39.273+0000] {dag.py:3239} INFO - Sync 1 DAGs
[2026-04-02T10:44:39.292+0000] {logging_mixin.py:190} INFO - [2026-04-02T10:44:39.291+0000] {dag.py:4180} INFO - Setting next_dagrun for hello_world to 2026-04-02 00:00:00+00:00, run_after=2026-04-03 00:00:00+00:00
[2026-04-02T10:44:39.306+0000] {processor.py:208} INFO - Processing /opt/airflow/dags/hello_world.py took 0.072 seconds
[2026-04-02T10:45:09.564+0000] {processor.py:186} INFO - Started process (PID=3061) to work on /opt/airflow/dags/hello_world.py
[2026-04-02T10:45:09.565+0000] {processor.py:914} INFO - Processing file /opt/airflow/dags/hello_world.py for tasks to queue
[2026-04-02T10:45:09.567+0000] {logging_mixin.py:190} INFO - [2026-04-02T10:45:09.566+0000] {dagbag.py:588} INFO - Filling up the DagBag from /opt/airflow/dags/hello_world.py
[2026-04-02T10:45:09.576+0000] {processor.py:925} INFO - DAG(s) 'hello_world' retrieved from /opt/airflow/dags/hello_world.py
[2026-04-02T10:45:09.599+0000] {logging_mixin.py:190} INFO - [2026-04-02T10:45:09.599+0000] {dag.py:3239} INFO - Sync 1 DAGs
[2026-04-02T10:45:09.617+0000] {logging_mixin.py:190} INFO - [2026-04-02T10:45:09.616+0000] {dag.py:4180} INFO - Setting next_dagrun for hello_world to 2026-04-02 00:00:00+00:00, run_after=2026-04-03 00:00:00+00:00
[2026-04-02T10:45:09.633+0000] {processor.py:208} INFO - Processing /opt/airflow/dags/hello_world.py took 0.073 seconds
[2026-04-02T10:45:39.807+0000] {processor.py:186} INFO - Started process (PID=3071) to work on /opt/airflow/dags/hello_world.py
[2026-04-02T10:45:39.808+0000] {processor.py:914} INFO - Processing file /opt/airflow/dags/hello_world.py for tasks to queue
[2026-04-02T10:45:39.810+0000] {logging_mixin.py:190} INFO - [2026-04-02T10:45:39.810+0000] {dagbag.py:588} INFO - Filling up the DagBag from /opt/airflow/dags/hello_world.py
[2026-04-02T10:45:39.820+0000] {processor.py:925} INFO - DAG(s) 'hello_world' retrieved from /opt/airflow/dags/hello_world.py
[2026-04-02T10:45:39.847+0000] {logging_mixin.py:190} INFO - [2026-04-02T10:45:39.847+0000] {dag.py:3239} INFO - Sync 1 DAGs
[2026-04-02T10:45:39.869+0000] {logging_mixin.py:190} INFO - [2026-04-02T10:45:39.869+0000] {dag.py:4180} INFO - Setting next_dagrun for hello_world to 2026-04-02 00:00:00+00:00, run_after=2026-04-03 00:00:00+00:00
[2026-04-02T10:45:39.887+0000] {processor.py:208} INFO - Processing /opt/airflow/dags/hello_world.py took 0.085 seconds
[2026-04-02T10:46:10.084+0000] {processor.py:186} INFO - Started process (PID=3081) to work on /opt/airflow/dags/hello_world.py
[2026-04-02T10:46:10.085+0000] {processor.py:914} INFO - Processing file /opt/airflow/dags/hello_world.py for tasks to queue
[2026-04-02T10:46:10.087+0000] {logging_mixin.py:190} INFO - [2026-04-02T10:46:10.086+0000] {dagbag.py:588} INFO - Filling up the DagBag from /opt/airflow/dags/hello_world.py
[2026-04-02T10:46:10.095+0000] {processor.py:925} INFO - DAG(s) 'hello_world' retrieved from /opt/airflow/dags/hello_world.py
[2026-04-02T10:46:10.115+0000] {logging_mixin.py:190} INFO - [2026-04-02T10:46:10.115+0000] {dag.py:3239} INFO - Sync 1 DAGs
[2026-04-02T10:46:10.134+0000] {logging_mixin.py:190} INFO - [2026-04-02T10:46:10.133+0000] {dag.py:4180} INFO - Setting next_dagrun for hello_world to 2026-04-02 00:00:00+00:00, run_after=2026-04-03 00:00:00+00:00
[2026-04-02T10:46:10.148+0000] {processor.py:208} INFO - Processing /opt/airflow/dags/hello_world.py took 0.069 seconds
[2026-04-02T10:46:40.336+0000] {processor.py:186} INFO - Started process (PID=3091) to work on /opt/airflow/dags/hello_world.py
[2026-04-02T10:46:40.337+0000] {processor.py:914} INFO - Processing file /opt/airflow/dags/hello_world.py for tasks to queue
[2026-04-02T10:46:40.339+0000] {logging_mixin.py:190} INFO - [2026-04-02T10:46:40.338+0000] {dagbag.py:588} INFO - Filling up the DagBag from /opt/airflow/dags/hello_world.py
[2026-04-02T10:46:40.348+0000] {processor.py:925} INFO - DAG(s) 'hello_world' retrieved from /opt/airflow/dags/hello_world.py
[2026-04-02T10:46:40.369+0000] {logging_mixin.py:190} INFO - [2026-04-02T10:46:40.369+0000] {dag.py:3239} INFO - Sync 1 DAGs
[2026-04-02T10:46:40.388+0000] {logging_mixin.py:190} INFO - [2026-04-02T10:46:40.388+0000] {dag.py:4180} INFO - Setting next_dagrun for hello_world to 2026-04-02 00:00:00+00:00, run_after=2026-04-03 00:00:00+00:00
[2026-04-02T10:46:40.402+0000] {processor.py:208} INFO - Processing /opt/airflow/dags/hello_world.py took 0.071 seconds
[2026-04-02T10:47:10.603+0000] {processor.py:186} INFO - Started process (PID=3101) to work on /opt/airflow/dags/hello_world.py
[2026-04-02T10:47:10.604+0000] {processor.py:914} INFO - Processing file /opt/airflow/dags/hello_world.py for tasks to queue
[2026-04-02T10:47:10.605+0000] {logging_mixin.py:190} INFO - [2026-04-02T10:47:10.605+0000] {dagbag.py:588} INFO - Filling up the DagBag from /opt/airflow/dags/hello_world.py
[2026-04-02T10:47:10.615+0000] {processor.py:925} INFO - DAG(s) 'hello_world' retrieved from /opt/airflow/dags/hello_world.py
[2026-04-02T10:47:10.637+0000] {logging_mixin.py:190} INFO - [2026-04-02T10:47:10.637+0000] {dag.py:3239} INFO - Sync 1 DAGs
[2026-04-02T10:47:10.654+0000] {logging_mixin.py:190} INFO - [2026-04-02T10:47:10.654+0000] {dag.py:4180} INFO - Setting next_dagrun for hello_world to 2026-04-02 00:00:00+00:00, run_after=2026-04-03 00:00:00+00:00
[2026-04-02T10:47:10.669+0000] {processor.py:208} INFO - Processing /opt/airflow/dags/hello_world.py took 0.071 seconds
[2026-04-02T10:47:40.880+0000] {processor.py:186} INFO - Started process (PID=3111) to work on /opt/airflow/dags/hello_world.py
[2026-04-02T10:47:40.885+0000] {processor.py:914} INFO - Processing file /opt/airflow/dags/hello_world.py for tasks to queue
[2026-04-02T10:47:40.887+0000] {logging_mixin.py:190} INFO - [2026-04-02T10:47:40.887+0000] {dagbag.py:588} INFO - Filling up the DagBag from /opt/airflow/dags/hello_world.py
[2026-04-02T10:47:40.908+0000] {processor.py:925} INFO - DAG(s) 'hello_world' retrieved from /opt/airflow/dags/hello_world.py
[2026-04-02T10:47:40.929+0000] {logging_mixin.py:190} INFO - [2026-04-02T10:47:40.929+0000] {dag.py:3239} INFO - Sync 1 DAGs
[2026-04-02T10:47:40.950+0000] {logging_mixin.py:190} INFO - [2026-04-02T10:47:40.949+0000] {dag.py:4180} INFO - Setting next_dagrun for hello_world to 2026-04-02 00:00:00+00:00, run_after=2026-04-03 00:00:00+00:00
[2026-04-02T10:47:40.985+0000] {processor.py:208} INFO - Processing /opt/airflow/dags/hello_world.py took 0.110 seconds
[2026-04-02T10:48:11.184+0000] {processor.py:186} INFO - Started process (PID=3121) to work on /opt/airflow/dags/hello_world.py
[2026-04-02T10:48:11.184+0000] {processor.py:914} INFO - Processing file /opt/airflow/dags/hello_world.py for tasks to queue
[2026-04-02T10:48:11.186+0000] {logging_mixin.py:190} INFO - [2026-04-02T10:48:11.186+0000] {dagbag.py:588} INFO - Filling up the DagBag from /opt/airflow/dags/hello_world.py
[2026-04-02T10:48:11.195+0000] {processor.py:925} INFO - DAG(s) 'hello_world' retrieved from /opt/airflow/dags/hello_world.py
[2026-04-02T10:48:11.218+0000] {logging_mixin.py:190} INFO - [2026-04-02T10:48:11.217+0000] {dag.py:3239} INFO - Sync 1 DAGs
[2026-04-02T10:48:11.237+0000] {logging_mixin.py:190} INFO - [2026-04-02T10:48:11.237+0000] {dag.py:4180} INFO - Setting next_dagrun for hello_world to 2026-04-02 00:00:00+00:00, run_after=2026-04-03 00:00:00+00:00
[2026-04-02T10:48:11.252+0000] {processor.py:208} INFO - Processing /opt/airflow/dags/hello_world.py took 0.073 seconds
[2026-04-02T10:48:41.469+0000] {processor.py:186} INFO - Started process (PID=3131) to work on /opt/airflow/dags/hello_world.py
[2026-04-02T10:48:41.470+0000] {processor.py:914} INFO - Processing file /opt/airflow/dags/hello_world.py for tasks to queue
[2026-04-02T10:48:41.472+0000] {logging_mixin.py:190} INFO - [2026-04-02T10:48:41.472+0000] {dagbag.py:588} INFO - Filling up the DagBag from /opt/airflow/dags/hello_world.py
[2026-04-02T10:48:41.483+0000] {processor.py:925} INFO - DAG(s) 'hello_world' retrieved from /opt/airflow/dags/hello_world.py
[2026-04-02T10:48:41.504+0000] {logging_mixin.py:190} INFO - [2026-04-02T10:48:41.504+0000] {dag.py:3239} INFO - Sync 1 DAGs
[2026-04-02T10:48:41.522+0000] {logging_mixin.py:190} INFO - [2026-04-02T10:48:41.522+0000] {dag.py:4180} INFO - Setting next_dagrun for hello_world to 2026-04-02 00:00:00+00:00, run_after=2026-04-03 00:00:00+00:00
[2026-04-02T10:48:41.535+0000] {processor.py:208} INFO - Processing /opt/airflow/dags/hello_world.py took 0.071 seconds
[2026-04-02T10:49:11.737+0000] {processor.py:186} INFO - Started process (PID=3141) to work on /opt/airflow/dags/hello_world.py
[2026-04-02T10:49:11.737+0000] {processor.py:914} INFO - Processing file /opt/airflow/dags/hello_world.py for tasks to queue
[2026-04-02T10:49:11.740+0000] {logging_mixin.py:190} INFO - [2026-04-02T10:49:11.739+0000] {dagbag.py:588} INFO - Filling up the DagBag from /opt/airflow/dags/hello_world.py
[2026-04-02T10:49:11.748+0000] {processor.py:925} INFO - DAG(s) 'hello_world' retrieved from /opt/airflow/dags/hello_world.py
[2026-04-02T10:49:11.770+0000] {logging_mixin.py:190} INFO - [2026-04-02T10:49:11.769+0000] {dag.py:3239} INFO - Sync 1 DAGs
[2026-04-02T10:49:11.788+0000] {logging_mixin.py:190} INFO - [2026-04-02T10:49:11.788+0000] {dag.py:4180} INFO - Setting next_dagrun for hello_world to 2026-04-02 00:00:00+00:00, run_after=2026-04-03 00:00:00+00:00
[2026-04-02T10:49:11.801+0000] {processor.py:208} INFO - Processing /opt/airflow/dags/hello_world.py took 0.068 seconds
[2026-04-02T10:49:41.983+0000] {processor.py:186} INFO - Started process (PID=3151) to work on /opt/airflow/dags/hello_world.py
[2026-04-02T10:49:41.984+0000] {processor.py:914} INFO - Processing file /opt/airflow/dags/hello_world.py for tasks to queue
[2026-04-02T10:49:41.986+0000] {logging_mixin.py:190} INFO - [2026-04-02T10:49:41.985+0000] {dagbag.py:588} INFO - Filling up the DagBag from /opt/airflow/dags/hello_world.py
[2026-04-02T10:49:41.997+0000] {processor.py:925} INFO - DAG(s) 'hello_world' retrieved from /opt/airflow/dags/hello_world.py
[2026-04-02T10:49:42.019+0000] {logging_mixin.py:190} INFO - [2026-04-02T10:49:42.019+0000] {dag.py:3239} INFO - Sync 1 DAGs
[2026-04-02T10:49:42.037+0000] {logging_mixin.py:190} INFO - [2026-04-02T10:49:42.037+0000] {dag.py:4180} INFO - Setting next_dagrun for hello_world to 2026-04-02 00:00:00+00:00, run_after=2026-04-03 00:00:00+00:00
[2026-04-02T10:49:42.051+0000] {processor.py:208} INFO - Processing /opt/airflow/dags/hello_world.py took 0.074 seconds
[2026-04-02T10:50:12.265+0000] {processor.py:186} INFO - Started process (PID=3161) to work on /opt/airflow/dags/hello_world.py
[2026-04-02T10:50:12.265+0000] {processor.py:914} INFO - Processing file /opt/airflow/dags/hello_world.py for tasks to queue
[2026-04-02T10:50:12.267+0000] {logging_mixin.py:190} INFO - [2026-04-02T10:50:12.267+0000] {dagbag.py:588} INFO - Filling up the DagBag from /opt/airflow/dags/hello_world.py
[2026-04-02T10:50:12.276+0000] {processor.py:925} INFO - DAG(s) 'hello_world' retrieved from /opt/airflow/dags/hello_world.py
[2026-04-02T10:50:12.299+0000] {logging_mixin.py:190} INFO - [2026-04-02T10:50:12.299+0000] {dag.py:3239} INFO - Sync 1 DAGs
[2026-04-02T10:50:12.318+0000] {logging_mixin.py:190} INFO - [2026-04-02T10:50:12.318+0000] {dag.py:4180} INFO - Setting next_dagrun for hello_world to 2026-04-02 00:00:00+00:00, run_after=2026-04-03 00:00:00+00:00
[2026-04-02T10:50:12.330+0000] {processor.py:208} INFO - Processing /opt/airflow/dags/hello_world.py took 0.070 seconds
[2026-04-02T10:50:42.542+0000] {processor.py:186} INFO - Started process (PID=3171) to work on /opt/airflow/dags/hello_world.py
[2026-04-02T10:50:42.543+0000] {processor.py:914} INFO - Processing file /opt/airflow/dags/hello_world.py for tasks to queue
[2026-04-02T10:50:42.545+0000] {logging_mixin.py:190} INFO - [2026-04-02T10:50:42.545+0000] {dagbag.py:588} INFO - Filling up the DagBag from /opt/airflow/dags/hello_world.py
[2026-04-02T10:50:42.557+0000] {processor.py:925} INFO - DAG(s) 'hello_world' retrieved from /opt/airflow/dags/hello_world.py
[2026-04-02T10:50:42.580+0000] {logging_mixin.py:190} INFO - [2026-04-02T10:50:42.580+0000] {dag.py:3239} INFO - Sync 1 DAGs
[2026-04-02T10:50:42.599+0000] {logging_mixin.py:190} INFO - [2026-04-02T10:50:42.599+0000] {dag.py:4180} INFO - Setting next_dagrun for hello_world to 2026-04-02 00:00:00+00:00, run_after=2026-04-03 00:00:00+00:00
[2026-04-02T10:50:42.613+0000] {processor.py:208} INFO - Processing /opt/airflow/dags/hello_world.py took 0.076 seconds
[2026-04-02T10:51:12.801+0000] {processor.py:186} INFO - Started process (PID=3181) to work on /opt/airflow/dags/hello_world.py
[2026-04-02T10:51:12.802+0000] {processor.py:914} INFO - Processing file /opt/airflow/dags/hello_world.py for tasks to queue
[2026-04-02T10:51:12.803+0000] {logging_mixin.py:190} INFO - [2026-04-02T10:51:12.803+0000] {dagbag.py:588} INFO - Filling up the DagBag from /opt/airflow/dags/hello_world.py
[2026-04-02T10:51:12.812+0000] {processor.py:925} INFO - DAG(s) 'hello_world' retrieved from /opt/airflow/dags/hello_world.py
[2026-04-02T10:51:12.834+0000] {logging_mixin.py:190} INFO - [2026-04-02T10:51:12.834+0000] {dag.py:3239} INFO - Sync 1 DAGs
[2026-04-02T10:51:12.852+0000] {logging_mixin.py:190} INFO - [2026-04-02T10:51:12.852+0000] {dag.py:4180} INFO - Setting next_dagrun for hello_world to 2026-04-02 00:00:00+00:00, run_after=2026-04-03 00:00:00+00:00
[2026-04-02T10:51:12.865+0000] {processor.py:208} INFO - Processing /opt/airflow/dags/hello_world.py took 0.069 seconds
[2026-04-02T10:51:43.099+0000] {processor.py:186} INFO - Started process (PID=3191) to work on /opt/airflow/dags/hello_world.py
[2026-04-02T10:51:43.100+0000] {processor.py:914} INFO - Processing file /opt/airflow/dags/hello_world.py for tasks to queue
[2026-04-02T10:51:43.102+0000] {logging_mixin.py:190} INFO - [2026-04-02T10:51:43.102+0000] {dagbag.py:588} INFO - Filling up the DagBag from /opt/airflow/dags/hello_world.py
[2026-04-02T10:51:43.113+0000] {processor.py:925} INFO - DAG(s) 'hello_world' retrieved from /opt/airflow/dags/hello_world.py
[2026-04-02T10:51:43.137+0000] {logging_mixin.py:190} INFO - [2026-04-02T10:51:43.137+0000] {dag.py:3239} INFO - Sync 1 DAGs
[2026-04-02T10:51:43.158+0000] {logging_mixin.py:190} INFO - [2026-04-02T10:51:43.157+0000] {dag.py:4180} INFO - Setting next_dagrun for hello_world to 2026-04-02 00:00:00+00:00, run_after=2026-04-03 00:00:00+00:00
[2026-04-02T10:51:43.173+0000] {processor.py:208} INFO - Processing /opt/airflow/dags/hello_world.py took 0.079 seconds
[2026-04-02T10:52:13.388+0000] {processor.py:186} INFO - Started process (PID=3201) to work on /opt/airflow/dags/hello_world.py
[2026-04-02T10:52:13.389+0000] {processor.py:914} INFO - Processing file /opt/airflow/dags/hello_world.py for tasks to queue
[2026-04-02T10:52:13.390+0000] {logging_mixin.py:190} INFO - [2026-04-02T10:52:13.390+0000] {dagbag.py:588} INFO - Filling up the DagBag from /opt/airflow/dags/hello_world.py
[2026-04-02T10:52:13.399+0000] {processor.py:925} INFO - DAG(s) 'hello_world' retrieved from /opt/airflow/dags/hello_world.py
[2026-04-02T10:52:13.421+0000] {logging_mixin.py:190} INFO - [2026-04-02T10:52:13.421+0000] {dag.py:3239} INFO - Sync 1 DAGs
[2026-04-02T10:52:13.440+0000] {logging_mixin.py:190} INFO - [2026-04-02T10:52:13.439+0000] {dag.py:4180} INFO - Setting next_dagrun for hello_world to 2026-04-02 00:00:00+00:00, run_after=2026-04-03 00:00:00+00:00
[2026-04-02T10:52:13.454+0000] {processor.py:208} INFO - Processing /opt/airflow/dags/hello_world.py took 0.071 seconds
[2026-04-02T10:52:43.694+0000] {processor.py:186} INFO - Started process (PID=3211) to work on /opt/airflow/dags/hello_world.py
[2026-04-02T10:52:43.711+0000] {processor.py:914} INFO - Processing file /opt/airflow/dags/hello_world.py for tasks to queue
[2026-04-02T10:52:43.713+0000] {logging_mixin.py:190} INFO - [2026-04-02T10:52:43.712+0000] {dagbag.py:588} INFO - Filling up the DagBag from /opt/airflow/dags/hello_world.py
[2026-04-02T10:52:43.721+0000] {processor.py:925} INFO - DAG(s) 'hello_world' retrieved from /opt/airflow/dags/hello_world.py
[2026-04-02T10:52:43.742+0000] {logging_mixin.py:190} INFO - [2026-04-02T10:52:43.742+0000] {dag.py:3239} INFO - Sync 1 DAGs
[2026-04-02T10:52:43.761+0000] {logging_mixin.py:190} INFO - [2026-04-02T10:52:43.760+0000] {dag.py:4180} INFO - Setting next_dagrun for hello_world to 2026-04-02 00:00:00+00:00, run_after=2026-04-03 00:00:00+00:00
[2026-04-02T10:52:43.776+0000] {processor.py:208} INFO - Processing /opt/airflow/dags/hello_world.py took 0.088 seconds
[2026-04-02T10:53:13.988+0000] {processor.py:186} INFO - Started process (PID=3221) to work on /opt/airflow/dags/hello_world.py
[2026-04-02T10:53:13.989+0000] {processor.py:914} INFO - Processing file /opt/airflow/dags/hello_world.py for tasks to queue
[2026-04-02T10:53:13.990+0000] {logging_mixin.py:190} INFO - [2026-04-02T10:53:13.990+0000] {dagbag.py:588} INFO - Filling up the DagBag from /opt/airflow/dags/hello_world.py
[2026-04-02T10:53:13.999+0000] {processor.py:925} INFO - DAG(s) 'hello_world' retrieved from /opt/airflow/dags/hello_world.py
[2026-04-02T10:53:14.019+0000] {logging_mixin.py:190} INFO - [2026-04-02T10:53:14.019+0000] {dag.py:3239} INFO - Sync 1 DAGs
[2026-04-02T10:53:14.036+0000] {logging_mixin.py:190} INFO - [2026-04-02T10:53:14.036+0000] {dag.py:4180} INFO - Setting next_dagrun for hello_world to 2026-04-02 00:00:00+00:00, run_after=2026-04-03 00:00:00+00:00
[2026-04-02T10:53:14.050+0000] {processor.py:208} INFO - Processing /opt/airflow/dags/hello_world.py took 0.067 seconds
[2026-04-02T10:53:44.275+0000] {processor.py:186} INFO - Started process (PID=3231) to work on /opt/airflow/dags/hello_world.py
[2026-04-02T10:53:44.293+0000] {processor.py:914} INFO - Processing file /opt/airflow/dags/hello_world.py for tasks to queue
[2026-04-02T10:53:44.295+0000] {logging_mixin.py:190} INFO - [2026-04-02T10:53:44.295+0000] {dagbag.py:588} INFO - Filling up the DagBag from /opt/airflow/dags/hello_world.py
[2026-04-02T10:53:44.304+0000] {processor.py:925} INFO - DAG(s) 'hello_world' retrieved from /opt/airflow/dags/hello_world.py
[2026-04-02T10:53:44.325+0000] {logging_mixin.py:190} INFO - [2026-04-02T10:53:44.325+0000] {dag.py:3239} INFO - Sync 1 DAGs
[2026-04-02T10:53:44.345+0000] {logging_mixin.py:190} INFO - [2026-04-02T10:53:44.344+0000] {dag.py:4180} INFO - Setting next_dagrun for hello_world to 2026-04-02 00:00:00+00:00, run_after=2026-04-03 00:00:00+00:00
[2026-04-02T10:53:44.359+0000] {processor.py:208} INFO - Processing /opt/airflow/dags/hello_world.py took 0.089 seconds
[2026-04-02T10:54:14.562+0000] {processor.py:186} INFO - Started process (PID=3241) to work on /opt/airflow/dags/hello_world.py
[2026-04-02T10:54:14.562+0000] {processor.py:914} INFO - Processing file /opt/airflow/dags/hello_world.py for tasks to queue
[2026-04-02T10:54:14.564+0000] {logging_mixin.py:190} INFO - [2026-04-02T10:54:14.564+0000] {dagbag.py:588} INFO - Filling up the DagBag from /opt/airflow/dags/hello_world.py
[2026-04-02T10:54:14.572+0000] {processor.py:925} INFO - DAG(s) 'hello_world' retrieved from /opt/airflow/dags/hello_world.py
[2026-04-02T10:54:14.594+0000] {logging_mixin.py:190} INFO - [2026-04-02T10:54:14.594+0000] {dag.py:3239} INFO - Sync 1 DAGs
[2026-04-02T10:54:14.613+0000] {logging_mixin.py:190} INFO - [2026-04-02T10:54:14.613+0000] {dag.py:4180} INFO - Setting next_dagrun for hello_world to 2026-04-02 00:00:00+00:00, run_after=2026-04-03 00:00:00+00:00
[2026-04-02T10:54:14.626+0000] {processor.py:208} INFO - Processing /opt/airflow/dags/hello_world.py took 0.069 seconds
[2026-04-02T10:54:44.816+0000] {processor.py:186} INFO - Started process (PID=3251) to work on /opt/airflow/dags/hello_world.py
[2026-04-02T10:54:44.817+0000] {processor.py:914} INFO - Processing file /opt/airflow/dags/hello_world.py for tasks to queue
[2026-04-02T10:54:44.818+0000] {logging_mixin.py:190} INFO - [2026-04-02T10:54:44.818+0000] {dagbag.py:588} INFO - Filling up the DagBag from /opt/airflow/dags/hello_world.py
[2026-04-02T10:54:44.828+0000] {processor.py:925} INFO - DAG(s) 'hello_world' retrieved from /opt/airflow/dags/hello_world.py
[2026-04-02T10:54:44.850+0000] {logging_mixin.py:190} INFO - [2026-04-02T10:54:44.850+0000] {dag.py:3239} INFO - Sync 1 DAGs
[2026-04-02T10:54:44.869+0000] {logging_mixin.py:190} INFO - [2026-04-02T10:54:44.869+0000] {dag.py:4180} INFO - Setting next_dagrun for hello_world to 2026-04-02 00:00:00+00:00, run_after=2026-04-03 00:00:00+00:00
[2026-04-02T10:54:44.883+0000] {processor.py:208} INFO - Processing /opt/airflow/dags/hello_world.py took 0.072 seconds
[2026-04-02T10:55:15.082+0000] {processor.py:186} INFO - Started process (PID=3261) to work on /opt/airflow/dags/hello_world.py
[2026-04-02T10:55:15.082+0000] {processor.py:914} INFO - Processing file /opt/airflow/dags/hello_world.py for tasks to queue
[2026-04-02T10:55:15.084+0000] {logging_mixin.py:190} INFO - [2026-04-02T10:55:15.084+0000] {dagbag.py:588} INFO - Filling up the DagBag from /opt/airflow/dags/hello_world.py
[2026-04-02T10:55:15.093+0000] {processor.py:925} INFO - DAG(s) 'hello_world' retrieved from /opt/airflow/dags/hello_world.py
[2026-04-02T10:55:15.114+0000] {logging_mixin.py:190} INFO - [2026-04-02T10:55:15.114+0000] {dag.py:3239} INFO - Sync 1 DAGs
[2026-04-02T10:55:15.132+0000] {logging_mixin.py:190} INFO - [2026-04-02T10:55:15.132+0000] {dag.py:4180} INFO - Setting next_dagrun for hello_world to 2026-04-02 00:00:00+00:00, run_after=2026-04-03 00:00:00+00:00
[2026-04-02T10:55:15.145+0000] {processor.py:208} INFO - Processing /opt/airflow/dags/hello_world.py took 0.068 seconds
[2026-04-02T10:55:45.367+0000] {processor.py:186} INFO - Started process (PID=3271) to work on /opt/airflow/dags/hello_world.py
[2026-04-02T10:55:45.368+0000] {processor.py:914} INFO - Processing file /opt/airflow/dags/hello_world.py for tasks to queue
[2026-04-02T10:55:45.370+0000] {logging_mixin.py:190} INFO - [2026-04-02T10:55:45.369+0000] {dagbag.py:588} INFO - Filling up the DagBag from /opt/airflow/dags/hello_world.py
[2026-04-02T10:55:45.380+0000] {processor.py:925} INFO - DAG(s) 'hello_world' retrieved from /opt/airflow/dags/hello_world.py
[2026-04-02T10:55:45.405+0000] {logging_mixin.py:190} INFO - [2026-04-02T10:55:45.405+0000] {dag.py:3239} INFO - Sync 1 DAGs
[2026-04-02T10:55:45.426+0000] {logging_mixin.py:190} INFO - [2026-04-02T10:55:45.426+0000] {dag.py:4180} INFO - Setting next_dagrun for hello_world to 2026-04-02 00:00:00+00:00, run_after=2026-04-03 00:00:00+00:00
[2026-04-02T10:55:45.442+0000] {processor.py:208} INFO - Processing /opt/airflow/dags/hello_world.py took 0.080 seconds
[2026-04-02T10:56:15.659+0000] {processor.py:186} INFO - Started process (PID=3281) to work on /opt/airflow/dags/hello_world.py
[2026-04-02T10:56:15.659+0000] {processor.py:914} INFO - Processing file /opt/airflow/dags/hello_world.py for tasks to queue
[2026-04-02T10:56:15.661+0000] {logging_mixin.py:190} INFO - [2026-04-02T10:56:15.661+0000] {dagbag.py:588} INFO - Filling up the DagBag from /opt/airflow/dags/hello_world.py
[2026-04-02T10:56:15.669+0000] {processor.py:925} INFO - DAG(s) 'hello_world' retrieved from /opt/airflow/dags/hello_world.py
[2026-04-02T10:56:15.692+0000] {logging_mixin.py:190} INFO - [2026-04-02T10:56:15.692+0000] {dag.py:3239} INFO - Sync 1 DAGs
[2026-04-02T10:56:15.710+0000] {logging_mixin.py:190} INFO - [2026-04-02T10:56:15.710+0000] {dag.py:4180} INFO - Setting next_dagrun for hello_world to 2026-04-02 00:00:00+00:00, run_after=2026-04-03 00:00:00+00:00
[2026-04-02T10:56:15.724+0000] {processor.py:208} INFO - Processing /opt/airflow/dags/hello_world.py took 0.070 seconds
[2026-04-02T10:56:45.909+0000] {processor.py:186} INFO - Started process (PID=3291) to work on /opt/airflow/dags/hello_world.py
[2026-04-02T10:56:45.910+0000] {processor.py:914} INFO - Processing file /opt/airflow/dags/hello_world.py for tasks to queue
[2026-04-02T10:56:45.912+0000] {logging_mixin.py:190} INFO - [2026-04-02T10:56:45.911+0000] {dagbag.py:588} INFO - Filling up the DagBag from /opt/airflow/dags/hello_world.py
[2026-04-02T10:56:45.921+0000] {processor.py:925} INFO - DAG(s) 'hello_world' retrieved from /opt/airflow/dags/hello_world.py
[2026-04-02T10:56:45.943+0000] {logging_mixin.py:190} INFO - [2026-04-02T10:56:45.943+0000] {dag.py:3239} INFO - Sync 1 DAGs
[2026-04-02T10:56:45.960+0000] {logging_mixin.py:190} INFO - [2026-04-02T10:56:45.960+0000] {dag.py:4180} INFO - Setting next_dagrun for hello_world to 2026-04-02 00:00:00+00:00, run_after=2026-04-03 00:00:00+00:00
[2026-04-02T10:56:45.973+0000] {processor.py:208} INFO - Processing /opt/airflow/dags/hello_world.py took 0.070 seconds
[2026-04-02T10:57:16.156+0000] {processor.py:186} INFO - Started process (PID=3301) to work on /opt/airflow/dags/hello_world.py
[2026-04-02T10:57:16.157+0000] {processor.py:914} INFO - Processing file /opt/airflow/dags/hello_world.py for tasks to queue
[2026-04-02T10:57:16.159+0000] {logging_mixin.py:190} INFO - [2026-04-02T10:57:16.158+0000] {dagbag.py:588} INFO - Filling up the DagBag from /opt/airflow/dags/hello_world.py
[2026-04-02T10:57:16.168+0000] {processor.py:925} INFO - DAG(s) 'hello_world' retrieved from /opt/airflow/dags/hello_world.py
[2026-04-02T10:57:16.190+0000] {logging_mixin.py:190} INFO - [2026-04-02T10:57:16.190+0000] {dag.py:3239} INFO - Sync 1 DAGs
[2026-04-02T10:57:16.207+0000] {logging_mixin.py:190} INFO - [2026-04-02T10:57:16.207+0000] {dag.py:4180} INFO - Setting next_dagrun for hello_world to 2026-04-02 00:00:00+00:00, run_after=2026-04-03 00:00:00+00:00
[2026-04-02T10:57:16.222+0000] {processor.py:208} INFO - Processing /opt/airflow/dags/hello_world.py took 0.071 seconds
[2026-04-02T10:57:46.395+0000] {processor.py:186} INFO - Started process (PID=3311) to work on /opt/airflow/dags/hello_world.py
[2026-04-02T10:57:46.396+0000] {processor.py:914} INFO - Processing file /opt/airflow/dags/hello_world.py for tasks to queue
[2026-04-02T10:57:46.398+0000] {logging_mixin.py:190} INFO - [2026-04-02T10:57:46.398+0000] {dagbag.py:588} INFO - Filling up the DagBag from /opt/airflow/dags/hello_world.py
[2026-04-02T10:57:46.408+0000] {processor.py:925} INFO - DAG(s) 'hello_world' retrieved from /opt/airflow/dags/hello_world.py
[2026-04-02T10:57:46.429+0000] {logging_mixin.py:190} INFO - [2026-04-02T10:57:46.429+0000] {dag.py:3239} INFO - Sync 1 DAGs
[2026-04-02T10:57:46.448+0000] {logging_mixin.py:190} INFO - [2026-04-02T10:57:46.448+0000] {dag.py:4180} INFO - Setting next_dagrun for hello_world to 2026-04-02 00:00:00+00:00, run_after=2026-04-03 00:00:00+00:00
[2026-04-02T10:57:46.462+0000] {processor.py:208} INFO - Processing /opt/airflow/dags/hello_world.py took 0.071 seconds
[2026-04-02T10:58:16.659+0000] {processor.py:186} INFO - Started process (PID=3321) to work on /opt/airflow/dags/hello_world.py
[2026-04-02T10:58:16.659+0000] {processor.py:914} INFO - Processing file /opt/airflow/dags/hello_world.py for tasks to queue
[2026-04-02T10:58:16.661+0000] {logging_mixin.py:190} INFO - [2026-04-02T10:58:16.661+0000] {dagbag.py:588} INFO - Filling up the DagBag from /opt/airflow/dags/hello_world.py
[2026-04-02T10:58:16.671+0000] {processor.py:925} INFO - DAG(s) 'hello_world' retrieved from /opt/airflow/dags/hello_world.py
[2026-04-02T10:58:16.701+0000] {logging_mixin.py:190} INFO - [2026-04-02T10:58:16.700+0000] {dag.py:3239} INFO - Sync 1 DAGs
[2026-04-02T10:58:16.729+0000] {logging_mixin.py:190} INFO - [2026-04-02T10:58:16.728+0000] {dag.py:4180} INFO - Setting next_dagrun for hello_world to 2026-04-02 00:00:00+00:00, run_after=2026-04-03 00:00:00+00:00
[2026-04-02T10:58:16.747+0000] {processor.py:208} INFO - Processing /opt/airflow/dags/hello_world.py took 0.094 seconds
[2026-04-02T10:58:46.909+0000] {processor.py:186} INFO - Started process (PID=3331) to work on /opt/airflow/dags/hello_world.py
[2026-04-02T10:58:46.911+0000] {processor.py:914} INFO - Processing file /opt/airflow/dags/hello_world.py for tasks to queue
[2026-04-02T10:58:46.913+0000] {logging_mixin.py:190} INFO - [2026-04-02T10:58:46.912+0000] {dagbag.py:588} INFO - Filling up the DagBag from /opt/airflow/dags/hello_world.py
[2026-04-02T10:58:46.923+0000] {processor.py:925} INFO - DAG(s) 'hello_world' retrieved from /opt/airflow/dags/hello_world.py
[2026-04-02T10:58:46.948+0000] {logging_mixin.py:190} INFO - [2026-04-02T10:58:46.947+0000] {dag.py:3239} INFO - Sync 1 DAGs
[2026-04-02T10:58:46.968+0000] {logging_mixin.py:190} INFO - [2026-04-02T10:58:46.968+0000] {dag.py:4180} INFO - Setting next_dagrun for hello_world to 2026-04-02 00:00:00+00:00, run_after=2026-04-03 00:00:00+00:00
[2026-04-02T10:58:46.984+0000] {processor.py:208} INFO - Processing /opt/airflow/dags/hello_world.py took 0.080 seconds
[2026-04-02T10:59:17.189+0000] {processor.py:186} INFO - Started process (PID=3341) to work on /opt/airflow/dags/hello_world.py
[2026-04-02T10:59:17.189+0000] {processor.py:914} INFO - Processing file /opt/airflow/dags/hello_world.py for tasks to queue
[2026-04-02T10:59:17.191+0000] {logging_mixin.py:190} INFO - [2026-04-02T10:59:17.191+0000] {dagbag.py:588} INFO - Filling up the DagBag from /opt/airflow/dags/hello_world.py
[2026-04-02T10:59:17.200+0000] {processor.py:925} INFO - DAG(s) 'hello_world' retrieved from /opt/airflow/dags/hello_world.py
[2026-04-02T10:59:17.220+0000] {logging_mixin.py:190} INFO - [2026-04-02T10:59:17.220+0000] {dag.py:3239} INFO - Sync 1 DAGs
[2026-04-02T10:59:17.239+0000] {logging_mixin.py:190} INFO - [2026-04-02T10:59:17.239+0000] {dag.py:4180} INFO - Setting next_dagrun for hello_world to 2026-04-02 00:00:00+00:00, run_after=2026-04-03 00:00:00+00:00
[2026-04-02T10:59:17.251+0000] {processor.py:208} INFO - Processing /opt/airflow/dags/hello_world.py took 0.068 seconds
[2026-04-02T10:59:47.483+0000] {processor.py:186} INFO - Started process (PID=3351) to work on /opt/airflow/dags/hello_world.py
[2026-04-02T10:59:47.484+0000] {processor.py:914} INFO - Processing file /opt/airflow/dags/hello_world.py for tasks to queue
[2026-04-02T10:59:47.486+0000] {logging_mixin.py:190} INFO - [2026-04-02T10:59:47.485+0000] {dagbag.py:588} INFO - Filling up the DagBag from /opt/airflow/dags/hello_world.py
[2026-04-02T10:59:47.495+0000] {processor.py:925} INFO - DAG(s) 'hello_world' retrieved from /opt/airflow/dags/hello_world.py
[2026-04-02T10:59:47.519+0000] {logging_mixin.py:190} INFO - [2026-04-02T10:59:47.519+0000] {dag.py:3239} INFO - Sync 1 DAGs
[2026-04-02T10:59:47.540+0000] {logging_mixin.py:190} INFO - [2026-04-02T10:59:47.540+0000] {dag.py:4180} INFO - Setting next_dagrun for hello_world to 2026-04-02 00:00:00+00:00, run_after=2026-04-03 00:00:00+00:00
[2026-04-02T10:59:47.553+0000] {processor.py:208} INFO - Processing /opt/airflow/dags/hello_world.py took 0.074 seconds
[2026-04-02T11:00:17.778+0000] {processor.py:186} INFO - Started process (PID=3361) to work on /opt/airflow/dags/hello_world.py
[2026-04-02T11:00:17.778+0000] {processor.py:914} INFO - Processing file /opt/airflow/dags/hello_world.py for tasks to queue
[2026-04-02T11:00:17.780+0000] {logging_mixin.py:190} INFO - [2026-04-02T11:00:17.780+0000] {dagbag.py:588} INFO - Filling up the DagBag from /opt/airflow/dags/hello_world.py
[2026-04-02T11:00:17.789+0000] {processor.py:925} INFO - DAG(s) 'hello_world' retrieved from /opt/airflow/dags/hello_world.py
[2026-04-02T11:00:17.811+0000] {logging_mixin.py:190} INFO - [2026-04-02T11:00:17.811+0000] {dag.py:3239} INFO - Sync 1 DAGs
[2026-04-02T11:00:17.831+0000] {logging_mixin.py:190} INFO - [2026-04-02T11:00:17.831+0000] {dag.py:4180} INFO - Setting next_dagrun for hello_world to 2026-04-02 00:00:00+00:00, run_after=2026-04-03 00:00:00+00:00
[2026-04-02T11:00:17.847+0000] {processor.py:208} INFO - Processing /opt/airflow/dags/hello_world.py took 0.075 seconds
[2026-04-02T11:00:48.096+0000] {processor.py:186} INFO - Started process (PID=3371) to work on /opt/airflow/dags/hello_world.py
[2026-04-02T11:00:48.097+0000] {processor.py:914} INFO - Processing file /opt/airflow/dags/hello_world.py for tasks to queue
[2026-04-02T11:00:48.099+0000] {logging_mixin.py:190} INFO - [2026-04-02T11:00:48.098+0000] {dagbag.py:588} INFO - Filling up the DagBag from /opt/airflow/dags/hello_world.py
[2026-04-02T11:00:48.108+0000] {processor.py:925} INFO - DAG(s) 'hello_world' retrieved from /opt/airflow/dags/hello_world.py
[2026-04-02T11:00:48.129+0000] {logging_mixin.py:190} INFO - [2026-04-02T11:00:48.129+0000] {dag.py:3239} INFO - Sync 1 DAGs
[2026-04-02T11:00:48.149+0000] {logging_mixin.py:190} INFO - [2026-04-02T11:00:48.149+0000] {dag.py:4180} INFO - Setting next_dagrun for hello_world to 2026-04-02 00:00:00+00:00, run_after=2026-04-03 00:00:00+00:00
[2026-04-02T11:00:48.164+0000] {processor.py:208} INFO - Processing /opt/airflow/dags/hello_world.py took 0.074 seconds
[2026-04-02T11:01:18.379+0000] {processor.py:186} INFO - Started process (PID=3381) to work on /opt/airflow/dags/hello_world.py
[2026-04-02T11:01:18.380+0000] {processor.py:914} INFO - Processing file /opt/airflow/dags/hello_world.py for tasks to queue
[2026-04-02T11:01:18.381+0000] {logging_mixin.py:190} INFO - [2026-04-02T11:01:18.381+0000] {dagbag.py:588} INFO - Filling up the DagBag from /opt/airflow/dags/hello_world.py
[2026-04-02T11:01:18.390+0000] {processor.py:925} INFO - DAG(s) 'hello_world' retrieved from /opt/airflow/dags/hello_world.py
[2026-04-02T11:01:18.412+0000] {logging_mixin.py:190} INFO - [2026-04-02T11:01:18.412+0000] {dag.py:3239} INFO - Sync 1 DAGs
[2026-04-02T11:01:18.429+0000] {logging_mixin.py:190} INFO - [2026-04-02T11:01:18.429+0000] {dag.py:4180} INFO - Setting next_dagrun for hello_world to 2026-04-02 00:00:00+00:00, run_after=2026-04-03 00:00:00+00:00
[2026-04-02T11:01:18.443+0000] {processor.py:208} INFO - Processing /opt/airflow/dags/hello_world.py took 0.069 seconds
[2026-04-02T11:01:48.684+0000] {processor.py:186} INFO - Started process (PID=3391) to work on /opt/airflow/dags/hello_world.py
[2026-04-02T11:01:48.685+0000] {processor.py:914} INFO - Processing file /opt/airflow/dags/hello_world.py for tasks to queue
[2026-04-02T11:01:48.687+0000] {logging_mixin.py:190} INFO - [2026-04-02T11:01:48.686+0000] {dagbag.py:588} INFO - Filling up the DagBag from /opt/airflow/dags/hello_world.py
[2026-04-02T11:01:48.698+0000] {processor.py:925} INFO - DAG(s) 'hello_world' retrieved from /opt/airflow/dags/hello_world.py
[2026-04-02T11:01:48.721+0000] {logging_mixin.py:190} INFO - [2026-04-02T11:01:48.720+0000] {dag.py:3239} INFO - Sync 1 DAGs
[2026-04-02T11:01:48.740+0000] {logging_mixin.py:190} INFO - [2026-04-02T11:01:48.740+0000] {dag.py:4180} INFO - Setting next_dagrun for hello_world to 2026-04-02 00:00:00+00:00, run_after=2026-04-03 00:00:00+00:00
[2026-04-02T11:01:48.753+0000] {processor.py:208} INFO - Processing /opt/airflow/dags/hello_world.py took 0.075 seconds
[2026-04-02T11:02:18.934+0000] {processor.py:186} INFO - Started process (PID=3401) to work on /opt/airflow/dags/hello_world.py
[2026-04-02T11:02:18.934+0000] {processor.py:914} INFO - Processing file /opt/airflow/dags/hello_world.py for tasks to queue
[2026-04-02T11:02:18.937+0000] {logging_mixin.py:190} INFO - [2026-04-02T11:02:18.936+0000] {dagbag.py:588} INFO - Filling up the DagBag from /opt/airflow/dags/hello_world.py
[2026-04-02T11:02:18.946+0000] {processor.py:925} INFO - DAG(s) 'hello_world' retrieved from /opt/airflow/dags/hello_world.py
[2026-04-02T11:02:18.969+0000] {logging_mixin.py:190} INFO - [2026-04-02T11:02:18.968+0000] {dag.py:3239} INFO - Sync 1 DAGs
[2026-04-02T11:02:18.991+0000] {logging_mixin.py:190} INFO - [2026-04-02T11:02:18.991+0000] {dag.py:4180} INFO - Setting next_dagrun for hello_world to 2026-04-02 00:00:00+00:00, run_after=2026-04-03 00:00:00+00:00
[2026-04-02T11:02:19.007+0000] {processor.py:208} INFO - Processing /opt/airflow/dags/hello_world.py took 0.078 seconds
[2026-04-02T11:02:49.217+0000] {processor.py:186} INFO - Started process (PID=3411) to work on /opt/airflow/dags/hello_world.py
[2026-04-02T11:02:49.218+0000] {processor.py:914} INFO - Processing file /opt/airflow/dags/hello_world.py for tasks to queue
[2026-04-02T11:02:49.220+0000] {logging_mixin.py:190} INFO - [2026-04-02T11:02:49.220+0000] {dagbag.py:588} INFO - Filling up the DagBag from /opt/airflow/dags/hello_world.py
[2026-04-02T11:02:49.230+0000] {processor.py:925} INFO - DAG(s) 'hello_world' retrieved from /opt/airflow/dags/hello_world.py
[2026-04-02T11:02:49.251+0000] {logging_mixin.py:190} INFO - [2026-04-02T11:02:49.251+0000] {dag.py:3239} INFO - Sync 1 DAGs
[2026-04-02T11:02:49.270+0000] {logging_mixin.py:190} INFO - [2026-04-02T11:02:49.270+0000] {dag.py:4180} INFO - Setting next_dagrun for hello_world to 2026-04-02 00:00:00+00:00, run_after=2026-04-03 00:00:00+00:00
[2026-04-02T11:02:49.288+0000] {processor.py:208} INFO - Processing /opt/airflow/dags/hello_world.py took 0.075 seconds
[2026-04-02T11:03:19.540+0000] {processor.py:186} INFO - Started process (PID=3421) to work on /opt/airflow/dags/hello_world.py
[2026-04-02T11:03:19.541+0000] {processor.py:914} INFO - Processing file /opt/airflow/dags/hello_world.py for tasks to queue
[2026-04-02T11:03:19.543+0000] {logging_mixin.py:190} INFO - [2026-04-02T11:03:19.542+0000] {dagbag.py:588} INFO - Filling up the DagBag from /opt/airflow/dags/hello_world.py
[2026-04-02T11:03:19.551+0000] {processor.py:925} INFO - DAG(s) 'hello_world' retrieved from /opt/airflow/dags/hello_world.py
[2026-04-02T11:03:19.571+0000] {logging_mixin.py:190} INFO - [2026-04-02T11:03:19.571+0000] {dag.py:3239} INFO - Sync 1 DAGs
[2026-04-02T11:03:19.589+0000] {logging_mixin.py:190} INFO - [2026-04-02T11:03:19.589+0000] {dag.py:4180} INFO - Setting next_dagrun for hello_world to 2026-04-02 00:00:00+00:00, run_after=2026-04-03 00:00:00+00:00
[2026-04-02T11:03:19.602+0000] {processor.py:208} INFO - Processing /opt/airflow/dags/hello_world.py took 0.067 seconds
[2026-04-02T11:03:49.805+0000] {processor.py:186} INFO - Started process (PID=3431) to work on /opt/airflow/dags/hello_world.py
[2026-04-02T11:03:49.822+0000] {processor.py:914} INFO - Processing file /opt/airflow/dags/hello_world.py for tasks to queue
[2026-04-02T11:03:49.824+0000] {logging_mixin.py:190} INFO - [2026-04-02T11:03:49.824+0000] {dagbag.py:588} INFO - Filling up the DagBag from /opt/airflow/dags/hello_world.py
[2026-04-02T11:03:49.832+0000] {processor.py:925} INFO - DAG(s) 'hello_world' retrieved from /opt/airflow/dags/hello_world.py
[2026-04-02T11:03:49.853+0000] {logging_mixin.py:190} INFO - [2026-04-02T11:03:49.853+0000] {dag.py:3239} INFO - Sync 1 DAGs
[2026-04-02T11:03:49.873+0000] {logging_mixin.py:190} INFO - [2026-04-02T11:03:49.873+0000] {dag.py:4180} INFO - Setting next_dagrun for hello_world to 2026-04-02 00:00:00+00:00, run_after=2026-04-03 00:00:00+00:00
[2026-04-02T11:03:49.888+0000] {processor.py:208} INFO - Processing /opt/airflow/dags/hello_world.py took 0.088 seconds
[2026-04-02T11:04:20.076+0000] {processor.py:186} INFO - Started process (PID=3441) to work on /opt/airflow/dags/hello_world.py
[2026-04-02T11:04:20.077+0000] {processor.py:914} INFO - Processing file /opt/airflow/dags/hello_world.py for tasks to queue
[2026-04-02T11:04:20.079+0000] {logging_mixin.py:190} INFO - [2026-04-02T11:04:20.079+0000] {dagbag.py:588} INFO - Filling up the DagBag from /opt/airflow/dags/hello_world.py
[2026-04-02T11:04:20.092+0000] {processor.py:925} INFO - DAG(s) 'hello_world' retrieved from /opt/airflow/dags/hello_world.py
[2026-04-02T11:04:20.120+0000] {logging_mixin.py:190} INFO - [2026-04-02T11:04:20.120+0000] {dag.py:3239} INFO - Sync 1 DAGs
[2026-04-02T11:04:20.137+0000] {logging_mixin.py:190} INFO - [2026-04-02T11:04:20.137+0000] {dag.py:4180} INFO - Setting next_dagrun for hello_world to 2026-04-02 00:00:00+00:00, run_after=2026-04-03 00:00:00+00:00
[2026-04-02T11:04:20.151+0000] {processor.py:208} INFO - Processing /opt/airflow/dags/hello_world.py took 0.080 seconds
[2026-04-02T11:04:50.380+0000] {processor.py:186} INFO - Started process (PID=3451) to work on /opt/airflow/dags/hello_world.py
[2026-04-02T11:04:50.398+0000] {processor.py:914} INFO - Processing file /opt/airflow/dags/hello_world.py for tasks to queue
[2026-04-02T11:04:50.400+0000] {logging_mixin.py:190} INFO - [2026-04-02T11:04:50.400+0000] {dagbag.py:588} INFO - Filling up the DagBag from /opt/airflow/dags/hello_world.py
[2026-04-02T11:04:50.408+0000] {processor.py:925} INFO - DAG(s) 'hello_world' retrieved from /opt/airflow/dags/hello_world.py
[2026-04-02T11:04:50.429+0000] {logging_mixin.py:190} INFO - [2026-04-02T11:04:50.429+0000] {dag.py:3239} INFO - Sync 1 DAGs
[2026-04-02T11:04:50.447+0000] {logging_mixin.py:190} INFO - [2026-04-02T11:04:50.447+0000] {dag.py:4180} INFO - Setting next_dagrun for hello_world to 2026-04-02 00:00:00+00:00, run_after=2026-04-03 00:00:00+00:00
[2026-04-02T11:04:50.462+0000] {processor.py:208} INFO - Processing /opt/airflow/dags/hello_world.py took 0.087 seconds
[2026-04-02T11:05:20.724+0000] {processor.py:186} INFO - Started process (PID=3461) to work on /opt/airflow/dags/hello_world.py
[2026-04-02T11:05:20.725+0000] {processor.py:914} INFO - Processing file /opt/airflow/dags/hello_world.py for tasks to queue
[2026-04-02T11:05:20.726+0000] {logging_mixin.py:190} INFO - [2026-04-02T11:05:20.726+0000] {dagbag.py:588} INFO - Filling up the DagBag from /opt/airflow/dags/hello_world.py
[2026-04-02T11:05:20.735+0000] {processor.py:925} INFO - DAG(s) 'hello_world' retrieved from /opt/airflow/dags/hello_world.py
[2026-04-02T11:05:20.756+0000] {logging_mixin.py:190} INFO - [2026-04-02T11:05:20.756+0000] {dag.py:3239} INFO - Sync 1 DAGs
[2026-04-02T11:05:20.775+0000] {logging_mixin.py:190} INFO - [2026-04-02T11:05:20.775+0000] {dag.py:4180} INFO - Setting next_dagrun for hello_world to 2026-04-02 00:00:00+00:00, run_after=2026-04-03 00:00:00+00:00
[2026-04-02T11:05:20.788+0000] {processor.py:208} INFO - Processing /opt/airflow/dags/hello_world.py took 0.069 seconds
[2026-04-02T11:05:50.996+0000] {processor.py:186} INFO - Started process (PID=3471) to work on /opt/airflow/dags/hello_world.py
[2026-04-02T11:05:50.997+0000] {processor.py:914} INFO - Processing file /opt/airflow/dags/hello_world.py for tasks to queue
[2026-04-02T11:05:50.999+0000] {logging_mixin.py:190} INFO - [2026-04-02T11:05:50.998+0000] {dagbag.py:588} INFO - Filling up the DagBag from /opt/airflow/dags/hello_world.py
[2026-04-02T11:05:51.007+0000] {processor.py:925} INFO - DAG(s) 'hello_world' retrieved from /opt/airflow/dags/hello_world.py
[2026-04-02T11:05:51.029+0000] {logging_mixin.py:190} INFO - [2026-04-02T11:05:51.029+0000] {dag.py:3239} INFO - Sync 1 DAGs
[2026-04-02T11:05:51.048+0000] {logging_mixin.py:190} INFO - [2026-04-02T11:05:51.047+0000] {dag.py:4180} INFO - Setting next_dagrun for hello_world to 2026-04-02 00:00:00+00:00, run_after=2026-04-03 00:00:00+00:00
[2026-04-02T11:05:51.061+0000] {processor.py:208} INFO - Processing /opt/airflow/dags/hello_world.py took 0.070 seconds
[2026-04-02T11:06:21.262+0000] {processor.py:186} INFO - Started process (PID=3481) to work on /opt/airflow/dags/hello_world.py
[2026-04-02T11:06:21.263+0000] {processor.py:914} INFO - Processing file /opt/airflow/dags/hello_world.py for tasks to queue
[2026-04-02T11:06:21.265+0000] {logging_mixin.py:190} INFO - [2026-04-02T11:06:21.264+0000] {dagbag.py:588} INFO - Filling up the DagBag from /opt/airflow/dags/hello_world.py
[2026-04-02T11:06:21.283+0000] {processor.py:925} INFO - DAG(s) 'hello_world' retrieved from /opt/airflow/dags/hello_world.py
[2026-04-02T11:06:21.310+0000] {logging_mixin.py:190} INFO - [2026-04-02T11:06:21.310+0000] {dag.py:3239} INFO - Sync 1 DAGs
[2026-04-02T11:06:21.328+0000] {logging_mixin.py:190} INFO - [2026-04-02T11:06:21.328+0000] {dag.py:4180} INFO - Setting next_dagrun for hello_world to 2026-04-02 00:00:00+00:00, run_after=2026-04-03 00:00:00+00:00
[2026-04-02T11:06:21.343+0000] {processor.py:208} INFO - Processing /opt/airflow/dags/hello_world.py took 0.087 seconds
[2026-04-02T11:06:51.545+0000] {processor.py:186} INFO - Started process (PID=3491) to work on /opt/airflow/dags/hello_world.py
[2026-04-02T11:06:51.546+0000] {processor.py:914} INFO - Processing file /opt/airflow/dags/hello_world.py for tasks to queue
[2026-04-02T11:06:51.548+0000] {logging_mixin.py:190} INFO - [2026-04-02T11:06:51.548+0000] {dagbag.py:588} INFO - Filling up the DagBag from /opt/airflow/dags/hello_world.py
[2026-04-02T11:06:51.557+0000] {processor.py:925} INFO - DAG(s) 'hello_world' retrieved from /opt/airflow/dags/hello_world.py
[2026-04-02T11:06:51.579+0000] {logging_mixin.py:190} INFO - [2026-04-02T11:06:51.578+0000] {dag.py:3239} INFO - Sync 1 DAGs
[2026-04-02T11:06:51.599+0000] {logging_mixin.py:190} INFO - [2026-04-02T11:06:51.599+0000] {dag.py:4180} INFO - Setting next_dagrun for hello_world to 2026-04-02 00:00:00+00:00, run_after=2026-04-03 00:00:00+00:00
[2026-04-02T11:06:51.618+0000] {processor.py:208} INFO - Processing /opt/airflow/dags/hello_world.py took 0.078 seconds
[2026-04-02T11:07:21.827+0000] {processor.py:186} INFO - Started process (PID=3501) to work on /opt/airflow/dags/hello_world.py
[2026-04-02T11:07:21.828+0000] {processor.py:914} INFO - Processing file /opt/airflow/dags/hello_world.py for tasks to queue
[2026-04-02T11:07:21.830+0000] {logging_mixin.py:190} INFO - [2026-04-02T11:07:21.830+0000] {dagbag.py:588} INFO - Filling up the DagBag from /opt/airflow/dags/hello_world.py
[2026-04-02T11:07:21.844+0000] {processor.py:925} INFO - DAG(s) 'hello_world' retrieved from /opt/airflow/dags/hello_world.py
[2026-04-02T11:07:21.872+0000] {logging_mixin.py:190} INFO - [2026-04-02T11:07:21.871+0000] {dag.py:3239} INFO - Sync 1 DAGs
[2026-04-02T11:07:21.889+0000] {logging_mixin.py:190} INFO - [2026-04-02T11:07:21.889+0000] {dag.py:4180} INFO - Setting next_dagrun for hello_world to 2026-04-02 00:00:00+00:00, run_after=2026-04-03 00:00:00+00:00
[2026-04-02T11:07:21.902+0000] {processor.py:208} INFO - Processing /opt/airflow/dags/hello_world.py took 0.080 seconds
[2026-04-02T11:07:52.124+0000] {processor.py:186} INFO - Started process (PID=3511) to work on /opt/airflow/dags/hello_world.py
[2026-04-02T11:07:52.125+0000] {processor.py:914} INFO - Processing file /opt/airflow/dags/hello_world.py for tasks to queue
[2026-04-02T11:07:52.127+0000] {logging_mixin.py:190} INFO - [2026-04-02T11:07:52.126+0000] {dagbag.py:588} INFO - Filling up the DagBag from /opt/airflow/dags/hello_world.py
[2026-04-02T11:07:52.136+0000] {processor.py:925} INFO - DAG(s) 'hello_world' retrieved from /opt/airflow/dags/hello_world.py
[2026-04-02T11:07:52.160+0000] {logging_mixin.py:190} INFO - [2026-04-02T11:07:52.160+0000] {dag.py:3239} INFO - Sync 1 DAGs
[2026-04-02T11:07:52.184+0000] {logging_mixin.py:190} INFO - [2026-04-02T11:07:52.184+0000] {dag.py:4180} INFO - Setting next_dagrun for hello_world to 2026-04-02 00:00:00+00:00, run_after=2026-04-03 00:00:00+00:00
[2026-04-02T11:07:52.202+0000] {processor.py:208} INFO - Processing /opt/airflow/dags/hello_world.py took 0.083 seconds
[2026-04-02T11:08:22.406+0000] {processor.py:186} INFO - Started process (PID=3521) to work on /opt/airflow/dags/hello_world.py
[2026-04-02T11:08:22.407+0000] {processor.py:914} INFO - Processing file /opt/airflow/dags/hello_world.py for tasks to queue
[2026-04-02T11:08:22.409+0000] {logging_mixin.py:190} INFO - [2026-04-02T11:08:22.409+0000] {dagbag.py:588} INFO - Filling up the DagBag from /opt/airflow/dags/hello_world.py
[2026-04-02T11:08:22.418+0000] {processor.py:925} INFO - DAG(s) 'hello_world' retrieved from /opt/airflow/dags/hello_world.py
[2026-04-02T11:08:22.437+0000] {logging_mixin.py:190} INFO - [2026-04-02T11:08:22.437+0000] {dag.py:3239} INFO - Sync 1 DAGs
[2026-04-02T11:08:22.455+0000] {logging_mixin.py:190} INFO - [2026-04-02T11:08:22.454+0000] {dag.py:4180} INFO - Setting next_dagrun for hello_world to 2026-04-02 00:00:00+00:00, run_after=2026-04-03 00:00:00+00:00
[2026-04-02T11:08:22.468+0000] {processor.py:208} INFO - Processing /opt/airflow/dags/hello_world.py took 0.067 seconds
[2026-04-02T11:08:52.659+0000] {processor.py:186} INFO - Started process (PID=3531) to work on /opt/airflow/dags/hello_world.py
[2026-04-02T11:08:52.676+0000] {processor.py:914} INFO - Processing file /opt/airflow/dags/hello_world.py for tasks to queue
[2026-04-02T11:08:52.678+0000] {logging_mixin.py:190} INFO - [2026-04-02T11:08:52.678+0000] {dagbag.py:588} INFO - Filling up the DagBag from /opt/airflow/dags/hello_world.py
[2026-04-02T11:08:52.686+0000] {processor.py:925} INFO - DAG(s) 'hello_world' retrieved from /opt/airflow/dags/hello_world.py
[2026-04-02T11:08:52.709+0000] {logging_mixin.py:190} INFO - [2026-04-02T11:08:52.709+0000] {dag.py:3239} INFO - Sync 1 DAGs
[2026-04-02T11:08:52.729+0000] {logging_mixin.py:190} INFO - [2026-04-02T11:08:52.729+0000] {dag.py:4180} INFO - Setting next_dagrun for hello_world to 2026-04-02 00:00:00+00:00, run_after=2026-04-03 00:00:00+00:00
[2026-04-02T11:08:52.745+0000] {processor.py:208} INFO - Processing /opt/airflow/dags/hello_world.py took 0.090 seconds
[2026-04-02T11:09:22.947+0000] {processor.py:186} INFO - Started process (PID=3541) to work on /opt/airflow/dags/hello_world.py
[2026-04-02T11:09:22.948+0000] {processor.py:914} INFO - Processing file /opt/airflow/dags/hello_world.py for tasks to queue
[2026-04-02T11:09:22.949+0000] {logging_mixin.py:190} INFO - [2026-04-02T11:09:22.949+0000] {dagbag.py:588} INFO - Filling up the DagBag from /opt/airflow/dags/hello_world.py
[2026-04-02T11:09:22.964+0000] {processor.py:925} INFO - DAG(s) 'hello_world' retrieved from /opt/airflow/dags/hello_world.py
[2026-04-02T11:09:22.995+0000] {logging_mixin.py:190} INFO - [2026-04-02T11:09:22.995+0000] {dag.py:3239} INFO - Sync 1 DAGs
[2026-04-02T11:09:23.011+0000] {logging_mixin.py:190} INFO - [2026-04-02T11:09:23.011+0000] {dag.py:4180} INFO - Setting next_dagrun for hello_world to 2026-04-02 00:00:00+00:00, run_after=2026-04-03 00:00:00+00:00
[2026-04-02T11:09:23.024+0000] {processor.py:208} INFO - Processing /opt/airflow/dags/hello_world.py took 0.083 seconds
[2026-04-02T11:09:53.197+0000] {processor.py:186} INFO - Started process (PID=3551) to work on /opt/airflow/dags/hello_world.py
[2026-04-02T11:09:53.198+0000] {processor.py:914} INFO - Processing file /opt/airflow/dags/hello_world.py for tasks to queue
[2026-04-02T11:09:53.200+0000] {logging_mixin.py:190} INFO - [2026-04-02T11:09:53.200+0000] {dagbag.py:588} INFO - Filling up the DagBag from /opt/airflow/dags/hello_world.py
[2026-04-02T11:09:53.209+0000] {processor.py:925} INFO - DAG(s) 'hello_world' retrieved from /opt/airflow/dags/hello_world.py
[2026-04-02T11:09:53.232+0000] {logging_mixin.py:190} INFO - [2026-04-02T11:09:53.231+0000] {dag.py:3239} INFO - Sync 1 DAGs
[2026-04-02T11:09:53.251+0000] {logging_mixin.py:190} INFO - [2026-04-02T11:09:53.250+0000] {dag.py:4180} INFO - Setting next_dagrun for hello_world to 2026-04-02 00:00:00+00:00, run_after=2026-04-03 00:00:00+00:00
[2026-04-02T11:09:53.264+0000] {processor.py:208} INFO - Processing /opt/airflow/dags/hello_world.py took 0.071 seconds
[2026-04-02T11:10:23.516+0000] {processor.py:186} INFO - Started process (PID=3561) to work on /opt/airflow/dags/hello_world.py
[2026-04-02T11:10:23.517+0000] {processor.py:914} INFO - Processing file /opt/airflow/dags/hello_world.py for tasks to queue
[2026-04-02T11:10:23.519+0000] {logging_mixin.py:190} INFO - [2026-04-02T11:10:23.518+0000] {dagbag.py:588} INFO - Filling up the DagBag from /opt/airflow/dags/hello_world.py
[2026-04-02T11:10:23.533+0000] {processor.py:925} INFO - DAG(s) 'hello_world' retrieved from /opt/airflow/dags/hello_world.py
[2026-04-02T11:10:23.558+0000] {logging_mixin.py:190} INFO - [2026-04-02T11:10:23.558+0000] {dag.py:3239} INFO - Sync 1 DAGs
[2026-04-02T11:10:23.579+0000] {logging_mixin.py:190} INFO - [2026-04-02T11:10:23.578+0000] {dag.py:4180} INFO - Setting next_dagrun for hello_world to 2026-04-02 00:00:00+00:00, run_after=2026-04-03 00:00:00+00:00
[2026-04-02T11:10:23.593+0000] {processor.py:208} INFO - Processing /opt/airflow/dags/hello_world.py took 0.082 seconds
[2026-04-02T11:10:53.818+0000] {processor.py:186} INFO - Started process (PID=3571) to work on /opt/airflow/dags/hello_world.py
[2026-04-02T11:10:53.819+0000] {processor.py:914} INFO - Processing file /opt/airflow/dags/hello_world.py for tasks to queue
[2026-04-02T11:10:53.822+0000] {logging_mixin.py:190} INFO - [2026-04-02T11:10:53.821+0000] {dagbag.py:588} INFO - Filling up the DagBag from /opt/airflow/dags/hello_world.py
[2026-04-02T11:10:53.833+0000] {processor.py:925} INFO - DAG(s) 'hello_world' retrieved from /opt/airflow/dags/hello_world.py
[2026-04-02T11:10:53.856+0000] {logging_mixin.py:190} INFO - [2026-04-02T11:10:53.856+0000] {dag.py:3239} INFO - Sync 1 DAGs
[2026-04-02T11:10:53.875+0000] {logging_mixin.py:190} INFO - [2026-04-02T11:10:53.875+0000] {dag.py:4180} INFO - Setting next_dagrun for hello_world to 2026-04-02 00:00:00+00:00, run_after=2026-04-03 00:00:00+00:00
[2026-04-02T11:10:53.891+0000] {processor.py:208} INFO - Processing /opt/airflow/dags/hello_world.py took 0.077 seconds
[2026-04-02T11:11:24.123+0000] {processor.py:186} INFO - Started process (PID=3581) to work on /opt/airflow/dags/hello_world.py
[2026-04-02T11:11:24.124+0000] {processor.py:914} INFO - Processing file /opt/airflow/dags/hello_world.py for tasks to queue
[2026-04-02T11:11:24.126+0000] {logging_mixin.py:190} INFO - [2026-04-02T11:11:24.125+0000] {dagbag.py:588} INFO - Filling up the DagBag from /opt/airflow/dags/hello_world.py
[2026-04-02T11:11:24.139+0000] {processor.py:925} INFO - DAG(s) 'hello_world' retrieved from /opt/airflow/dags/hello_world.py
[2026-04-02T11:11:24.166+0000] {logging_mixin.py:190} INFO - [2026-04-02T11:11:24.166+0000] {dag.py:3239} INFO - Sync 1 DAGs
[2026-04-02T11:11:24.182+0000] {logging_mixin.py:190} INFO - [2026-04-02T11:11:24.182+0000] {dag.py:4180} INFO - Setting next_dagrun for hello_world to 2026-04-02 00:00:00+00:00, run_after=2026-04-03 00:00:00+00:00
[2026-04-02T11:11:24.197+0000] {processor.py:208} INFO - Processing /opt/airflow/dags/hello_world.py took 0.079 seconds
[2026-04-02T11:11:54.402+0000] {processor.py:186} INFO - Started process (PID=3591) to work on /opt/airflow/dags/hello_world.py
[2026-04-02T11:11:54.418+0000] {processor.py:914} INFO - Processing file /opt/airflow/dags/hello_world.py for tasks to queue
[2026-04-02T11:11:54.420+0000] {logging_mixin.py:190} INFO - [2026-04-02T11:11:54.420+0000] {dagbag.py:588} INFO - Filling up the DagBag from /opt/airflow/dags/hello_world.py
[2026-04-02T11:11:54.429+0000] {processor.py:925} INFO - DAG(s) 'hello_world' retrieved from /opt/airflow/dags/hello_world.py
[2026-04-02T11:11:54.448+0000] {logging_mixin.py:190} INFO - [2026-04-02T11:11:54.448+0000] {dag.py:3239} INFO - Sync 1 DAGs
[2026-04-02T11:11:54.465+0000] {logging_mixin.py:190} INFO - [2026-04-02T11:11:54.465+0000] {dag.py:4180} INFO - Setting next_dagrun for hello_world to 2026-04-02 00:00:00+00:00, run_after=2026-04-03 00:00:00+00:00
[2026-04-02T11:11:54.479+0000] {processor.py:208} INFO - Processing /opt/airflow/dags/hello_world.py took 0.082 seconds
[2026-04-02T11:12:24.702+0000] {processor.py:186} INFO - Started process (PID=3601) to work on /opt/airflow/dags/hello_world.py
[2026-04-02T11:12:24.703+0000] {processor.py:914} INFO - Processing file /opt/airflow/dags/hello_world.py for tasks to queue
[2026-04-02T11:12:24.704+0000] {logging_mixin.py:190} INFO - [2026-04-02T11:12:24.704+0000] {dagbag.py:588} INFO - Filling up the DagBag from /opt/airflow/dags/hello_world.py
[2026-04-02T11:12:24.713+0000] {processor.py:925} INFO - DAG(s) 'hello_world' retrieved from /opt/airflow/dags/hello_world.py
[2026-04-02T11:12:24.734+0000] {logging_mixin.py:190} INFO - [2026-04-02T11:12:24.734+0000] {dag.py:3239} INFO - Sync 1 DAGs
[2026-04-02T11:12:24.753+0000] {logging_mixin.py:190} INFO - [2026-04-02T11:12:24.752+0000] {dag.py:4180} INFO - Setting next_dagrun for hello_world to 2026-04-02 00:00:00+00:00, run_after=2026-04-03 00:00:00+00:00
[2026-04-02T11:12:24.766+0000] {processor.py:208} INFO - Processing /opt/airflow/dags/hello_world.py took 0.069 seconds
[2026-04-02T11:12:54.970+0000] {processor.py:186} INFO - Started process (PID=3611) to work on /opt/airflow/dags/hello_world.py
[2026-04-02T11:12:54.972+0000] {processor.py:914} INFO - Processing file /opt/airflow/dags/hello_world.py for tasks to queue
[2026-04-02T11:12:54.973+0000] {logging_mixin.py:190} INFO - [2026-04-02T11:12:54.973+0000] {dagbag.py:588} INFO - Filling up the DagBag from /opt/airflow/dags/hello_world.py
[2026-04-02T11:12:54.983+0000] {processor.py:925} INFO - DAG(s) 'hello_world' retrieved from /opt/airflow/dags/hello_world.py
[2026-04-02T11:12:55.005+0000] {logging_mixin.py:190} INFO - [2026-04-02T11:12:55.005+0000] {dag.py:3239} INFO - Sync 1 DAGs
[2026-04-02T11:12:55.024+0000] {logging_mixin.py:190} INFO - [2026-04-02T11:12:55.024+0000] {dag.py:4180} INFO - Setting next_dagrun for hello_world to 2026-04-02 00:00:00+00:00, run_after=2026-04-03 00:00:00+00:00
[2026-04-02T11:12:55.037+0000] {processor.py:208} INFO - Processing /opt/airflow/dags/hello_world.py took 0.071 seconds
[2026-04-02T11:13:25.200+0000] {processor.py:186} INFO - Started process (PID=3621) to work on /opt/airflow/dags/hello_world.py
[2026-04-02T11:13:25.201+0000] {processor.py:914} INFO - Processing file /opt/airflow/dags/hello_world.py for tasks to queue
[2026-04-02T11:13:25.202+0000] {logging_mixin.py:190} INFO - [2026-04-02T11:13:25.202+0000] {dagbag.py:588} INFO - Filling up the DagBag from /opt/airflow/dags/hello_world.py
[2026-04-02T11:13:25.212+0000] {processor.py:925} INFO - DAG(s) 'hello_world' retrieved from /opt/airflow/dags/hello_world.py
[2026-04-02T11:13:25.235+0000] {logging_mixin.py:190} INFO - [2026-04-02T11:13:25.234+0000] {dag.py:3239} INFO - Sync 1 DAGs
[2026-04-02T11:13:25.254+0000] {logging_mixin.py:190} INFO - [2026-04-02T11:13:25.253+0000] {dag.py:4180} INFO - Setting next_dagrun for hello_world to 2026-04-02 00:00:00+00:00, run_after=2026-04-03 00:00:00+00:00
[2026-04-02T11:13:25.269+0000] {processor.py:208} INFO - Processing /opt/airflow/dags/hello_world.py took 0.074 seconds
[2026-04-02T11:13:55.497+0000] {processor.py:186} INFO - Started process (PID=3631) to work on /opt/airflow/dags/hello_world.py
[2026-04-02T11:13:55.520+0000] {processor.py:914} INFO - Processing file /opt/airflow/dags/hello_world.py for tasks to queue
[2026-04-02T11:13:55.523+0000] {logging_mixin.py:190} INFO - [2026-04-02T11:13:55.523+0000] {dagbag.py:588} INFO - Filling up the DagBag from /opt/airflow/dags/hello_world.py
[2026-04-02T11:13:55.532+0000] {processor.py:925} INFO - DAG(s) 'hello_world' retrieved from /opt/airflow/dags/hello_world.py
[2026-04-02T11:13:55.554+0000] {logging_mixin.py:190} INFO - [2026-04-02T11:13:55.554+0000] {dag.py:3239} INFO - Sync 1 DAGs
[2026-04-02T11:13:55.575+0000] {logging_mixin.py:190} INFO - [2026-04-02T11:13:55.575+0000] {dag.py:4180} INFO - Setting next_dagrun for hello_world to 2026-04-02 00:00:00+00:00, run_after=2026-04-03 00:00:00+00:00
[2026-04-02T11:13:55.590+0000] {processor.py:208} INFO - Processing /opt/airflow/dags/hello_world.py took 0.098 seconds
[2026-04-02T11:14:25.755+0000] {processor.py:186} INFO - Started process (PID=3641) to work on /opt/airflow/dags/hello_world.py
[2026-04-02T11:14:25.756+0000] {processor.py:914} INFO - Processing file /opt/airflow/dags/hello_world.py for tasks to queue
[2026-04-02T11:14:25.758+0000] {logging_mixin.py:190} INFO - [2026-04-02T11:14:25.757+0000] {dagbag.py:588} INFO - Filling up the DagBag from /opt/airflow/dags/hello_world.py
[2026-04-02T11:14:25.766+0000] {processor.py:925} INFO - DAG(s) 'hello_world' retrieved from /opt/airflow/dags/hello_world.py
[2026-04-02T11:14:25.788+0000] {logging_mixin.py:190} INFO - [2026-04-02T11:14:25.788+0000] {dag.py:3239} INFO - Sync 1 DAGs
[2026-04-02T11:14:25.809+0000] {logging_mixin.py:190} INFO - [2026-04-02T11:14:25.808+0000] {dag.py:4180} INFO - Setting next_dagrun for hello_world to 2026-04-02 00:00:00+00:00, run_after=2026-04-03 00:00:00+00:00
[2026-04-02T11:14:25.821+0000] {processor.py:208} INFO - Processing /opt/airflow/dags/hello_world.py took 0.071 seconds
[2026-04-02T11:14:56.028+0000] {processor.py:186} INFO - Started process (PID=3651) to work on /opt/airflow/dags/hello_world.py
[2026-04-02T11:14:56.045+0000] {processor.py:914} INFO - Processing file /opt/airflow/dags/hello_world.py for tasks to queue
[2026-04-02T11:14:56.047+0000] {logging_mixin.py:190} INFO - [2026-04-02T11:14:56.047+0000] {dagbag.py:588} INFO - Filling up the DagBag from /opt/airflow/dags/hello_world.py
[2026-04-02T11:14:56.056+0000] {processor.py:925} INFO - DAG(s) 'hello_world' retrieved from /opt/airflow/dags/hello_world.py
[2026-04-02T11:14:56.078+0000] {logging_mixin.py:190} INFO - [2026-04-02T11:14:56.078+0000] {dag.py:3239} INFO - Sync 1 DAGs
[2026-04-02T11:14:56.096+0000] {logging_mixin.py:190} INFO - [2026-04-02T11:14:56.096+0000] {dag.py:4180} INFO - Setting next_dagrun for hello_world to 2026-04-02 00:00:00+00:00, run_after=2026-04-03 00:00:00+00:00
[2026-04-02T11:14:56.110+0000] {processor.py:208} INFO - Processing /opt/airflow/dags/hello_world.py took 0.087 seconds
[2026-04-02T11:15:26.309+0000] {processor.py:186} INFO - Started process (PID=3661) to work on /opt/airflow/dags/hello_world.py
[2026-04-02T11:15:26.309+0000] {processor.py:914} INFO - Processing file /opt/airflow/dags/hello_world.py for tasks to queue
[2026-04-02T11:15:26.311+0000] {logging_mixin.py:190} INFO - [2026-04-02T11:15:26.311+0000] {dagbag.py:588} INFO - Filling up the DagBag from /opt/airflow/dags/hello_world.py
[2026-04-02T11:15:26.322+0000] {processor.py:925} INFO - DAG(s) 'hello_world' retrieved from /opt/airflow/dags/hello_world.py
[2026-04-02T11:15:26.343+0000] {logging_mixin.py:190} INFO - [2026-04-02T11:15:26.343+0000] {dag.py:3239} INFO - Sync 1 DAGs
[2026-04-02T11:15:26.359+0000] {logging_mixin.py:190} INFO - [2026-04-02T11:15:26.359+0000] {dag.py:4180} INFO - Setting next_dagrun for hello_world to 2026-04-02 00:00:00+00:00, run_after=2026-04-03 00:00:00+00:00
[2026-04-02T11:15:26.373+0000] {processor.py:208} INFO - Processing /opt/airflow/dags/hello_world.py took 0.069 seconds
[2026-04-02T11:15:56.617+0000] {processor.py:186} INFO - Started process (PID=3671) to work on /opt/airflow/dags/hello_world.py
[2026-04-02T11:15:56.618+0000] {processor.py:914} INFO - Processing file /opt/airflow/dags/hello_world.py for tasks to queue
[2026-04-02T11:15:56.619+0000] {logging_mixin.py:190} INFO - [2026-04-02T11:15:56.619+0000] {dagbag.py:588} INFO - Filling up the DagBag from /opt/airflow/dags/hello_world.py
[2026-04-02T11:15:56.628+0000] {processor.py:925} INFO - DAG(s) 'hello_world' retrieved from /opt/airflow/dags/hello_world.py
[2026-04-02T11:15:56.649+0000] {logging_mixin.py:190} INFO - [2026-04-02T11:15:56.649+0000] {dag.py:3239} INFO - Sync 1 DAGs
[2026-04-02T11:15:56.670+0000] {logging_mixin.py:190} INFO - [2026-04-02T11:15:56.669+0000] {dag.py:4180} INFO - Setting next_dagrun for hello_world to 2026-04-02 00:00:00+00:00, run_after=2026-04-03 00:00:00+00:00
[2026-04-02T11:15:56.683+0000] {processor.py:208} INFO - Processing /opt/airflow/dags/hello_world.py took 0.071 seconds
[2026-04-02T11:16:26.914+0000] {processor.py:186} INFO - Started process (PID=3681) to work on /opt/airflow/dags/hello_world.py
[2026-04-02T11:16:26.915+0000] {processor.py:914} INFO - Processing file /opt/airflow/dags/hello_world.py for tasks to queue
[2026-04-02T11:16:26.916+0000] {logging_mixin.py:190} INFO - [2026-04-02T11:16:26.916+0000] {dagbag.py:588} INFO - Filling up the DagBag from /opt/airflow/dags/hello_world.py
[2026-04-02T11:16:26.925+0000] {processor.py:925} INFO - DAG(s) 'hello_world' retrieved from /opt/airflow/dags/hello_world.py
[2026-04-02T11:16:26.945+0000] {logging_mixin.py:190} INFO - [2026-04-02T11:16:26.945+0000] {dag.py:3239} INFO - Sync 1 DAGs
[2026-04-02T11:16:26.963+0000] {logging_mixin.py:190} INFO - [2026-04-02T11:16:26.963+0000] {dag.py:4180} INFO - Setting next_dagrun for hello_world to 2026-04-02 00:00:00+00:00, run_after=2026-04-03 00:00:00+00:00
[2026-04-02T11:16:26.975+0000] {processor.py:208} INFO - Processing /opt/airflow/dags/hello_world.py took 0.066 seconds
[2026-04-02T11:16:57.185+0000] {processor.py:186} INFO - Started process (PID=3691) to work on /opt/airflow/dags/hello_world.py
[2026-04-02T11:16:57.186+0000] {processor.py:914} INFO - Processing file /opt/airflow/dags/hello_world.py for tasks to queue
[2026-04-02T11:16:57.188+0000] {logging_mixin.py:190} INFO - [2026-04-02T11:16:57.188+0000] {dagbag.py:588} INFO - Filling up the DagBag from /opt/airflow/dags/hello_world.py
[2026-04-02T11:16:57.198+0000] {processor.py:925} INFO - DAG(s) 'hello_world' retrieved from /opt/airflow/dags/hello_world.py
[2026-04-02T11:16:57.219+0000] {logging_mixin.py:190} INFO - [2026-04-02T11:16:57.219+0000] {dag.py:3239} INFO - Sync 1 DAGs
[2026-04-02T11:16:57.238+0000] {logging_mixin.py:190} INFO - [2026-04-02T11:16:57.238+0000] {dag.py:4180} INFO - Setting next_dagrun for hello_world to 2026-04-02 00:00:00+00:00, run_after=2026-04-03 00:00:00+00:00
[2026-04-02T11:16:57.251+0000] {processor.py:208} INFO - Processing /opt/airflow/dags/hello_world.py took 0.072 seconds
[2026-04-02T11:17:27.474+0000] {processor.py:186} INFO - Started process (PID=3701) to work on /opt/airflow/dags/hello_world.py
[2026-04-02T11:17:27.475+0000] {processor.py:914} INFO - Processing file /opt/airflow/dags/hello_world.py for tasks to queue
[2026-04-02T11:17:27.477+0000] {logging_mixin.py:190} INFO - [2026-04-02T11:17:27.476+0000] {dagbag.py:588} INFO - Filling up the DagBag from /opt/airflow/dags/hello_world.py
[2026-04-02T11:17:27.485+0000] {processor.py:925} INFO - DAG(s) 'hello_world' retrieved from /opt/airflow/dags/hello_world.py
[2026-04-02T11:17:27.509+0000] {logging_mixin.py:190} INFO - [2026-04-02T11:17:27.508+0000] {dag.py:3239} INFO - Sync 1 DAGs
[2026-04-02T11:17:27.528+0000] {logging_mixin.py:190} INFO - [2026-04-02T11:17:27.528+0000] {dag.py:4180} INFO - Setting next_dagrun for hello_world to 2026-04-02 00:00:00+00:00, run_after=2026-04-03 00:00:00+00:00
[2026-04-02T11:17:27.545+0000] {processor.py:208} INFO - Processing /opt/airflow/dags/hello_world.py took 0.076 seconds
[2026-04-02T11:17:57.779+0000] {processor.py:186} INFO - Started process (PID=3711) to work on /opt/airflow/dags/hello_world.py
[2026-04-02T11:17:57.796+0000] {processor.py:914} INFO - Processing file /opt/airflow/dags/hello_world.py for tasks to queue
[2026-04-02T11:17:57.798+0000] {logging_mixin.py:190} INFO - [2026-04-02T11:17:57.798+0000] {dagbag.py:588} INFO - Filling up the DagBag from /opt/airflow/dags/hello_world.py
[2026-04-02T11:17:57.807+0000] {processor.py:925} INFO - DAG(s) 'hello_world' retrieved from /opt/airflow/dags/hello_world.py
[2026-04-02T11:17:57.830+0000] {logging_mixin.py:190} INFO - [2026-04-02T11:17:57.829+0000] {dag.py:3239} INFO - Sync 1 DAGs
[2026-04-02T11:17:57.849+0000] {logging_mixin.py:190} INFO - [2026-04-02T11:17:57.849+0000] {dag.py:4180} INFO - Setting next_dagrun for hello_world to 2026-04-02 00:00:00+00:00, run_after=2026-04-03 00:00:00+00:00
[2026-04-02T11:17:57.864+0000] {processor.py:208} INFO - Processing /opt/airflow/dags/hello_world.py took 0.091 seconds
[2026-04-02T11:18:28.095+0000] {processor.py:186} INFO - Started process (PID=3721) to work on /opt/airflow/dags/hello_world.py
[2026-04-02T11:18:28.095+0000] {processor.py:914} INFO - Processing file /opt/airflow/dags/hello_world.py for tasks to queue
[2026-04-02T11:18:28.097+0000] {logging_mixin.py:190} INFO - [2026-04-02T11:18:28.097+0000] {dagbag.py:588} INFO - Filling up the DagBag from /opt/airflow/dags/hello_world.py
[2026-04-02T11:18:28.106+0000] {processor.py:925} INFO - DAG(s) 'hello_world' retrieved from /opt/airflow/dags/hello_world.py
[2026-04-02T11:18:28.128+0000] {logging_mixin.py:190} INFO - [2026-04-02T11:18:28.128+0000] {dag.py:3239} INFO - Sync 1 DAGs
[2026-04-02T11:18:28.146+0000] {logging_mixin.py:190} INFO - [2026-04-02T11:18:28.146+0000] {dag.py:4180} INFO - Setting next_dagrun for hello_world to 2026-04-02 00:00:00+00:00, run_after=2026-04-03 00:00:00+00:00
[2026-04-02T11:18:28.160+0000] {processor.py:208} INFO - Processing /opt/airflow/dags/hello_world.py took 0.070 seconds
[2026-04-02T11:18:58.370+0000] {processor.py:186} INFO - Started process (PID=3731) to work on /opt/airflow/dags/hello_world.py
[2026-04-02T11:18:58.371+0000] {processor.py:914} INFO - Processing file /opt/airflow/dags/hello_world.py for tasks to queue
[2026-04-02T11:18:58.373+0000] {logging_mixin.py:190} INFO - [2026-04-02T11:18:58.373+0000] {dagbag.py:588} INFO - Filling up the DagBag from /opt/airflow/dags/hello_world.py
[2026-04-02T11:18:58.382+0000] {processor.py:925} INFO - DAG(s) 'hello_world' retrieved from /opt/airflow/dags/hello_world.py
[2026-04-02T11:18:58.405+0000] {logging_mixin.py:190} INFO - [2026-04-02T11:18:58.404+0000] {dag.py:3239} INFO - Sync 1 DAGs
[2026-04-02T11:18:58.424+0000] {logging_mixin.py:190} INFO - [2026-04-02T11:18:58.424+0000] {dag.py:4180} INFO - Setting next_dagrun for hello_world to 2026-04-02 00:00:00+00:00, run_after=2026-04-03 00:00:00+00:00
[2026-04-02T11:18:58.440+0000] {processor.py:208} INFO - Processing /opt/airflow/dags/hello_world.py took 0.075 seconds
[2026-04-02T11:19:28.691+0000] {processor.py:186} INFO - Started process (PID=3741) to work on /opt/airflow/dags/hello_world.py
[2026-04-02T11:19:28.692+0000] {processor.py:914} INFO - Processing file /opt/airflow/dags/hello_world.py for tasks to queue
[2026-04-02T11:19:28.693+0000] {logging_mixin.py:190} INFO - [2026-04-02T11:19:28.693+0000] {dagbag.py:588} INFO - Filling up the DagBag from /opt/airflow/dags/hello_world.py
[2026-04-02T11:19:28.702+0000] {processor.py:925} INFO - DAG(s) 'hello_world' retrieved from /opt/airflow/dags/hello_world.py
[2026-04-02T11:19:28.725+0000] {logging_mixin.py:190} INFO - [2026-04-02T11:19:28.725+0000] {dag.py:3239} INFO - Sync 1 DAGs
[2026-04-02T11:19:28.745+0000] {logging_mixin.py:190} INFO - [2026-04-02T11:19:28.745+0000] {dag.py:4180} INFO - Setting next_dagrun for hello_world to 2026-04-02 00:00:00+00:00, run_after=2026-04-03 00:00:00+00:00
[2026-04-02T11:19:28.759+0000] {processor.py:208} INFO - Processing /opt/airflow/dags/hello_world.py took 0.073 seconds
[2026-04-02T11:19:58.979+0000] {processor.py:186} INFO - Started process (PID=3751) to work on /opt/airflow/dags/hello_world.py
[2026-04-02T11:19:58.980+0000] {processor.py:914} INFO - Processing file /opt/airflow/dags/hello_world.py for tasks to queue
[2026-04-02T11:19:58.983+0000] {logging_mixin.py:190} INFO - [2026-04-02T11:19:58.983+0000] {dagbag.py:588} INFO - Filling up the DagBag from /opt/airflow/dags/hello_world.py
[2026-04-02T11:19:58.995+0000] {processor.py:925} INFO - DAG(s) 'hello_world' retrieved from /opt/airflow/dags/hello_world.py
[2026-04-02T11:19:59.017+0000] {logging_mixin.py:190} INFO - [2026-04-02T11:19:59.016+0000] {dag.py:3239} INFO - Sync 1 DAGs
[2026-04-02T11:19:59.038+0000] {logging_mixin.py:190} INFO - [2026-04-02T11:19:59.038+0000] {dag.py:4180} INFO - Setting next_dagrun for hello_world to 2026-04-02 00:00:00+00:00, run_after=2026-04-03 00:00:00+00:00
[2026-04-02T11:19:59.055+0000] {processor.py:208} INFO - Processing /opt/airflow/dags/hello_world.py took 0.085 seconds
[2026-04-02T11:20:29.275+0000] {processor.py:186} INFO - Started process (PID=3761) to work on /opt/airflow/dags/hello_world.py
[2026-04-02T11:20:29.276+0000] {processor.py:914} INFO - Processing file /opt/airflow/dags/hello_world.py for tasks to queue
[2026-04-02T11:20:29.279+0000] {logging_mixin.py:190} INFO - [2026-04-02T11:20:29.278+0000] {dagbag.py:588} INFO - Filling up the DagBag from /opt/airflow/dags/hello_world.py
[2026-04-02T11:20:29.293+0000] {processor.py:925} INFO - DAG(s) 'hello_world' retrieved from /opt/airflow/dags/hello_world.py
[2026-04-02T11:20:29.316+0000] {logging_mixin.py:190} INFO - [2026-04-02T11:20:29.316+0000] {dag.py:3239} INFO - Sync 1 DAGs
[2026-04-02T11:20:29.334+0000] {logging_mixin.py:190} INFO - [2026-04-02T11:20:29.334+0000] {dag.py:4180} INFO - Setting next_dagrun for hello_world to 2026-04-02 00:00:00+00:00, run_after=2026-04-03 00:00:00+00:00
[2026-04-02T11:20:29.353+0000] {processor.py:208} INFO - Processing /opt/airflow/dags/hello_world.py took 0.086 seconds
[2026-04-02T11:20:59.472+0000] {processor.py:186} INFO - Started process (PID=3771) to work on /opt/airflow/dags/hello_world.py
[2026-04-02T11:20:59.473+0000] {processor.py:914} INFO - Processing file /opt/airflow/dags/hello_world.py for tasks to queue
[2026-04-02T11:20:59.475+0000] {logging_mixin.py:190} INFO - [2026-04-02T11:20:59.475+0000] {dagbag.py:588} INFO - Filling up the DagBag from /opt/airflow/dags/hello_world.py
[2026-04-02T11:20:59.483+0000] {processor.py:925} INFO - DAG(s) 'hello_world' retrieved from /opt/airflow/dags/hello_world.py
[2026-04-02T11:20:59.505+0000] {logging_mixin.py:190} INFO - [2026-04-02T11:20:59.505+0000] {dag.py:3239} INFO - Sync 1 DAGs
[2026-04-02T11:20:59.523+0000] {logging_mixin.py:190} INFO - [2026-04-02T11:20:59.523+0000] {dag.py:4180} INFO - Setting next_dagrun for hello_world to 2026-04-02 00:00:00+00:00, run_after=2026-04-03 00:00:00+00:00
[2026-04-02T11:20:59.538+0000] {processor.py:208} INFO - Processing /opt/airflow/dags/hello_world.py took 0.070 seconds
[2026-04-02T11:21:29.812+0000] {processor.py:186} INFO - Started process (PID=3781) to work on /opt/airflow/dags/hello_world.py
[2026-04-02T11:21:29.812+0000] {processor.py:914} INFO - Processing file /opt/airflow/dags/hello_world.py for tasks to queue
[2026-04-02T11:21:29.814+0000] {logging_mixin.py:190} INFO - [2026-04-02T11:21:29.814+0000] {dagbag.py:588} INFO - Filling up the DagBag from /opt/airflow/dags/hello_world.py
[2026-04-02T11:21:29.824+0000] {processor.py:925} INFO - DAG(s) 'hello_world' retrieved from /opt/airflow/dags/hello_world.py
[2026-04-02T11:21:29.846+0000] {logging_mixin.py:190} INFO - [2026-04-02T11:21:29.845+0000] {dag.py:3239} INFO - Sync 1 DAGs
[2026-04-02T11:21:29.863+0000] {logging_mixin.py:190} INFO - [2026-04-02T11:21:29.863+0000] {dag.py:4180} INFO - Setting next_dagrun for hello_world to 2026-04-02 00:00:00+00:00, run_after=2026-04-03 00:00:00+00:00
[2026-04-02T11:21:29.877+0000] {processor.py:208} INFO - Processing /opt/airflow/dags/hello_world.py took 0.070 seconds
[2026-04-02T11:22:00.081+0000] {processor.py:186} INFO - Started process (PID=3791) to work on /opt/airflow/dags/hello_world.py
[2026-04-02T11:22:00.082+0000] {processor.py:914} INFO - Processing file /opt/airflow/dags/hello_world.py for tasks to queue
[2026-04-02T11:22:00.084+0000] {logging_mixin.py:190} INFO - [2026-04-02T11:22:00.084+0000] {dagbag.py:588} INFO - Filling up the DagBag from /opt/airflow/dags/hello_world.py
[2026-04-02T11:22:00.093+0000] {processor.py:925} INFO - DAG(s) 'hello_world' retrieved from /opt/airflow/dags/hello_world.py
[2026-04-02T11:22:00.118+0000] {logging_mixin.py:190} INFO - [2026-04-02T11:22:00.117+0000] {dag.py:3239} INFO - Sync 1 DAGs
[2026-04-02T11:22:00.138+0000] {logging_mixin.py:190} INFO - [2026-04-02T11:22:00.137+0000] {dag.py:4180} INFO - Setting next_dagrun for hello_world to 2026-04-02 00:00:00+00:00, run_after=2026-04-03 00:00:00+00:00
[2026-04-02T11:22:00.154+0000] {processor.py:208} INFO - Processing /opt/airflow/dags/hello_world.py took 0.078 seconds
[2026-04-02T11:22:30.359+0000] {processor.py:186} INFO - Started process (PID=3801) to work on /opt/airflow/dags/hello_world.py
[2026-04-02T11:22:30.359+0000] {processor.py:914} INFO - Processing file /opt/airflow/dags/hello_world.py for tasks to queue
[2026-04-02T11:22:30.361+0000] {logging_mixin.py:190} INFO - [2026-04-02T11:22:30.361+0000] {dagbag.py:588} INFO - Filling up the DagBag from /opt/airflow/dags/hello_world.py
[2026-04-02T11:22:30.371+0000] {processor.py:925} INFO - DAG(s) 'hello_world' retrieved from /opt/airflow/dags/hello_world.py
[2026-04-02T11:22:30.391+0000] {logging_mixin.py:190} INFO - [2026-04-02T11:22:30.391+0000] {dag.py:3239} INFO - Sync 1 DAGs
[2026-04-02T11:22:30.410+0000] {logging_mixin.py:190} INFO - [2026-04-02T11:22:30.409+0000] {dag.py:4180} INFO - Setting next_dagrun for hello_world to 2026-04-02 00:00:00+00:00, run_after=2026-04-03 00:00:00+00:00
[2026-04-02T11:22:30.424+0000] {processor.py:208} INFO - Processing /opt/airflow/dags/hello_world.py took 0.069 seconds
[2026-04-02T11:23:00.670+0000] {processor.py:186} INFO - Started process (PID=3811) to work on /opt/airflow/dags/hello_world.py
[2026-04-02T11:23:00.688+0000] {processor.py:914} INFO - Processing file /opt/airflow/dags/hello_world.py for tasks to queue
[2026-04-02T11:23:00.690+0000] {logging_mixin.py:190} INFO - [2026-04-02T11:23:00.690+0000] {dagbag.py:588} INFO - Filling up the DagBag from /opt/airflow/dags/hello_world.py
[2026-04-02T11:23:00.701+0000] {processor.py:925} INFO - DAG(s) 'hello_world' retrieved from /opt/airflow/dags/hello_world.py
[2026-04-02T11:23:00.725+0000] {logging_mixin.py:190} INFO - [2026-04-02T11:23:00.725+0000] {dag.py:3239} INFO - Sync 1 DAGs
[2026-04-02T11:23:00.746+0000] {logging_mixin.py:190} INFO - [2026-04-02T11:23:00.746+0000] {dag.py:4180} INFO - Setting next_dagrun for hello_world to 2026-04-02 00:00:00+00:00, run_after=2026-04-03 00:00:00+00:00
[2026-04-02T11:23:00.763+0000] {processor.py:208} INFO - Processing /opt/airflow/dags/hello_world.py took 0.098 seconds
[2026-04-02T11:23:30.949+0000] {processor.py:186} INFO - Started process (PID=3821) to work on /opt/airflow/dags/hello_world.py
[2026-04-02T11:23:30.949+0000] {processor.py:914} INFO - Processing file /opt/airflow/dags/hello_world.py for tasks to queue
[2026-04-02T11:23:30.951+0000] {logging_mixin.py:190} INFO - [2026-04-02T11:23:30.951+0000] {dagbag.py:588} INFO - Filling up the DagBag from /opt/airflow/dags/hello_world.py
[2026-04-02T11:23:30.960+0000] {processor.py:925} INFO - DAG(s) 'hello_world' retrieved from /opt/airflow/dags/hello_world.py
[2026-04-02T11:23:30.981+0000] {logging_mixin.py:190} INFO - [2026-04-02T11:23:30.981+0000] {dag.py:3239} INFO - Sync 1 DAGs
[2026-04-02T11:23:30.999+0000] {logging_mixin.py:190} INFO - [2026-04-02T11:23:30.999+0000] {dag.py:4180} INFO - Setting next_dagrun for hello_world to 2026-04-02 00:00:00+00:00, run_after=2026-04-03 00:00:00+00:00
[2026-04-02T11:23:31.012+0000] {processor.py:208} INFO - Processing /opt/airflow/dags/hello_world.py took 0.068 seconds
[2026-04-02T11:24:01.205+0000] {processor.py:186} INFO - Started process (PID=3831) to work on /opt/airflow/dags/hello_world.py
[2026-04-02T11:24:01.206+0000] {processor.py:914} INFO - Processing file /opt/airflow/dags/hello_world.py for tasks to queue
[2026-04-02T11:24:01.208+0000] {logging_mixin.py:190} INFO - [2026-04-02T11:24:01.208+0000] {dagbag.py:588} INFO - Filling up the DagBag from /opt/airflow/dags/hello_world.py
[2026-04-02T11:24:01.216+0000] {processor.py:925} INFO - DAG(s) 'hello_world' retrieved from /opt/airflow/dags/hello_world.py
[2026-04-02T11:24:01.241+0000] {logging_mixin.py:190} INFO - [2026-04-02T11:24:01.240+0000] {dag.py:3239} INFO - Sync 1 DAGs
[2026-04-02T11:24:01.260+0000] {logging_mixin.py:190} INFO - [2026-04-02T11:24:01.260+0000] {dag.py:4180} INFO - Setting next_dagrun for hello_world to 2026-04-02 00:00:00+00:00, run_after=2026-04-03 00:00:00+00:00
[2026-04-02T11:24:01.275+0000] {processor.py:208} INFO - Processing /opt/airflow/dags/hello_world.py took 0.075 seconds
[2026-04-02T11:24:31.487+0000] {processor.py:186} INFO - Started process (PID=3841) to work on /opt/airflow/dags/hello_world.py
[2026-04-02T11:24:31.487+0000] {processor.py:914} INFO - Processing file /opt/airflow/dags/hello_world.py for tasks to queue
[2026-04-02T11:24:31.489+0000] {logging_mixin.py:190} INFO - [2026-04-02T11:24:31.489+0000] {dagbag.py:588} INFO - Filling up the DagBag from /opt/airflow/dags/hello_world.py
[2026-04-02T11:24:31.498+0000] {processor.py:925} INFO - DAG(s) 'hello_world' retrieved from /opt/airflow/dags/hello_world.py
[2026-04-02T11:24:31.519+0000] {logging_mixin.py:190} INFO - [2026-04-02T11:24:31.519+0000] {dag.py:3239} INFO - Sync 1 DAGs
[2026-04-02T11:24:31.537+0000] {logging_mixin.py:190} INFO - [2026-04-02T11:24:31.537+0000] {dag.py:4180} INFO - Setting next_dagrun for hello_world to 2026-04-02 00:00:00+00:00, run_after=2026-04-03 00:00:00+00:00
[2026-04-02T11:24:31.551+0000] {processor.py:208} INFO - Processing /opt/airflow/dags/hello_world.py took 0.069 seconds
[2026-04-02T11:25:01.752+0000] {processor.py:186} INFO - Started process (PID=3851) to work on /opt/airflow/dags/hello_world.py
[2026-04-02T11:25:01.753+0000] {processor.py:914} INFO - Processing file /opt/airflow/dags/hello_world.py for tasks to queue
[2026-04-02T11:25:01.755+0000] {logging_mixin.py:190} INFO - [2026-04-02T11:25:01.755+0000] {dagbag.py:588} INFO - Filling up the DagBag from /opt/airflow/dags/hello_world.py
[2026-04-02T11:25:01.763+0000] {processor.py:925} INFO - DAG(s) 'hello_world' retrieved from /opt/airflow/dags/hello_world.py
[2026-04-02T11:25:01.786+0000] {logging_mixin.py:190} INFO - [2026-04-02T11:25:01.786+0000] {dag.py:3239} INFO - Sync 1 DAGs
[2026-04-02T11:25:01.805+0000] {logging_mixin.py:190} INFO - [2026-04-02T11:25:01.805+0000] {dag.py:4180} INFO - Setting next_dagrun for hello_world to 2026-04-02 00:00:00+00:00, run_after=2026-04-03 00:00:00+00:00
[2026-04-02T11:25:01.817+0000] {processor.py:208} INFO - Processing /opt/airflow/dags/hello_world.py took 0.070 seconds
[2026-04-02T11:25:32.014+0000] {processor.py:186} INFO - Started process (PID=3861) to work on /opt/airflow/dags/hello_world.py
[2026-04-02T11:25:32.014+0000] {processor.py:914} INFO - Processing file /opt/airflow/dags/hello_world.py for tasks to queue
[2026-04-02T11:25:32.016+0000] {logging_mixin.py:190} INFO - [2026-04-02T11:25:32.016+0000] {dagbag.py:588} INFO - Filling up the DagBag from /opt/airflow/dags/hello_world.py
[2026-04-02T11:25:32.027+0000] {processor.py:925} INFO - DAG(s) 'hello_world' retrieved from /opt/airflow/dags/hello_world.py
[2026-04-02T11:25:32.050+0000] {logging_mixin.py:190} INFO - [2026-04-02T11:25:32.050+0000] {dag.py:3239} INFO - Sync 1 DAGs
[2026-04-02T11:25:32.069+0000] {logging_mixin.py:190} INFO - [2026-04-02T11:25:32.068+0000] {dag.py:4180} INFO - Setting next_dagrun for hello_world to 2026-04-02 00:00:00+00:00, run_after=2026-04-03 00:00:00+00:00
[2026-04-02T11:25:32.081+0000] {processor.py:208} INFO - Processing /opt/airflow/dags/hello_world.py took 0.074 seconds
[2026-04-02T11:26:02.301+0000] {processor.py:186} INFO - Started process (PID=3871) to work on /opt/airflow/dags/hello_world.py
[2026-04-02T11:26:02.302+0000] {processor.py:914} INFO - Processing file /opt/airflow/dags/hello_world.py for tasks to queue
[2026-04-02T11:26:02.304+0000] {logging_mixin.py:190} INFO - [2026-04-02T11:26:02.304+0000] {dagbag.py:588} INFO - Filling up the DagBag from /opt/airflow/dags/hello_world.py
[2026-04-02T11:26:02.315+0000] {processor.py:925} INFO - DAG(s) 'hello_world' retrieved from /opt/airflow/dags/hello_world.py
[2026-04-02T11:26:02.340+0000] {logging_mixin.py:190} INFO - [2026-04-02T11:26:02.340+0000] {dag.py:3239} INFO - Sync 1 DAGs
[2026-04-02T11:26:02.361+0000] {logging_mixin.py:190} INFO - [2026-04-02T11:26:02.361+0000] {dag.py:4180} INFO - Setting next_dagrun for hello_world to 2026-04-02 00:00:00+00:00, run_after=2026-04-03 00:00:00+00:00
[2026-04-02T11:26:02.379+0000] {processor.py:208} INFO - Processing /opt/airflow/dags/hello_world.py took 0.083 seconds
[2026-04-02T11:26:32.624+0000] {processor.py:186} INFO - Started process (PID=3881) to work on /opt/airflow/dags/hello_world.py
[2026-04-02T11:26:32.624+0000] {processor.py:914} INFO - Processing file /opt/airflow/dags/hello_world.py for tasks to queue
[2026-04-02T11:26:32.627+0000] {logging_mixin.py:190} INFO - [2026-04-02T11:26:32.626+0000] {dagbag.py:588} INFO - Filling up the DagBag from /opt/airflow/dags/hello_world.py
[2026-04-02T11:26:32.636+0000] {processor.py:925} INFO - DAG(s) 'hello_world' retrieved from /opt/airflow/dags/hello_world.py
[2026-04-02T11:26:32.661+0000] {logging_mixin.py:190} INFO - [2026-04-02T11:26:32.661+0000] {dag.py:3239} INFO - Sync 1 DAGs
[2026-04-02T11:26:32.680+0000] {logging_mixin.py:190} INFO - [2026-04-02T11:26:32.680+0000] {dag.py:4180} INFO - Setting next_dagrun for hello_world to 2026-04-02 00:00:00+00:00, run_after=2026-04-03 00:00:00+00:00
[2026-04-02T11:26:32.694+0000] {processor.py:208} INFO - Processing /opt/airflow/dags/hello_world.py took 0.076 seconds
[2026-04-02T11:27:02.915+0000] {processor.py:186} INFO - Started process (PID=3891) to work on /opt/airflow/dags/hello_world.py
[2026-04-02T11:27:02.916+0000] {processor.py:914} INFO - Processing file /opt/airflow/dags/hello_world.py for tasks to queue
[2026-04-02T11:27:02.918+0000] {logging_mixin.py:190} INFO - [2026-04-02T11:27:02.918+0000] {dagbag.py:588} INFO - Filling up the DagBag from /opt/airflow/dags/hello_world.py
[2026-04-02T11:27:02.927+0000] {processor.py:925} INFO - DAG(s) 'hello_world' retrieved from /opt/airflow/dags/hello_world.py
[2026-04-02T11:27:02.950+0000] {logging_mixin.py:190} INFO - [2026-04-02T11:27:02.950+0000] {dag.py:3239} INFO - Sync 1 DAGs
[2026-04-02T11:27:02.969+0000] {logging_mixin.py:190} INFO - [2026-04-02T11:27:02.969+0000] {dag.py:4180} INFO - Setting next_dagrun for hello_world to 2026-04-02 00:00:00+00:00, run_after=2026-04-03 00:00:00+00:00
[2026-04-02T11:27:02.982+0000] {processor.py:208} INFO - Processing /opt/airflow/dags/hello_world.py took 0.072 seconds
[2026-04-02T11:27:33.215+0000] {processor.py:186} INFO - Started process (PID=3901) to work on /opt/airflow/dags/hello_world.py
[2026-04-02T11:27:33.216+0000] {processor.py:914} INFO - Processing file /opt/airflow/dags/hello_world.py for tasks to queue
[2026-04-02T11:27:33.218+0000] {logging_mixin.py:190} INFO - [2026-04-02T11:27:33.218+0000] {dagbag.py:588} INFO - Filling up the DagBag from /opt/airflow/dags/hello_world.py
[2026-04-02T11:27:33.229+0000] {processor.py:925} INFO - DAG(s) 'hello_world' retrieved from /opt/airflow/dags/hello_world.py
[2026-04-02T11:27:33.253+0000] {logging_mixin.py:190} INFO - [2026-04-02T11:27:33.253+0000] {dag.py:3239} INFO - Sync 1 DAGs
[2026-04-02T11:27:33.274+0000] {logging_mixin.py:190} INFO - [2026-04-02T11:27:33.274+0000] {dag.py:4180} INFO - Setting next_dagrun for hello_world to 2026-04-02 00:00:00+00:00, run_after=2026-04-03 00:00:00+00:00
[2026-04-02T11:27:33.292+0000] {processor.py:208} INFO - Processing /opt/airflow/dags/hello_world.py took 0.082 seconds
[2026-04-02T11:28:03.502+0000] {processor.py:186} INFO - Started process (PID=3911) to work on /opt/airflow/dags/hello_world.py
[2026-04-02T11:28:03.520+0000] {processor.py:914} INFO - Processing file /opt/airflow/dags/hello_world.py for tasks to queue
[2026-04-02T11:28:03.522+0000] {logging_mixin.py:190} INFO - [2026-04-02T11:28:03.522+0000] {dagbag.py:588} INFO - Filling up the DagBag from /opt/airflow/dags/hello_world.py
[2026-04-02T11:28:03.530+0000] {processor.py:925} INFO - DAG(s) 'hello_world' retrieved from /opt/airflow/dags/hello_world.py
[2026-04-02T11:28:03.551+0000] {logging_mixin.py:190} INFO - [2026-04-02T11:28:03.551+0000] {dag.py:3239} INFO - Sync 1 DAGs
[2026-04-02T11:28:03.568+0000] {logging_mixin.py:190} INFO - [2026-04-02T11:28:03.568+0000] {dag.py:4180} INFO - Setting next_dagrun for hello_world to 2026-04-02 00:00:00+00:00, run_after=2026-04-03 00:00:00+00:00
[2026-04-02T11:28:03.583+0000] {processor.py:208} INFO - Processing /opt/airflow/dags/hello_world.py took 0.085 seconds
[2026-04-02T11:28:33.776+0000] {processor.py:186} INFO - Started process (PID=3921) to work on /opt/airflow/dags/hello_world.py
[2026-04-02T11:28:33.777+0000] {processor.py:914} INFO - Processing file /opt/airflow/dags/hello_world.py for tasks to queue
[2026-04-02T11:28:33.778+0000] {logging_mixin.py:190} INFO - [2026-04-02T11:28:33.778+0000] {dagbag.py:588} INFO - Filling up the DagBag from /opt/airflow/dags/hello_world.py
[2026-04-02T11:28:33.788+0000] {processor.py:925} INFO - DAG(s) 'hello_world' retrieved from /opt/airflow/dags/hello_world.py
[2026-04-02T11:28:33.808+0000] {logging_mixin.py:190} INFO - [2026-04-02T11:28:33.808+0000] {dag.py:3239} INFO - Sync 1 DAGs
[2026-04-02T11:28:33.826+0000] {logging_mixin.py:190} INFO - [2026-04-02T11:28:33.826+0000] {dag.py:4180} INFO - Setting next_dagrun for hello_world to 2026-04-02 00:00:00+00:00, run_after=2026-04-03 00:00:00+00:00
[2026-04-02T11:28:33.841+0000] {processor.py:208} INFO - Processing /opt/airflow/dags/hello_world.py took 0.069 seconds
[2026-04-02T11:29:04.071+0000] {processor.py:186} INFO - Started process (PID=3931) to work on /opt/airflow/dags/hello_world.py
[2026-04-02T11:29:04.089+0000] {processor.py:914} INFO - Processing file /opt/airflow/dags/hello_world.py for tasks to queue
[2026-04-02T11:29:04.091+0000] {logging_mixin.py:190} INFO - [2026-04-02T11:29:04.090+0000] {dagbag.py:588} INFO - Filling up the DagBag from /opt/airflow/dags/hello_world.py
[2026-04-02T11:29:04.100+0000] {processor.py:925} INFO - DAG(s) 'hello_world' retrieved from /opt/airflow/dags/hello_world.py
[2026-04-02T11:29:04.121+0000] {logging_mixin.py:190} INFO - [2026-04-02T11:29:04.120+0000] {dag.py:3239} INFO - Sync 1 DAGs
[2026-04-02T11:29:04.140+0000] {logging_mixin.py:190} INFO - [2026-04-02T11:29:04.140+0000] {dag.py:4180} INFO - Setting next_dagrun for hello_world to 2026-04-02 00:00:00+00:00, run_after=2026-04-03 00:00:00+00:00
[2026-04-02T11:29:04.157+0000] {processor.py:208} INFO - Processing /opt/airflow/dags/hello_world.py took 0.090 seconds
[2026-04-02T11:29:34.364+0000] {processor.py:186} INFO - Started process (PID=3941) to work on /opt/airflow/dags/hello_world.py
[2026-04-02T11:29:34.364+0000] {processor.py:914} INFO - Processing file /opt/airflow/dags/hello_world.py for tasks to queue
[2026-04-02T11:29:34.366+0000] {logging_mixin.py:190} INFO - [2026-04-02T11:29:34.366+0000] {dagbag.py:588} INFO - Filling up the DagBag from /opt/airflow/dags/hello_world.py
[2026-04-02T11:29:34.374+0000] {processor.py:925} INFO - DAG(s) 'hello_world' retrieved from /opt/airflow/dags/hello_world.py
[2026-04-02T11:29:34.396+0000] {logging_mixin.py:190} INFO - [2026-04-02T11:29:34.396+0000] {dag.py:3239} INFO - Sync 1 DAGs
[2026-04-02T11:29:34.414+0000] {logging_mixin.py:190} INFO - [2026-04-02T11:29:34.413+0000] {dag.py:4180} INFO - Setting next_dagrun for hello_world to 2026-04-02 00:00:00+00:00, run_after=2026-04-03 00:00:00+00:00
[2026-04-02T11:29:34.429+0000] {processor.py:208} INFO - Processing /opt/airflow/dags/hello_world.py took 0.070 seconds
[2026-04-02T11:30:04.661+0000] {processor.py:186} INFO - Started process (PID=3951) to work on /opt/airflow/dags/hello_world.py
[2026-04-02T11:30:04.667+0000] {processor.py:914} INFO - Processing file /opt/airflow/dags/hello_world.py for tasks to queue
[2026-04-02T11:30:04.669+0000] {logging_mixin.py:190} INFO - [2026-04-02T11:30:04.669+0000] {dagbag.py:588} INFO - Filling up the DagBag from /opt/airflow/dags/hello_world.py
[2026-04-02T11:30:04.679+0000] {processor.py:925} INFO - DAG(s) 'hello_world' retrieved from /opt/airflow/dags/hello_world.py
[2026-04-02T11:30:04.700+0000] {logging_mixin.py:190} INFO - [2026-04-02T11:30:04.700+0000] {dag.py:3239} INFO - Sync 1 DAGs
[2026-04-02T11:30:04.719+0000] {logging_mixin.py:190} INFO - [2026-04-02T11:30:04.719+0000] {dag.py:4180} INFO - Setting next_dagrun for hello_world to 2026-04-02 00:00:00+00:00, run_after=2026-04-03 00:00:00+00:00
[2026-04-02T11:30:04.744+0000] {processor.py:208} INFO - Processing /opt/airflow/dags/hello_world.py took 0.088 seconds
[2026-04-02T11:30:34.957+0000] {processor.py:186} INFO - Started process (PID=3961) to work on /opt/airflow/dags/hello_world.py
[2026-04-02T11:30:34.957+0000] {processor.py:914} INFO - Processing file /opt/airflow/dags/hello_world.py for tasks to queue
[2026-04-02T11:30:34.959+0000] {logging_mixin.py:190} INFO - [2026-04-02T11:30:34.959+0000] {dagbag.py:588} INFO - Filling up the DagBag from /opt/airflow/dags/hello_world.py
[2026-04-02T11:30:34.967+0000] {processor.py:925} INFO - DAG(s) 'hello_world' retrieved from /opt/airflow/dags/hello_world.py
[2026-04-02T11:30:34.990+0000] {logging_mixin.py:190} INFO - [2026-04-02T11:30:34.990+0000] {dag.py:3239} INFO - Sync 1 DAGs
[2026-04-02T11:30:35.009+0000] {logging_mixin.py:190} INFO - [2026-04-02T11:30:35.009+0000] {dag.py:4180} INFO - Setting next_dagrun for hello_world to 2026-04-02 00:00:00+00:00, run_after=2026-04-03 00:00:00+00:00
[2026-04-02T11:30:35.022+0000] {processor.py:208} INFO - Processing /opt/airflow/dags/hello_world.py took 0.070 seconds
[2026-04-02T11:31:05.222+0000] {processor.py:186} INFO - Started process (PID=3971) to work on /opt/airflow/dags/hello_world.py
[2026-04-02T11:31:05.223+0000] {processor.py:914} INFO - Processing file /opt/airflow/dags/hello_world.py for tasks to queue
[2026-04-02T11:31:05.225+0000] {logging_mixin.py:190} INFO - [2026-04-02T11:31:05.225+0000] {dagbag.py:588} INFO - Filling up the DagBag from /opt/airflow/dags/hello_world.py
[2026-04-02T11:31:05.234+0000] {processor.py:925} INFO - DAG(s) 'hello_world' retrieved from /opt/airflow/dags/hello_world.py
[2026-04-02T11:31:05.257+0000] {logging_mixin.py:190} INFO - [2026-04-02T11:31:05.256+0000] {dag.py:3239} INFO - Sync 1 DAGs
[2026-04-02T11:31:05.276+0000] {logging_mixin.py:190} INFO - [2026-04-02T11:31:05.276+0000] {dag.py:4180} INFO - Setting next_dagrun for hello_world to 2026-04-02 00:00:00+00:00, run_after=2026-04-03 00:00:00+00:00
[2026-04-02T11:31:05.289+0000] {processor.py:208} INFO - Processing /opt/airflow/dags/hello_world.py took 0.072 seconds
[2026-04-02T11:31:35.514+0000] {processor.py:186} INFO - Started process (PID=3981) to work on /opt/airflow/dags/hello_world.py
[2026-04-02T11:31:35.515+0000] {processor.py:914} INFO - Processing file /opt/airflow/dags/hello_world.py for tasks to queue
[2026-04-02T11:31:35.516+0000] {logging_mixin.py:190} INFO - [2026-04-02T11:31:35.516+0000] {dagbag.py:588} INFO - Filling up the DagBag from /opt/airflow/dags/hello_world.py
[2026-04-02T11:31:35.524+0000] {processor.py:925} INFO - DAG(s) 'hello_world' retrieved from /opt/airflow/dags/hello_world.py
[2026-04-02T11:31:35.556+0000] {logging_mixin.py:190} INFO - [2026-04-02T11:31:35.555+0000] {dag.py:3239} INFO - Sync 1 DAGs
[2026-04-02T11:31:35.598+0000] {logging_mixin.py:190} INFO - [2026-04-02T11:31:35.597+0000] {dag.py:4180} INFO - Setting next_dagrun for hello_world to 2026-04-02 00:00:00+00:00, run_after=2026-04-03 00:00:00+00:00
[2026-04-02T11:31:35.624+0000] {processor.py:208} INFO - Processing /opt/airflow/dags/hello_world.py took 0.114 seconds
[2026-04-02T11:32:05.835+0000] {processor.py:186} INFO - Started process (PID=3991) to work on /opt/airflow/dags/hello_world.py
[2026-04-02T11:32:05.836+0000] {processor.py:914} INFO - Processing file /opt/airflow/dags/hello_world.py for tasks to queue
[2026-04-02T11:32:05.838+0000] {logging_mixin.py:190} INFO - [2026-04-02T11:32:05.837+0000] {dagbag.py:588} INFO - Filling up the DagBag from /opt/airflow/dags/hello_world.py
[2026-04-02T11:32:05.847+0000] {processor.py:925} INFO - DAG(s) 'hello_world' retrieved from /opt/airflow/dags/hello_world.py
[2026-04-02T11:32:05.871+0000] {logging_mixin.py:190} INFO - [2026-04-02T11:32:05.871+0000] {dag.py:3239} INFO - Sync 1 DAGs
[2026-04-02T11:32:05.891+0000] {logging_mixin.py:190} INFO - [2026-04-02T11:32:05.891+0000] {dag.py:4180} INFO - Setting next_dagrun for hello_world to 2026-04-02 00:00:00+00:00, run_after=2026-04-03 00:00:00+00:00
[2026-04-02T11:32:05.912+0000] {processor.py:208} INFO - Processing /opt/airflow/dags/hello_world.py took 0.082 seconds
[2026-04-02T11:32:36.089+0000] {processor.py:186} INFO - Started process (PID=4001) to work on /opt/airflow/dags/hello_world.py
[2026-04-02T11:32:36.089+0000] {processor.py:914} INFO - Processing file /opt/airflow/dags/hello_world.py for tasks to queue
[2026-04-02T11:32:36.091+0000] {logging_mixin.py:190} INFO - [2026-04-02T11:32:36.091+0000] {dagbag.py:588} INFO - Filling up the DagBag from /opt/airflow/dags/hello_world.py
[2026-04-02T11:32:36.101+0000] {processor.py:925} INFO - DAG(s) 'hello_world' retrieved from /opt/airflow/dags/hello_world.py
[2026-04-02T11:32:36.123+0000] {logging_mixin.py:190} INFO - [2026-04-02T11:32:36.123+0000] {dag.py:3239} INFO - Sync 1 DAGs
[2026-04-02T11:32:36.142+0000] {logging_mixin.py:190} INFO - [2026-04-02T11:32:36.142+0000] {dag.py:4180} INFO - Setting next_dagrun for hello_world to 2026-04-02 00:00:00+00:00, run_after=2026-04-03 00:00:00+00:00
[2026-04-02T11:32:36.160+0000] {processor.py:208} INFO - Processing /opt/airflow/dags/hello_world.py took 0.076 seconds
[2026-04-02T11:33:06.368+0000] {processor.py:186} INFO - Started process (PID=4011) to work on /opt/airflow/dags/hello_world.py
[2026-04-02T11:33:06.369+0000] {processor.py:914} INFO - Processing file /opt/airflow/dags/hello_world.py for tasks to queue
[2026-04-02T11:33:06.370+0000] {logging_mixin.py:190} INFO - [2026-04-02T11:33:06.370+0000] {dagbag.py:588} INFO - Filling up the DagBag from /opt/airflow/dags/hello_world.py
[2026-04-02T11:33:06.378+0000] {processor.py:925} INFO - DAG(s) 'hello_world' retrieved from /opt/airflow/dags/hello_world.py
[2026-04-02T11:33:06.398+0000] {logging_mixin.py:190} INFO - [2026-04-02T11:33:06.398+0000] {dag.py:3239} INFO - Sync 1 DAGs
[2026-04-02T11:33:06.415+0000] {logging_mixin.py:190} INFO - [2026-04-02T11:33:06.415+0000] {dag.py:4180} INFO - Setting next_dagrun for hello_world to 2026-04-02 00:00:00+00:00, run_after=2026-04-03 00:00:00+00:00
[2026-04-02T11:33:06.430+0000] {processor.py:208} INFO - Processing /opt/airflow/dags/hello_world.py took 0.067 seconds
[2026-04-02T11:33:36.654+0000] {processor.py:186} INFO - Started process (PID=4021) to work on /opt/airflow/dags/hello_world.py
[2026-04-02T11:33:36.654+0000] {processor.py:914} INFO - Processing file /opt/airflow/dags/hello_world.py for tasks to queue
[2026-04-02T11:33:36.656+0000] {logging_mixin.py:190} INFO - [2026-04-02T11:33:36.656+0000] {dagbag.py:588} INFO - Filling up the DagBag from /opt/airflow/dags/hello_world.py
[2026-04-02T11:33:36.666+0000] {processor.py:925} INFO - DAG(s) 'hello_world' retrieved from /opt/airflow/dags/hello_world.py
[2026-04-02T11:33:36.687+0000] {logging_mixin.py:190} INFO - [2026-04-02T11:33:36.687+0000] {dag.py:3239} INFO - Sync 1 DAGs
[2026-04-02T11:33:36.708+0000] {logging_mixin.py:190} INFO - [2026-04-02T11:33:36.707+0000] {dag.py:4180} INFO - Setting next_dagrun for hello_world to 2026-04-02 00:00:00+00:00, run_after=2026-04-03 00:00:00+00:00
[2026-04-02T11:33:36.722+0000] {processor.py:208} INFO - Processing /opt/airflow/dags/hello_world.py took 0.074 seconds
[2026-04-02T11:34:06.927+0000] {processor.py:186} INFO - Started process (PID=4031) to work on /opt/airflow/dags/hello_world.py
[2026-04-02T11:34:06.928+0000] {processor.py:914} INFO - Processing file /opt/airflow/dags/hello_world.py for tasks to queue
[2026-04-02T11:34:06.930+0000] {logging_mixin.py:190} INFO - [2026-04-02T11:34:06.930+0000] {dagbag.py:588} INFO - Filling up the DagBag from /opt/airflow/dags/hello_world.py
[2026-04-02T11:34:06.939+0000] {processor.py:925} INFO - DAG(s) 'hello_world' retrieved from /opt/airflow/dags/hello_world.py
[2026-04-02T11:34:06.960+0000] {logging_mixin.py:190} INFO - [2026-04-02T11:34:06.960+0000] {dag.py:3239} INFO - Sync 1 DAGs
[2026-04-02T11:34:06.979+0000] {logging_mixin.py:190} INFO - [2026-04-02T11:34:06.979+0000] {dag.py:4180} INFO - Setting next_dagrun for hello_world to 2026-04-02 00:00:00+00:00, run_after=2026-04-03 00:00:00+00:00
[2026-04-02T11:34:06.993+0000] {processor.py:208} INFO - Processing /opt/airflow/dags/hello_world.py took 0.071 seconds
[2026-04-02T11:34:37.220+0000] {processor.py:186} INFO - Started process (PID=4042) to work on /opt/airflow/dags/hello_world.py
[2026-04-02T11:34:37.221+0000] {processor.py:914} INFO - Processing file /opt/airflow/dags/hello_world.py for tasks to queue
[2026-04-02T11:34:37.222+0000] {logging_mixin.py:190} INFO - [2026-04-02T11:34:37.222+0000] {dagbag.py:588} INFO - Filling up the DagBag from /opt/airflow/dags/hello_world.py
[2026-04-02T11:34:37.232+0000] {processor.py:925} INFO - DAG(s) 'hello_world' retrieved from /opt/airflow/dags/hello_world.py
[2026-04-02T11:34:37.252+0000] {logging_mixin.py:190} INFO - [2026-04-02T11:34:37.252+0000] {dag.py:3239} INFO - Sync 1 DAGs
[2026-04-02T11:34:37.270+0000] {logging_mixin.py:190} INFO - [2026-04-02T11:34:37.269+0000] {dag.py:4180} INFO - Setting next_dagrun for hello_world to 2026-04-02 00:00:00+00:00, run_after=2026-04-03 00:00:00+00:00
[2026-04-02T11:34:37.282+0000] {processor.py:208} INFO - Processing /opt/airflow/dags/hello_world.py took 0.067 seconds
[2026-04-02T11:35:07.504+0000] {processor.py:186} INFO - Started process (PID=4052) to work on /opt/airflow/dags/hello_world.py
[2026-04-02T11:35:07.505+0000] {processor.py:914} INFO - Processing file /opt/airflow/dags/hello_world.py for tasks to queue
[2026-04-02T11:35:07.507+0000] {logging_mixin.py:190} INFO - [2026-04-02T11:35:07.507+0000] {dagbag.py:588} INFO - Filling up the DagBag from /opt/airflow/dags/hello_world.py
[2026-04-02T11:35:07.517+0000] {processor.py:925} INFO - DAG(s) 'hello_world' retrieved from /opt/airflow/dags/hello_world.py
[2026-04-02T11:35:07.541+0000] {logging_mixin.py:190} INFO - [2026-04-02T11:35:07.541+0000] {dag.py:3239} INFO - Sync 1 DAGs
[2026-04-02T11:35:07.564+0000] {logging_mixin.py:190} INFO - [2026-04-02T11:35:07.563+0000] {dag.py:4180} INFO - Setting next_dagrun for hello_world to 2026-04-02 00:00:00+00:00, run_after=2026-04-03 00:00:00+00:00
[2026-04-02T11:35:07.584+0000] {processor.py:208} INFO - Processing /opt/airflow/dags/hello_world.py took 0.085 seconds
[2026-04-02T11:35:37.791+0000] {processor.py:186} INFO - Started process (PID=4062) to work on /opt/airflow/dags/hello_world.py
[2026-04-02T11:35:37.791+0000] {processor.py:914} INFO - Processing file /opt/airflow/dags/hello_world.py for tasks to queue
[2026-04-02T11:35:37.793+0000] {logging_mixin.py:190} INFO - [2026-04-02T11:35:37.793+0000] {dagbag.py:588} INFO - Filling up the DagBag from /opt/airflow/dags/hello_world.py
[2026-04-02T11:35:37.804+0000] {processor.py:925} INFO - DAG(s) 'hello_world' retrieved from /opt/airflow/dags/hello_world.py
[2026-04-02T11:35:37.830+0000] {logging_mixin.py:190} INFO - [2026-04-02T11:35:37.829+0000] {dag.py:3239} INFO - Sync 1 DAGs
[2026-04-02T11:35:37.849+0000] {logging_mixin.py:190} INFO - [2026-04-02T11:35:37.849+0000] {dag.py:4180} INFO - Setting next_dagrun for hello_world to 2026-04-02 00:00:00+00:00, run_after=2026-04-03 00:00:00+00:00
[2026-04-02T11:35:37.864+0000] {processor.py:208} INFO - Processing /opt/airflow/dags/hello_world.py took 0.078 seconds
[2026-04-02T11:36:08.054+0000] {processor.py:186} INFO - Started process (PID=4072) to work on /opt/airflow/dags/hello_world.py
[2026-04-02T11:36:08.055+0000] {processor.py:914} INFO - Processing file /opt/airflow/dags/hello_world.py for tasks to queue
[2026-04-02T11:36:08.057+0000] {logging_mixin.py:190} INFO - [2026-04-02T11:36:08.057+0000] {dagbag.py:588} INFO - Filling up the DagBag from /opt/airflow/dags/hello_world.py
[2026-04-02T11:36:08.065+0000] {processor.py:925} INFO - DAG(s) 'hello_world' retrieved from /opt/airflow/dags/hello_world.py
[2026-04-02T11:36:08.087+0000] {logging_mixin.py:190} INFO - [2026-04-02T11:36:08.086+0000] {dag.py:3239} INFO - Sync 1 DAGs
[2026-04-02T11:36:08.107+0000] {logging_mixin.py:190} INFO - [2026-04-02T11:36:08.107+0000] {dag.py:4180} INFO - Setting next_dagrun for hello_world to 2026-04-02 00:00:00+00:00, run_after=2026-04-03 00:00:00+00:00
[2026-04-02T11:36:08.121+0000] {processor.py:208} INFO - Processing /opt/airflow/dags/hello_world.py took 0.071 seconds
[2026-04-02T11:36:38.344+0000] {processor.py:186} INFO - Started process (PID=4082) to work on /opt/airflow/dags/hello_world.py
[2026-04-02T11:36:38.345+0000] {processor.py:914} INFO - Processing file /opt/airflow/dags/hello_world.py for tasks to queue
[2026-04-02T11:36:38.347+0000] {logging_mixin.py:190} INFO - [2026-04-02T11:36:38.346+0000] {dagbag.py:588} INFO - Filling up the DagBag from /opt/airflow/dags/hello_world.py
[2026-04-02T11:36:38.355+0000] {processor.py:925} INFO - DAG(s) 'hello_world' retrieved from /opt/airflow/dags/hello_world.py
[2026-04-02T11:36:38.376+0000] {logging_mixin.py:190} INFO - [2026-04-02T11:36:38.376+0000] {dag.py:3239} INFO - Sync 1 DAGs
[2026-04-02T11:36:38.395+0000] {logging_mixin.py:190} INFO - [2026-04-02T11:36:38.395+0000] {dag.py:4180} INFO - Setting next_dagrun for hello_world to 2026-04-02 00:00:00+00:00, run_after=2026-04-03 00:00:00+00:00
[2026-04-02T11:36:38.409+0000] {processor.py:208} INFO - Processing /opt/airflow/dags/hello_world.py took 0.069 seconds
[2026-04-02T11:37:08.641+0000] {processor.py:186} INFO - Started process (PID=4092) to work on /opt/airflow/dags/hello_world.py
[2026-04-02T11:37:08.659+0000] {processor.py:914} INFO - Processing file /opt/airflow/dags/hello_world.py for tasks to queue
[2026-04-02T11:37:08.661+0000] {logging_mixin.py:190} INFO - [2026-04-02T11:37:08.661+0000] {dagbag.py:588} INFO - Filling up the DagBag from /opt/airflow/dags/hello_world.py
[2026-04-02T11:37:08.669+0000] {processor.py:925} INFO - DAG(s) 'hello_world' retrieved from /opt/airflow/dags/hello_world.py
[2026-04-02T11:37:08.697+0000] {logging_mixin.py:190} INFO - [2026-04-02T11:37:08.697+0000] {dag.py:3239} INFO - Sync 1 DAGs
[2026-04-02T11:37:08.717+0000] {logging_mixin.py:190} INFO - [2026-04-02T11:37:08.716+0000] {dag.py:4180} INFO - Setting next_dagrun for hello_world to 2026-04-02 00:00:00+00:00, run_after=2026-04-03 00:00:00+00:00
[2026-04-02T11:37:08.731+0000] {processor.py:208} INFO - Processing /opt/airflow/dags/hello_world.py took 0.094 seconds
[2026-04-02T11:37:38.920+0000] {processor.py:186} INFO - Started process (PID=4102) to work on /opt/airflow/dags/hello_world.py
[2026-04-02T11:37:38.921+0000] {processor.py:914} INFO - Processing file /opt/airflow/dags/hello_world.py for tasks to queue
[2026-04-02T11:37:38.922+0000] {logging_mixin.py:190} INFO - [2026-04-02T11:37:38.922+0000] {dagbag.py:588} INFO - Filling up the DagBag from /opt/airflow/dags/hello_world.py
[2026-04-02T11:37:38.931+0000] {processor.py:925} INFO - DAG(s) 'hello_world' retrieved from /opt/airflow/dags/hello_world.py
[2026-04-02T11:37:38.954+0000] {logging_mixin.py:190} INFO - [2026-04-02T11:37:38.954+0000] {dag.py:3239} INFO - Sync 1 DAGs
[2026-04-02T11:37:38.972+0000] {logging_mixin.py:190} INFO - [2026-04-02T11:37:38.972+0000] {dag.py:4180} INFO - Setting next_dagrun for hello_world to 2026-04-02 00:00:00+00:00, run_after=2026-04-03 00:00:00+00:00
[2026-04-02T11:37:38.986+0000] {processor.py:208} INFO - Processing /opt/airflow/dags/hello_world.py took 0.071 seconds
[2026-04-02T11:38:09.208+0000] {processor.py:186} INFO - Started process (PID=4112) to work on /opt/airflow/dags/hello_world.py
[2026-04-02T11:38:09.209+0000] {processor.py:914} INFO - Processing file /opt/airflow/dags/hello_world.py for tasks to queue
[2026-04-02T11:38:09.211+0000] {logging_mixin.py:190} INFO - [2026-04-02T11:38:09.210+0000] {dagbag.py:588} INFO - Filling up the DagBag from /opt/airflow/dags/hello_world.py
[2026-04-02T11:38:09.219+0000] {processor.py:925} INFO - DAG(s) 'hello_world' retrieved from /opt/airflow/dags/hello_world.py
[2026-04-02T11:38:09.243+0000] {logging_mixin.py:190} INFO - [2026-04-02T11:38:09.242+0000] {dag.py:3239} INFO - Sync 1 DAGs
[2026-04-02T11:38:09.262+0000] {logging_mixin.py:190} INFO - [2026-04-02T11:38:09.262+0000] {dag.py:4180} INFO - Setting next_dagrun for hello_world to 2026-04-02 00:00:00+00:00, run_after=2026-04-03 00:00:00+00:00
[2026-04-02T11:38:09.275+0000] {processor.py:208} INFO - Processing /opt/airflow/dags/hello_world.py took 0.072 seconds
[2026-04-02T11:38:39.493+0000] {processor.py:186} INFO - Started process (PID=4122) to work on /opt/airflow/dags/hello_world.py
[2026-04-02T11:38:39.494+0000] {processor.py:914} INFO - Processing file /opt/airflow/dags/hello_world.py for tasks to queue
[2026-04-02T11:38:39.495+0000] {logging_mixin.py:190} INFO - [2026-04-02T11:38:39.495+0000] {dagbag.py:588} INFO - Filling up the DagBag from /opt/airflow/dags/hello_world.py
[2026-04-02T11:38:39.504+0000] {processor.py:925} INFO - DAG(s) 'hello_world' retrieved from /opt/airflow/dags/hello_world.py
[2026-04-02T11:38:39.527+0000] {logging_mixin.py:190} INFO - [2026-04-02T11:38:39.527+0000] {dag.py:3239} INFO - Sync 1 DAGs
[2026-04-02T11:38:39.545+0000] {logging_mixin.py:190} INFO - [2026-04-02T11:38:39.544+0000] {dag.py:4180} INFO - Setting next_dagrun for hello_world to 2026-04-02 00:00:00+00:00, run_after=2026-04-03 00:00:00+00:00
[2026-04-02T11:38:39.558+0000] {processor.py:208} INFO - Processing /opt/airflow/dags/hello_world.py took 0.069 seconds
[2026-04-02T11:39:09.771+0000] {processor.py:186} INFO - Started process (PID=4132) to work on /opt/airflow/dags/hello_world.py
[2026-04-02T11:39:09.773+0000] {processor.py:914} INFO - Processing file /opt/airflow/dags/hello_world.py for tasks to queue
[2026-04-02T11:39:09.774+0000] {logging_mixin.py:190} INFO - [2026-04-02T11:39:09.774+0000] {dagbag.py:588} INFO - Filling up the DagBag from /opt/airflow/dags/hello_world.py
[2026-04-02T11:39:09.783+0000] {processor.py:925} INFO - DAG(s) 'hello_world' retrieved from /opt/airflow/dags/hello_world.py
[2026-04-02T11:39:09.805+0000] {logging_mixin.py:190} INFO - [2026-04-02T11:39:09.805+0000] {dag.py:3239} INFO - Sync 1 DAGs
[2026-04-02T11:39:09.826+0000] {logging_mixin.py:190} INFO - [2026-04-02T11:39:09.825+0000] {dag.py:4180} INFO - Setting next_dagrun for hello_world to 2026-04-02 00:00:00+00:00, run_after=2026-04-03 00:00:00+00:00
[2026-04-02T11:39:09.841+0000] {processor.py:208} INFO - Processing /opt/airflow/dags/hello_world.py took 0.074 seconds
[2026-04-02T11:39:40.080+0000] {processor.py:186} INFO - Started process (PID=4142) to work on /opt/airflow/dags/hello_world.py
[2026-04-02T11:39:40.081+0000] {processor.py:914} INFO - Processing file /opt/airflow/dags/hello_world.py for tasks to queue
[2026-04-02T11:39:40.083+0000] {logging_mixin.py:190} INFO - [2026-04-02T11:39:40.083+0000] {dagbag.py:588} INFO - Filling up the DagBag from /opt/airflow/dags/hello_world.py
[2026-04-02T11:39:40.097+0000] {processor.py:925} INFO - DAG(s) 'hello_world' retrieved from /opt/airflow/dags/hello_world.py
[2026-04-02T11:39:40.127+0000] {logging_mixin.py:190} INFO - [2026-04-02T11:39:40.126+0000] {dag.py:3239} INFO - Sync 1 DAGs
[2026-04-02T11:39:40.147+0000] {logging_mixin.py:190} INFO - [2026-04-02T11:39:40.147+0000] {dag.py:4180} INFO - Setting next_dagrun for hello_world to 2026-04-02 00:00:00+00:00, run_after=2026-04-03 00:00:00+00:00
[2026-04-02T11:39:40.163+0000] {processor.py:208} INFO - Processing /opt/airflow/dags/hello_world.py took 0.087 seconds
[2026-04-02T11:40:10.383+0000] {processor.py:186} INFO - Started process (PID=4152) to work on /opt/airflow/dags/hello_world.py
[2026-04-02T11:40:10.384+0000] {processor.py:914} INFO - Processing file /opt/airflow/dags/hello_world.py for tasks to queue
[2026-04-02T11:40:10.387+0000] {logging_mixin.py:190} INFO - [2026-04-02T11:40:10.386+0000] {dagbag.py:588} INFO - Filling up the DagBag from /opt/airflow/dags/hello_world.py
[2026-04-02T11:40:10.395+0000] {processor.py:925} INFO - DAG(s) 'hello_world' retrieved from /opt/airflow/dags/hello_world.py
[2026-04-02T11:40:10.416+0000] {logging_mixin.py:190} INFO - [2026-04-02T11:40:10.416+0000] {dag.py:3239} INFO - Sync 1 DAGs
[2026-04-02T11:40:10.436+0000] {logging_mixin.py:190} INFO - [2026-04-02T11:40:10.435+0000] {dag.py:4180} INFO - Setting next_dagrun for hello_world to 2026-04-02 00:00:00+00:00, run_after=2026-04-03 00:00:00+00:00
[2026-04-02T11:40:10.448+0000] {processor.py:208} INFO - Processing /opt/airflow/dags/hello_world.py took 0.069 seconds
[2026-04-02T11:40:40.690+0000] {processor.py:186} INFO - Started process (PID=4162) to work on /opt/airflow/dags/hello_world.py
[2026-04-02T11:40:40.690+0000] {processor.py:914} INFO - Processing file /opt/airflow/dags/hello_world.py for tasks to queue
[2026-04-02T11:40:40.692+0000] {logging_mixin.py:190} INFO - [2026-04-02T11:40:40.692+0000] {dagbag.py:588} INFO - Filling up the DagBag from /opt/airflow/dags/hello_world.py
[2026-04-02T11:40:40.703+0000] {processor.py:925} INFO - DAG(s) 'hello_world' retrieved from /opt/airflow/dags/hello_world.py
[2026-04-02T11:40:40.727+0000] {logging_mixin.py:190} INFO - [2026-04-02T11:40:40.726+0000] {dag.py:3239} INFO - Sync 1 DAGs
[2026-04-02T11:40:40.746+0000] {logging_mixin.py:190} INFO - [2026-04-02T11:40:40.746+0000] {dag.py:4180} INFO - Setting next_dagrun for hello_world to 2026-04-02 00:00:00+00:00, run_after=2026-04-03 00:00:00+00:00
[2026-04-02T11:40:40.759+0000] {processor.py:208} INFO - Processing /opt/airflow/dags/hello_world.py took 0.075 seconds
[2026-04-02T11:41:10.947+0000] {processor.py:186} INFO - Started process (PID=4172) to work on /opt/airflow/dags/hello_world.py
[2026-04-02T11:41:10.948+0000] {processor.py:914} INFO - Processing file /opt/airflow/dags/hello_world.py for tasks to queue
[2026-04-02T11:41:10.950+0000] {logging_mixin.py:190} INFO - [2026-04-02T11:41:10.950+0000] {dagbag.py:588} INFO - Filling up the DagBag from /opt/airflow/dags/hello_world.py
[2026-04-02T11:41:10.961+0000] {processor.py:925} INFO - DAG(s) 'hello_world' retrieved from /opt/airflow/dags/hello_world.py
[2026-04-02T11:41:10.985+0000] {logging_mixin.py:190} INFO - [2026-04-02T11:41:10.984+0000] {dag.py:3239} INFO - Sync 1 DAGs
[2026-04-02T11:41:11.004+0000] {logging_mixin.py:190} INFO - [2026-04-02T11:41:11.004+0000] {dag.py:4180} INFO - Setting next_dagrun for hello_world to 2026-04-02 00:00:00+00:00, run_after=2026-04-03 00:00:00+00:00
[2026-04-02T11:41:11.019+0000] {processor.py:208} INFO - Processing /opt/airflow/dags/hello_world.py took 0.077 seconds
[2026-04-02T11:41:41.198+0000] {processor.py:186} INFO - Started process (PID=4182) to work on /opt/airflow/dags/hello_world.py
[2026-04-02T11:41:41.198+0000] {processor.py:914} INFO - Processing file /opt/airflow/dags/hello_world.py for tasks to queue
[2026-04-02T11:41:41.200+0000] {logging_mixin.py:190} INFO - [2026-04-02T11:41:41.200+0000] {dagbag.py:588} INFO - Filling up the DagBag from /opt/airflow/dags/hello_world.py
[2026-04-02T11:41:41.210+0000] {processor.py:925} INFO - DAG(s) 'hello_world' retrieved from /opt/airflow/dags/hello_world.py
[2026-04-02T11:41:41.231+0000] {logging_mixin.py:190} INFO - [2026-04-02T11:41:41.231+0000] {dag.py:3239} INFO - Sync 1 DAGs
[2026-04-02T11:41:41.248+0000] {logging_mixin.py:190} INFO - [2026-04-02T11:41:41.248+0000] {dag.py:4180} INFO - Setting next_dagrun for hello_world to 2026-04-02 00:00:00+00:00, run_after=2026-04-03 00:00:00+00:00
[2026-04-02T11:41:41.261+0000] {processor.py:208} INFO - Processing /opt/airflow/dags/hello_world.py took 0.069 seconds
[2026-04-02T11:42:11.453+0000] {processor.py:186} INFO - Started process (PID=4192) to work on /opt/airflow/dags/hello_world.py
[2026-04-02T11:42:11.454+0000] {processor.py:914} INFO - Processing file /opt/airflow/dags/hello_world.py for tasks to queue
[2026-04-02T11:42:11.456+0000] {logging_mixin.py:190} INFO - [2026-04-02T11:42:11.455+0000] {dagbag.py:588} INFO - Filling up the DagBag from /opt/airflow/dags/hello_world.py
[2026-04-02T11:42:11.465+0000] {processor.py:925} INFO - DAG(s) 'hello_world' retrieved from /opt/airflow/dags/hello_world.py
[2026-04-02T11:42:11.487+0000] {logging_mixin.py:190} INFO - [2026-04-02T11:42:11.486+0000] {dag.py:3239} INFO - Sync 1 DAGs
[2026-04-02T11:42:11.503+0000] {logging_mixin.py:190} INFO - [2026-04-02T11:42:11.503+0000] {dag.py:4180} INFO - Setting next_dagrun for hello_world to 2026-04-02 00:00:00+00:00, run_after=2026-04-03 00:00:00+00:00
[2026-04-02T11:42:11.516+0000] {processor.py:208} INFO - Processing /opt/airflow/dags/hello_world.py took 0.068 seconds
[2026-04-02T11:42:41.733+0000] {processor.py:186} INFO - Started process (PID=4202) to work on /opt/airflow/dags/hello_world.py
[2026-04-02T11:42:41.734+0000] {processor.py:914} INFO - Processing file /opt/airflow/dags/hello_world.py for tasks to queue
[2026-04-02T11:42:41.735+0000] {logging_mixin.py:190} INFO - [2026-04-02T11:42:41.735+0000] {dagbag.py:588} INFO - Filling up the DagBag from /opt/airflow/dags/hello_world.py
[2026-04-02T11:42:41.744+0000] {processor.py:925} INFO - DAG(s) 'hello_world' retrieved from /opt/airflow/dags/hello_world.py
[2026-04-02T11:42:41.764+0000] {logging_mixin.py:190} INFO - [2026-04-02T11:42:41.764+0000] {dag.py:3239} INFO - Sync 1 DAGs
[2026-04-02T11:42:41.782+0000] {logging_mixin.py:190} INFO - [2026-04-02T11:42:41.782+0000] {dag.py:4180} INFO - Setting next_dagrun for hello_world to 2026-04-02 00:00:00+00:00, run_after=2026-04-03 00:00:00+00:00
[2026-04-02T11:42:41.797+0000] {processor.py:208} INFO - Processing /opt/airflow/dags/hello_world.py took 0.068 seconds
[2026-04-02T11:43:12.016+0000] {processor.py:186} INFO - Started process (PID=4212) to work on /opt/airflow/dags/hello_world.py
[2026-04-02T11:43:12.033+0000] {processor.py:914} INFO - Processing file /opt/airflow/dags/hello_world.py for tasks to queue
[2026-04-02T11:43:12.035+0000] {logging_mixin.py:190} INFO - [2026-04-02T11:43:12.035+0000] {dagbag.py:588} INFO - Filling up the DagBag from /opt/airflow/dags/hello_world.py
[2026-04-02T11:43:12.045+0000] {processor.py:925} INFO - DAG(s) 'hello_world' retrieved from /opt/airflow/dags/hello_world.py
[2026-04-02T11:43:12.066+0000] {logging_mixin.py:190} INFO - [2026-04-02T11:43:12.066+0000] {dag.py:3239} INFO - Sync 1 DAGs
[2026-04-02T11:43:12.083+0000] {logging_mixin.py:190} INFO - [2026-04-02T11:43:12.083+0000] {dag.py:4180} INFO - Setting next_dagrun for hello_world to 2026-04-02 00:00:00+00:00, run_after=2026-04-03 00:00:00+00:00
[2026-04-02T11:43:12.099+0000] {processor.py:208} INFO - Processing /opt/airflow/dags/hello_world.py took 0.087 seconds
[2026-04-02T11:43:42.280+0000] {processor.py:186} INFO - Started process (PID=4222) to work on /opt/airflow/dags/hello_world.py
[2026-04-02T11:43:42.280+0000] {processor.py:914} INFO - Processing file /opt/airflow/dags/hello_world.py for tasks to queue
[2026-04-02T11:43:42.282+0000] {logging_mixin.py:190} INFO - [2026-04-02T11:43:42.282+0000] {dagbag.py:588} INFO - Filling up the DagBag from /opt/airflow/dags/hello_world.py
[2026-04-02T11:43:42.291+0000] {processor.py:925} INFO - DAG(s) 'hello_world' retrieved from /opt/airflow/dags/hello_world.py
[2026-04-02T11:43:42.312+0000] {logging_mixin.py:190} INFO - [2026-04-02T11:43:42.312+0000] {dag.py:3239} INFO - Sync 1 DAGs
[2026-04-02T11:43:42.330+0000] {logging_mixin.py:190} INFO - [2026-04-02T11:43:42.330+0000] {dag.py:4180} INFO - Setting next_dagrun for hello_world to 2026-04-02 00:00:00+00:00, run_after=2026-04-03 00:00:00+00:00
[2026-04-02T11:43:42.343+0000] {processor.py:208} INFO - Processing /opt/airflow/dags/hello_world.py took 0.068 seconds
[2026-04-02T11:44:12.561+0000] {processor.py:186} INFO - Started process (PID=4232) to work on /opt/airflow/dags/hello_world.py
[2026-04-02T11:44:12.578+0000] {processor.py:914} INFO - Processing file /opt/airflow/dags/hello_world.py for tasks to queue
[2026-04-02T11:44:12.580+0000] {logging_mixin.py:190} INFO - [2026-04-02T11:44:12.580+0000] {dagbag.py:588} INFO - Filling up the DagBag from /opt/airflow/dags/hello_world.py
[2026-04-02T11:44:12.588+0000] {processor.py:925} INFO - DAG(s) 'hello_world' retrieved from /opt/airflow/dags/hello_world.py
[2026-04-02T11:44:12.609+0000] {logging_mixin.py:190} INFO - [2026-04-02T11:44:12.609+0000] {dag.py:3239} INFO - Sync 1 DAGs
[2026-04-02T11:44:12.628+0000] {logging_mixin.py:190} INFO - [2026-04-02T11:44:12.627+0000] {dag.py:4180} INFO - Setting next_dagrun for hello_world to 2026-04-02 00:00:00+00:00, run_after=2026-04-03 00:00:00+00:00
[2026-04-02T11:44:12.643+0000] {processor.py:208} INFO - Processing /opt/airflow/dags/hello_world.py took 0.087 seconds
[2026-04-02T11:44:42.844+0000] {processor.py:186} INFO - Started process (PID=4242) to work on /opt/airflow/dags/hello_world.py
[2026-04-02T11:44:42.845+0000] {processor.py:914} INFO - Processing file /opt/airflow/dags/hello_world.py for tasks to queue
[2026-04-02T11:44:42.846+0000] {logging_mixin.py:190} INFO - [2026-04-02T11:44:42.846+0000] {dagbag.py:588} INFO - Filling up the DagBag from /opt/airflow/dags/hello_world.py
[2026-04-02T11:44:42.856+0000] {processor.py:925} INFO - DAG(s) 'hello_world' retrieved from /opt/airflow/dags/hello_world.py
[2026-04-02T11:44:42.878+0000] {logging_mixin.py:190} INFO - [2026-04-02T11:44:42.878+0000] {dag.py:3239} INFO - Sync 1 DAGs
[2026-04-02T11:44:42.897+0000] {logging_mixin.py:190} INFO - [2026-04-02T11:44:42.897+0000] {dag.py:4180} INFO - Setting next_dagrun for hello_world to 2026-04-02 00:00:00+00:00, run_after=2026-04-03 00:00:00+00:00
[2026-04-02T11:44:42.911+0000] {processor.py:208} INFO - Processing /opt/airflow/dags/hello_world.py took 0.071 seconds
[2026-04-02T11:45:13.100+0000] {processor.py:186} INFO - Started process (PID=4252) to work on /opt/airflow/dags/hello_world.py
[2026-04-02T11:45:13.117+0000] {processor.py:914} INFO - Processing file /opt/airflow/dags/hello_world.py for tasks to queue
[2026-04-02T11:45:13.119+0000] {logging_mixin.py:190} INFO - [2026-04-02T11:45:13.119+0000] {dagbag.py:588} INFO - Filling up the DagBag from /opt/airflow/dags/hello_world.py
[2026-04-02T11:45:13.127+0000] {processor.py:925} INFO - DAG(s) 'hello_world' retrieved from /opt/airflow/dags/hello_world.py
[2026-04-02T11:45:13.148+0000] {logging_mixin.py:190} INFO - [2026-04-02T11:45:13.148+0000] {dag.py:3239} INFO - Sync 1 DAGs
[2026-04-02T11:45:13.167+0000] {logging_mixin.py:190} INFO - [2026-04-02T11:45:13.166+0000] {dag.py:4180} INFO - Setting next_dagrun for hello_world to 2026-04-02 00:00:00+00:00, run_after=2026-04-03 00:00:00+00:00
[2026-04-02T11:45:13.183+0000] {processor.py:208} INFO - Processing /opt/airflow/dags/hello_world.py took 0.087 seconds
[2026-04-02T11:45:43.400+0000] {processor.py:186} INFO - Started process (PID=4262) to work on /opt/airflow/dags/hello_world.py
[2026-04-02T11:45:43.401+0000] {processor.py:914} INFO - Processing file /opt/airflow/dags/hello_world.py for tasks to queue
[2026-04-02T11:45:43.403+0000] {logging_mixin.py:190} INFO - [2026-04-02T11:45:43.403+0000] {dagbag.py:588} INFO - Filling up the DagBag from /opt/airflow/dags/hello_world.py
[2026-04-02T11:45:43.413+0000] {processor.py:925} INFO - DAG(s) 'hello_world' retrieved from /opt/airflow/dags/hello_world.py
[2026-04-02T11:45:43.437+0000] {logging_mixin.py:190} INFO - [2026-04-02T11:45:43.436+0000] {dag.py:3239} INFO - Sync 1 DAGs
[2026-04-02T11:45:43.454+0000] {logging_mixin.py:190} INFO - [2026-04-02T11:45:43.454+0000] {dag.py:4180} INFO - Setting next_dagrun for hello_world to 2026-04-02 00:00:00+00:00, run_after=2026-04-03 00:00:00+00:00
[2026-04-02T11:45:43.467+0000] {processor.py:208} INFO - Processing /opt/airflow/dags/hello_world.py took 0.071 seconds
[2026-04-02T11:46:13.692+0000] {processor.py:186} INFO - Started process (PID=4272) to work on /opt/airflow/dags/hello_world.py
[2026-04-02T11:46:13.710+0000] {processor.py:914} INFO - Processing file /opt/airflow/dags/hello_world.py for tasks to queue
[2026-04-02T11:46:13.712+0000] {logging_mixin.py:190} INFO - [2026-04-02T11:46:13.712+0000] {dagbag.py:588} INFO - Filling up the DagBag from /opt/airflow/dags/hello_world.py
[2026-04-02T11:46:13.721+0000] {processor.py:925} INFO - DAG(s) 'hello_world' retrieved from /opt/airflow/dags/hello_world.py
[2026-04-02T11:46:13.744+0000] {logging_mixin.py:190} INFO - [2026-04-02T11:46:13.744+0000] {dag.py:3239} INFO - Sync 1 DAGs
[2026-04-02T11:46:13.764+0000] {logging_mixin.py:190} INFO - [2026-04-02T11:46:13.763+0000] {dag.py:4180} INFO - Setting next_dagrun for hello_world to 2026-04-02 00:00:00+00:00, run_after=2026-04-03 00:00:00+00:00
[2026-04-02T11:46:13.779+0000] {processor.py:208} INFO - Processing /opt/airflow/dags/hello_world.py took 0.092 seconds
[2026-04-02T11:46:44.022+0000] {processor.py:186} INFO - Started process (PID=4282) to work on /opt/airflow/dags/hello_world.py
[2026-04-02T11:46:44.023+0000] {processor.py:914} INFO - Processing file /opt/airflow/dags/hello_world.py for tasks to queue
[2026-04-02T11:46:44.024+0000] {logging_mixin.py:190} INFO - [2026-04-02T11:46:44.024+0000] {dagbag.py:588} INFO - Filling up the DagBag from /opt/airflow/dags/hello_world.py
[2026-04-02T11:46:44.039+0000] {processor.py:925} INFO - DAG(s) 'hello_world' retrieved from /opt/airflow/dags/hello_world.py
[2026-04-02T11:46:44.064+0000] {logging_mixin.py:190} INFO - [2026-04-02T11:46:44.064+0000] {dag.py:3239} INFO - Sync 1 DAGs
[2026-04-02T11:46:44.087+0000] {logging_mixin.py:190} INFO - [2026-04-02T11:46:44.087+0000] {dag.py:4180} INFO - Setting next_dagrun for hello_world to 2026-04-02 00:00:00+00:00, run_after=2026-04-03 00:00:00+00:00
[2026-04-02T11:46:44.107+0000] {processor.py:208} INFO - Processing /opt/airflow/dags/hello_world.py took 0.090 seconds
[2026-04-02T11:47:14.286+0000] {processor.py:186} INFO - Started process (PID=4292) to work on /opt/airflow/dags/hello_world.py
[2026-04-02T11:47:14.287+0000] {processor.py:914} INFO - Processing file /opt/airflow/dags/hello_world.py for tasks to queue
[2026-04-02T11:47:14.289+0000] {logging_mixin.py:190} INFO - [2026-04-02T11:47:14.288+0000] {dagbag.py:588} INFO - Filling up the DagBag from /opt/airflow/dags/hello_world.py
[2026-04-02T11:47:14.298+0000] {processor.py:925} INFO - DAG(s) 'hello_world' retrieved from /opt/airflow/dags/hello_world.py
[2026-04-02T11:47:14.318+0000] {logging_mixin.py:190} INFO - [2026-04-02T11:47:14.318+0000] {dag.py:3239} INFO - Sync 1 DAGs
[2026-04-02T11:47:14.335+0000] {logging_mixin.py:190} INFO - [2026-04-02T11:47:14.335+0000] {dag.py:4180} INFO - Setting next_dagrun for hello_world to 2026-04-02 00:00:00+00:00, run_after=2026-04-03 00:00:00+00:00
[2026-04-02T11:47:14.348+0000] {processor.py:208} INFO - Processing /opt/airflow/dags/hello_world.py took 0.068 seconds
[2026-04-02T11:47:44.595+0000] {processor.py:186} INFO - Started process (PID=4302) to work on /opt/airflow/dags/hello_world.py
[2026-04-02T11:47:44.595+0000] {processor.py:914} INFO - Processing file /opt/airflow/dags/hello_world.py for tasks to queue
[2026-04-02T11:47:44.597+0000] {logging_mixin.py:190} INFO - [2026-04-02T11:47:44.597+0000] {dagbag.py:588} INFO - Filling up the DagBag from /opt/airflow/dags/hello_world.py
[2026-04-02T11:47:44.606+0000] {processor.py:925} INFO - DAG(s) 'hello_world' retrieved from /opt/airflow/dags/hello_world.py
[2026-04-02T11:47:44.627+0000] {logging_mixin.py:190} INFO - [2026-04-02T11:47:44.627+0000] {dag.py:3239} INFO - Sync 1 DAGs
[2026-04-02T11:47:44.646+0000] {logging_mixin.py:190} INFO - [2026-04-02T11:47:44.646+0000] {dag.py:4180} INFO - Setting next_dagrun for hello_world to 2026-04-02 00:00:00+00:00, run_after=2026-04-03 00:00:00+00:00
[2026-04-02T11:47:44.661+0000] {processor.py:208} INFO - Processing /opt/airflow/dags/hello_world.py took 0.071 seconds
[2026-04-02T11:48:14.903+0000] {processor.py:186} INFO - Started process (PID=4312) to work on /opt/airflow/dags/hello_world.py
[2026-04-02T11:48:14.904+0000] {processor.py:914} INFO - Processing file /opt/airflow/dags/hello_world.py for tasks to queue
[2026-04-02T11:48:14.906+0000] {logging_mixin.py:190} INFO - [2026-04-02T11:48:14.906+0000] {dagbag.py:588} INFO - Filling up the DagBag from /opt/airflow/dags/hello_world.py
[2026-04-02T11:48:14.915+0000] {processor.py:925} INFO - DAG(s) 'hello_world' retrieved from /opt/airflow/dags/hello_world.py
[2026-04-02T11:48:14.937+0000] {logging_mixin.py:190} INFO - [2026-04-02T11:48:14.936+0000] {dag.py:3239} INFO - Sync 1 DAGs
[2026-04-02T11:48:14.955+0000] {logging_mixin.py:190} INFO - [2026-04-02T11:48:14.955+0000] {dag.py:4180} INFO - Setting next_dagrun for hello_world to 2026-04-02 00:00:00+00:00, run_after=2026-04-03 00:00:00+00:00
[2026-04-02T11:48:14.969+0000] {processor.py:208} INFO - Processing /opt/airflow/dags/hello_world.py took 0.071 seconds
[2026-04-02T11:48:45.213+0000] {processor.py:186} INFO - Started process (PID=4322) to work on /opt/airflow/dags/hello_world.py
[2026-04-02T11:48:45.213+0000] {processor.py:914} INFO - Processing file /opt/airflow/dags/hello_world.py for tasks to queue
[2026-04-02T11:48:45.215+0000] {logging_mixin.py:190} INFO - [2026-04-02T11:48:45.215+0000] {dagbag.py:588} INFO - Filling up the DagBag from /opt/airflow/dags/hello_world.py
[2026-04-02T11:48:45.225+0000] {processor.py:925} INFO - DAG(s) 'hello_world' retrieved from /opt/airflow/dags/hello_world.py
[2026-04-02T11:48:45.246+0000] {logging_mixin.py:190} INFO - [2026-04-02T11:48:45.246+0000] {dag.py:3239} INFO - Sync 1 DAGs
[2026-04-02T11:48:45.265+0000] {logging_mixin.py:190} INFO - [2026-04-02T11:48:45.265+0000] {dag.py:4180} INFO - Setting next_dagrun for hello_world to 2026-04-02 00:00:00+00:00, run_after=2026-04-03 00:00:00+00:00
[2026-04-02T11:48:45.279+0000] {processor.py:208} INFO - Processing /opt/airflow/dags/hello_world.py took 0.071 seconds
[2026-04-02T11:49:15.486+0000] {processor.py:186} INFO - Started process (PID=4332) to work on /opt/airflow/dags/hello_world.py
[2026-04-02T11:49:15.503+0000] {processor.py:914} INFO - Processing file /opt/airflow/dags/hello_world.py for tasks to queue
[2026-04-02T11:49:15.505+0000] {logging_mixin.py:190} INFO - [2026-04-02T11:49:15.505+0000] {dagbag.py:588} INFO - Filling up the DagBag from /opt/airflow/dags/hello_world.py
[2026-04-02T11:49:15.514+0000] {processor.py:925} INFO - DAG(s) 'hello_world' retrieved from /opt/airflow/dags/hello_world.py
[2026-04-02T11:49:15.537+0000] {logging_mixin.py:190} INFO - [2026-04-02T11:49:15.537+0000] {dag.py:3239} INFO - Sync 1 DAGs
[2026-04-02T11:49:15.555+0000] {logging_mixin.py:190} INFO - [2026-04-02T11:49:15.555+0000] {dag.py:4180} INFO - Setting next_dagrun for hello_world to 2026-04-02 00:00:00+00:00, run_after=2026-04-03 00:00:00+00:00
[2026-04-02T11:49:15.570+0000] {processor.py:208} INFO - Processing /opt/airflow/dags/hello_world.py took 0.089 seconds
[2026-04-02T11:49:45.753+0000] {processor.py:186} INFO - Started process (PID=4342) to work on /opt/airflow/dags/hello_world.py
[2026-04-02T11:49:45.755+0000] {processor.py:914} INFO - Processing file /opt/airflow/dags/hello_world.py for tasks to queue
[2026-04-02T11:49:45.757+0000] {logging_mixin.py:190} INFO - [2026-04-02T11:49:45.756+0000] {dagbag.py:588} INFO - Filling up the DagBag from /opt/airflow/dags/hello_world.py
[2026-04-02T11:49:45.766+0000] {processor.py:925} INFO - DAG(s) 'hello_world' retrieved from /opt/airflow/dags/hello_world.py
[2026-04-02T11:49:45.790+0000] {logging_mixin.py:190} INFO - [2026-04-02T11:49:45.790+0000] {dag.py:3239} INFO - Sync 1 DAGs
[2026-04-02T11:49:45.808+0000] {logging_mixin.py:190} INFO - [2026-04-02T11:49:45.808+0000] {dag.py:4180} INFO - Setting next_dagrun for hello_world to 2026-04-02 00:00:00+00:00, run_after=2026-04-03 00:00:00+00:00
[2026-04-02T11:49:45.822+0000] {processor.py:208} INFO - Processing /opt/airflow/dags/hello_world.py took 0.074 seconds
[2026-04-02T11:50:16.023+0000] {processor.py:186} INFO - Started process (PID=4352) to work on /opt/airflow/dags/hello_world.py
[2026-04-02T11:50:16.024+0000] {processor.py:914} INFO - Processing file /opt/airflow/dags/hello_world.py for tasks to queue
[2026-04-02T11:50:16.026+0000] {logging_mixin.py:190} INFO - [2026-04-02T11:50:16.025+0000] {dagbag.py:588} INFO - Filling up the DagBag from /opt/airflow/dags/hello_world.py
[2026-04-02T11:50:16.034+0000] {processor.py:925} INFO - DAG(s) 'hello_world' retrieved from /opt/airflow/dags/hello_world.py
[2026-04-02T11:50:16.056+0000] {logging_mixin.py:190} INFO - [2026-04-02T11:50:16.055+0000] {dag.py:3239} INFO - Sync 1 DAGs
[2026-04-02T11:50:16.075+0000] {logging_mixin.py:190} INFO - [2026-04-02T11:50:16.075+0000] {dag.py:4180} INFO - Setting next_dagrun for hello_world to 2026-04-02 00:00:00+00:00, run_after=2026-04-03 00:00:00+00:00
[2026-04-02T11:50:16.088+0000] {processor.py:208} INFO - Processing /opt/airflow/dags/hello_world.py took 0.071 seconds
[2026-04-02T11:50:46.288+0000] {processor.py:186} INFO - Started process (PID=4362) to work on /opt/airflow/dags/hello_world.py
[2026-04-02T11:50:46.288+0000] {processor.py:914} INFO - Processing file /opt/airflow/dags/hello_world.py for tasks to queue
[2026-04-02T11:50:46.290+0000] {logging_mixin.py:190} INFO - [2026-04-02T11:50:46.290+0000] {dagbag.py:588} INFO - Filling up the DagBag from /opt/airflow/dags/hello_world.py
[2026-04-02T11:50:46.300+0000] {processor.py:925} INFO - DAG(s) 'hello_world' retrieved from /opt/airflow/dags/hello_world.py
[2026-04-02T11:50:46.321+0000] {logging_mixin.py:190} INFO - [2026-04-02T11:50:46.321+0000] {dag.py:3239} INFO - Sync 1 DAGs
[2026-04-02T11:50:46.339+0000] {logging_mixin.py:190} INFO - [2026-04-02T11:50:46.338+0000] {dag.py:4180} INFO - Setting next_dagrun for hello_world to 2026-04-02 00:00:00+00:00, run_after=2026-04-03 00:00:00+00:00
[2026-04-02T11:50:46.351+0000] {processor.py:208} INFO - Processing /opt/airflow/dags/hello_world.py took 0.068 seconds
[2026-04-02T11:51:16.588+0000] {processor.py:186} INFO - Started process (PID=4372) to work on /opt/airflow/dags/hello_world.py
[2026-04-02T11:51:16.589+0000] {processor.py:914} INFO - Processing file /opt/airflow/dags/hello_world.py for tasks to queue
[2026-04-02T11:51:16.591+0000] {logging_mixin.py:190} INFO - [2026-04-02T11:51:16.591+0000] {dagbag.py:588} INFO - Filling up the DagBag from /opt/airflow/dags/hello_world.py
[2026-04-02T11:51:16.601+0000] {processor.py:925} INFO - DAG(s) 'hello_world' retrieved from /opt/airflow/dags/hello_world.py
[2026-04-02T11:51:16.625+0000] {logging_mixin.py:190} INFO - [2026-04-02T11:51:16.625+0000] {dag.py:3239} INFO - Sync 1 DAGs
[2026-04-02T11:51:16.645+0000] {logging_mixin.py:190} INFO - [2026-04-02T11:51:16.644+0000] {dag.py:4180} INFO - Setting next_dagrun for hello_world to 2026-04-02 00:00:00+00:00, run_after=2026-04-03 00:00:00+00:00
[2026-04-02T11:51:16.658+0000] {processor.py:208} INFO - Processing /opt/airflow/dags/hello_world.py took 0.075 seconds
[2026-04-02T11:51:46.866+0000] {processor.py:186} INFO - Started process (PID=4382) to work on /opt/airflow/dags/hello_world.py
[2026-04-02T11:51:46.867+0000] {processor.py:914} INFO - Processing file /opt/airflow/dags/hello_world.py for tasks to queue
[2026-04-02T11:51:46.869+0000] {logging_mixin.py:190} INFO - [2026-04-02T11:51:46.869+0000] {dagbag.py:588} INFO - Filling up the DagBag from /opt/airflow/dags/hello_world.py
[2026-04-02T11:51:46.879+0000] {processor.py:925} INFO - DAG(s) 'hello_world' retrieved from /opt/airflow/dags/hello_world.py
[2026-04-02T11:51:46.902+0000] {logging_mixin.py:190} INFO - [2026-04-02T11:51:46.902+0000] {dag.py:3239} INFO - Sync 1 DAGs
[2026-04-02T11:51:46.921+0000] {logging_mixin.py:190} INFO - [2026-04-02T11:51:46.921+0000] {dag.py:4180} INFO - Setting next_dagrun for hello_world to 2026-04-02 00:00:00+00:00, run_after=2026-04-03 00:00:00+00:00
[2026-04-02T11:51:46.935+0000] {processor.py:208} INFO - Processing /opt/airflow/dags/hello_world.py took 0.073 seconds
[2026-04-02T11:52:17.157+0000] {processor.py:186} INFO - Started process (PID=4392) to work on /opt/airflow/dags/hello_world.py
[2026-04-02T11:52:17.158+0000] {processor.py:914} INFO - Processing file /opt/airflow/dags/hello_world.py for tasks to queue
[2026-04-02T11:52:17.160+0000] {logging_mixin.py:190} INFO - [2026-04-02T11:52:17.160+0000] {dagbag.py:588} INFO - Filling up the DagBag from /opt/airflow/dags/hello_world.py
[2026-04-02T11:52:17.169+0000] {processor.py:925} INFO - DAG(s) 'hello_world' retrieved from /opt/airflow/dags/hello_world.py
[2026-04-02T11:52:17.194+0000] {logging_mixin.py:190} INFO - [2026-04-02T11:52:17.193+0000] {dag.py:3239} INFO - Sync 1 DAGs
[2026-04-02T11:52:17.219+0000] {logging_mixin.py:190} INFO - [2026-04-02T11:52:17.219+0000] {dag.py:4180} INFO - Setting next_dagrun for hello_world to 2026-04-02 00:00:00+00:00, run_after=2026-04-03 00:00:00+00:00
[2026-04-02T11:52:17.242+0000] {processor.py:208} INFO - Processing /opt/airflow/dags/hello_world.py took 0.090 seconds
[2026-04-02T11:52:47.456+0000] {processor.py:186} INFO - Started process (PID=4402) to work on /opt/airflow/dags/hello_world.py
[2026-04-02T11:52:47.456+0000] {processor.py:914} INFO - Processing file /opt/airflow/dags/hello_world.py for tasks to queue
[2026-04-02T11:52:47.458+0000] {logging_mixin.py:190} INFO - [2026-04-02T11:52:47.457+0000] {dagbag.py:588} INFO - Filling up the DagBag from /opt/airflow/dags/hello_world.py
[2026-04-02T11:52:47.469+0000] {processor.py:925} INFO - DAG(s) 'hello_world' retrieved from /opt/airflow/dags/hello_world.py
[2026-04-02T11:52:47.490+0000] {logging_mixin.py:190} INFO - [2026-04-02T11:52:47.489+0000] {dag.py:3239} INFO - Sync 1 DAGs
[2026-04-02T11:52:47.508+0000] {logging_mixin.py:190} INFO - [2026-04-02T11:52:47.507+0000] {dag.py:4180} INFO - Setting next_dagrun for hello_world to 2026-04-02 00:00:00+00:00, run_after=2026-04-03 00:00:00+00:00
[2026-04-02T11:52:47.521+0000] {processor.py:208} INFO - Processing /opt/airflow/dags/hello_world.py took 0.070 seconds
[2026-04-02T11:53:17.743+0000] {processor.py:186} INFO - Started process (PID=4412) to work on /opt/airflow/dags/hello_world.py
[2026-04-02T11:53:17.744+0000] {processor.py:914} INFO - Processing file /opt/airflow/dags/hello_world.py for tasks to queue
[2026-04-02T11:53:17.745+0000] {logging_mixin.py:190} INFO - [2026-04-02T11:53:17.745+0000] {dagbag.py:588} INFO - Filling up the DagBag from /opt/airflow/dags/hello_world.py
[2026-04-02T11:53:17.754+0000] {processor.py:925} INFO - DAG(s) 'hello_world' retrieved from /opt/airflow/dags/hello_world.py
[2026-04-02T11:53:17.776+0000] {logging_mixin.py:190} INFO - [2026-04-02T11:53:17.776+0000] {dag.py:3239} INFO - Sync 1 DAGs
[2026-04-02T11:53:17.794+0000] {logging_mixin.py:190} INFO - [2026-04-02T11:53:17.794+0000] {dag.py:4180} INFO - Setting next_dagrun for hello_world to 2026-04-02 00:00:00+00:00, run_after=2026-04-03 00:00:00+00:00
[2026-04-02T11:53:17.808+0000] {processor.py:208} INFO - Processing /opt/airflow/dags/hello_world.py took 0.070 seconds
[2026-04-02T11:53:48.035+0000] {processor.py:186} INFO - Started process (PID=4422) to work on /opt/airflow/dags/hello_world.py
[2026-04-02T11:53:48.036+0000] {processor.py:914} INFO - Processing file /opt/airflow/dags/hello_world.py for tasks to queue
[2026-04-02T11:53:48.038+0000] {logging_mixin.py:190} INFO - [2026-04-02T11:53:48.038+0000] {dagbag.py:588} INFO - Filling up the DagBag from /opt/airflow/dags/hello_world.py
[2026-04-02T11:53:48.048+0000] {processor.py:925} INFO - DAG(s) 'hello_world' retrieved from /opt/airflow/dags/hello_world.py
[2026-04-02T11:53:48.071+0000] {logging_mixin.py:190} INFO - [2026-04-02T11:53:48.070+0000] {dag.py:3239} INFO - Sync 1 DAGs
[2026-04-02T11:53:48.090+0000] {logging_mixin.py:190} INFO - [2026-04-02T11:53:48.089+0000] {dag.py:4180} INFO - Setting next_dagrun for hello_world to 2026-04-02 00:00:00+00:00, run_after=2026-04-03 00:00:00+00:00
[2026-04-02T11:53:48.102+0000] {processor.py:208} INFO - Processing /opt/airflow/dags/hello_world.py took 0.072 seconds
[2026-04-02T11:54:18.295+0000] {processor.py:186} INFO - Started process (PID=4432) to work on /opt/airflow/dags/hello_world.py
[2026-04-02T11:54:18.313+0000] {processor.py:914} INFO - Processing file /opt/airflow/dags/hello_world.py for tasks to queue
[2026-04-02T11:54:18.315+0000] {logging_mixin.py:190} INFO - [2026-04-02T11:54:18.314+0000] {dagbag.py:588} INFO - Filling up the DagBag from /opt/airflow/dags/hello_world.py
[2026-04-02T11:54:18.323+0000] {processor.py:925} INFO - DAG(s) 'hello_world' retrieved from /opt/airflow/dags/hello_world.py
[2026-04-02T11:54:18.343+0000] {logging_mixin.py:190} INFO - [2026-04-02T11:54:18.343+0000] {dag.py:3239} INFO - Sync 1 DAGs
[2026-04-02T11:54:18.362+0000] {logging_mixin.py:190} INFO - [2026-04-02T11:54:18.361+0000] {dag.py:4180} INFO - Setting next_dagrun for hello_world to 2026-04-02 00:00:00+00:00, run_after=2026-04-03 00:00:00+00:00
[2026-04-02T11:54:18.376+0000] {processor.py:208} INFO - Processing /opt/airflow/dags/hello_world.py took 0.086 seconds
[2026-04-02T11:54:48.609+0000] {processor.py:186} INFO - Started process (PID=4442) to work on /opt/airflow/dags/hello_world.py
[2026-04-02T11:54:48.610+0000] {processor.py:914} INFO - Processing file /opt/airflow/dags/hello_world.py for tasks to queue
[2026-04-02T11:54:48.612+0000] {logging_mixin.py:190} INFO - [2026-04-02T11:54:48.612+0000] {dagbag.py:588} INFO - Filling up the DagBag from /opt/airflow/dags/hello_world.py
[2026-04-02T11:54:48.622+0000] {processor.py:925} INFO - DAG(s) 'hello_world' retrieved from /opt/airflow/dags/hello_world.py
[2026-04-02T11:54:48.644+0000] {logging_mixin.py:190} INFO - [2026-04-02T11:54:48.644+0000] {dag.py:3239} INFO - Sync 1 DAGs
[2026-04-02T11:54:48.663+0000] {logging_mixin.py:190} INFO - [2026-04-02T11:54:48.663+0000] {dag.py:4180} INFO - Setting next_dagrun for hello_world to 2026-04-02 00:00:00+00:00, run_after=2026-04-03 00:00:00+00:00
[2026-04-02T11:54:48.677+0000] {processor.py:208} INFO - Processing /opt/airflow/dags/hello_world.py took 0.072 seconds
[2026-04-02T11:55:18.953+0000] {processor.py:186} INFO - Started process (PID=4452) to work on /opt/airflow/dags/hello_world.py
[2026-04-02T11:55:18.954+0000] {processor.py:914} INFO - Processing file /opt/airflow/dags/hello_world.py for tasks to queue
[2026-04-02T11:55:18.956+0000] {logging_mixin.py:190} INFO - [2026-04-02T11:55:18.956+0000] {dagbag.py:588} INFO - Filling up the DagBag from /opt/airflow/dags/hello_world.py
[2026-04-02T11:55:18.965+0000] {processor.py:925} INFO - DAG(s) 'hello_world' retrieved from /opt/airflow/dags/hello_world.py
[2026-04-02T11:55:18.989+0000] {logging_mixin.py:190} INFO - [2026-04-02T11:55:18.989+0000] {dag.py:3239} INFO - Sync 1 DAGs
[2026-04-02T11:55:19.008+0000] {logging_mixin.py:190} INFO - [2026-04-02T11:55:19.007+0000] {dag.py:4180} INFO - Setting next_dagrun for hello_world to 2026-04-02 00:00:00+00:00, run_after=2026-04-03 00:00:00+00:00
[2026-04-02T11:55:19.021+0000] {processor.py:208} INFO - Processing /opt/airflow/dags/hello_world.py took 0.072 seconds
[2026-04-02T11:55:49.214+0000] {processor.py:186} INFO - Started process (PID=4462) to work on /opt/airflow/dags/hello_world.py
[2026-04-02T11:55:49.214+0000] {processor.py:914} INFO - Processing file /opt/airflow/dags/hello_world.py for tasks to queue
[2026-04-02T11:55:49.216+0000] {logging_mixin.py:190} INFO - [2026-04-02T11:55:49.216+0000] {dagbag.py:588} INFO - Filling up the DagBag from /opt/airflow/dags/hello_world.py
[2026-04-02T11:55:49.225+0000] {processor.py:925} INFO - DAG(s) 'hello_world' retrieved from /opt/airflow/dags/hello_world.py
[2026-04-02T11:55:49.247+0000] {logging_mixin.py:190} INFO - [2026-04-02T11:55:49.247+0000] {dag.py:3239} INFO - Sync 1 DAGs
[2026-04-02T11:55:49.265+0000] {logging_mixin.py:190} INFO - [2026-04-02T11:55:49.265+0000] {dag.py:4180} INFO - Setting next_dagrun for hello_world to 2026-04-02 00:00:00+00:00, run_after=2026-04-03 00:00:00+00:00
[2026-04-02T11:55:49.279+0000] {processor.py:208} INFO - Processing /opt/airflow/dags/hello_world.py took 0.070 seconds
[2026-04-02T11:56:19.503+0000] {processor.py:186} INFO - Started process (PID=4472) to work on /opt/airflow/dags/hello_world.py
[2026-04-02T11:56:19.504+0000] {processor.py:914} INFO - Processing file /opt/airflow/dags/hello_world.py for tasks to queue
[2026-04-02T11:56:19.505+0000] {logging_mixin.py:190} INFO - [2026-04-02T11:56:19.505+0000] {dagbag.py:588} INFO - Filling up the DagBag from /opt/airflow/dags/hello_world.py
[2026-04-02T11:56:19.514+0000] {processor.py:925} INFO - DAG(s) 'hello_world' retrieved from /opt/airflow/dags/hello_world.py
[2026-04-02T11:56:19.537+0000] {logging_mixin.py:190} INFO - [2026-04-02T11:56:19.537+0000] {dag.py:3239} INFO - Sync 1 DAGs
[2026-04-02T11:56:19.559+0000] {logging_mixin.py:190} INFO - [2026-04-02T11:56:19.559+0000] {dag.py:4180} INFO - Setting next_dagrun for hello_world to 2026-04-02 00:00:00+00:00, run_after=2026-04-03 00:00:00+00:00
[2026-04-02T11:56:19.576+0000] {processor.py:208} INFO - Processing /opt/airflow/dags/hello_world.py took 0.078 seconds
[2026-04-02T11:56:49.790+0000] {processor.py:186} INFO - Started process (PID=4482) to work on /opt/airflow/dags/hello_world.py
[2026-04-02T11:56:49.791+0000] {processor.py:914} INFO - Processing file /opt/airflow/dags/hello_world.py for tasks to queue
[2026-04-02T11:56:49.792+0000] {logging_mixin.py:190} INFO - [2026-04-02T11:56:49.792+0000] {dagbag.py:588} INFO - Filling up the DagBag from /opt/airflow/dags/hello_world.py
[2026-04-02T11:56:49.801+0000] {processor.py:925} INFO - DAG(s) 'hello_world' retrieved from /opt/airflow/dags/hello_world.py
[2026-04-02T11:56:49.824+0000] {logging_mixin.py:190} INFO - [2026-04-02T11:56:49.823+0000] {dag.py:3239} INFO - Sync 1 DAGs
[2026-04-02T11:56:49.843+0000] {logging_mixin.py:190} INFO - [2026-04-02T11:56:49.842+0000] {dag.py:4180} INFO - Setting next_dagrun for hello_world to 2026-04-02 00:00:00+00:00, run_after=2026-04-03 00:00:00+00:00
[2026-04-02T11:56:49.855+0000] {processor.py:208} INFO - Processing /opt/airflow/dags/hello_world.py took 0.070 seconds
[2026-04-02T11:57:20.054+0000] {processor.py:186} INFO - Started process (PID=4492) to work on /opt/airflow/dags/hello_world.py
[2026-04-02T11:57:20.056+0000] {processor.py:914} INFO - Processing file /opt/airflow/dags/hello_world.py for tasks to queue
[2026-04-02T11:57:20.058+0000] {logging_mixin.py:190} INFO - [2026-04-02T11:57:20.058+0000] {dagbag.py:588} INFO - Filling up the DagBag from /opt/airflow/dags/hello_world.py
[2026-04-02T11:57:20.068+0000] {processor.py:925} INFO - DAG(s) 'hello_world' retrieved from /opt/airflow/dags/hello_world.py
[2026-04-02T11:57:20.091+0000] {logging_mixin.py:190} INFO - [2026-04-02T11:57:20.091+0000] {dag.py:3239} INFO - Sync 1 DAGs
[2026-04-02T11:57:20.116+0000] {logging_mixin.py:190} INFO - [2026-04-02T11:57:20.115+0000] {dag.py:4180} INFO - Setting next_dagrun for hello_world to 2026-04-02 00:00:00+00:00, run_after=2026-04-03 00:00:00+00:00
[2026-04-02T11:57:20.131+0000] {processor.py:208} INFO - Processing /opt/airflow/dags/hello_world.py took 0.082 seconds
[2026-04-02T11:57:50.320+0000] {processor.py:186} INFO - Started process (PID=4502) to work on /opt/airflow/dags/hello_world.py
[2026-04-02T11:57:50.321+0000] {processor.py:914} INFO - Processing file /opt/airflow/dags/hello_world.py for tasks to queue
[2026-04-02T11:57:50.323+0000] {logging_mixin.py:190} INFO - [2026-04-02T11:57:50.323+0000] {dagbag.py:588} INFO - Filling up the DagBag from /opt/airflow/dags/hello_world.py
[2026-04-02T11:57:50.331+0000] {processor.py:925} INFO - DAG(s) 'hello_world' retrieved from /opt/airflow/dags/hello_world.py
[2026-04-02T11:57:50.352+0000] {logging_mixin.py:190} INFO - [2026-04-02T11:57:50.352+0000] {dag.py:3239} INFO - Sync 1 DAGs
[2026-04-02T11:57:50.370+0000] {logging_mixin.py:190} INFO - [2026-04-02T11:57:50.370+0000] {dag.py:4180} INFO - Setting next_dagrun for hello_world to 2026-04-02 00:00:00+00:00, run_after=2026-04-03 00:00:00+00:00
[2026-04-02T11:57:50.385+0000] {processor.py:208} INFO - Processing /opt/airflow/dags/hello_world.py took 0.069 seconds
[2026-04-02T11:58:20.631+0000] {processor.py:186} INFO - Started process (PID=4512) to work on /opt/airflow/dags/hello_world.py
[2026-04-02T11:58:20.632+0000] {processor.py:914} INFO - Processing file /opt/airflow/dags/hello_world.py for tasks to queue
[2026-04-02T11:58:20.634+0000] {logging_mixin.py:190} INFO - [2026-04-02T11:58:20.633+0000] {dagbag.py:588} INFO - Filling up the DagBag from /opt/airflow/dags/hello_world.py
[2026-04-02T11:58:20.644+0000] {processor.py:925} INFO - DAG(s) 'hello_world' retrieved from /opt/airflow/dags/hello_world.py
[2026-04-02T11:58:20.667+0000] {logging_mixin.py:190} INFO - [2026-04-02T11:58:20.667+0000] {dag.py:3239} INFO - Sync 1 DAGs
[2026-04-02T11:58:20.688+0000] {logging_mixin.py:190} INFO - [2026-04-02T11:58:20.688+0000] {dag.py:4180} INFO - Setting next_dagrun for hello_world to 2026-04-02 00:00:00+00:00, run_after=2026-04-03 00:00:00+00:00
[2026-04-02T11:58:20.703+0000] {processor.py:208} INFO - Processing /opt/airflow/dags/hello_world.py took 0.077 seconds
[2026-04-02T11:58:50.911+0000] {processor.py:186} INFO - Started process (PID=4522) to work on /opt/airflow/dags/hello_world.py
[2026-04-02T11:58:50.911+0000] {processor.py:914} INFO - Processing file /opt/airflow/dags/hello_world.py for tasks to queue
[2026-04-02T11:58:50.913+0000] {logging_mixin.py:190} INFO - [2026-04-02T11:58:50.913+0000] {dagbag.py:588} INFO - Filling up the DagBag from /opt/airflow/dags/hello_world.py
[2026-04-02T11:58:50.922+0000] {processor.py:925} INFO - DAG(s) 'hello_world' retrieved from /opt/airflow/dags/hello_world.py
[2026-04-02T11:58:50.946+0000] {logging_mixin.py:190} INFO - [2026-04-02T11:58:50.945+0000] {dag.py:3239} INFO - Sync 1 DAGs
[2026-04-02T11:58:50.965+0000] {logging_mixin.py:190} INFO - [2026-04-02T11:58:50.965+0000] {dag.py:4180} INFO - Setting next_dagrun for hello_world to 2026-04-02 00:00:00+00:00, run_after=2026-04-03 00:00:00+00:00
[2026-04-02T11:58:50.982+0000] {processor.py:208} INFO - Processing /opt/airflow/dags/hello_world.py took 0.076 seconds
[2026-04-02T11:59:21.204+0000] {processor.py:186} INFO - Started process (PID=4532) to work on /opt/airflow/dags/hello_world.py
[2026-04-02T11:59:21.205+0000] {processor.py:914} INFO - Processing file /opt/airflow/dags/hello_world.py for tasks to queue
[2026-04-02T11:59:21.207+0000] {logging_mixin.py:190} INFO - [2026-04-02T11:59:21.207+0000] {dagbag.py:588} INFO - Filling up the DagBag from /opt/airflow/dags/hello_world.py
[2026-04-02T11:59:21.223+0000] {processor.py:925} INFO - DAG(s) 'hello_world' retrieved from /opt/airflow/dags/hello_world.py
[2026-04-02T11:59:21.249+0000] {logging_mixin.py:190} INFO - [2026-04-02T11:59:21.248+0000] {dag.py:3239} INFO - Sync 1 DAGs
[2026-04-02T11:59:21.266+0000] {logging_mixin.py:190} INFO - [2026-04-02T11:59:21.266+0000] {dag.py:4180} INFO - Setting next_dagrun for hello_world to 2026-04-02 00:00:00+00:00, run_after=2026-04-03 00:00:00+00:00
[2026-04-02T11:59:21.280+0000] {processor.py:208} INFO - Processing /opt/airflow/dags/hello_world.py took 0.081 seconds
[2026-04-02T11:59:51.484+0000] {processor.py:186} INFO - Started process (PID=4542) to work on /opt/airflow/dags/hello_world.py
[2026-04-02T11:59:51.486+0000] {processor.py:914} INFO - Processing file /opt/airflow/dags/hello_world.py for tasks to queue
[2026-04-02T11:59:51.488+0000] {logging_mixin.py:190} INFO - [2026-04-02T11:59:51.488+0000] {dagbag.py:588} INFO - Filling up the DagBag from /opt/airflow/dags/hello_world.py
[2026-04-02T11:59:51.497+0000] {processor.py:925} INFO - DAG(s) 'hello_world' retrieved from /opt/airflow/dags/hello_world.py
[2026-04-02T11:59:51.516+0000] {logging_mixin.py:190} INFO - [2026-04-02T11:59:51.516+0000] {dag.py:3239} INFO - Sync 1 DAGs
[2026-04-02T11:59:51.532+0000] {logging_mixin.py:190} INFO - [2026-04-02T11:59:51.532+0000] {dag.py:4180} INFO - Setting next_dagrun for hello_world to 2026-04-02 00:00:00+00:00, run_after=2026-04-03 00:00:00+00:00
[2026-04-02T11:59:51.544+0000] {processor.py:208} INFO - Processing /opt/airflow/dags/hello_world.py took 0.065 seconds
[2026-04-02T12:00:21.778+0000] {processor.py:186} INFO - Started process (PID=4552) to work on /opt/airflow/dags/hello_world.py
[2026-04-02T12:00:21.779+0000] {processor.py:914} INFO - Processing file /opt/airflow/dags/hello_world.py for tasks to queue
[2026-04-02T12:00:21.780+0000] {logging_mixin.py:190} INFO - [2026-04-02T12:00:21.780+0000] {dagbag.py:588} INFO - Filling up the DagBag from /opt/airflow/dags/hello_world.py
[2026-04-02T12:00:21.789+0000] {processor.py:925} INFO - DAG(s) 'hello_world' retrieved from /opt/airflow/dags/hello_world.py
[2026-04-02T12:00:21.810+0000] {logging_mixin.py:190} INFO - [2026-04-02T12:00:21.809+0000] {dag.py:3239} INFO - Sync 1 DAGs
[2026-04-02T12:00:21.828+0000] {logging_mixin.py:190} INFO - [2026-04-02T12:00:21.828+0000] {dag.py:4180} INFO - Setting next_dagrun for hello_world to 2026-04-02 00:00:00+00:00, run_after=2026-04-03 00:00:00+00:00
[2026-04-02T12:00:21.842+0000] {processor.py:208} INFO - Processing /opt/airflow/dags/hello_world.py took 0.069 seconds
[2026-04-02T12:00:52.051+0000] {processor.py:186} INFO - Started process (PID=4562) to work on /opt/airflow/dags/hello_world.py
[2026-04-02T12:00:52.052+0000] {processor.py:914} INFO - Processing file /opt/airflow/dags/hello_world.py for tasks to queue
[2026-04-02T12:00:52.053+0000] {logging_mixin.py:190} INFO - [2026-04-02T12:00:52.053+0000] {dagbag.py:588} INFO - Filling up the DagBag from /opt/airflow/dags/hello_world.py
[2026-04-02T12:00:52.062+0000] {processor.py:925} INFO - DAG(s) 'hello_world' retrieved from /opt/airflow/dags/hello_world.py
[2026-04-02T12:00:52.082+0000] {logging_mixin.py:190} INFO - [2026-04-02T12:00:52.082+0000] {dag.py:3239} INFO - Sync 1 DAGs
[2026-04-02T12:00:52.100+0000] {logging_mixin.py:190} INFO - [2026-04-02T12:00:52.100+0000] {dag.py:4180} INFO - Setting next_dagrun for hello_world to 2026-04-02 00:00:00+00:00, run_after=2026-04-03 00:00:00+00:00
[2026-04-02T12:00:52.114+0000] {processor.py:208} INFO - Processing /opt/airflow/dags/hello_world.py took 0.068 seconds
[2026-04-02T12:01:22.307+0000] {processor.py:186} INFO - Started process (PID=4572) to work on /opt/airflow/dags/hello_world.py
[2026-04-02T12:01:22.308+0000] {processor.py:914} INFO - Processing file /opt/airflow/dags/hello_world.py for tasks to queue
[2026-04-02T12:01:22.310+0000] {logging_mixin.py:190} INFO - [2026-04-02T12:01:22.310+0000] {dagbag.py:588} INFO - Filling up the DagBag from /opt/airflow/dags/hello_world.py
[2026-04-02T12:01:22.325+0000] {processor.py:925} INFO - DAG(s) 'hello_world' retrieved from /opt/airflow/dags/hello_world.py
[2026-04-02T12:01:22.356+0000] {logging_mixin.py:190} INFO - [2026-04-02T12:01:22.355+0000] {dag.py:3239} INFO - Sync 1 DAGs
[2026-04-02T12:01:22.373+0000] {logging_mixin.py:190} INFO - [2026-04-02T12:01:22.373+0000] {dag.py:4180} INFO - Setting next_dagrun for hello_world to 2026-04-02 00:00:00+00:00, run_after=2026-04-03 00:00:00+00:00
[2026-04-02T12:01:22.388+0000] {processor.py:208} INFO - Processing /opt/airflow/dags/hello_world.py took 0.087 seconds
[2026-04-02T12:01:52.635+0000] {processor.py:186} INFO - Started process (PID=4582) to work on /opt/airflow/dags/hello_world.py
[2026-04-02T12:01:52.636+0000] {processor.py:914} INFO - Processing file /opt/airflow/dags/hello_world.py for tasks to queue
[2026-04-02T12:01:52.638+0000] {logging_mixin.py:190} INFO - [2026-04-02T12:01:52.638+0000] {dagbag.py:588} INFO - Filling up the DagBag from /opt/airflow/dags/hello_world.py
[2026-04-02T12:01:52.647+0000] {processor.py:925} INFO - DAG(s) 'hello_world' retrieved from /opt/airflow/dags/hello_world.py
[2026-04-02T12:01:52.669+0000] {logging_mixin.py:190} INFO - [2026-04-02T12:01:52.669+0000] {dag.py:3239} INFO - Sync 1 DAGs
[2026-04-02T12:01:52.689+0000] {logging_mixin.py:190} INFO - [2026-04-02T12:01:52.689+0000] {dag.py:4180} INFO - Setting next_dagrun for hello_world to 2026-04-02 00:00:00+00:00, run_after=2026-04-03 00:00:00+00:00
[2026-04-02T12:01:52.703+0000] {processor.py:208} INFO - Processing /opt/airflow/dags/hello_world.py took 0.073 seconds
[2026-04-02T12:02:22.940+0000] {processor.py:186} INFO - Started process (PID=4592) to work on /opt/airflow/dags/hello_world.py
[2026-04-02T12:02:22.941+0000] {processor.py:914} INFO - Processing file /opt/airflow/dags/hello_world.py for tasks to queue
[2026-04-02T12:02:22.943+0000] {logging_mixin.py:190} INFO - [2026-04-02T12:02:22.943+0000] {dagbag.py:588} INFO - Filling up the DagBag from /opt/airflow/dags/hello_world.py
[2026-04-02T12:02:22.958+0000] {processor.py:925} INFO - DAG(s) 'hello_world' retrieved from /opt/airflow/dags/hello_world.py
[2026-04-02T12:02:22.987+0000] {logging_mixin.py:190} INFO - [2026-04-02T12:02:22.987+0000] {dag.py:3239} INFO - Sync 1 DAGs
[2026-04-02T12:02:23.008+0000] {logging_mixin.py:190} INFO - [2026-04-02T12:02:23.008+0000] {dag.py:4180} INFO - Setting next_dagrun for hello_world to 2026-04-02 00:00:00+00:00, run_after=2026-04-03 00:00:00+00:00
[2026-04-02T12:02:23.025+0000] {processor.py:208} INFO - Processing /opt/airflow/dags/hello_world.py took 0.091 seconds
[2026-04-02T12:02:53.211+0000] {processor.py:186} INFO - Started process (PID=4602) to work on /opt/airflow/dags/hello_world.py
[2026-04-02T12:02:53.212+0000] {processor.py:914} INFO - Processing file /opt/airflow/dags/hello_world.py for tasks to queue
[2026-04-02T12:02:53.213+0000] {logging_mixin.py:190} INFO - [2026-04-02T12:02:53.213+0000] {dagbag.py:588} INFO - Filling up the DagBag from /opt/airflow/dags/hello_world.py
[2026-04-02T12:02:53.223+0000] {processor.py:925} INFO - DAG(s) 'hello_world' retrieved from /opt/airflow/dags/hello_world.py
[2026-04-02T12:02:53.247+0000] {logging_mixin.py:190} INFO - [2026-04-02T12:02:53.246+0000] {dag.py:3239} INFO - Sync 1 DAGs
[2026-04-02T12:02:53.266+0000] {logging_mixin.py:190} INFO - [2026-04-02T12:02:53.266+0000] {dag.py:4180} INFO - Setting next_dagrun for hello_world to 2026-04-02 00:00:00+00:00, run_after=2026-04-03 00:00:00+00:00
[2026-04-02T12:02:53.280+0000] {processor.py:208} INFO - Processing /opt/airflow/dags/hello_world.py took 0.074 seconds
[2026-04-02T12:03:23.476+0000] {processor.py:186} INFO - Started process (PID=4612) to work on /opt/airflow/dags/hello_world.py
[2026-04-02T12:03:23.477+0000] {processor.py:914} INFO - Processing file /opt/airflow/dags/hello_world.py for tasks to queue
[2026-04-02T12:03:23.478+0000] {logging_mixin.py:190} INFO - [2026-04-02T12:03:23.478+0000] {dagbag.py:588} INFO - Filling up the DagBag from /opt/airflow/dags/hello_world.py
[2026-04-02T12:03:23.487+0000] {processor.py:925} INFO - DAG(s) 'hello_world' retrieved from /opt/airflow/dags/hello_world.py
[2026-04-02T12:03:23.507+0000] {logging_mixin.py:190} INFO - [2026-04-02T12:03:23.507+0000] {dag.py:3239} INFO - Sync 1 DAGs
[2026-04-02T12:03:23.526+0000] {logging_mixin.py:190} INFO - [2026-04-02T12:03:23.526+0000] {dag.py:4180} INFO - Setting next_dagrun for hello_world to 2026-04-02 00:00:00+00:00, run_after=2026-04-03 00:00:00+00:00
[2026-04-02T12:03:23.541+0000] {processor.py:208} INFO - Processing /opt/airflow/dags/hello_world.py took 0.069 seconds
[2026-04-02T12:03:53.738+0000] {processor.py:186} INFO - Started process (PID=4622) to work on /opt/airflow/dags/hello_world.py
[2026-04-02T12:03:53.739+0000] {processor.py:914} INFO - Processing file /opt/airflow/dags/hello_world.py for tasks to queue
[2026-04-02T12:03:53.740+0000] {logging_mixin.py:190} INFO - [2026-04-02T12:03:53.740+0000] {dagbag.py:588} INFO - Filling up the DagBag from /opt/airflow/dags/hello_world.py
[2026-04-02T12:03:53.749+0000] {processor.py:925} INFO - DAG(s) 'hello_world' retrieved from /opt/airflow/dags/hello_world.py
[2026-04-02T12:03:53.770+0000] {logging_mixin.py:190} INFO - [2026-04-02T12:03:53.769+0000] {dag.py:3239} INFO - Sync 1 DAGs
[2026-04-02T12:03:53.787+0000] {logging_mixin.py:190} INFO - [2026-04-02T12:03:53.787+0000] {dag.py:4180} INFO - Setting next_dagrun for hello_world to 2026-04-02 00:00:00+00:00, run_after=2026-04-03 00:00:00+00:00
[2026-04-02T12:03:53.801+0000] {processor.py:208} INFO - Processing /opt/airflow/dags/hello_world.py took 0.067 seconds
[2026-04-02T12:04:23.998+0000] {processor.py:186} INFO - Started process (PID=4632) to work on /opt/airflow/dags/hello_world.py
[2026-04-02T12:04:23.999+0000] {processor.py:914} INFO - Processing file /opt/airflow/dags/hello_world.py for tasks to queue
[2026-04-02T12:04:24.001+0000] {logging_mixin.py:190} INFO - [2026-04-02T12:04:24.001+0000] {dagbag.py:588} INFO - Filling up the DagBag from /opt/airflow/dags/hello_world.py
[2026-04-02T12:04:24.010+0000] {processor.py:925} INFO - DAG(s) 'hello_world' retrieved from /opt/airflow/dags/hello_world.py
[2026-04-02T12:04:24.032+0000] {logging_mixin.py:190} INFO - [2026-04-02T12:04:24.031+0000] {dag.py:3239} INFO - Sync 1 DAGs
[2026-04-02T12:04:24.051+0000] {logging_mixin.py:190} INFO - [2026-04-02T12:04:24.051+0000] {dag.py:4180} INFO - Setting next_dagrun for hello_world to 2026-04-02 00:00:00+00:00, run_after=2026-04-03 00:00:00+00:00
[2026-04-02T12:04:24.068+0000] {processor.py:208} INFO - Processing /opt/airflow/dags/hello_world.py took 0.074 seconds
[2026-04-02T12:04:54.284+0000] {processor.py:186} INFO - Started process (PID=4642) to work on /opt/airflow/dags/hello_world.py
[2026-04-02T12:04:54.285+0000] {processor.py:914} INFO - Processing file /opt/airflow/dags/hello_world.py for tasks to queue
[2026-04-02T12:04:54.287+0000] {logging_mixin.py:190} INFO - [2026-04-02T12:04:54.286+0000] {dagbag.py:588} INFO - Filling up the DagBag from /opt/airflow/dags/hello_world.py
[2026-04-02T12:04:54.295+0000] {processor.py:925} INFO - DAG(s) 'hello_world' retrieved from /opt/airflow/dags/hello_world.py
[2026-04-02T12:04:54.317+0000] {logging_mixin.py:190} INFO - [2026-04-02T12:04:54.317+0000] {dag.py:3239} INFO - Sync 1 DAGs
[2026-04-02T12:04:54.335+0000] {logging_mixin.py:190} INFO - [2026-04-02T12:04:54.335+0000] {dag.py:4180} INFO - Setting next_dagrun for hello_world to 2026-04-02 00:00:00+00:00, run_after=2026-04-03 00:00:00+00:00
[2026-04-02T12:04:54.347+0000] {processor.py:208} INFO - Processing /opt/airflow/dags/hello_world.py took 0.067 seconds
[2026-04-02T12:05:24.596+0000] {processor.py:186} INFO - Started process (PID=4652) to work on /opt/airflow/dags/hello_world.py
[2026-04-02T12:05:24.597+0000] {processor.py:914} INFO - Processing file /opt/airflow/dags/hello_world.py for tasks to queue
[2026-04-02T12:05:24.598+0000] {logging_mixin.py:190} INFO - [2026-04-02T12:05:24.598+0000] {dagbag.py:588} INFO - Filling up the DagBag from /opt/airflow/dags/hello_world.py
[2026-04-02T12:05:24.608+0000] {processor.py:925} INFO - DAG(s) 'hello_world' retrieved from /opt/airflow/dags/hello_world.py
[2026-04-02T12:05:24.630+0000] {logging_mixin.py:190} INFO - [2026-04-02T12:05:24.630+0000] {dag.py:3239} INFO - Sync 1 DAGs
[2026-04-02T12:05:24.650+0000] {logging_mixin.py:190} INFO - [2026-04-02T12:05:24.650+0000] {dag.py:4180} INFO - Setting next_dagrun for hello_world to 2026-04-02 00:00:00+00:00, run_after=2026-04-03 00:00:00+00:00
[2026-04-02T12:05:24.666+0000] {processor.py:208} INFO - Processing /opt/airflow/dags/hello_world.py took 0.075 seconds
[2026-04-02T12:05:54.874+0000] {processor.py:186} INFO - Started process (PID=4662) to work on /opt/airflow/dags/hello_world.py
[2026-04-02T12:05:54.875+0000] {processor.py:914} INFO - Processing file /opt/airflow/dags/hello_world.py for tasks to queue
[2026-04-02T12:05:54.876+0000] {logging_mixin.py:190} INFO - [2026-04-02T12:05:54.876+0000] {dagbag.py:588} INFO - Filling up the DagBag from /opt/airflow/dags/hello_world.py
[2026-04-02T12:05:54.885+0000] {processor.py:925} INFO - DAG(s) 'hello_world' retrieved from /opt/airflow/dags/hello_world.py
[2026-04-02T12:05:54.906+0000] {logging_mixin.py:190} INFO - [2026-04-02T12:05:54.905+0000] {dag.py:3239} INFO - Sync 1 DAGs
[2026-04-02T12:05:54.925+0000] {logging_mixin.py:190} INFO - [2026-04-02T12:05:54.924+0000] {dag.py:4180} INFO - Setting next_dagrun for hello_world to 2026-04-02 00:00:00+00:00, run_after=2026-04-03 00:00:00+00:00
[2026-04-02T12:05:54.938+0000] {processor.py:208} INFO - Processing /opt/airflow/dags/hello_world.py took 0.069 seconds
[2026-04-02T12:06:25.163+0000] {processor.py:186} INFO - Started process (PID=4672) to work on /opt/airflow/dags/hello_world.py
[2026-04-02T12:06:25.164+0000] {processor.py:914} INFO - Processing file /opt/airflow/dags/hello_world.py for tasks to queue
[2026-04-02T12:06:25.166+0000] {logging_mixin.py:190} INFO - [2026-04-02T12:06:25.166+0000] {dagbag.py:588} INFO - Filling up the DagBag from /opt/airflow/dags/hello_world.py
[2026-04-02T12:06:25.176+0000] {processor.py:925} INFO - DAG(s) 'hello_world' retrieved from /opt/airflow/dags/hello_world.py
[2026-04-02T12:06:25.198+0000] {logging_mixin.py:190} INFO - [2026-04-02T12:06:25.197+0000] {dag.py:3239} INFO - Sync 1 DAGs
[2026-04-02T12:06:25.215+0000] {logging_mixin.py:190} INFO - [2026-04-02T12:06:25.215+0000] {dag.py:4180} INFO - Setting next_dagrun for hello_world to 2026-04-02 00:00:00+00:00, run_after=2026-04-03 00:00:00+00:00
[2026-04-02T12:06:25.228+0000] {processor.py:208} INFO - Processing /opt/airflow/dags/hello_world.py took 0.069 seconds
[2026-04-02T12:06:55.417+0000] {processor.py:186} INFO - Started process (PID=4682) to work on /opt/airflow/dags/hello_world.py
[2026-04-02T12:06:55.418+0000] {processor.py:914} INFO - Processing file /opt/airflow/dags/hello_world.py for tasks to queue
[2026-04-02T12:06:55.419+0000] {logging_mixin.py:190} INFO - [2026-04-02T12:06:55.419+0000] {dagbag.py:588} INFO - Filling up the DagBag from /opt/airflow/dags/hello_world.py
[2026-04-02T12:06:55.427+0000] {processor.py:925} INFO - DAG(s) 'hello_world' retrieved from /opt/airflow/dags/hello_world.py
[2026-04-02T12:06:55.448+0000] {logging_mixin.py:190} INFO - [2026-04-02T12:06:55.448+0000] {dag.py:3239} INFO - Sync 1 DAGs
[2026-04-02T12:06:55.466+0000] {logging_mixin.py:190} INFO - [2026-04-02T12:06:55.466+0000] {dag.py:4180} INFO - Setting next_dagrun for hello_world to 2026-04-02 00:00:00+00:00, run_after=2026-04-03 00:00:00+00:00
[2026-04-02T12:06:55.478+0000] {processor.py:208} INFO - Processing /opt/airflow/dags/hello_world.py took 0.066 seconds
[2026-04-02T12:07:25.708+0000] {processor.py:186} INFO - Started process (PID=4692) to work on /opt/airflow/dags/hello_world.py
[2026-04-02T12:07:25.710+0000] {processor.py:914} INFO - Processing file /opt/airflow/dags/hello_world.py for tasks to queue
[2026-04-02T12:07:25.714+0000] {logging_mixin.py:190} INFO - [2026-04-02T12:07:25.713+0000] {dagbag.py:588} INFO - Filling up the DagBag from /opt/airflow/dags/hello_world.py
[2026-04-02T12:07:25.738+0000] {processor.py:925} INFO - DAG(s) 'hello_world' retrieved from /opt/airflow/dags/hello_world.py
[2026-04-02T12:07:25.786+0000] {logging_mixin.py:190} INFO - [2026-04-02T12:07:25.786+0000] {dag.py:3239} INFO - Sync 1 DAGs
[2026-04-02T12:07:25.817+0000] {logging_mixin.py:190} INFO - [2026-04-02T12:07:25.816+0000] {dag.py:4180} INFO - Setting next_dagrun for hello_world to 2026-04-02 00:00:00+00:00, run_after=2026-04-03 00:00:00+00:00
[2026-04-02T12:07:25.839+0000] {processor.py:208} INFO - Processing /opt/airflow/dags/hello_world.py took 0.141 seconds
[2026-04-02T12:07:56.036+0000] {processor.py:186} INFO - Started process (PID=4702) to work on /opt/airflow/dags/hello_world.py
[2026-04-02T12:07:56.037+0000] {processor.py:914} INFO - Processing file /opt/airflow/dags/hello_world.py for tasks to queue
[2026-04-02T12:07:56.038+0000] {logging_mixin.py:190} INFO - [2026-04-02T12:07:56.038+0000] {dagbag.py:588} INFO - Filling up the DagBag from /opt/airflow/dags/hello_world.py
[2026-04-02T12:07:56.049+0000] {processor.py:925} INFO - DAG(s) 'hello_world' retrieved from /opt/airflow/dags/hello_world.py
[2026-04-02T12:07:56.069+0000] {logging_mixin.py:190} INFO - [2026-04-02T12:07:56.069+0000] {dag.py:3239} INFO - Sync 1 DAGs
[2026-04-02T12:07:56.088+0000] {logging_mixin.py:190} INFO - [2026-04-02T12:07:56.087+0000] {dag.py:4180} INFO - Setting next_dagrun for hello_world to 2026-04-02 00:00:00+00:00, run_after=2026-04-03 00:00:00+00:00
[2026-04-02T12:07:56.102+0000] {processor.py:208} INFO - Processing /opt/airflow/dags/hello_world.py took 0.070 seconds
[2026-04-02T12:08:26.251+0000] {processor.py:186} INFO - Started process (PID=4712) to work on /opt/airflow/dags/hello_world.py
[2026-04-02T12:08:26.268+0000] {processor.py:914} INFO - Processing file /opt/airflow/dags/hello_world.py for tasks to queue
[2026-04-02T12:08:26.270+0000] {logging_mixin.py:190} INFO - [2026-04-02T12:08:26.270+0000] {dagbag.py:588} INFO - Filling up the DagBag from /opt/airflow/dags/hello_world.py
[2026-04-02T12:08:26.279+0000] {processor.py:925} INFO - DAG(s) 'hello_world' retrieved from /opt/airflow/dags/hello_world.py
[2026-04-02T12:08:26.302+0000] {logging_mixin.py:190} INFO - [2026-04-02T12:08:26.301+0000] {dag.py:3239} INFO - Sync 1 DAGs
[2026-04-02T12:08:26.327+0000] {logging_mixin.py:190} INFO - [2026-04-02T12:08:26.327+0000] {dag.py:4180} INFO - Setting next_dagrun for hello_world to 2026-04-02 00:00:00+00:00, run_after=2026-04-03 00:00:00+00:00
[2026-04-02T12:08:26.340+0000] {processor.py:208} INFO - Processing /opt/airflow/dags/hello_world.py took 0.094 seconds
[2026-04-02T12:08:56.543+0000] {processor.py:186} INFO - Started process (PID=4722) to work on /opt/airflow/dags/hello_world.py
[2026-04-02T12:08:56.544+0000] {processor.py:914} INFO - Processing file /opt/airflow/dags/hello_world.py for tasks to queue
[2026-04-02T12:08:56.546+0000] {logging_mixin.py:190} INFO - [2026-04-02T12:08:56.546+0000] {dagbag.py:588} INFO - Filling up the DagBag from /opt/airflow/dags/hello_world.py
[2026-04-02T12:08:56.554+0000] {processor.py:925} INFO - DAG(s) 'hello_world' retrieved from /opt/airflow/dags/hello_world.py
[2026-04-02T12:08:56.574+0000] {logging_mixin.py:190} INFO - [2026-04-02T12:08:56.573+0000] {dag.py:3239} INFO - Sync 1 DAGs
[2026-04-02T12:08:56.592+0000] {logging_mixin.py:190} INFO - [2026-04-02T12:08:56.592+0000] {dag.py:4180} INFO - Setting next_dagrun for hello_world to 2026-04-02 00:00:00+00:00, run_after=2026-04-03 00:00:00+00:00
[2026-04-02T12:08:56.606+0000] {processor.py:208} INFO - Processing /opt/airflow/dags/hello_world.py took 0.067 seconds
[2026-04-02T12:09:26.811+0000] {processor.py:186} INFO - Started process (PID=4732) to work on /opt/airflow/dags/hello_world.py
[2026-04-02T12:09:26.812+0000] {processor.py:914} INFO - Processing file /opt/airflow/dags/hello_world.py for tasks to queue
[2026-04-02T12:09:26.814+0000] {logging_mixin.py:190} INFO - [2026-04-02T12:09:26.814+0000] {dagbag.py:588} INFO - Filling up the DagBag from /opt/airflow/dags/hello_world.py
[2026-04-02T12:09:26.823+0000] {processor.py:925} INFO - DAG(s) 'hello_world' retrieved from /opt/airflow/dags/hello_world.py
[2026-04-02T12:09:26.844+0000] {logging_mixin.py:190} INFO - [2026-04-02T12:09:26.844+0000] {dag.py:3239} INFO - Sync 1 DAGs
[2026-04-02T12:09:26.862+0000] {logging_mixin.py:190} INFO - [2026-04-02T12:09:26.862+0000] {dag.py:4180} INFO - Setting next_dagrun for hello_world to 2026-04-02 00:00:00+00:00, run_after=2026-04-03 00:00:00+00:00
[2026-04-02T12:09:26.876+0000] {processor.py:208} INFO - Processing /opt/airflow/dags/hello_world.py took 0.069 seconds
[2026-04-02T12:09:57.058+0000] {processor.py:186} INFO - Started process (PID=4742) to work on /opt/airflow/dags/hello_world.py
[2026-04-02T12:09:57.058+0000] {processor.py:914} INFO - Processing file /opt/airflow/dags/hello_world.py for tasks to queue
[2026-04-02T12:09:57.060+0000] {logging_mixin.py:190} INFO - [2026-04-02T12:09:57.060+0000] {dagbag.py:588} INFO - Filling up the DagBag from /opt/airflow/dags/hello_world.py
[2026-04-02T12:09:57.069+0000] {processor.py:925} INFO - DAG(s) 'hello_world' retrieved from /opt/airflow/dags/hello_world.py
[2026-04-02T12:09:57.089+0000] {logging_mixin.py:190} INFO - [2026-04-02T12:09:57.089+0000] {dag.py:3239} INFO - Sync 1 DAGs
[2026-04-02T12:09:57.107+0000] {logging_mixin.py:190} INFO - [2026-04-02T12:09:57.107+0000] {dag.py:4180} INFO - Setting next_dagrun for hello_world to 2026-04-02 00:00:00+00:00, run_after=2026-04-03 00:00:00+00:00
[2026-04-02T12:09:57.120+0000] {processor.py:208} INFO - Processing /opt/airflow/dags/hello_world.py took 0.068 seconds
[2026-04-02T12:10:27.403+0000] {processor.py:186} INFO - Started process (PID=4752) to work on /opt/airflow/dags/hello_world.py
[2026-04-02T12:10:27.404+0000] {processor.py:914} INFO - Processing file /opt/airflow/dags/hello_world.py for tasks to queue
[2026-04-02T12:10:27.406+0000] {logging_mixin.py:190} INFO - [2026-04-02T12:10:27.406+0000] {dagbag.py:588} INFO - Filling up the DagBag from /opt/airflow/dags/hello_world.py
[2026-04-02T12:10:27.415+0000] {processor.py:925} INFO - DAG(s) 'hello_world' retrieved from /opt/airflow/dags/hello_world.py
[2026-04-02T12:10:27.436+0000] {logging_mixin.py:190} INFO - [2026-04-02T12:10:27.435+0000] {dag.py:3239} INFO - Sync 1 DAGs
[2026-04-02T12:10:27.453+0000] {logging_mixin.py:190} INFO - [2026-04-02T12:10:27.453+0000] {dag.py:4180} INFO - Setting next_dagrun for hello_world to 2026-04-02 00:00:00+00:00, run_after=2026-04-03 00:00:00+00:00
[2026-04-02T12:10:27.467+0000] {processor.py:208} INFO - Processing /opt/airflow/dags/hello_world.py took 0.069 seconds
[2026-04-02T12:10:57.702+0000] {processor.py:186} INFO - Started process (PID=4762) to work on /opt/airflow/dags/hello_world.py
[2026-04-02T12:10:57.702+0000] {processor.py:914} INFO - Processing file /opt/airflow/dags/hello_world.py for tasks to queue
[2026-04-02T12:10:57.704+0000] {logging_mixin.py:190} INFO - [2026-04-02T12:10:57.704+0000] {dagbag.py:588} INFO - Filling up the DagBag from /opt/airflow/dags/hello_world.py
[2026-04-02T12:10:57.715+0000] {processor.py:925} INFO - DAG(s) 'hello_world' retrieved from /opt/airflow/dags/hello_world.py
[2026-04-02T12:10:57.739+0000] {logging_mixin.py:190} INFO - [2026-04-02T12:10:57.739+0000] {dag.py:3239} INFO - Sync 1 DAGs
[2026-04-02T12:10:57.758+0000] {logging_mixin.py:190} INFO - [2026-04-02T12:10:57.757+0000] {dag.py:4180} INFO - Setting next_dagrun for hello_world to 2026-04-02 00:00:00+00:00, run_after=2026-04-03 00:00:00+00:00
[2026-04-02T12:10:57.771+0000] {processor.py:208} INFO - Processing /opt/airflow/dags/hello_world.py took 0.074 seconds
[2026-04-02T12:11:27.971+0000] {processor.py:186} INFO - Started process (PID=4772) to work on /opt/airflow/dags/hello_world.py
[2026-04-02T12:11:27.972+0000] {processor.py:914} INFO - Processing file /opt/airflow/dags/hello_world.py for tasks to queue
[2026-04-02T12:11:27.975+0000] {logging_mixin.py:190} INFO - [2026-04-02T12:11:27.974+0000] {dagbag.py:588} INFO - Filling up the DagBag from /opt/airflow/dags/hello_world.py
[2026-04-02T12:11:27.985+0000] {processor.py:925} INFO - DAG(s) 'hello_world' retrieved from /opt/airflow/dags/hello_world.py
[2026-04-02T12:11:28.006+0000] {logging_mixin.py:190} INFO - [2026-04-02T12:11:28.005+0000] {dag.py:3239} INFO - Sync 1 DAGs
[2026-04-02T12:11:28.023+0000] {logging_mixin.py:190} INFO - [2026-04-02T12:11:28.022+0000] {dag.py:4180} INFO - Setting next_dagrun for hello_world to 2026-04-02 00:00:00+00:00, run_after=2026-04-03 00:00:00+00:00
[2026-04-02T12:11:28.036+0000] {processor.py:208} INFO - Processing /opt/airflow/dags/hello_world.py took 0.069 seconds
[2026-04-02T12:11:58.258+0000] {processor.py:186} INFO - Started process (PID=4782) to work on /opt/airflow/dags/hello_world.py
[2026-04-02T12:11:58.259+0000] {processor.py:914} INFO - Processing file /opt/airflow/dags/hello_world.py for tasks to queue
[2026-04-02T12:11:58.261+0000] {logging_mixin.py:190} INFO - [2026-04-02T12:11:58.260+0000] {dagbag.py:588} INFO - Filling up the DagBag from /opt/airflow/dags/hello_world.py
[2026-04-02T12:11:58.269+0000] {processor.py:925} INFO - DAG(s) 'hello_world' retrieved from /opt/airflow/dags/hello_world.py
[2026-04-02T12:11:58.289+0000] {logging_mixin.py:190} INFO - [2026-04-02T12:11:58.289+0000] {dag.py:3239} INFO - Sync 1 DAGs
[2026-04-02T12:11:58.307+0000] {logging_mixin.py:190} INFO - [2026-04-02T12:11:58.307+0000] {dag.py:4180} INFO - Setting next_dagrun for hello_world to 2026-04-02 00:00:00+00:00, run_after=2026-04-03 00:00:00+00:00
[2026-04-02T12:11:58.321+0000] {processor.py:208} INFO - Processing /opt/airflow/dags/hello_world.py took 0.067 seconds
[2026-04-02T12:12:28.570+0000] {processor.py:186} INFO - Started process (PID=4792) to work on /opt/airflow/dags/hello_world.py
[2026-04-02T12:12:28.571+0000] {processor.py:914} INFO - Processing file /opt/airflow/dags/hello_world.py for tasks to queue
[2026-04-02T12:12:28.573+0000] {logging_mixin.py:190} INFO - [2026-04-02T12:12:28.572+0000] {dagbag.py:588} INFO - Filling up the DagBag from /opt/airflow/dags/hello_world.py
[2026-04-02T12:12:28.581+0000] {processor.py:925} INFO - DAG(s) 'hello_world' retrieved from /opt/airflow/dags/hello_world.py
[2026-04-02T12:12:28.602+0000] {logging_mixin.py:190} INFO - [2026-04-02T12:12:28.602+0000] {dag.py:3239} INFO - Sync 1 DAGs
[2026-04-02T12:12:28.619+0000] {logging_mixin.py:190} INFO - [2026-04-02T12:12:28.619+0000] {dag.py:4180} INFO - Setting next_dagrun for hello_world to 2026-04-02 00:00:00+00:00, run_after=2026-04-03 00:00:00+00:00
[2026-04-02T12:12:28.632+0000] {processor.py:208} INFO - Processing /opt/airflow/dags/hello_world.py took 0.067 seconds
[2026-04-02T12:12:58.843+0000] {processor.py:186} INFO - Started process (PID=4802) to work on /opt/airflow/dags/hello_world.py
[2026-04-02T12:12:58.843+0000] {processor.py:914} INFO - Processing file /opt/airflow/dags/hello_world.py for tasks to queue
[2026-04-02T12:12:58.845+0000] {logging_mixin.py:190} INFO - [2026-04-02T12:12:58.845+0000] {dagbag.py:588} INFO - Filling up the DagBag from /opt/airflow/dags/hello_world.py
[2026-04-02T12:12:58.854+0000] {processor.py:925} INFO - DAG(s) 'hello_world' retrieved from /opt/airflow/dags/hello_world.py
[2026-04-02T12:12:58.875+0000] {logging_mixin.py:190} INFO - [2026-04-02T12:12:58.874+0000] {dag.py:3239} INFO - Sync 1 DAGs
[2026-04-02T12:12:58.893+0000] {logging_mixin.py:190} INFO - [2026-04-02T12:12:58.892+0000] {dag.py:4180} INFO - Setting next_dagrun for hello_world to 2026-04-02 00:00:00+00:00, run_after=2026-04-03 00:00:00+00:00
[2026-04-02T12:12:58.906+0000] {processor.py:208} INFO - Processing /opt/airflow/dags/hello_world.py took 0.068 seconds
[2026-04-02T12:13:29.125+0000] {processor.py:186} INFO - Started process (PID=4812) to work on /opt/airflow/dags/hello_world.py
[2026-04-02T12:13:29.126+0000] {processor.py:914} INFO - Processing file /opt/airflow/dags/hello_world.py for tasks to queue
[2026-04-02T12:13:29.128+0000] {logging_mixin.py:190} INFO - [2026-04-02T12:13:29.128+0000] {dagbag.py:588} INFO - Filling up the DagBag from /opt/airflow/dags/hello_world.py
[2026-04-02T12:13:29.137+0000] {processor.py:925} INFO - DAG(s) 'hello_world' retrieved from /opt/airflow/dags/hello_world.py
[2026-04-02T12:13:29.158+0000] {logging_mixin.py:190} INFO - [2026-04-02T12:13:29.157+0000] {dag.py:3239} INFO - Sync 1 DAGs
[2026-04-02T12:13:29.175+0000] {logging_mixin.py:190} INFO - [2026-04-02T12:13:29.175+0000] {dag.py:4180} INFO - Setting next_dagrun for hello_world to 2026-04-02 00:00:00+00:00, run_after=2026-04-03 00:00:00+00:00
[2026-04-02T12:13:29.189+0000] {processor.py:208} INFO - Processing /opt/airflow/dags/hello_world.py took 0.069 seconds
[2026-04-02T12:13:59.401+0000] {processor.py:186} INFO - Started process (PID=4822) to work on /opt/airflow/dags/hello_world.py
[2026-04-02T12:13:59.401+0000] {processor.py:914} INFO - Processing file /opt/airflow/dags/hello_world.py for tasks to queue
[2026-04-02T12:13:59.403+0000] {logging_mixin.py:190} INFO - [2026-04-02T12:13:59.403+0000] {dagbag.py:588} INFO - Filling up the DagBag from /opt/airflow/dags/hello_world.py
[2026-04-02T12:13:59.411+0000] {processor.py:925} INFO - DAG(s) 'hello_world' retrieved from /opt/airflow/dags/hello_world.py
[2026-04-02T12:13:59.432+0000] {logging_mixin.py:190} INFO - [2026-04-02T12:13:59.432+0000] {dag.py:3239} INFO - Sync 1 DAGs
[2026-04-02T12:13:59.451+0000] {logging_mixin.py:190} INFO - [2026-04-02T12:13:59.450+0000] {dag.py:4180} INFO - Setting next_dagrun for hello_world to 2026-04-02 00:00:00+00:00, run_after=2026-04-03 00:00:00+00:00
[2026-04-02T12:13:59.464+0000] {processor.py:208} INFO - Processing /opt/airflow/dags/hello_world.py took 0.068 seconds
[2026-04-02T12:14:29.689+0000] {processor.py:186} INFO - Started process (PID=4832) to work on /opt/airflow/dags/hello_world.py
[2026-04-02T12:14:29.690+0000] {processor.py:914} INFO - Processing file /opt/airflow/dags/hello_world.py for tasks to queue
[2026-04-02T12:14:29.692+0000] {logging_mixin.py:190} INFO - [2026-04-02T12:14:29.692+0000] {dagbag.py:588} INFO - Filling up the DagBag from /opt/airflow/dags/hello_world.py
[2026-04-02T12:14:29.701+0000] {processor.py:925} INFO - DAG(s) 'hello_world' retrieved from /opt/airflow/dags/hello_world.py
[2026-04-02T12:14:29.729+0000] {logging_mixin.py:190} INFO - [2026-04-02T12:14:29.729+0000] {dag.py:3239} INFO - Sync 1 DAGs
[2026-04-02T12:14:29.751+0000] {logging_mixin.py:190} INFO - [2026-04-02T12:14:29.751+0000] {dag.py:4180} INFO - Setting next_dagrun for hello_world to 2026-04-02 00:00:00+00:00, run_after=2026-04-03 00:00:00+00:00
[2026-04-02T12:14:29.769+0000] {processor.py:208} INFO - Processing /opt/airflow/dags/hello_world.py took 0.085 seconds
[2026-04-02T12:14:59.972+0000] {processor.py:186} INFO - Started process (PID=4842) to work on /opt/airflow/dags/hello_world.py
[2026-04-02T12:14:59.972+0000] {processor.py:914} INFO - Processing file /opt/airflow/dags/hello_world.py for tasks to queue
[2026-04-02T12:14:59.974+0000] {logging_mixin.py:190} INFO - [2026-04-02T12:14:59.974+0000] {dagbag.py:588} INFO - Filling up the DagBag from /opt/airflow/dags/hello_world.py
[2026-04-02T12:14:59.983+0000] {processor.py:925} INFO - DAG(s) 'hello_world' retrieved from /opt/airflow/dags/hello_world.py
[2026-04-02T12:15:00.005+0000] {logging_mixin.py:190} INFO - [2026-04-02T12:15:00.005+0000] {dag.py:3239} INFO - Sync 1 DAGs
[2026-04-02T12:15:00.027+0000] {logging_mixin.py:190} INFO - [2026-04-02T12:15:00.027+0000] {dag.py:4180} INFO - Setting next_dagrun for hello_world to 2026-04-02 00:00:00+00:00, run_after=2026-04-03 00:00:00+00:00
[2026-04-02T12:15:00.041+0000] {processor.py:208} INFO - Processing /opt/airflow/dags/hello_world.py took 0.073 seconds
[2026-04-02T12:15:30.238+0000] {processor.py:186} INFO - Started process (PID=4852) to work on /opt/airflow/dags/hello_world.py
[2026-04-02T12:15:30.239+0000] {processor.py:914} INFO - Processing file /opt/airflow/dags/hello_world.py for tasks to queue
[2026-04-02T12:15:30.241+0000] {logging_mixin.py:190} INFO - [2026-04-02T12:15:30.241+0000] {dagbag.py:588} INFO - Filling up the DagBag from /opt/airflow/dags/hello_world.py
[2026-04-02T12:15:30.249+0000] {processor.py:925} INFO - DAG(s) 'hello_world' retrieved from /opt/airflow/dags/hello_world.py
[2026-04-02T12:15:30.270+0000] {logging_mixin.py:190} INFO - [2026-04-02T12:15:30.270+0000] {dag.py:3239} INFO - Sync 1 DAGs
[2026-04-02T12:15:30.287+0000] {logging_mixin.py:190} INFO - [2026-04-02T12:15:30.287+0000] {dag.py:4180} INFO - Setting next_dagrun for hello_world to 2026-04-02 00:00:00+00:00, run_after=2026-04-03 00:00:00+00:00
[2026-04-02T12:15:30.302+0000] {processor.py:208} INFO - Processing /opt/airflow/dags/hello_world.py took 0.069 seconds
[2026-04-02T12:16:00.538+0000] {processor.py:186} INFO - Started process (PID=4862) to work on /opt/airflow/dags/hello_world.py
[2026-04-02T12:16:00.538+0000] {processor.py:914} INFO - Processing file /opt/airflow/dags/hello_world.py for tasks to queue
[2026-04-02T12:16:00.540+0000] {logging_mixin.py:190} INFO - [2026-04-02T12:16:00.540+0000] {dagbag.py:588} INFO - Filling up the DagBag from /opt/airflow/dags/hello_world.py
[2026-04-02T12:16:00.548+0000] {processor.py:925} INFO - DAG(s) 'hello_world' retrieved from /opt/airflow/dags/hello_world.py
[2026-04-02T12:16:00.569+0000] {logging_mixin.py:190} INFO - [2026-04-02T12:16:00.569+0000] {dag.py:3239} INFO - Sync 1 DAGs
[2026-04-02T12:16:00.587+0000] {logging_mixin.py:190} INFO - [2026-04-02T12:16:00.587+0000] {dag.py:4180} INFO - Setting next_dagrun for hello_world to 2026-04-02 00:00:00+00:00, run_after=2026-04-03 00:00:00+00:00
[2026-04-02T12:16:00.602+0000] {processor.py:208} INFO - Processing /opt/airflow/dags/hello_world.py took 0.069 seconds
[2026-04-02T12:16:30.784+0000] {processor.py:186} INFO - Started process (PID=4872) to work on /opt/airflow/dags/hello_world.py
[2026-04-02T12:16:30.785+0000] {processor.py:914} INFO - Processing file /opt/airflow/dags/hello_world.py for tasks to queue
[2026-04-02T12:16:30.787+0000] {logging_mixin.py:190} INFO - [2026-04-02T12:16:30.787+0000] {dagbag.py:588} INFO - Filling up the DagBag from /opt/airflow/dags/hello_world.py
[2026-04-02T12:16:30.796+0000] {processor.py:925} INFO - DAG(s) 'hello_world' retrieved from /opt/airflow/dags/hello_world.py
[2026-04-02T12:16:30.818+0000] {logging_mixin.py:190} INFO - [2026-04-02T12:16:30.817+0000] {dag.py:3239} INFO - Sync 1 DAGs
[2026-04-02T12:16:30.836+0000] {logging_mixin.py:190} INFO - [2026-04-02T12:16:30.835+0000] {dag.py:4180} INFO - Setting next_dagrun for hello_world to 2026-04-02 00:00:00+00:00, run_after=2026-04-03 00:00:00+00:00
[2026-04-02T12:16:30.851+0000] {processor.py:208} INFO - Processing /opt/airflow/dags/hello_world.py took 0.072 seconds
[2026-04-02T12:17:01.034+0000] {processor.py:186} INFO - Started process (PID=4882) to work on /opt/airflow/dags/hello_world.py
[2026-04-02T12:17:01.035+0000] {processor.py:914} INFO - Processing file /opt/airflow/dags/hello_world.py for tasks to queue
[2026-04-02T12:17:01.037+0000] {logging_mixin.py:190} INFO - [2026-04-02T12:17:01.036+0000] {dagbag.py:588} INFO - Filling up the DagBag from /opt/airflow/dags/hello_world.py
[2026-04-02T12:17:01.049+0000] {processor.py:925} INFO - DAG(s) 'hello_world' retrieved from /opt/airflow/dags/hello_world.py
[2026-04-02T12:17:01.072+0000] {logging_mixin.py:190} INFO - [2026-04-02T12:17:01.071+0000] {dag.py:3239} INFO - Sync 1 DAGs
[2026-04-02T12:17:01.091+0000] {logging_mixin.py:190} INFO - [2026-04-02T12:17:01.090+0000] {dag.py:4180} INFO - Setting next_dagrun for hello_world to 2026-04-02 00:00:00+00:00, run_after=2026-04-03 00:00:00+00:00
[2026-04-02T12:17:01.104+0000] {processor.py:208} INFO - Processing /opt/airflow/dags/hello_world.py took 0.074 seconds
[2026-04-02T12:17:31.291+0000] {processor.py:186} INFO - Started process (PID=4892) to work on /opt/airflow/dags/hello_world.py
[2026-04-02T12:17:31.291+0000] {processor.py:914} INFO - Processing file /opt/airflow/dags/hello_world.py for tasks to queue
[2026-04-02T12:17:31.293+0000] {logging_mixin.py:190} INFO - [2026-04-02T12:17:31.293+0000] {dagbag.py:588} INFO - Filling up the DagBag from /opt/airflow/dags/hello_world.py
[2026-04-02T12:17:31.302+0000] {processor.py:925} INFO - DAG(s) 'hello_world' retrieved from /opt/airflow/dags/hello_world.py
[2026-04-02T12:17:31.324+0000] {logging_mixin.py:190} INFO - [2026-04-02T12:17:31.324+0000] {dag.py:3239} INFO - Sync 1 DAGs
[2026-04-02T12:17:31.342+0000] {logging_mixin.py:190} INFO - [2026-04-02T12:17:31.342+0000] {dag.py:4180} INFO - Setting next_dagrun for hello_world to 2026-04-02 00:00:00+00:00, run_after=2026-04-03 00:00:00+00:00
[2026-04-02T12:17:31.355+0000] {processor.py:208} INFO - Processing /opt/airflow/dags/hello_world.py took 0.070 seconds
[2026-04-02T12:18:01.581+0000] {processor.py:186} INFO - Started process (PID=4902) to work on /opt/airflow/dags/hello_world.py
[2026-04-02T12:18:01.582+0000] {processor.py:914} INFO - Processing file /opt/airflow/dags/hello_world.py for tasks to queue
[2026-04-02T12:18:01.584+0000] {logging_mixin.py:190} INFO - [2026-04-02T12:18:01.584+0000] {dagbag.py:588} INFO - Filling up the DagBag from /opt/airflow/dags/hello_world.py
[2026-04-02T12:18:01.592+0000] {processor.py:925} INFO - DAG(s) 'hello_world' retrieved from /opt/airflow/dags/hello_world.py
[2026-04-02T12:18:01.612+0000] {logging_mixin.py:190} INFO - [2026-04-02T12:18:01.612+0000] {dag.py:3239} INFO - Sync 1 DAGs
[2026-04-02T12:18:01.630+0000] {logging_mixin.py:190} INFO - [2026-04-02T12:18:01.630+0000] {dag.py:4180} INFO - Setting next_dagrun for hello_world to 2026-04-02 00:00:00+00:00, run_after=2026-04-03 00:00:00+00:00
[2026-04-02T12:18:01.644+0000] {processor.py:208} INFO - Processing /opt/airflow/dags/hello_world.py took 0.067 seconds
[2026-04-02T12:18:31.860+0000] {processor.py:186} INFO - Started process (PID=4912) to work on /opt/airflow/dags/hello_world.py
[2026-04-02T12:18:31.861+0000] {processor.py:914} INFO - Processing file /opt/airflow/dags/hello_world.py for tasks to queue
[2026-04-02T12:18:31.862+0000] {logging_mixin.py:190} INFO - [2026-04-02T12:18:31.862+0000] {dagbag.py:588} INFO - Filling up the DagBag from /opt/airflow/dags/hello_world.py
[2026-04-02T12:18:31.871+0000] {processor.py:925} INFO - DAG(s) 'hello_world' retrieved from /opt/airflow/dags/hello_world.py
[2026-04-02T12:18:31.891+0000] {logging_mixin.py:190} INFO - [2026-04-02T12:18:31.891+0000] {dag.py:3239} INFO - Sync 1 DAGs
[2026-04-02T12:18:31.909+0000] {logging_mixin.py:190} INFO - [2026-04-02T12:18:31.909+0000] {dag.py:4180} INFO - Setting next_dagrun for hello_world to 2026-04-02 00:00:00+00:00, run_after=2026-04-03 00:00:00+00:00
[2026-04-02T12:18:31.921+0000] {processor.py:208} INFO - Processing /opt/airflow/dags/hello_world.py took 0.066 seconds
[2026-04-02T12:19:02.126+0000] {processor.py:186} INFO - Started process (PID=4922) to work on /opt/airflow/dags/hello_world.py
[2026-04-02T12:19:02.126+0000] {processor.py:914} INFO - Processing file /opt/airflow/dags/hello_world.py for tasks to queue
[2026-04-02T12:19:02.128+0000] {logging_mixin.py:190} INFO - [2026-04-02T12:19:02.128+0000] {dagbag.py:588} INFO - Filling up the DagBag from /opt/airflow/dags/hello_world.py
[2026-04-02T12:19:02.136+0000] {processor.py:925} INFO - DAG(s) 'hello_world' retrieved from /opt/airflow/dags/hello_world.py
[2026-04-02T12:19:02.156+0000] {logging_mixin.py:190} INFO - [2026-04-02T12:19:02.156+0000] {dag.py:3239} INFO - Sync 1 DAGs
[2026-04-02T12:19:02.175+0000] {logging_mixin.py:190} INFO - [2026-04-02T12:19:02.175+0000] {dag.py:4180} INFO - Setting next_dagrun for hello_world to 2026-04-02 00:00:00+00:00, run_after=2026-04-03 00:00:00+00:00
[2026-04-02T12:19:02.187+0000] {processor.py:208} INFO - Processing /opt/airflow/dags/hello_world.py took 0.066 seconds
[2026-04-02T12:19:32.383+0000] {processor.py:186} INFO - Started process (PID=4932) to work on /opt/airflow/dags/hello_world.py
[2026-04-02T12:19:32.400+0000] {processor.py:914} INFO - Processing file /opt/airflow/dags/hello_world.py for tasks to queue
[2026-04-02T12:19:32.404+0000] {logging_mixin.py:190} INFO - [2026-04-02T12:19:32.403+0000] {dagbag.py:588} INFO - Filling up the DagBag from /opt/airflow/dags/hello_world.py
[2026-04-02T12:19:32.413+0000] {processor.py:925} INFO - DAG(s) 'hello_world' retrieved from /opt/airflow/dags/hello_world.py
[2026-04-02T12:19:32.437+0000] {logging_mixin.py:190} INFO - [2026-04-02T12:19:32.437+0000] {dag.py:3239} INFO - Sync 1 DAGs
[2026-04-02T12:19:32.456+0000] {logging_mixin.py:190} INFO - [2026-04-02T12:19:32.455+0000] {dag.py:4180} INFO - Setting next_dagrun for hello_world to 2026-04-02 00:00:00+00:00, run_after=2026-04-03 00:00:00+00:00
[2026-04-02T12:19:32.469+0000] {processor.py:208} INFO - Processing /opt/airflow/dags/hello_world.py took 0.091 seconds
[2026-04-02T12:20:02.655+0000] {processor.py:186} INFO - Started process (PID=4942) to work on /opt/airflow/dags/hello_world.py
[2026-04-02T12:20:02.656+0000] {processor.py:914} INFO - Processing file /opt/airflow/dags/hello_world.py for tasks to queue
[2026-04-02T12:20:02.658+0000] {logging_mixin.py:190} INFO - [2026-04-02T12:20:02.657+0000] {dagbag.py:588} INFO - Filling up the DagBag from /opt/airflow/dags/hello_world.py
[2026-04-02T12:20:02.666+0000] {processor.py:925} INFO - DAG(s) 'hello_world' retrieved from /opt/airflow/dags/hello_world.py
[2026-04-02T12:20:02.689+0000] {logging_mixin.py:190} INFO - [2026-04-02T12:20:02.689+0000] {dag.py:3239} INFO - Sync 1 DAGs
[2026-04-02T12:20:02.708+0000] {logging_mixin.py:190} INFO - [2026-04-02T12:20:02.708+0000] {dag.py:4180} INFO - Setting next_dagrun for hello_world to 2026-04-02 00:00:00+00:00, run_after=2026-04-03 00:00:00+00:00
[2026-04-02T12:20:02.721+0000] {processor.py:208} INFO - Processing /opt/airflow/dags/hello_world.py took 0.070 seconds
[2026-04-02T12:20:32.955+0000] {processor.py:186} INFO - Started process (PID=4952) to work on /opt/airflow/dags/hello_world.py
[2026-04-02T12:20:32.956+0000] {processor.py:914} INFO - Processing file /opt/airflow/dags/hello_world.py for tasks to queue
[2026-04-02T12:20:32.958+0000] {logging_mixin.py:190} INFO - [2026-04-02T12:20:32.958+0000] {dagbag.py:588} INFO - Filling up the DagBag from /opt/airflow/dags/hello_world.py
[2026-04-02T12:20:32.968+0000] {processor.py:925} INFO - DAG(s) 'hello_world' retrieved from /opt/airflow/dags/hello_world.py
[2026-04-02T12:20:32.989+0000] {logging_mixin.py:190} INFO - [2026-04-02T12:20:32.988+0000] {dag.py:3239} INFO - Sync 1 DAGs
[2026-04-02T12:20:33.008+0000] {logging_mixin.py:190} INFO - [2026-04-02T12:20:33.008+0000] {dag.py:4180} INFO - Setting next_dagrun for hello_world to 2026-04-02 00:00:00+00:00, run_after=2026-04-03 00:00:00+00:00
[2026-04-02T12:20:33.022+0000] {processor.py:208} INFO - Processing /opt/airflow/dags/hello_world.py took 0.071 seconds
[2026-04-02T12:21:03.259+0000] {processor.py:186} INFO - Started process (PID=4962) to work on /opt/airflow/dags/hello_world.py
[2026-04-02T12:21:03.259+0000] {processor.py:914} INFO - Processing file /opt/airflow/dags/hello_world.py for tasks to queue
[2026-04-02T12:21:03.261+0000] {logging_mixin.py:190} INFO - [2026-04-02T12:21:03.261+0000] {dagbag.py:588} INFO - Filling up the DagBag from /opt/airflow/dags/hello_world.py
[2026-04-02T12:21:03.270+0000] {processor.py:925} INFO - DAG(s) 'hello_world' retrieved from /opt/airflow/dags/hello_world.py
[2026-04-02T12:21:03.294+0000] {logging_mixin.py:190} INFO - [2026-04-02T12:21:03.293+0000] {dag.py:3239} INFO - Sync 1 DAGs
[2026-04-02T12:21:03.312+0000] {logging_mixin.py:190} INFO - [2026-04-02T12:21:03.312+0000] {dag.py:4180} INFO - Setting next_dagrun for hello_world to 2026-04-02 00:00:00+00:00, run_after=2026-04-03 00:00:00+00:00
[2026-04-02T12:21:03.325+0000] {processor.py:208} INFO - Processing /opt/airflow/dags/hello_world.py took 0.071 seconds
[2026-04-02T12:21:33.587+0000] {processor.py:186} INFO - Started process (PID=4972) to work on /opt/airflow/dags/hello_world.py
[2026-04-02T12:21:33.605+0000] {processor.py:914} INFO - Processing file /opt/airflow/dags/hello_world.py for tasks to queue
[2026-04-02T12:21:33.607+0000] {logging_mixin.py:190} INFO - [2026-04-02T12:21:33.607+0000] {dagbag.py:588} INFO - Filling up the DagBag from /opt/airflow/dags/hello_world.py
[2026-04-02T12:21:33.616+0000] {processor.py:925} INFO - DAG(s) 'hello_world' retrieved from /opt/airflow/dags/hello_world.py
[2026-04-02T12:21:33.638+0000] {logging_mixin.py:190} INFO - [2026-04-02T12:21:33.638+0000] {dag.py:3239} INFO - Sync 1 DAGs
[2026-04-02T12:21:33.656+0000] {logging_mixin.py:190} INFO - [2026-04-02T12:21:33.656+0000] {dag.py:4180} INFO - Setting next_dagrun for hello_world to 2026-04-02 00:00:00+00:00, run_after=2026-04-03 00:00:00+00:00
[2026-04-02T12:21:33.671+0000] {processor.py:208} INFO - Processing /opt/airflow/dags/hello_world.py took 0.088 seconds
[2026-04-02T12:22:03.854+0000] {processor.py:186} INFO - Started process (PID=4982) to work on /opt/airflow/dags/hello_world.py
[2026-04-02T12:22:03.854+0000] {processor.py:914} INFO - Processing file /opt/airflow/dags/hello_world.py for tasks to queue
[2026-04-02T12:22:03.856+0000] {logging_mixin.py:190} INFO - [2026-04-02T12:22:03.856+0000] {dagbag.py:588} INFO - Filling up the DagBag from /opt/airflow/dags/hello_world.py
[2026-04-02T12:22:03.865+0000] {processor.py:925} INFO - DAG(s) 'hello_world' retrieved from /opt/airflow/dags/hello_world.py
[2026-04-02T12:22:03.888+0000] {logging_mixin.py:190} INFO - [2026-04-02T12:22:03.888+0000] {dag.py:3239} INFO - Sync 1 DAGs
[2026-04-02T12:22:03.908+0000] {logging_mixin.py:190} INFO - [2026-04-02T12:22:03.907+0000] {dag.py:4180} INFO - Setting next_dagrun for hello_world to 2026-04-02 00:00:00+00:00, run_after=2026-04-03 00:00:00+00:00
[2026-04-02T12:22:03.922+0000] {processor.py:208} INFO - Processing /opt/airflow/dags/hello_world.py took 0.072 seconds
[2026-04-02T12:22:34.145+0000] {processor.py:186} INFO - Started process (PID=4992) to work on /opt/airflow/dags/hello_world.py
[2026-04-02T12:22:34.146+0000] {processor.py:914} INFO - Processing file /opt/airflow/dags/hello_world.py for tasks to queue
[2026-04-02T12:22:34.148+0000] {logging_mixin.py:190} INFO - [2026-04-02T12:22:34.147+0000] {dagbag.py:588} INFO - Filling up the DagBag from /opt/airflow/dags/hello_world.py
[2026-04-02T12:22:34.156+0000] {processor.py:925} INFO - DAG(s) 'hello_world' retrieved from /opt/airflow/dags/hello_world.py
[2026-04-02T12:22:34.177+0000] {logging_mixin.py:190} INFO - [2026-04-02T12:22:34.177+0000] {dag.py:3239} INFO - Sync 1 DAGs
[2026-04-02T12:22:34.197+0000] {logging_mixin.py:190} INFO - [2026-04-02T12:22:34.197+0000] {dag.py:4180} INFO - Setting next_dagrun for hello_world to 2026-04-02 00:00:00+00:00, run_after=2026-04-03 00:00:00+00:00
[2026-04-02T12:22:34.213+0000] {processor.py:208} INFO - Processing /opt/airflow/dags/hello_world.py took 0.073 seconds
[2026-04-02T12:23:04.418+0000] {processor.py:186} INFO - Started process (PID=5002) to work on /opt/airflow/dags/hello_world.py
[2026-04-02T12:23:04.419+0000] {processor.py:914} INFO - Processing file /opt/airflow/dags/hello_world.py for tasks to queue
[2026-04-02T12:23:04.420+0000] {logging_mixin.py:190} INFO - [2026-04-02T12:23:04.420+0000] {dagbag.py:588} INFO - Filling up the DagBag from /opt/airflow/dags/hello_world.py
[2026-04-02T12:23:04.429+0000] {processor.py:925} INFO - DAG(s) 'hello_world' retrieved from /opt/airflow/dags/hello_world.py
[2026-04-02T12:23:04.449+0000] {logging_mixin.py:190} INFO - [2026-04-02T12:23:04.448+0000] {dag.py:3239} INFO - Sync 1 DAGs
[2026-04-02T12:23:04.466+0000] {logging_mixin.py:190} INFO - [2026-04-02T12:23:04.465+0000] {dag.py:4180} INFO - Setting next_dagrun for hello_world to 2026-04-02 00:00:00+00:00, run_after=2026-04-03 00:00:00+00:00
[2026-04-02T12:23:04.478+0000] {processor.py:208} INFO - Processing /opt/airflow/dags/hello_world.py took 0.064 seconds
[2026-04-02T12:23:34.669+0000] {processor.py:186} INFO - Started process (PID=5012) to work on /opt/airflow/dags/hello_world.py
[2026-04-02T12:23:34.670+0000] {processor.py:914} INFO - Processing file /opt/airflow/dags/hello_world.py for tasks to queue
[2026-04-02T12:23:34.672+0000] {logging_mixin.py:190} INFO - [2026-04-02T12:23:34.671+0000] {dagbag.py:588} INFO - Filling up the DagBag from /opt/airflow/dags/hello_world.py
[2026-04-02T12:23:34.680+0000] {processor.py:925} INFO - DAG(s) 'hello_world' retrieved from /opt/airflow/dags/hello_world.py
[2026-04-02T12:23:34.704+0000] {logging_mixin.py:190} INFO - [2026-04-02T12:23:34.703+0000] {dag.py:3239} INFO - Sync 1 DAGs
[2026-04-02T12:23:34.722+0000] {logging_mixin.py:190} INFO - [2026-04-02T12:23:34.722+0000] {dag.py:4180} INFO - Setting next_dagrun for hello_world to 2026-04-02 00:00:00+00:00, run_after=2026-04-03 00:00:00+00:00
[2026-04-02T12:23:34.735+0000] {processor.py:208} INFO - Processing /opt/airflow/dags/hello_world.py took 0.070 seconds
[2026-04-02T12:24:04.927+0000] {processor.py:186} INFO - Started process (PID=5022) to work on /opt/airflow/dags/hello_world.py
[2026-04-02T12:24:04.927+0000] {processor.py:914} INFO - Processing file /opt/airflow/dags/hello_world.py for tasks to queue
[2026-04-02T12:24:04.929+0000] {logging_mixin.py:190} INFO - [2026-04-02T12:24:04.929+0000] {dagbag.py:588} INFO - Filling up the DagBag from /opt/airflow/dags/hello_world.py
[2026-04-02T12:24:04.938+0000] {processor.py:925} INFO - DAG(s) 'hello_world' retrieved from /opt/airflow/dags/hello_world.py
[2026-04-02T12:24:04.961+0000] {logging_mixin.py:190} INFO - [2026-04-02T12:24:04.961+0000] {dag.py:3239} INFO - Sync 1 DAGs
[2026-04-02T12:24:04.979+0000] {logging_mixin.py:190} INFO - [2026-04-02T12:24:04.979+0000] {dag.py:4180} INFO - Setting next_dagrun for hello_world to 2026-04-02 00:00:00+00:00, run_after=2026-04-03 00:00:00+00:00
[2026-04-02T12:24:04.992+0000] {processor.py:208} INFO - Processing /opt/airflow/dags/hello_world.py took 0.071 seconds
[2026-04-02T12:24:35.200+0000] {processor.py:186} INFO - Started process (PID=5032) to work on /opt/airflow/dags/hello_world.py
[2026-04-02T12:24:35.201+0000] {processor.py:914} INFO - Processing file /opt/airflow/dags/hello_world.py for tasks to queue
[2026-04-02T12:24:35.203+0000] {logging_mixin.py:190} INFO - [2026-04-02T12:24:35.203+0000] {dagbag.py:588} INFO - Filling up the DagBag from /opt/airflow/dags/hello_world.py
[2026-04-02T12:24:35.213+0000] {processor.py:925} INFO - DAG(s) 'hello_world' retrieved from /opt/airflow/dags/hello_world.py
[2026-04-02T12:24:35.235+0000] {logging_mixin.py:190} INFO - [2026-04-02T12:24:35.235+0000] {dag.py:3239} INFO - Sync 1 DAGs
[2026-04-02T12:24:35.253+0000] {logging_mixin.py:190} INFO - [2026-04-02T12:24:35.252+0000] {dag.py:4180} INFO - Setting next_dagrun for hello_world to 2026-04-02 00:00:00+00:00, run_after=2026-04-03 00:00:00+00:00
[2026-04-02T12:24:35.266+0000] {processor.py:208} INFO - Processing /opt/airflow/dags/hello_world.py took 0.070 seconds
[2026-04-02T12:25:05.527+0000] {processor.py:186} INFO - Started process (PID=5042) to work on /opt/airflow/dags/hello_world.py
[2026-04-02T12:25:05.528+0000] {processor.py:914} INFO - Processing file /opt/airflow/dags/hello_world.py for tasks to queue
[2026-04-02T12:25:05.529+0000] {logging_mixin.py:190} INFO - [2026-04-02T12:25:05.529+0000] {dagbag.py:588} INFO - Filling up the DagBag from /opt/airflow/dags/hello_world.py
[2026-04-02T12:25:05.538+0000] {processor.py:925} INFO - DAG(s) 'hello_world' retrieved from /opt/airflow/dags/hello_world.py
[2026-04-02T12:25:05.561+0000] {logging_mixin.py:190} INFO - [2026-04-02T12:25:05.561+0000] {dag.py:3239} INFO - Sync 1 DAGs
[2026-04-02T12:25:05.579+0000] {logging_mixin.py:190} INFO - [2026-04-02T12:25:05.579+0000] {dag.py:4180} INFO - Setting next_dagrun for hello_world to 2026-04-02 00:00:00+00:00, run_after=2026-04-03 00:00:00+00:00
[2026-04-02T12:25:05.594+0000] {processor.py:208} INFO - Processing /opt/airflow/dags/hello_world.py took 0.072 seconds
[2026-04-02T12:25:35.814+0000] {processor.py:186} INFO - Started process (PID=5052) to work on /opt/airflow/dags/hello_world.py
[2026-04-02T12:25:35.816+0000] {processor.py:914} INFO - Processing file /opt/airflow/dags/hello_world.py for tasks to queue
[2026-04-02T12:25:35.821+0000] {logging_mixin.py:190} INFO - [2026-04-02T12:25:35.820+0000] {dagbag.py:588} INFO - Filling up the DagBag from /opt/airflow/dags/hello_world.py
[2026-04-02T12:25:35.842+0000] {processor.py:925} INFO - DAG(s) 'hello_world' retrieved from /opt/airflow/dags/hello_world.py
[2026-04-02T12:25:35.880+0000] {logging_mixin.py:190} INFO - [2026-04-02T12:25:35.879+0000] {dag.py:3239} INFO - Sync 1 DAGs
[2026-04-02T12:25:35.900+0000] {logging_mixin.py:190} INFO - [2026-04-02T12:25:35.900+0000] {dag.py:4180} INFO - Setting next_dagrun for hello_world to 2026-04-02 00:00:00+00:00, run_after=2026-04-03 00:00:00+00:00
[2026-04-02T12:25:35.917+0000] {processor.py:208} INFO - Processing /opt/airflow/dags/hello_world.py took 0.110 seconds
[2026-04-02T12:26:06.117+0000] {processor.py:186} INFO - Started process (PID=5062) to work on /opt/airflow/dags/hello_world.py
[2026-04-02T12:26:06.118+0000] {processor.py:914} INFO - Processing file /opt/airflow/dags/hello_world.py for tasks to queue
[2026-04-02T12:26:06.119+0000] {logging_mixin.py:190} INFO - [2026-04-02T12:26:06.119+0000] {dagbag.py:588} INFO - Filling up the DagBag from /opt/airflow/dags/hello_world.py
[2026-04-02T12:26:06.128+0000] {processor.py:925} INFO - DAG(s) 'hello_world' retrieved from /opt/airflow/dags/hello_world.py
[2026-04-02T12:26:06.151+0000] {logging_mixin.py:190} INFO - [2026-04-02T12:26:06.150+0000] {dag.py:3239} INFO - Sync 1 DAGs
[2026-04-02T12:26:06.169+0000] {logging_mixin.py:190} INFO - [2026-04-02T12:26:06.169+0000] {dag.py:4180} INFO - Setting next_dagrun for hello_world to 2026-04-02 00:00:00+00:00, run_after=2026-04-03 00:00:00+00:00
[2026-04-02T12:26:06.185+0000] {processor.py:208} INFO - Processing /opt/airflow/dags/hello_world.py took 0.072 seconds
[2026-04-02T12:26:36.396+0000] {processor.py:186} INFO - Started process (PID=5072) to work on /opt/airflow/dags/hello_world.py
[2026-04-02T12:26:36.397+0000] {processor.py:914} INFO - Processing file /opt/airflow/dags/hello_world.py for tasks to queue
[2026-04-02T12:26:36.399+0000] {logging_mixin.py:190} INFO - [2026-04-02T12:26:36.399+0000] {dagbag.py:588} INFO - Filling up the DagBag from /opt/airflow/dags/hello_world.py
[2026-04-02T12:26:36.408+0000] {processor.py:925} INFO - DAG(s) 'hello_world' retrieved from /opt/airflow/dags/hello_world.py
[2026-04-02T12:26:36.428+0000] {logging_mixin.py:190} INFO - [2026-04-02T12:26:36.428+0000] {dag.py:3239} INFO - Sync 1 DAGs
[2026-04-02T12:26:36.445+0000] {logging_mixin.py:190} INFO - [2026-04-02T12:26:36.444+0000] {dag.py:4180} INFO - Setting next_dagrun for hello_world to 2026-04-02 00:00:00+00:00, run_after=2026-04-03 00:00:00+00:00
[2026-04-02T12:26:36.457+0000] {processor.py:208} INFO - Processing /opt/airflow/dags/hello_world.py took 0.065 seconds
[2026-04-02T12:27:06.690+0000] {processor.py:186} INFO - Started process (PID=5082) to work on /opt/airflow/dags/hello_world.py
[2026-04-02T12:27:06.690+0000] {processor.py:914} INFO - Processing file /opt/airflow/dags/hello_world.py for tasks to queue
[2026-04-02T12:27:06.692+0000] {logging_mixin.py:190} INFO - [2026-04-02T12:27:06.692+0000] {dagbag.py:588} INFO - Filling up the DagBag from /opt/airflow/dags/hello_world.py
[2026-04-02T12:27:06.700+0000] {processor.py:925} INFO - DAG(s) 'hello_world' retrieved from /opt/airflow/dags/hello_world.py
[2026-04-02T12:27:06.720+0000] {logging_mixin.py:190} INFO - [2026-04-02T12:27:06.719+0000] {dag.py:3239} INFO - Sync 1 DAGs
[2026-04-02T12:27:06.738+0000] {logging_mixin.py:190} INFO - [2026-04-02T12:27:06.737+0000] {dag.py:4180} INFO - Setting next_dagrun for hello_world to 2026-04-02 00:00:00+00:00, run_after=2026-04-03 00:00:00+00:00
[2026-04-02T12:27:06.752+0000] {processor.py:208} INFO - Processing /opt/airflow/dags/hello_world.py took 0.067 seconds
[2026-04-02T12:27:36.931+0000] {processor.py:186} INFO - Started process (PID=5092) to work on /opt/airflow/dags/hello_world.py
[2026-04-02T12:27:36.949+0000] {processor.py:914} INFO - Processing file /opt/airflow/dags/hello_world.py for tasks to queue
[2026-04-02T12:27:36.951+0000] {logging_mixin.py:190} INFO - [2026-04-02T12:27:36.951+0000] {dagbag.py:588} INFO - Filling up the DagBag from /opt/airflow/dags/hello_world.py
[2026-04-02T12:27:36.959+0000] {processor.py:925} INFO - DAG(s) 'hello_world' retrieved from /opt/airflow/dags/hello_world.py
[2026-04-02T12:27:36.983+0000] {logging_mixin.py:190} INFO - [2026-04-02T12:27:36.983+0000] {dag.py:3239} INFO - Sync 1 DAGs
[2026-04-02T12:27:37.006+0000] {logging_mixin.py:190} INFO - [2026-04-02T12:27:37.005+0000] {dag.py:4180} INFO - Setting next_dagrun for hello_world to 2026-04-02 00:00:00+00:00, run_after=2026-04-03 00:00:00+00:00
[2026-04-02T12:27:37.021+0000] {processor.py:208} INFO - Processing /opt/airflow/dags/hello_world.py took 0.097 seconds
[2026-04-02T12:28:07.215+0000] {processor.py:186} INFO - Started process (PID=5102) to work on /opt/airflow/dags/hello_world.py
[2026-04-02T12:28:07.215+0000] {processor.py:914} INFO - Processing file /opt/airflow/dags/hello_world.py for tasks to queue
[2026-04-02T12:28:07.217+0000] {logging_mixin.py:190} INFO - [2026-04-02T12:28:07.216+0000] {dagbag.py:588} INFO - Filling up the DagBag from /opt/airflow/dags/hello_world.py
[2026-04-02T12:28:07.225+0000] {processor.py:925} INFO - DAG(s) 'hello_world' retrieved from /opt/airflow/dags/hello_world.py
[2026-04-02T12:28:07.245+0000] {logging_mixin.py:190} INFO - [2026-04-02T12:28:07.245+0000] {dag.py:3239} INFO - Sync 1 DAGs
[2026-04-02T12:28:07.261+0000] {logging_mixin.py:190} INFO - [2026-04-02T12:28:07.261+0000] {dag.py:4180} INFO - Setting next_dagrun for hello_world to 2026-04-02 00:00:00+00:00, run_after=2026-04-03 00:00:00+00:00
[2026-04-02T12:28:07.275+0000] {processor.py:208} INFO - Processing /opt/airflow/dags/hello_world.py took 0.065 seconds
[2026-04-02T12:28:37.503+0000] {processor.py:186} INFO - Started process (PID=5112) to work on /opt/airflow/dags/hello_world.py
[2026-04-02T12:28:37.504+0000] {processor.py:914} INFO - Processing file /opt/airflow/dags/hello_world.py for tasks to queue
[2026-04-02T12:28:37.506+0000] {logging_mixin.py:190} INFO - [2026-04-02T12:28:37.506+0000] {dagbag.py:588} INFO - Filling up the DagBag from /opt/airflow/dags/hello_world.py
[2026-04-02T12:28:37.516+0000] {processor.py:925} INFO - DAG(s) 'hello_world' retrieved from /opt/airflow/dags/hello_world.py
[2026-04-02T12:28:37.536+0000] {logging_mixin.py:190} INFO - [2026-04-02T12:28:37.536+0000] {dag.py:3239} INFO - Sync 1 DAGs
[2026-04-02T12:28:37.554+0000] {logging_mixin.py:190} INFO - [2026-04-02T12:28:37.554+0000] {dag.py:4180} INFO - Setting next_dagrun for hello_world to 2026-04-02 00:00:00+00:00, run_after=2026-04-03 00:00:00+00:00
[2026-04-02T12:28:37.568+0000] {processor.py:208} INFO - Processing /opt/airflow/dags/hello_world.py took 0.069 seconds
[2026-04-02T12:29:07.785+0000] {processor.py:186} INFO - Started process (PID=5122) to work on /opt/airflow/dags/hello_world.py
[2026-04-02T12:29:07.785+0000] {processor.py:914} INFO - Processing file /opt/airflow/dags/hello_world.py for tasks to queue
[2026-04-02T12:29:07.787+0000] {logging_mixin.py:190} INFO - [2026-04-02T12:29:07.787+0000] {dagbag.py:588} INFO - Filling up the DagBag from /opt/airflow/dags/hello_world.py
[2026-04-02T12:29:07.796+0000] {processor.py:925} INFO - DAG(s) 'hello_world' retrieved from /opt/airflow/dags/hello_world.py
[2026-04-02T12:29:07.815+0000] {logging_mixin.py:190} INFO - [2026-04-02T12:29:07.815+0000] {dag.py:3239} INFO - Sync 1 DAGs
[2026-04-02T12:29:07.837+0000] {logging_mixin.py:190} INFO - [2026-04-02T12:29:07.837+0000] {dag.py:4180} INFO - Setting next_dagrun for hello_world to 2026-04-02 00:00:00+00:00, run_after=2026-04-03 00:00:00+00:00
[2026-04-02T12:29:07.853+0000] {processor.py:208} INFO - Processing /opt/airflow/dags/hello_world.py took 0.073 seconds
[2026-04-02T12:29:38.027+0000] {processor.py:186} INFO - Started process (PID=5132) to work on /opt/airflow/dags/hello_world.py
[2026-04-02T12:29:38.045+0000] {processor.py:914} INFO - Processing file /opt/airflow/dags/hello_world.py for tasks to queue
[2026-04-02T12:29:38.046+0000] {logging_mixin.py:190} INFO - [2026-04-02T12:29:38.046+0000] {dagbag.py:588} INFO - Filling up the DagBag from /opt/airflow/dags/hello_world.py
[2026-04-02T12:29:38.057+0000] {processor.py:925} INFO - DAG(s) 'hello_world' retrieved from /opt/airflow/dags/hello_world.py
[2026-04-02T12:29:38.079+0000] {logging_mixin.py:190} INFO - [2026-04-02T12:29:38.079+0000] {dag.py:3239} INFO - Sync 1 DAGs
[2026-04-02T12:29:38.098+0000] {logging_mixin.py:190} INFO - [2026-04-02T12:29:38.097+0000] {dag.py:4180} INFO - Setting next_dagrun for hello_world to 2026-04-02 00:00:00+00:00, run_after=2026-04-03 00:00:00+00:00
[2026-04-02T12:29:38.113+0000] {processor.py:208} INFO - Processing /opt/airflow/dags/hello_world.py took 0.091 seconds
[2026-04-02T12:30:08.286+0000] {processor.py:186} INFO - Started process (PID=5142) to work on /opt/airflow/dags/hello_world.py
[2026-04-02T12:30:08.286+0000] {processor.py:914} INFO - Processing file /opt/airflow/dags/hello_world.py for tasks to queue
[2026-04-02T12:30:08.288+0000] {logging_mixin.py:190} INFO - [2026-04-02T12:30:08.288+0000] {dagbag.py:588} INFO - Filling up the DagBag from /opt/airflow/dags/hello_world.py
[2026-04-02T12:30:08.297+0000] {processor.py:925} INFO - DAG(s) 'hello_world' retrieved from /opt/airflow/dags/hello_world.py
[2026-04-02T12:30:08.320+0000] {logging_mixin.py:190} INFO - [2026-04-02T12:30:08.320+0000] {dag.py:3239} INFO - Sync 1 DAGs
[2026-04-02T12:30:08.339+0000] {logging_mixin.py:190} INFO - [2026-04-02T12:30:08.339+0000] {dag.py:4180} INFO - Setting next_dagrun for hello_world to 2026-04-02 00:00:00+00:00, run_after=2026-04-03 00:00:00+00:00
[2026-04-02T12:30:08.354+0000] {processor.py:208} INFO - Processing /opt/airflow/dags/hello_world.py took 0.073 seconds
[2026-04-02T12:30:38.583+0000] {processor.py:186} INFO - Started process (PID=5152) to work on /opt/airflow/dags/hello_world.py
[2026-04-02T12:30:38.584+0000] {processor.py:914} INFO - Processing file /opt/airflow/dags/hello_world.py for tasks to queue
[2026-04-02T12:30:38.586+0000] {logging_mixin.py:190} INFO - [2026-04-02T12:30:38.586+0000] {dagbag.py:588} INFO - Filling up the DagBag from /opt/airflow/dags/hello_world.py
[2026-04-02T12:30:38.595+0000] {processor.py:925} INFO - DAG(s) 'hello_world' retrieved from /opt/airflow/dags/hello_world.py
[2026-04-02T12:30:38.615+0000] {logging_mixin.py:190} INFO - [2026-04-02T12:30:38.615+0000] {dag.py:3239} INFO - Sync 1 DAGs
[2026-04-02T12:30:38.634+0000] {logging_mixin.py:190} INFO - [2026-04-02T12:30:38.634+0000] {dag.py:4180} INFO - Setting next_dagrun for hello_world to 2026-04-02 00:00:00+00:00, run_after=2026-04-03 00:00:00+00:00
[2026-04-02T12:30:38.648+0000] {processor.py:208} INFO - Processing /opt/airflow/dags/hello_world.py took 0.069 seconds
[2026-04-02T12:31:08.845+0000] {processor.py:186} INFO - Started process (PID=5162) to work on /opt/airflow/dags/hello_world.py
[2026-04-02T12:31:08.846+0000] {processor.py:914} INFO - Processing file /opt/airflow/dags/hello_world.py for tasks to queue
[2026-04-02T12:31:08.849+0000] {logging_mixin.py:190} INFO - [2026-04-02T12:31:08.849+0000] {dagbag.py:588} INFO - Filling up the DagBag from /opt/airflow/dags/hello_world.py
[2026-04-02T12:31:08.861+0000] {processor.py:925} INFO - DAG(s) 'hello_world' retrieved from /opt/airflow/dags/hello_world.py
[2026-04-02T12:31:08.888+0000] {logging_mixin.py:190} INFO - [2026-04-02T12:31:08.888+0000] {dag.py:3239} INFO - Sync 1 DAGs
[2026-04-02T12:31:08.911+0000] {logging_mixin.py:190} INFO - [2026-04-02T12:31:08.910+0000] {dag.py:4180} INFO - Setting next_dagrun for hello_world to 2026-04-02 00:00:00+00:00, run_after=2026-04-03 00:00:00+00:00
[2026-04-02T12:31:08.926+0000] {processor.py:208} INFO - Processing /opt/airflow/dags/hello_world.py took 0.088 seconds
[2026-04-02T12:31:39.122+0000] {processor.py:186} INFO - Started process (PID=5172) to work on /opt/airflow/dags/hello_world.py
[2026-04-02T12:31:39.123+0000] {processor.py:914} INFO - Processing file /opt/airflow/dags/hello_world.py for tasks to queue
[2026-04-02T12:31:39.125+0000] {logging_mixin.py:190} INFO - [2026-04-02T12:31:39.124+0000] {dagbag.py:588} INFO - Filling up the DagBag from /opt/airflow/dags/hello_world.py
[2026-04-02T12:31:39.135+0000] {processor.py:925} INFO - DAG(s) 'hello_world' retrieved from /opt/airflow/dags/hello_world.py
[2026-04-02T12:31:39.161+0000] {logging_mixin.py:190} INFO - [2026-04-02T12:31:39.161+0000] {dag.py:3239} INFO - Sync 1 DAGs
[2026-04-02T12:31:39.182+0000] {logging_mixin.py:190} INFO - [2026-04-02T12:31:39.182+0000] {dag.py:4180} INFO - Setting next_dagrun for hello_world to 2026-04-02 00:00:00+00:00, run_after=2026-04-03 00:00:00+00:00
[2026-04-02T12:31:39.199+0000] {processor.py:208} INFO - Processing /opt/airflow/dags/hello_world.py took 0.081 seconds
[2026-04-02T12:32:09.427+0000] {processor.py:186} INFO - Started process (PID=5182) to work on /opt/airflow/dags/hello_world.py
[2026-04-02T12:32:09.428+0000] {processor.py:914} INFO - Processing file /opt/airflow/dags/hello_world.py for tasks to queue
[2026-04-02T12:32:09.429+0000] {logging_mixin.py:190} INFO - [2026-04-02T12:32:09.429+0000] {dagbag.py:588} INFO - Filling up the DagBag from /opt/airflow/dags/hello_world.py
[2026-04-02T12:32:09.438+0000] {processor.py:925} INFO - DAG(s) 'hello_world' retrieved from /opt/airflow/dags/hello_world.py
[2026-04-02T12:32:09.460+0000] {logging_mixin.py:190} INFO - [2026-04-02T12:32:09.460+0000] {dag.py:3239} INFO - Sync 1 DAGs
[2026-04-02T12:32:09.478+0000] {logging_mixin.py:190} INFO - [2026-04-02T12:32:09.478+0000] {dag.py:4180} INFO - Setting next_dagrun for hello_world to 2026-04-02 00:00:00+00:00, run_after=2026-04-03 00:00:00+00:00
[2026-04-02T12:32:09.491+0000] {processor.py:208} INFO - Processing /opt/airflow/dags/hello_world.py took 0.068 seconds
[2026-04-02T12:32:39.705+0000] {processor.py:186} INFO - Started process (PID=5192) to work on /opt/airflow/dags/hello_world.py
[2026-04-02T12:32:39.706+0000] {processor.py:914} INFO - Processing file /opt/airflow/dags/hello_world.py for tasks to queue
[2026-04-02T12:32:39.708+0000] {logging_mixin.py:190} INFO - [2026-04-02T12:32:39.707+0000] {dagbag.py:588} INFO - Filling up the DagBag from /opt/airflow/dags/hello_world.py
[2026-04-02T12:32:39.717+0000] {processor.py:925} INFO - DAG(s) 'hello_world' retrieved from /opt/airflow/dags/hello_world.py
[2026-04-02T12:32:39.739+0000] {logging_mixin.py:190} INFO - [2026-04-02T12:32:39.739+0000] {dag.py:3239} INFO - Sync 1 DAGs
[2026-04-02T12:32:39.758+0000] {logging_mixin.py:190} INFO - [2026-04-02T12:32:39.757+0000] {dag.py:4180} INFO - Setting next_dagrun for hello_world to 2026-04-02 00:00:00+00:00, run_after=2026-04-03 00:00:00+00:00
[2026-04-02T12:32:39.772+0000] {processor.py:208} INFO - Processing /opt/airflow/dags/hello_world.py took 0.072 seconds
[2026-04-02T12:33:09.999+0000] {processor.py:186} INFO - Started process (PID=5202) to work on /opt/airflow/dags/hello_world.py
[2026-04-02T12:33:10.000+0000] {processor.py:914} INFO - Processing file /opt/airflow/dags/hello_world.py for tasks to queue
[2026-04-02T12:33:10.001+0000] {logging_mixin.py:190} INFO - [2026-04-02T12:33:10.001+0000] {dagbag.py:588} INFO - Filling up the DagBag from /opt/airflow/dags/hello_world.py
[2026-04-02T12:33:10.010+0000] {processor.py:925} INFO - DAG(s) 'hello_world' retrieved from /opt/airflow/dags/hello_world.py
[2026-04-02T12:33:10.032+0000] {logging_mixin.py:190} INFO - [2026-04-02T12:33:10.032+0000] {dag.py:3239} INFO - Sync 1 DAGs
[2026-04-02T12:33:10.050+0000] {logging_mixin.py:190} INFO - [2026-04-02T12:33:10.050+0000] {dag.py:4180} INFO - Setting next_dagrun for hello_world to 2026-04-02 00:00:00+00:00, run_after=2026-04-03 00:00:00+00:00
[2026-04-02T12:33:10.063+0000] {processor.py:208} INFO - Processing /opt/airflow/dags/hello_world.py took 0.069 seconds
[2026-04-02T12:33:40.275+0000] {processor.py:186} INFO - Started process (PID=5212) to work on /opt/airflow/dags/hello_world.py
[2026-04-02T12:33:40.276+0000] {processor.py:914} INFO - Processing file /opt/airflow/dags/hello_world.py for tasks to queue
[2026-04-02T12:33:40.278+0000] {logging_mixin.py:190} INFO - [2026-04-02T12:33:40.277+0000] {dagbag.py:588} INFO - Filling up the DagBag from /opt/airflow/dags/hello_world.py
[2026-04-02T12:33:40.288+0000] {processor.py:925} INFO - DAG(s) 'hello_world' retrieved from /opt/airflow/dags/hello_world.py
[2026-04-02T12:33:40.312+0000] {logging_mixin.py:190} INFO - [2026-04-02T12:33:40.312+0000] {dag.py:3239} INFO - Sync 1 DAGs
[2026-04-02T12:33:40.330+0000] {logging_mixin.py:190} INFO - [2026-04-02T12:33:40.330+0000] {dag.py:4180} INFO - Setting next_dagrun for hello_world to 2026-04-02 00:00:00+00:00, run_after=2026-04-03 00:00:00+00:00
[2026-04-02T12:33:40.344+0000] {processor.py:208} INFO - Processing /opt/airflow/dags/hello_world.py took 0.074 seconds
[2026-04-02T12:34:10.581+0000] {processor.py:186} INFO - Started process (PID=5222) to work on /opt/airflow/dags/hello_world.py
[2026-04-02T12:34:10.582+0000] {processor.py:914} INFO - Processing file /opt/airflow/dags/hello_world.py for tasks to queue
[2026-04-02T12:34:10.584+0000] {logging_mixin.py:190} INFO - [2026-04-02T12:34:10.583+0000] {dagbag.py:588} INFO - Filling up the DagBag from /opt/airflow/dags/hello_world.py
[2026-04-02T12:34:10.592+0000] {processor.py:925} INFO - DAG(s) 'hello_world' retrieved from /opt/airflow/dags/hello_world.py
[2026-04-02T12:34:10.613+0000] {logging_mixin.py:190} INFO - [2026-04-02T12:34:10.613+0000] {dag.py:3239} INFO - Sync 1 DAGs
[2026-04-02T12:34:10.632+0000] {logging_mixin.py:190} INFO - [2026-04-02T12:34:10.631+0000] {dag.py:4180} INFO - Setting next_dagrun for hello_world to 2026-04-02 00:00:00+00:00, run_after=2026-04-03 00:00:00+00:00
[2026-04-02T12:34:10.645+0000] {processor.py:208} INFO - Processing /opt/airflow/dags/hello_world.py took 0.068 seconds
[2026-04-02T12:34:40.886+0000] {processor.py:186} INFO - Started process (PID=5232) to work on /opt/airflow/dags/hello_world.py
[2026-04-02T12:34:40.887+0000] {processor.py:914} INFO - Processing file /opt/airflow/dags/hello_world.py for tasks to queue
[2026-04-02T12:34:40.889+0000] {logging_mixin.py:190} INFO - [2026-04-02T12:34:40.889+0000] {dagbag.py:588} INFO - Filling up the DagBag from /opt/airflow/dags/hello_world.py
[2026-04-02T12:34:40.899+0000] {processor.py:925} INFO - DAG(s) 'hello_world' retrieved from /opt/airflow/dags/hello_world.py
[2026-04-02T12:34:40.919+0000] {logging_mixin.py:190} INFO - [2026-04-02T12:34:40.919+0000] {dag.py:3239} INFO - Sync 1 DAGs
[2026-04-02T12:34:40.939+0000] {logging_mixin.py:190} INFO - [2026-04-02T12:34:40.938+0000] {dag.py:4180} INFO - Setting next_dagrun for hello_world to 2026-04-02 00:00:00+00:00, run_after=2026-04-03 00:00:00+00:00
[2026-04-02T12:34:40.952+0000] {processor.py:208} INFO - Processing /opt/airflow/dags/hello_world.py took 0.070 seconds
[2026-04-02T12:35:11.132+0000] {processor.py:186} INFO - Started process (PID=5242) to work on /opt/airflow/dags/hello_world.py
[2026-04-02T12:35:11.132+0000] {processor.py:914} INFO - Processing file /opt/airflow/dags/hello_world.py for tasks to queue
[2026-04-02T12:35:11.134+0000] {logging_mixin.py:190} INFO - [2026-04-02T12:35:11.133+0000] {dagbag.py:588} INFO - Filling up the DagBag from /opt/airflow/dags/hello_world.py
[2026-04-02T12:35:11.142+0000] {processor.py:925} INFO - DAG(s) 'hello_world' retrieved from /opt/airflow/dags/hello_world.py
[2026-04-02T12:35:11.166+0000] {logging_mixin.py:190} INFO - [2026-04-02T12:35:11.165+0000] {dag.py:3239} INFO - Sync 1 DAGs
[2026-04-02T12:35:11.189+0000] {logging_mixin.py:190} INFO - [2026-04-02T12:35:11.188+0000] {dag.py:4180} INFO - Setting next_dagrun for hello_world to 2026-04-02 00:00:00+00:00, run_after=2026-04-03 00:00:00+00:00
[2026-04-02T12:35:11.204+0000] {processor.py:208} INFO - Processing /opt/airflow/dags/hello_world.py took 0.076 seconds
[2026-04-02T12:35:41.428+0000] {processor.py:186} INFO - Started process (PID=5252) to work on /opt/airflow/dags/hello_world.py
[2026-04-02T12:35:41.429+0000] {processor.py:914} INFO - Processing file /opt/airflow/dags/hello_world.py for tasks to queue
[2026-04-02T12:35:41.431+0000] {logging_mixin.py:190} INFO - [2026-04-02T12:35:41.431+0000] {dagbag.py:588} INFO - Filling up the DagBag from /opt/airflow/dags/hello_world.py
[2026-04-02T12:35:41.440+0000] {processor.py:925} INFO - DAG(s) 'hello_world' retrieved from /opt/airflow/dags/hello_world.py
[2026-04-02T12:35:41.462+0000] {logging_mixin.py:190} INFO - [2026-04-02T12:35:41.462+0000] {dag.py:3239} INFO - Sync 1 DAGs
[2026-04-02T12:35:41.479+0000] {logging_mixin.py:190} INFO - [2026-04-02T12:35:41.478+0000] {dag.py:4180} INFO - Setting next_dagrun for hello_world to 2026-04-02 00:00:00+00:00, run_after=2026-04-03 00:00:00+00:00
[2026-04-02T12:35:41.492+0000] {processor.py:208} INFO - Processing /opt/airflow/dags/hello_world.py took 0.068 seconds
[2026-04-02T12:36:11.727+0000] {processor.py:186} INFO - Started process (PID=5262) to work on /opt/airflow/dags/hello_world.py
[2026-04-02T12:36:11.727+0000] {processor.py:914} INFO - Processing file /opt/airflow/dags/hello_world.py for tasks to queue
[2026-04-02T12:36:11.729+0000] {logging_mixin.py:190} INFO - [2026-04-02T12:36:11.729+0000] {dagbag.py:588} INFO - Filling up the DagBag from /opt/airflow/dags/hello_world.py
[2026-04-02T12:36:11.738+0000] {processor.py:925} INFO - DAG(s) 'hello_world' retrieved from /opt/airflow/dags/hello_world.py
[2026-04-02T12:36:11.759+0000] {logging_mixin.py:190} INFO - [2026-04-02T12:36:11.758+0000] {dag.py:3239} INFO - Sync 1 DAGs
[2026-04-02T12:36:11.776+0000] {logging_mixin.py:190} INFO - [2026-04-02T12:36:11.776+0000] {dag.py:4180} INFO - Setting next_dagrun for hello_world to 2026-04-02 00:00:00+00:00, run_after=2026-04-03 00:00:00+00:00
[2026-04-02T12:36:11.790+0000] {processor.py:208} INFO - Processing /opt/airflow/dags/hello_world.py took 0.068 seconds
[2026-04-02T12:36:42.017+0000] {processor.py:186} INFO - Started process (PID=5272) to work on /opt/airflow/dags/hello_world.py
[2026-04-02T12:36:42.020+0000] {processor.py:914} INFO - Processing file /opt/airflow/dags/hello_world.py for tasks to queue
[2026-04-02T12:36:42.022+0000] {logging_mixin.py:190} INFO - [2026-04-02T12:36:42.022+0000] {dagbag.py:588} INFO - Filling up the DagBag from /opt/airflow/dags/hello_world.py
[2026-04-02T12:36:42.031+0000] {processor.py:925} INFO - DAG(s) 'hello_world' retrieved from /opt/airflow/dags/hello_world.py
[2026-04-02T12:36:42.056+0000] {logging_mixin.py:190} INFO - [2026-04-02T12:36:42.056+0000] {dag.py:3239} INFO - Sync 1 DAGs
[2026-04-02T12:36:42.078+0000] {logging_mixin.py:190} INFO - [2026-04-02T12:36:42.078+0000] {dag.py:4180} INFO - Setting next_dagrun for hello_world to 2026-04-02 00:00:00+00:00, run_after=2026-04-03 00:00:00+00:00
[2026-04-02T12:36:42.096+0000] {processor.py:208} INFO - Processing /opt/airflow/dags/hello_world.py took 0.083 seconds
[2026-04-02T12:37:12.275+0000] {processor.py:186} INFO - Started process (PID=5282) to work on /opt/airflow/dags/hello_world.py
[2026-04-02T12:37:12.275+0000] {processor.py:914} INFO - Processing file /opt/airflow/dags/hello_world.py for tasks to queue
[2026-04-02T12:37:12.277+0000] {logging_mixin.py:190} INFO - [2026-04-02T12:37:12.277+0000] {dagbag.py:588} INFO - Filling up the DagBag from /opt/airflow/dags/hello_world.py
[2026-04-02T12:37:12.285+0000] {processor.py:925} INFO - DAG(s) 'hello_world' retrieved from /opt/airflow/dags/hello_world.py
[2026-04-02T12:37:12.307+0000] {logging_mixin.py:190} INFO - [2026-04-02T12:37:12.307+0000] {dag.py:3239} INFO - Sync 1 DAGs
[2026-04-02T12:37:12.326+0000] {logging_mixin.py:190} INFO - [2026-04-02T12:37:12.325+0000] {dag.py:4180} INFO - Setting next_dagrun for hello_world to 2026-04-02 00:00:00+00:00, run_after=2026-04-03 00:00:00+00:00
[2026-04-02T12:37:12.337+0000] {processor.py:208} INFO - Processing /opt/airflow/dags/hello_world.py took 0.068 seconds
[2026-04-02T12:37:42.527+0000] {processor.py:186} INFO - Started process (PID=5292) to work on /opt/airflow/dags/hello_world.py
[2026-04-02T12:37:42.528+0000] {processor.py:914} INFO - Processing file /opt/airflow/dags/hello_world.py for tasks to queue
[2026-04-02T12:37:42.530+0000] {logging_mixin.py:190} INFO - [2026-04-02T12:37:42.529+0000] {dagbag.py:588} INFO - Filling up the DagBag from /opt/airflow/dags/hello_world.py
[2026-04-02T12:37:42.538+0000] {processor.py:925} INFO - DAG(s) 'hello_world' retrieved from /opt/airflow/dags/hello_world.py
[2026-04-02T12:37:42.572+0000] {logging_mixin.py:190} INFO - [2026-04-02T12:37:42.571+0000] {dag.py:3239} INFO - Sync 1 DAGs
[2026-04-02T12:37:42.592+0000] {logging_mixin.py:190} INFO - [2026-04-02T12:37:42.591+0000] {dag.py:4180} INFO - Setting next_dagrun for hello_world to 2026-04-02 00:00:00+00:00, run_after=2026-04-03 00:00:00+00:00
[2026-04-02T12:37:42.609+0000] {processor.py:208} INFO - Processing /opt/airflow/dags/hello_world.py took 0.087 seconds
[2026-04-02T12:38:12.787+0000] {processor.py:186} INFO - Started process (PID=5302) to work on /opt/airflow/dags/hello_world.py
[2026-04-02T12:38:12.788+0000] {processor.py:914} INFO - Processing file /opt/airflow/dags/hello_world.py for tasks to queue
[2026-04-02T12:38:12.789+0000] {logging_mixin.py:190} INFO - [2026-04-02T12:38:12.789+0000] {dagbag.py:588} INFO - Filling up the DagBag from /opt/airflow/dags/hello_world.py
[2026-04-02T12:38:12.798+0000] {processor.py:925} INFO - DAG(s) 'hello_world' retrieved from /opt/airflow/dags/hello_world.py
[2026-04-02T12:38:12.818+0000] {logging_mixin.py:190} INFO - [2026-04-02T12:38:12.818+0000] {dag.py:3239} INFO - Sync 1 DAGs
[2026-04-02T12:38:12.839+0000] {logging_mixin.py:190} INFO - [2026-04-02T12:38:12.839+0000] {dag.py:4180} INFO - Setting next_dagrun for hello_world to 2026-04-02 00:00:00+00:00, run_after=2026-04-03 00:00:00+00:00
[2026-04-02T12:38:12.854+0000] {processor.py:208} INFO - Processing /opt/airflow/dags/hello_world.py took 0.072 seconds
[2026-04-02T12:38:43.033+0000] {processor.py:186} INFO - Started process (PID=5312) to work on /opt/airflow/dags/hello_world.py
[2026-04-02T12:38:43.051+0000] {processor.py:914} INFO - Processing file /opt/airflow/dags/hello_world.py for tasks to queue
[2026-04-02T12:38:43.053+0000] {logging_mixin.py:190} INFO - [2026-04-02T12:38:43.052+0000] {dagbag.py:588} INFO - Filling up the DagBag from /opt/airflow/dags/hello_world.py
[2026-04-02T12:38:43.062+0000] {processor.py:925} INFO - DAG(s) 'hello_world' retrieved from /opt/airflow/dags/hello_world.py
[2026-04-02T12:38:43.084+0000] {logging_mixin.py:190} INFO - [2026-04-02T12:38:43.084+0000] {dag.py:3239} INFO - Sync 1 DAGs
[2026-04-02T12:38:43.104+0000] {logging_mixin.py:190} INFO - [2026-04-02T12:38:43.103+0000] {dag.py:4180} INFO - Setting next_dagrun for hello_world to 2026-04-02 00:00:00+00:00, run_after=2026-04-03 00:00:00+00:00
[2026-04-02T12:38:43.118+0000] {processor.py:208} INFO - Processing /opt/airflow/dags/hello_world.py took 0.090 seconds
[2026-04-02T12:39:13.277+0000] {processor.py:186} INFO - Started process (PID=5322) to work on /opt/airflow/dags/hello_world.py
[2026-04-02T12:39:13.277+0000] {processor.py:914} INFO - Processing file /opt/airflow/dags/hello_world.py for tasks to queue
[2026-04-02T12:39:13.279+0000] {logging_mixin.py:190} INFO - [2026-04-02T12:39:13.279+0000] {dagbag.py:588} INFO - Filling up the DagBag from /opt/airflow/dags/hello_world.py
[2026-04-02T12:39:13.289+0000] {processor.py:925} INFO - DAG(s) 'hello_world' retrieved from /opt/airflow/dags/hello_world.py
[2026-04-02T12:39:13.311+0000] {logging_mixin.py:190} INFO - [2026-04-02T12:39:13.310+0000] {dag.py:3239} INFO - Sync 1 DAGs
[2026-04-02T12:39:13.328+0000] {logging_mixin.py:190} INFO - [2026-04-02T12:39:13.328+0000] {dag.py:4180} INFO - Setting next_dagrun for hello_world to 2026-04-02 00:00:00+00:00, run_after=2026-04-03 00:00:00+00:00
[2026-04-02T12:39:13.341+0000] {processor.py:208} INFO - Processing /opt/airflow/dags/hello_world.py took 0.069 seconds
[2026-04-02T12:39:43.561+0000] {processor.py:186} INFO - Started process (PID=5332) to work on /opt/airflow/dags/hello_world.py
[2026-04-02T12:39:43.562+0000] {processor.py:914} INFO - Processing file /opt/airflow/dags/hello_world.py for tasks to queue
[2026-04-02T12:39:43.564+0000] {logging_mixin.py:190} INFO - [2026-04-02T12:39:43.564+0000] {dagbag.py:588} INFO - Filling up the DagBag from /opt/airflow/dags/hello_world.py
[2026-04-02T12:39:43.573+0000] {processor.py:925} INFO - DAG(s) 'hello_world' retrieved from /opt/airflow/dags/hello_world.py
[2026-04-02T12:39:43.595+0000] {logging_mixin.py:190} INFO - [2026-04-02T12:39:43.595+0000] {dag.py:3239} INFO - Sync 1 DAGs
[2026-04-02T12:39:43.613+0000] {logging_mixin.py:190} INFO - [2026-04-02T12:39:43.613+0000] {dag.py:4180} INFO - Setting next_dagrun for hello_world to 2026-04-02 00:00:00+00:00, run_after=2026-04-03 00:00:00+00:00
[2026-04-02T12:39:43.627+0000] {processor.py:208} INFO - Processing /opt/airflow/dags/hello_world.py took 0.070 seconds
[2026-04-02T12:40:13.754+0000] {processor.py:186} INFO - Started process (PID=5342) to work on /opt/airflow/dags/hello_world.py
[2026-04-02T12:40:13.755+0000] {processor.py:914} INFO - Processing file /opt/airflow/dags/hello_world.py for tasks to queue
[2026-04-02T12:40:13.757+0000] {logging_mixin.py:190} INFO - [2026-04-02T12:40:13.757+0000] {dagbag.py:588} INFO - Filling up the DagBag from /opt/airflow/dags/hello_world.py
[2026-04-02T12:40:13.765+0000] {processor.py:925} INFO - DAG(s) 'hello_world' retrieved from /opt/airflow/dags/hello_world.py
[2026-04-02T12:40:13.788+0000] {logging_mixin.py:190} INFO - [2026-04-02T12:40:13.787+0000] {dag.py:3239} INFO - Sync 1 DAGs
[2026-04-02T12:40:13.805+0000] {logging_mixin.py:190} INFO - [2026-04-02T12:40:13.805+0000] {dag.py:4180} INFO - Setting next_dagrun for hello_world to 2026-04-02 00:00:00+00:00, run_after=2026-04-03 00:00:00+00:00
[2026-04-02T12:40:13.819+0000] {processor.py:208} INFO - Processing /opt/airflow/dags/hello_world.py took 0.070 seconds
[2026-04-02T12:40:44.048+0000] {processor.py:186} INFO - Started process (PID=5352) to work on /opt/airflow/dags/hello_world.py
[2026-04-02T12:40:44.049+0000] {processor.py:914} INFO - Processing file /opt/airflow/dags/hello_world.py for tasks to queue
[2026-04-02T12:40:44.051+0000] {logging_mixin.py:190} INFO - [2026-04-02T12:40:44.050+0000] {dagbag.py:588} INFO - Filling up the DagBag from /opt/airflow/dags/hello_world.py
[2026-04-02T12:40:44.061+0000] {processor.py:925} INFO - DAG(s) 'hello_world' retrieved from /opt/airflow/dags/hello_world.py
[2026-04-02T12:40:44.087+0000] {logging_mixin.py:190} INFO - [2026-04-02T12:40:44.086+0000] {dag.py:3239} INFO - Sync 1 DAGs
[2026-04-02T12:40:44.117+0000] {logging_mixin.py:190} INFO - [2026-04-02T12:40:44.117+0000] {dag.py:4180} INFO - Setting next_dagrun for hello_world to 2026-04-02 00:00:00+00:00, run_after=2026-04-03 00:00:00+00:00
[2026-04-02T12:40:44.135+0000] {processor.py:208} INFO - Processing /opt/airflow/dags/hello_world.py took 0.091 seconds
[2026-04-02T12:41:14.347+0000] {processor.py:186} INFO - Started process (PID=5362) to work on /opt/airflow/dags/hello_world.py
[2026-04-02T12:41:14.347+0000] {processor.py:914} INFO - Processing file /opt/airflow/dags/hello_world.py for tasks to queue
[2026-04-02T12:41:14.349+0000] {logging_mixin.py:190} INFO - [2026-04-02T12:41:14.349+0000] {dagbag.py:588} INFO - Filling up the DagBag from /opt/airflow/dags/hello_world.py
[2026-04-02T12:41:14.357+0000] {processor.py:925} INFO - DAG(s) 'hello_world' retrieved from /opt/airflow/dags/hello_world.py
[2026-04-02T12:41:14.377+0000] {logging_mixin.py:190} INFO - [2026-04-02T12:41:14.377+0000] {dag.py:3239} INFO - Sync 1 DAGs
[2026-04-02T12:41:14.395+0000] {logging_mixin.py:190} INFO - [2026-04-02T12:41:14.395+0000] {dag.py:4180} INFO - Setting next_dagrun for hello_world to 2026-04-02 00:00:00+00:00, run_after=2026-04-03 00:00:00+00:00
[2026-04-02T12:41:14.408+0000] {processor.py:208} INFO - Processing /opt/airflow/dags/hello_world.py took 0.066 seconds
[2026-04-02T12:41:44.681+0000] {processor.py:186} INFO - Started process (PID=5372) to work on /opt/airflow/dags/hello_world.py
[2026-04-02T12:41:44.682+0000] {processor.py:914} INFO - Processing file /opt/airflow/dags/hello_world.py for tasks to queue
[2026-04-02T12:41:44.684+0000] {logging_mixin.py:190} INFO - [2026-04-02T12:41:44.683+0000] {dagbag.py:588} INFO - Filling up the DagBag from /opt/airflow/dags/hello_world.py
[2026-04-02T12:41:44.693+0000] {processor.py:925} INFO - DAG(s) 'hello_world' retrieved from /opt/airflow/dags/hello_world.py
[2026-04-02T12:41:44.715+0000] {logging_mixin.py:190} INFO - [2026-04-02T12:41:44.714+0000] {dag.py:3239} INFO - Sync 1 DAGs
[2026-04-02T12:41:44.734+0000] {logging_mixin.py:190} INFO - [2026-04-02T12:41:44.733+0000] {dag.py:4180} INFO - Setting next_dagrun for hello_world to 2026-04-02 00:00:00+00:00, run_after=2026-04-03 00:00:00+00:00
[2026-04-02T12:41:44.747+0000] {processor.py:208} INFO - Processing /opt/airflow/dags/hello_world.py took 0.071 seconds
[2026-04-02T12:42:14.964+0000] {processor.py:186} INFO - Started process (PID=5382) to work on /opt/airflow/dags/hello_world.py
[2026-04-02T12:42:14.964+0000] {processor.py:914} INFO - Processing file /opt/airflow/dags/hello_world.py for tasks to queue
[2026-04-02T12:42:14.966+0000] {logging_mixin.py:190} INFO - [2026-04-02T12:42:14.966+0000] {dagbag.py:588} INFO - Filling up the DagBag from /opt/airflow/dags/hello_world.py
[2026-04-02T12:42:14.978+0000] {processor.py:925} INFO - DAG(s) 'hello_world' retrieved from /opt/airflow/dags/hello_world.py
[2026-04-02T12:42:15.006+0000] {logging_mixin.py:190} INFO - [2026-04-02T12:42:15.006+0000] {dag.py:3239} INFO - Sync 1 DAGs
[2026-04-02T12:42:15.034+0000] {logging_mixin.py:190} INFO - [2026-04-02T12:42:15.034+0000] {dag.py:4180} INFO - Setting next_dagrun for hello_world to 2026-04-02 00:00:00+00:00, run_after=2026-04-03 00:00:00+00:00
[2026-04-02T12:42:15.054+0000] {processor.py:208} INFO - Processing /opt/airflow/dags/hello_world.py took 0.098 seconds
[2026-04-02T12:42:45.234+0000] {processor.py:186} INFO - Started process (PID=5392) to work on /opt/airflow/dags/hello_world.py
[2026-04-02T12:42:45.235+0000] {processor.py:914} INFO - Processing file /opt/airflow/dags/hello_world.py for tasks to queue
[2026-04-02T12:42:45.237+0000] {logging_mixin.py:190} INFO - [2026-04-02T12:42:45.237+0000] {dagbag.py:588} INFO - Filling up the DagBag from /opt/airflow/dags/hello_world.py
[2026-04-02T12:42:45.246+0000] {processor.py:925} INFO - DAG(s) 'hello_world' retrieved from /opt/airflow/dags/hello_world.py
[2026-04-02T12:42:45.270+0000] {logging_mixin.py:190} INFO - [2026-04-02T12:42:45.270+0000] {dag.py:3239} INFO - Sync 1 DAGs
[2026-04-02T12:42:45.292+0000] {logging_mixin.py:190} INFO - [2026-04-02T12:42:45.292+0000] {dag.py:4180} INFO - Setting next_dagrun for hello_world to 2026-04-02 00:00:00+00:00, run_after=2026-04-03 00:00:00+00:00
[2026-04-02T12:42:45.309+0000] {processor.py:208} INFO - Processing /opt/airflow/dags/hello_world.py took 0.079 seconds
[2026-04-02T12:43:15.508+0000] {processor.py:186} INFO - Started process (PID=5402) to work on /opt/airflow/dags/hello_world.py
[2026-04-02T12:43:15.508+0000] {processor.py:914} INFO - Processing file /opt/airflow/dags/hello_world.py for tasks to queue
[2026-04-02T12:43:15.510+0000] {logging_mixin.py:190} INFO - [2026-04-02T12:43:15.510+0000] {dagbag.py:588} INFO - Filling up the DagBag from /opt/airflow/dags/hello_world.py
[2026-04-02T12:43:15.518+0000] {processor.py:925} INFO - DAG(s) 'hello_world' retrieved from /opt/airflow/dags/hello_world.py
[2026-04-02T12:43:15.542+0000] {logging_mixin.py:190} INFO - [2026-04-02T12:43:15.541+0000] {dag.py:3239} INFO - Sync 1 DAGs
[2026-04-02T12:43:15.561+0000] {logging_mixin.py:190} INFO - [2026-04-02T12:43:15.561+0000] {dag.py:4180} INFO - Setting next_dagrun for hello_world to 2026-04-02 00:00:00+00:00, run_after=2026-04-03 00:00:00+00:00
[2026-04-02T12:43:15.579+0000] {processor.py:208} INFO - Processing /opt/airflow/dags/hello_world.py took 0.076 seconds
[2026-04-02T12:43:45.771+0000] {processor.py:186} INFO - Started process (PID=5412) to work on /opt/airflow/dags/hello_world.py
[2026-04-02T12:43:45.772+0000] {processor.py:914} INFO - Processing file /opt/airflow/dags/hello_world.py for tasks to queue
[2026-04-02T12:43:45.776+0000] {logging_mixin.py:190} INFO - [2026-04-02T12:43:45.775+0000] {dagbag.py:588} INFO - Filling up the DagBag from /opt/airflow/dags/hello_world.py
[2026-04-02T12:43:45.798+0000] {processor.py:925} INFO - DAG(s) 'hello_world' retrieved from /opt/airflow/dags/hello_world.py
[2026-04-02T12:43:45.848+0000] {logging_mixin.py:190} INFO - [2026-04-02T12:43:45.847+0000] {dag.py:3239} INFO - Sync 1 DAGs
[2026-04-02T12:43:45.881+0000] {logging_mixin.py:190} INFO - [2026-04-02T12:43:45.880+0000] {dag.py:4180} INFO - Setting next_dagrun for hello_world to 2026-04-02 00:00:00+00:00, run_after=2026-04-03 00:00:00+00:00
[2026-04-02T12:43:45.907+0000] {processor.py:208} INFO - Processing /opt/airflow/dags/hello_world.py took 0.141 seconds
[2026-04-02T12:44:16.078+0000] {processor.py:186} INFO - Started process (PID=5422) to work on /opt/airflow/dags/hello_world.py
[2026-04-02T12:44:16.078+0000] {processor.py:914} INFO - Processing file /opt/airflow/dags/hello_world.py for tasks to queue
[2026-04-02T12:44:16.080+0000] {logging_mixin.py:190} INFO - [2026-04-02T12:44:16.080+0000] {dagbag.py:588} INFO - Filling up the DagBag from /opt/airflow/dags/hello_world.py
[2026-04-02T12:44:16.092+0000] {processor.py:925} INFO - DAG(s) 'hello_world' retrieved from /opt/airflow/dags/hello_world.py
[2026-04-02T12:44:16.116+0000] {logging_mixin.py:190} INFO - [2026-04-02T12:44:16.116+0000] {dag.py:3239} INFO - Sync 1 DAGs
[2026-04-02T12:44:16.136+0000] {logging_mixin.py:190} INFO - [2026-04-02T12:44:16.136+0000] {dag.py:4180} INFO - Setting next_dagrun for hello_world to 2026-04-02 00:00:00+00:00, run_after=2026-04-03 00:00:00+00:00
[2026-04-02T12:44:16.151+0000] {processor.py:208} INFO - Processing /opt/airflow/dags/hello_world.py took 0.081 seconds
[2026-04-02T12:44:46.333+0000] {processor.py:186} INFO - Started process (PID=5432) to work on /opt/airflow/dags/hello_world.py
[2026-04-02T12:44:46.334+0000] {processor.py:914} INFO - Processing file /opt/airflow/dags/hello_world.py for tasks to queue
[2026-04-02T12:44:46.336+0000] {logging_mixin.py:190} INFO - [2026-04-02T12:44:46.336+0000] {dagbag.py:588} INFO - Filling up the DagBag from /opt/airflow/dags/hello_world.py
[2026-04-02T12:44:46.347+0000] {processor.py:925} INFO - DAG(s) 'hello_world' retrieved from /opt/airflow/dags/hello_world.py
[2026-04-02T12:44:46.369+0000] {logging_mixin.py:190} INFO - [2026-04-02T12:44:46.369+0000] {dag.py:3239} INFO - Sync 1 DAGs
[2026-04-02T12:44:46.392+0000] {logging_mixin.py:190} INFO - [2026-04-02T12:44:46.392+0000] {dag.py:4180} INFO - Setting next_dagrun for hello_world to 2026-04-02 00:00:00+00:00, run_after=2026-04-03 00:00:00+00:00
[2026-04-02T12:44:46.411+0000] {processor.py:208} INFO - Processing /opt/airflow/dags/hello_world.py took 0.084 seconds
[2026-04-02T12:45:16.610+0000] {processor.py:186} INFO - Started process (PID=5442) to work on /opt/airflow/dags/hello_world.py
[2026-04-02T12:45:16.611+0000] {processor.py:914} INFO - Processing file /opt/airflow/dags/hello_world.py for tasks to queue
[2026-04-02T12:45:16.614+0000] {logging_mixin.py:190} INFO - [2026-04-02T12:45:16.614+0000] {dagbag.py:588} INFO - Filling up the DagBag from /opt/airflow/dags/hello_world.py
[2026-04-02T12:45:16.627+0000] {processor.py:925} INFO - DAG(s) 'hello_world' retrieved from /opt/airflow/dags/hello_world.py
[2026-04-02T12:45:16.664+0000] {logging_mixin.py:190} INFO - [2026-04-02T12:45:16.663+0000] {dag.py:3239} INFO - Sync 1 DAGs
[2026-04-02T12:45:16.695+0000] {logging_mixin.py:190} INFO - [2026-04-02T12:45:16.695+0000] {dag.py:4180} INFO - Setting next_dagrun for hello_world to 2026-04-02 00:00:00+00:00, run_after=2026-04-03 00:00:00+00:00
[2026-04-02T12:45:16.719+0000] {processor.py:208} INFO - Processing /opt/airflow/dags/hello_world.py took 0.115 seconds
[2026-04-02T12:45:46.933+0000] {processor.py:186} INFO - Started process (PID=5452) to work on /opt/airflow/dags/hello_world.py
[2026-04-02T12:45:46.951+0000] {processor.py:914} INFO - Processing file /opt/airflow/dags/hello_world.py for tasks to queue
[2026-04-02T12:45:46.954+0000] {logging_mixin.py:190} INFO - [2026-04-02T12:45:46.954+0000] {dagbag.py:588} INFO - Filling up the DagBag from /opt/airflow/dags/hello_world.py
[2026-04-02T12:45:46.969+0000] {processor.py:925} INFO - DAG(s) 'hello_world' retrieved from /opt/airflow/dags/hello_world.py
[2026-04-02T12:45:46.999+0000] {logging_mixin.py:190} INFO - [2026-04-02T12:45:46.998+0000] {dag.py:3239} INFO - Sync 1 DAGs
[2026-04-02T12:45:47.026+0000] {logging_mixin.py:190} INFO - [2026-04-02T12:45:47.026+0000] {dag.py:4180} INFO - Setting next_dagrun for hello_world to 2026-04-02 00:00:00+00:00, run_after=2026-04-03 00:00:00+00:00
[2026-04-02T12:45:47.047+0000] {processor.py:208} INFO - Processing /opt/airflow/dags/hello_world.py took 0.122 seconds
[2026-04-02T12:46:17.235+0000] {processor.py:186} INFO - Started process (PID=5462) to work on /opt/airflow/dags/hello_world.py
[2026-04-02T12:46:17.235+0000] {processor.py:914} INFO - Processing file /opt/airflow/dags/hello_world.py for tasks to queue
[2026-04-02T12:46:17.238+0000] {logging_mixin.py:190} INFO - [2026-04-02T12:46:17.237+0000] {dagbag.py:588} INFO - Filling up the DagBag from /opt/airflow/dags/hello_world.py
[2026-04-02T12:46:17.248+0000] {processor.py:925} INFO - DAG(s) 'hello_world' retrieved from /opt/airflow/dags/hello_world.py
[2026-04-02T12:46:17.271+0000] {logging_mixin.py:190} INFO - [2026-04-02T12:46:17.271+0000] {dag.py:3239} INFO - Sync 1 DAGs
[2026-04-02T12:46:17.290+0000] {logging_mixin.py:190} INFO - [2026-04-02T12:46:17.289+0000] {dag.py:4180} INFO - Setting next_dagrun for hello_world to 2026-04-02 00:00:00+00:00, run_after=2026-04-03 00:00:00+00:00
[2026-04-02T12:46:17.304+0000] {processor.py:208} INFO - Processing /opt/airflow/dags/hello_world.py took 0.074 seconds
[2026-04-02T12:46:47.490+0000] {processor.py:186} INFO - Started process (PID=5472) to work on /opt/airflow/dags/hello_world.py
[2026-04-02T12:46:47.491+0000] {processor.py:914} INFO - Processing file /opt/airflow/dags/hello_world.py for tasks to queue
[2026-04-02T12:46:47.494+0000] {logging_mixin.py:190} INFO - [2026-04-02T12:46:47.493+0000] {dagbag.py:588} INFO - Filling up the DagBag from /opt/airflow/dags/hello_world.py
[2026-04-02T12:46:47.504+0000] {processor.py:925} INFO - DAG(s) 'hello_world' retrieved from /opt/airflow/dags/hello_world.py
[2026-04-02T12:46:47.530+0000] {logging_mixin.py:190} INFO - [2026-04-02T12:46:47.529+0000] {dag.py:3239} INFO - Sync 1 DAGs
[2026-04-02T12:46:47.551+0000] {logging_mixin.py:190} INFO - [2026-04-02T12:46:47.550+0000] {dag.py:4180} INFO - Setting next_dagrun for hello_world to 2026-04-02 00:00:00+00:00, run_after=2026-04-03 00:00:00+00:00
[2026-04-02T12:46:47.572+0000] {processor.py:208} INFO - Processing /opt/airflow/dags/hello_world.py took 0.088 seconds
[2026-04-02T12:47:17.763+0000] {processor.py:186} INFO - Started process (PID=5482) to work on /opt/airflow/dags/hello_world.py
[2026-04-02T12:47:17.764+0000] {processor.py:914} INFO - Processing file /opt/airflow/dags/hello_world.py for tasks to queue
[2026-04-02T12:47:17.767+0000] {logging_mixin.py:190} INFO - [2026-04-02T12:47:17.766+0000] {dagbag.py:588} INFO - Filling up the DagBag from /opt/airflow/dags/hello_world.py
[2026-04-02T12:47:17.781+0000] {processor.py:925} INFO - DAG(s) 'hello_world' retrieved from /opt/airflow/dags/hello_world.py
[2026-04-02T12:47:17.809+0000] {logging_mixin.py:190} INFO - [2026-04-02T12:47:17.809+0000] {dag.py:3239} INFO - Sync 1 DAGs
[2026-04-02T12:47:17.834+0000] {logging_mixin.py:190} INFO - [2026-04-02T12:47:17.834+0000] {dag.py:4180} INFO - Setting next_dagrun for hello_world to 2026-04-02 00:00:00+00:00, run_after=2026-04-03 00:00:00+00:00
[2026-04-02T12:47:17.855+0000] {processor.py:208} INFO - Processing /opt/airflow/dags/hello_world.py took 0.098 seconds
[2026-04-02T12:47:48.024+0000] {processor.py:186} INFO - Started process (PID=5492) to work on /opt/airflow/dags/hello_world.py
[2026-04-02T12:47:48.041+0000] {processor.py:914} INFO - Processing file /opt/airflow/dags/hello_world.py for tasks to queue
[2026-04-02T12:47:48.044+0000] {logging_mixin.py:190} INFO - [2026-04-02T12:47:48.043+0000] {dagbag.py:588} INFO - Filling up the DagBag from /opt/airflow/dags/hello_world.py
[2026-04-02T12:47:48.054+0000] {processor.py:925} INFO - DAG(s) 'hello_world' retrieved from /opt/airflow/dags/hello_world.py
[2026-04-02T12:47:48.076+0000] {logging_mixin.py:190} INFO - [2026-04-02T12:47:48.076+0000] {dag.py:3239} INFO - Sync 1 DAGs
[2026-04-02T12:47:48.094+0000] {logging_mixin.py:190} INFO - [2026-04-02T12:47:48.094+0000] {dag.py:4180} INFO - Setting next_dagrun for hello_world to 2026-04-02 00:00:00+00:00, run_after=2026-04-03 00:00:00+00:00
[2026-04-02T12:47:48.109+0000] {processor.py:208} INFO - Processing /opt/airflow/dags/hello_world.py took 0.090 seconds
[2026-04-02T12:48:18.226+0000] {processor.py:186} INFO - Started process (PID=5502) to work on /opt/airflow/dags/hello_world.py
[2026-04-02T12:48:18.226+0000] {processor.py:914} INFO - Processing file /opt/airflow/dags/hello_world.py for tasks to queue
[2026-04-02T12:48:18.228+0000] {logging_mixin.py:190} INFO - [2026-04-02T12:48:18.228+0000] {dagbag.py:588} INFO - Filling up the DagBag from /opt/airflow/dags/hello_world.py
[2026-04-02T12:48:18.239+0000] {processor.py:925} INFO - DAG(s) 'hello_world' retrieved from /opt/airflow/dags/hello_world.py
[2026-04-02T12:48:18.264+0000] {logging_mixin.py:190} INFO - [2026-04-02T12:48:18.264+0000] {dag.py:3239} INFO - Sync 1 DAGs
[2026-04-02T12:48:18.283+0000] {logging_mixin.py:190} INFO - [2026-04-02T12:48:18.282+0000] {dag.py:4180} INFO - Setting next_dagrun for hello_world to 2026-04-02 00:00:00+00:00, run_after=2026-04-03 00:00:00+00:00
[2026-04-02T12:48:18.299+0000] {processor.py:208} INFO - Processing /opt/airflow/dags/hello_world.py took 0.079 seconds
[2026-04-02T12:48:48.489+0000] {processor.py:186} INFO - Started process (PID=5512) to work on /opt/airflow/dags/hello_world.py
[2026-04-02T12:48:48.506+0000] {processor.py:914} INFO - Processing file /opt/airflow/dags/hello_world.py for tasks to queue
[2026-04-02T12:48:48.508+0000] {logging_mixin.py:190} INFO - [2026-04-02T12:48:48.508+0000] {dagbag.py:588} INFO - Filling up the DagBag from /opt/airflow/dags/hello_world.py
[2026-04-02T12:48:48.517+0000] {processor.py:925} INFO - DAG(s) 'hello_world' retrieved from /opt/airflow/dags/hello_world.py
[2026-04-02T12:48:48.537+0000] {logging_mixin.py:190} INFO - [2026-04-02T12:48:48.537+0000] {dag.py:3239} INFO - Sync 1 DAGs
[2026-04-02T12:48:48.554+0000] {logging_mixin.py:190} INFO - [2026-04-02T12:48:48.554+0000] {dag.py:4180} INFO - Setting next_dagrun for hello_world to 2026-04-02 00:00:00+00:00, run_after=2026-04-03 00:00:00+00:00
[2026-04-02T12:48:48.571+0000] {processor.py:208} INFO - Processing /opt/airflow/dags/hello_world.py took 0.087 seconds
[2026-04-02T12:49:18.740+0000] {processor.py:186} INFO - Started process (PID=5522) to work on /opt/airflow/dags/hello_world.py
[2026-04-02T12:49:18.741+0000] {processor.py:914} INFO - Processing file /opt/airflow/dags/hello_world.py for tasks to queue
[2026-04-02T12:49:18.743+0000] {logging_mixin.py:190} INFO - [2026-04-02T12:49:18.743+0000] {dagbag.py:588} INFO - Filling up the DagBag from /opt/airflow/dags/hello_world.py
[2026-04-02T12:49:18.751+0000] {processor.py:925} INFO - DAG(s) 'hello_world' retrieved from /opt/airflow/dags/hello_world.py
[2026-04-02T12:49:18.773+0000] {logging_mixin.py:190} INFO - [2026-04-02T12:49:18.773+0000] {dag.py:3239} INFO - Sync 1 DAGs
[2026-04-02T12:49:18.791+0000] {logging_mixin.py:190} INFO - [2026-04-02T12:49:18.790+0000] {dag.py:4180} INFO - Setting next_dagrun for hello_world to 2026-04-02 00:00:00+00:00, run_after=2026-04-03 00:00:00+00:00
[2026-04-02T12:49:18.805+0000] {processor.py:208} INFO - Processing /opt/airflow/dags/hello_world.py took 0.070 seconds
[2026-04-02T12:49:49.005+0000] {processor.py:186} INFO - Started process (PID=5532) to work on /opt/airflow/dags/hello_world.py
[2026-04-02T12:49:49.023+0000] {processor.py:914} INFO - Processing file /opt/airflow/dags/hello_world.py for tasks to queue
[2026-04-02T12:49:49.027+0000] {logging_mixin.py:190} INFO - [2026-04-02T12:49:49.026+0000] {dagbag.py:588} INFO - Filling up the DagBag from /opt/airflow/dags/hello_world.py
[2026-04-02T12:49:49.037+0000] {processor.py:925} INFO - DAG(s) 'hello_world' retrieved from /opt/airflow/dags/hello_world.py
[2026-04-02T12:49:49.065+0000] {logging_mixin.py:190} INFO - [2026-04-02T12:49:49.064+0000] {dag.py:3239} INFO - Sync 1 DAGs
[2026-04-02T12:49:49.087+0000] {logging_mixin.py:190} INFO - [2026-04-02T12:49:49.087+0000] {dag.py:4180} INFO - Setting next_dagrun for hello_world to 2026-04-02 00:00:00+00:00, run_after=2026-04-03 00:00:00+00:00
[2026-04-02T12:49:49.107+0000] {processor.py:208} INFO - Processing /opt/airflow/dags/hello_world.py took 0.107 seconds
[2026-04-02T12:50:19.288+0000] {processor.py:186} INFO - Started process (PID=5542) to work on /opt/airflow/dags/hello_world.py
[2026-04-02T12:50:19.289+0000] {processor.py:914} INFO - Processing file /opt/airflow/dags/hello_world.py for tasks to queue
[2026-04-02T12:50:19.291+0000] {logging_mixin.py:190} INFO - [2026-04-02T12:50:19.291+0000] {dagbag.py:588} INFO - Filling up the DagBag from /opt/airflow/dags/hello_world.py
[2026-04-02T12:50:19.301+0000] {processor.py:925} INFO - DAG(s) 'hello_world' retrieved from /opt/airflow/dags/hello_world.py
[2026-04-02T12:50:19.330+0000] {logging_mixin.py:190} INFO - [2026-04-02T12:50:19.330+0000] {dag.py:3239} INFO - Sync 1 DAGs
[2026-04-02T12:50:19.352+0000] {logging_mixin.py:190} INFO - [2026-04-02T12:50:19.352+0000] {dag.py:4180} INFO - Setting next_dagrun for hello_world to 2026-04-02 00:00:00+00:00, run_after=2026-04-03 00:00:00+00:00
[2026-04-02T12:50:19.371+0000] {processor.py:208} INFO - Processing /opt/airflow/dags/hello_world.py took 0.089 seconds
[2026-04-02T12:50:49.590+0000] {processor.py:186} INFO - Started process (PID=5570) to work on /opt/airflow/dags/hello_world.py
[2026-04-02T12:50:49.591+0000] {processor.py:914} INFO - Processing file /opt/airflow/dags/hello_world.py for tasks to queue
[2026-04-02T12:50:49.594+0000] {logging_mixin.py:190} INFO - [2026-04-02T12:50:49.594+0000] {dagbag.py:588} INFO - Filling up the DagBag from /opt/airflow/dags/hello_world.py
[2026-04-02T12:50:49.604+0000] {processor.py:925} INFO - DAG(s) 'hello_world' retrieved from /opt/airflow/dags/hello_world.py
[2026-04-02T12:50:49.630+0000] {logging_mixin.py:190} INFO - [2026-04-02T12:50:49.630+0000] {dag.py:3239} INFO - Sync 1 DAGs
[2026-04-02T12:50:49.654+0000] {logging_mixin.py:190} INFO - [2026-04-02T12:50:49.654+0000] {dag.py:4180} INFO - Setting next_dagrun for hello_world to 2026-04-02 00:00:00+00:00, run_after=2026-04-03 00:00:00+00:00
[2026-04-02T12:50:49.674+0000] {processor.py:208} INFO - Processing /opt/airflow/dags/hello_world.py took 0.090 seconds
[2026-04-02T12:51:19.882+0000] {processor.py:186} INFO - Started process (PID=5598) to work on /opt/airflow/dags/hello_world.py
[2026-04-02T12:51:19.882+0000] {processor.py:914} INFO - Processing file /opt/airflow/dags/hello_world.py for tasks to queue
[2026-04-02T12:51:19.884+0000] {logging_mixin.py:190} INFO - [2026-04-02T12:51:19.884+0000] {dagbag.py:588} INFO - Filling up the DagBag from /opt/airflow/dags/hello_world.py
[2026-04-02T12:51:19.895+0000] {processor.py:925} INFO - DAG(s) 'hello_world' retrieved from /opt/airflow/dags/hello_world.py
[2026-04-02T12:51:19.920+0000] {logging_mixin.py:190} INFO - [2026-04-02T12:51:19.920+0000] {dag.py:3239} INFO - Sync 1 DAGs
[2026-04-02T12:51:19.942+0000] {logging_mixin.py:190} INFO - [2026-04-02T12:51:19.942+0000] {dag.py:4180} INFO - Setting next_dagrun for hello_world to 2026-04-02 00:00:00+00:00, run_after=2026-04-03 00:00:00+00:00
[2026-04-02T12:51:19.962+0000] {processor.py:208} INFO - Processing /opt/airflow/dags/hello_world.py took 0.086 seconds
[2026-04-02T12:51:50.138+0000] {processor.py:186} INFO - Started process (PID=5608) to work on /opt/airflow/dags/hello_world.py
[2026-04-02T12:51:50.139+0000] {processor.py:914} INFO - Processing file /opt/airflow/dags/hello_world.py for tasks to queue
[2026-04-02T12:51:50.141+0000] {logging_mixin.py:190} INFO - [2026-04-02T12:51:50.141+0000] {dagbag.py:588} INFO - Filling up the DagBag from /opt/airflow/dags/hello_world.py
[2026-04-02T12:51:50.149+0000] {processor.py:925} INFO - DAG(s) 'hello_world' retrieved from /opt/airflow/dags/hello_world.py
[2026-04-02T12:51:50.170+0000] {logging_mixin.py:190} INFO - [2026-04-02T12:51:50.170+0000] {dag.py:3239} INFO - Sync 1 DAGs
[2026-04-02T12:51:50.188+0000] {logging_mixin.py:190} INFO - [2026-04-02T12:51:50.188+0000] {dag.py:4180} INFO - Setting next_dagrun for hello_world to 2026-04-02 00:00:00+00:00, run_after=2026-04-03 00:00:00+00:00
[2026-04-02T12:51:50.201+0000] {processor.py:208} INFO - Processing /opt/airflow/dags/hello_world.py took 0.067 seconds
[2026-04-02T12:52:20.373+0000] {processor.py:186} INFO - Started process (PID=5618) to work on /opt/airflow/dags/hello_world.py
[2026-04-02T12:52:20.373+0000] {processor.py:914} INFO - Processing file /opt/airflow/dags/hello_world.py for tasks to queue
[2026-04-02T12:52:20.375+0000] {logging_mixin.py:190} INFO - [2026-04-02T12:52:20.375+0000] {dagbag.py:588} INFO - Filling up the DagBag from /opt/airflow/dags/hello_world.py
[2026-04-02T12:52:20.383+0000] {processor.py:925} INFO - DAG(s) 'hello_world' retrieved from /opt/airflow/dags/hello_world.py
[2026-04-02T12:52:20.403+0000] {logging_mixin.py:190} INFO - [2026-04-02T12:52:20.403+0000] {dag.py:3239} INFO - Sync 1 DAGs
[2026-04-02T12:52:20.422+0000] {logging_mixin.py:190} INFO - [2026-04-02T12:52:20.422+0000] {dag.py:4180} INFO - Setting next_dagrun for hello_world to 2026-04-02 00:00:00+00:00, run_after=2026-04-03 00:00:00+00:00
[2026-04-02T12:52:20.439+0000] {processor.py:208} INFO - Processing /opt/airflow/dags/hello_world.py took 0.071 seconds
[2026-04-02T12:52:50.631+0000] {processor.py:186} INFO - Started process (PID=5628) to work on /opt/airflow/dags/hello_world.py
[2026-04-02T12:52:50.633+0000] {processor.py:914} INFO - Processing file /opt/airflow/dags/hello_world.py for tasks to queue
[2026-04-02T12:52:50.636+0000] {logging_mixin.py:190} INFO - [2026-04-02T12:52:50.636+0000] {dagbag.py:588} INFO - Filling up the DagBag from /opt/airflow/dags/hello_world.py
[2026-04-02T12:52:50.651+0000] {processor.py:925} INFO - DAG(s) 'hello_world' retrieved from /opt/airflow/dags/hello_world.py
[2026-04-02T12:52:50.696+0000] {logging_mixin.py:190} INFO - [2026-04-02T12:52:50.695+0000] {dag.py:3239} INFO - Sync 1 DAGs
[2026-04-02T12:52:50.730+0000] {logging_mixin.py:190} INFO - [2026-04-02T12:52:50.730+0000] {dag.py:4180} INFO - Setting next_dagrun for hello_world to 2026-04-02 00:00:00+00:00, run_after=2026-04-03 00:00:00+00:00
[2026-04-02T12:52:50.761+0000] {processor.py:208} INFO - Processing /opt/airflow/dags/hello_world.py took 0.139 seconds
[2026-04-02T12:53:20.844+0000] {processor.py:186} INFO - Started process (PID=5638) to work on /opt/airflow/dags/hello_world.py
[2026-04-02T12:53:20.846+0000] {processor.py:914} INFO - Processing file /opt/airflow/dags/hello_world.py for tasks to queue
[2026-04-02T12:53:20.850+0000] {logging_mixin.py:190} INFO - [2026-04-02T12:53:20.850+0000] {dagbag.py:588} INFO - Filling up the DagBag from /opt/airflow/dags/hello_world.py
[2026-04-02T12:53:20.878+0000] {processor.py:925} INFO - DAG(s) 'hello_world' retrieved from /opt/airflow/dags/hello_world.py
[2026-04-02T12:53:20.933+0000] {logging_mixin.py:190} INFO - [2026-04-02T12:53:20.933+0000] {dag.py:3239} INFO - Sync 1 DAGs
[2026-04-02T12:53:20.979+0000] {logging_mixin.py:190} INFO - [2026-04-02T12:53:20.978+0000] {dag.py:4180} INFO - Setting next_dagrun for hello_world to 2026-04-02 00:00:00+00:00, run_after=2026-04-03 00:00:00+00:00
[2026-04-02T12:53:21.030+0000] {processor.py:208} INFO - Processing /opt/airflow/dags/hello_world.py took 0.194 seconds
[2026-04-02T12:53:51.384+0000] {processor.py:186} INFO - Started process (PID=5648) to work on /opt/airflow/dags/hello_world.py
[2026-04-02T12:53:51.386+0000] {processor.py:914} INFO - Processing file /opt/airflow/dags/hello_world.py for tasks to queue
[2026-04-02T12:53:51.392+0000] {logging_mixin.py:190} INFO - [2026-04-02T12:53:51.392+0000] {dagbag.py:588} INFO - Filling up the DagBag from /opt/airflow/dags/hello_world.py
[2026-04-02T12:53:51.412+0000] {processor.py:925} INFO - DAG(s) 'hello_world' retrieved from /opt/airflow/dags/hello_world.py
[2026-04-02T12:53:51.465+0000] {logging_mixin.py:190} INFO - [2026-04-02T12:53:51.464+0000] {dag.py:3239} INFO - Sync 1 DAGs
[2026-04-02T12:53:51.509+0000] {logging_mixin.py:190} INFO - [2026-04-02T12:53:51.508+0000] {dag.py:4180} INFO - Setting next_dagrun for hello_world to 2026-04-02 00:00:00+00:00, run_after=2026-04-03 00:00:00+00:00
[2026-04-02T12:53:51.545+0000] {processor.py:208} INFO - Processing /opt/airflow/dags/hello_world.py took 0.175 seconds
[2026-04-02T12:54:21.852+0000] {processor.py:186} INFO - Started process (PID=5658) to work on /opt/airflow/dags/hello_world.py
[2026-04-02T12:54:21.853+0000] {processor.py:914} INFO - Processing file /opt/airflow/dags/hello_world.py for tasks to queue
[2026-04-02T12:54:21.858+0000] {logging_mixin.py:190} INFO - [2026-04-02T12:54:21.857+0000] {dagbag.py:588} INFO - Filling up the DagBag from /opt/airflow/dags/hello_world.py
[2026-04-02T12:54:21.878+0000] {processor.py:925} INFO - DAG(s) 'hello_world' retrieved from /opt/airflow/dags/hello_world.py
[2026-04-02T12:54:21.930+0000] {logging_mixin.py:190} INFO - [2026-04-02T12:54:21.930+0000] {dag.py:3239} INFO - Sync 1 DAGs
[2026-04-02T12:54:21.967+0000] {logging_mixin.py:190} INFO - [2026-04-02T12:54:21.967+0000] {dag.py:4180} INFO - Setting next_dagrun for hello_world to 2026-04-02 00:00:00+00:00, run_after=2026-04-03 00:00:00+00:00
[2026-04-02T12:54:22.001+0000] {processor.py:208} INFO - Processing /opt/airflow/dags/hello_world.py took 0.159 seconds
[2026-04-02T12:54:52.084+0000] {processor.py:186} INFO - Started process (PID=5668) to work on /opt/airflow/dags/hello_world.py
[2026-04-02T12:54:52.086+0000] {processor.py:914} INFO - Processing file /opt/airflow/dags/hello_world.py for tasks to queue
[2026-04-02T12:54:52.090+0000] {logging_mixin.py:190} INFO - [2026-04-02T12:54:52.089+0000] {dagbag.py:588} INFO - Filling up the DagBag from /opt/airflow/dags/hello_world.py
[2026-04-02T12:54:52.112+0000] {processor.py:925} INFO - DAG(s) 'hello_world' retrieved from /opt/airflow/dags/hello_world.py
[2026-04-02T12:54:52.163+0000] {logging_mixin.py:190} INFO - [2026-04-02T12:54:52.162+0000] {dag.py:3239} INFO - Sync 1 DAGs
[2026-04-02T12:54:52.203+0000] {logging_mixin.py:190} INFO - [2026-04-02T12:54:52.202+0000] {dag.py:4180} INFO - Setting next_dagrun for hello_world to 2026-04-02 00:00:00+00:00, run_after=2026-04-03 00:00:00+00:00
[2026-04-02T12:54:52.235+0000] {processor.py:208} INFO - Processing /opt/airflow/dags/hello_world.py took 0.163 seconds
[2026-04-02T12:55:22.485+0000] {processor.py:186} INFO - Started process (PID=5683) to work on /opt/airflow/dags/hello_world.py
[2026-04-02T12:55:22.486+0000] {processor.py:914} INFO - Processing file /opt/airflow/dags/hello_world.py for tasks to queue
[2026-04-02T12:55:22.489+0000] {logging_mixin.py:190} INFO - [2026-04-02T12:55:22.489+0000] {dagbag.py:588} INFO - Filling up the DagBag from /opt/airflow/dags/hello_world.py
[2026-04-02T12:55:22.501+0000] {processor.py:925} INFO - DAG(s) 'hello_world' retrieved from /opt/airflow/dags/hello_world.py
[2026-04-02T12:55:22.536+0000] {logging_mixin.py:190} INFO - [2026-04-02T12:55:22.536+0000] {dag.py:3239} INFO - Sync 1 DAGs
[2026-04-02T12:55:22.566+0000] {logging_mixin.py:190} INFO - [2026-04-02T12:55:22.566+0000] {dag.py:4180} INFO - Setting next_dagrun for hello_world to 2026-04-02 00:00:00+00:00, run_after=2026-04-03 00:00:00+00:00
[2026-04-02T12:55:22.586+0000] {processor.py:208} INFO - Processing /opt/airflow/dags/hello_world.py took 0.108 seconds
[2026-04-02T12:55:52.773+0000] {processor.py:186} INFO - Started process (PID=5693) to work on /opt/airflow/dags/hello_world.py
[2026-04-02T12:55:52.774+0000] {processor.py:914} INFO - Processing file /opt/airflow/dags/hello_world.py for tasks to queue
[2026-04-02T12:55:52.777+0000] {logging_mixin.py:190} INFO - [2026-04-02T12:55:52.776+0000] {dagbag.py:588} INFO - Filling up the DagBag from /opt/airflow/dags/hello_world.py
[2026-04-02T12:55:52.788+0000] {processor.py:925} INFO - DAG(s) 'hello_world' retrieved from /opt/airflow/dags/hello_world.py
[2026-04-02T12:55:52.811+0000] {logging_mixin.py:190} INFO - [2026-04-02T12:55:52.811+0000] {dag.py:3239} INFO - Sync 1 DAGs
[2026-04-02T12:55:52.830+0000] {logging_mixin.py:190} INFO - [2026-04-02T12:55:52.830+0000] {dag.py:4180} INFO - Setting next_dagrun for hello_world to 2026-04-02 00:00:00+00:00, run_after=2026-04-03 00:00:00+00:00
[2026-04-02T12:55:52.845+0000] {processor.py:208} INFO - Processing /opt/airflow/dags/hello_world.py took 0.076 seconds
[2026-04-02T12:56:23.030+0000] {processor.py:186} INFO - Started process (PID=5703) to work on /opt/airflow/dags/hello_world.py
[2026-04-02T12:56:23.031+0000] {processor.py:914} INFO - Processing file /opt/airflow/dags/hello_world.py for tasks to queue
[2026-04-02T12:56:23.032+0000] {logging_mixin.py:190} INFO - [2026-04-02T12:56:23.032+0000] {dagbag.py:588} INFO - Filling up the DagBag from /opt/airflow/dags/hello_world.py
[2026-04-02T12:56:23.041+0000] {processor.py:925} INFO - DAG(s) 'hello_world' retrieved from /opt/airflow/dags/hello_world.py
[2026-04-02T12:56:23.066+0000] {logging_mixin.py:190} INFO - [2026-04-02T12:56:23.066+0000] {dag.py:3239} INFO - Sync 1 DAGs
[2026-04-02T12:56:23.088+0000] {logging_mixin.py:190} INFO - [2026-04-02T12:56:23.088+0000] {dag.py:4180} INFO - Setting next_dagrun for hello_world to 2026-04-02 00:00:00+00:00, run_after=2026-04-03 00:00:00+00:00
[2026-04-02T12:56:23.104+0000] {processor.py:208} INFO - Processing /opt/airflow/dags/hello_world.py took 0.079 seconds
[2026-04-02T12:56:53.231+0000] {processor.py:186} INFO - Started process (PID=5713) to work on /opt/airflow/dags/hello_world.py
[2026-04-02T12:56:53.232+0000] {processor.py:914} INFO - Processing file /opt/airflow/dags/hello_world.py for tasks to queue
[2026-04-02T12:56:53.233+0000] {logging_mixin.py:190} INFO - [2026-04-02T12:56:53.233+0000] {dagbag.py:588} INFO - Filling up the DagBag from /opt/airflow/dags/hello_world.py
[2026-04-02T12:56:53.244+0000] {processor.py:925} INFO - DAG(s) 'hello_world' retrieved from /opt/airflow/dags/hello_world.py
[2026-04-02T12:56:53.268+0000] {logging_mixin.py:190} INFO - [2026-04-02T12:56:53.267+0000] {dag.py:3239} INFO - Sync 1 DAGs
[2026-04-02T12:56:53.287+0000] {logging_mixin.py:190} INFO - [2026-04-02T12:56:53.287+0000] {dag.py:4180} INFO - Setting next_dagrun for hello_world to 2026-04-02 00:00:00+00:00, run_after=2026-04-03 00:00:00+00:00
[2026-04-02T12:56:53.301+0000] {processor.py:208} INFO - Processing /opt/airflow/dags/hello_world.py took 0.074 seconds
[2026-04-02T12:57:23.477+0000] {processor.py:186} INFO - Started process (PID=5723) to work on /opt/airflow/dags/hello_world.py
[2026-04-02T12:57:23.477+0000] {processor.py:914} INFO - Processing file /opt/airflow/dags/hello_world.py for tasks to queue
[2026-04-02T12:57:23.478+0000] {logging_mixin.py:190} INFO - [2026-04-02T12:57:23.478+0000] {dagbag.py:588} INFO - Filling up the DagBag from /opt/airflow/dags/hello_world.py
[2026-04-02T12:57:23.487+0000] {processor.py:925} INFO - DAG(s) 'hello_world' retrieved from /opt/airflow/dags/hello_world.py
[2026-04-02T12:57:23.508+0000] {logging_mixin.py:190} INFO - [2026-04-02T12:57:23.508+0000] {dag.py:3239} INFO - Sync 1 DAGs
[2026-04-02T12:57:23.527+0000] {logging_mixin.py:190} INFO - [2026-04-02T12:57:23.527+0000] {dag.py:4180} INFO - Setting next_dagrun for hello_world to 2026-04-02 00:00:00+00:00, run_after=2026-04-03 00:00:00+00:00
[2026-04-02T12:57:23.541+0000] {processor.py:208} INFO - Processing /opt/airflow/dags/hello_world.py took 0.069 seconds
[2026-04-02T12:57:53.701+0000] {processor.py:186} INFO - Started process (PID=5733) to work on /opt/airflow/dags/hello_world.py
[2026-04-02T12:57:53.718+0000] {processor.py:914} INFO - Processing file /opt/airflow/dags/hello_world.py for tasks to queue
[2026-04-02T12:57:53.719+0000] {logging_mixin.py:190} INFO - [2026-04-02T12:57:53.719+0000] {dagbag.py:588} INFO - Filling up the DagBag from /opt/airflow/dags/hello_world.py
[2026-04-02T12:57:53.728+0000] {processor.py:925} INFO - DAG(s) 'hello_world' retrieved from /opt/airflow/dags/hello_world.py
[2026-04-02T12:57:53.751+0000] {logging_mixin.py:190} INFO - [2026-04-02T12:57:53.751+0000] {dag.py:3239} INFO - Sync 1 DAGs
[2026-04-02T12:57:53.773+0000] {logging_mixin.py:190} INFO - [2026-04-02T12:57:53.773+0000] {dag.py:4180} INFO - Setting next_dagrun for hello_world to 2026-04-02 00:00:00+00:00, run_after=2026-04-03 00:00:00+00:00
[2026-04-02T12:57:53.788+0000] {processor.py:208} INFO - Processing /opt/airflow/dags/hello_world.py took 0.091 seconds
[2026-04-02T12:58:23.903+0000] {processor.py:186} INFO - Started process (PID=5743) to work on /opt/airflow/dags/hello_world.py
[2026-04-02T12:58:23.903+0000] {processor.py:914} INFO - Processing file /opt/airflow/dags/hello_world.py for tasks to queue
[2026-04-02T12:58:23.906+0000] {logging_mixin.py:190} INFO - [2026-04-02T12:58:23.905+0000] {dagbag.py:588} INFO - Filling up the DagBag from /opt/airflow/dags/hello_world.py
[2026-04-02T12:58:23.917+0000] {processor.py:925} INFO - DAG(s) 'hello_world' retrieved from /opt/airflow/dags/hello_world.py
[2026-04-02T12:58:23.946+0000] {logging_mixin.py:190} INFO - [2026-04-02T12:58:23.946+0000] {dag.py:3239} INFO - Sync 1 DAGs
[2026-04-02T12:58:23.970+0000] {logging_mixin.py:190} INFO - [2026-04-02T12:58:23.970+0000] {dag.py:4180} INFO - Setting next_dagrun for hello_world to 2026-04-02 00:00:00+00:00, run_after=2026-04-03 00:00:00+00:00
[2026-04-02T12:58:23.987+0000] {processor.py:208} INFO - Processing /opt/airflow/dags/hello_world.py took 0.089 seconds
[2026-04-02T12:58:54.176+0000] {processor.py:186} INFO - Started process (PID=5753) to work on /opt/airflow/dags/hello_world.py
[2026-04-02T12:58:54.177+0000] {processor.py:914} INFO - Processing file /opt/airflow/dags/hello_world.py for tasks to queue
[2026-04-02T12:58:54.178+0000] {logging_mixin.py:190} INFO - [2026-04-02T12:58:54.178+0000] {dagbag.py:588} INFO - Filling up the DagBag from /opt/airflow/dags/hello_world.py
[2026-04-02T12:58:54.187+0000] {processor.py:925} INFO - DAG(s) 'hello_world' retrieved from /opt/airflow/dags/hello_world.py
[2026-04-02T12:58:54.209+0000] {logging_mixin.py:190} INFO - [2026-04-02T12:58:54.209+0000] {dag.py:3239} INFO - Sync 1 DAGs
[2026-04-02T12:58:54.230+0000] {logging_mixin.py:190} INFO - [2026-04-02T12:58:54.230+0000] {dag.py:4180} INFO - Setting next_dagrun for hello_world to 2026-04-02 00:00:00+00:00, run_after=2026-04-03 00:00:00+00:00
[2026-04-02T12:58:54.244+0000] {processor.py:208} INFO - Processing /opt/airflow/dags/hello_world.py took 0.072 seconds
[2026-04-02T12:59:24.416+0000] {processor.py:186} INFO - Started process (PID=5763) to work on /opt/airflow/dags/hello_world.py
[2026-04-02T12:59:24.417+0000] {processor.py:914} INFO - Processing file /opt/airflow/dags/hello_world.py for tasks to queue
[2026-04-02T12:59:24.418+0000] {logging_mixin.py:190} INFO - [2026-04-02T12:59:24.417+0000] {dagbag.py:588} INFO - Filling up the DagBag from /opt/airflow/dags/hello_world.py
[2026-04-02T12:59:24.427+0000] {processor.py:925} INFO - DAG(s) 'hello_world' retrieved from /opt/airflow/dags/hello_world.py
[2026-04-02T12:59:24.451+0000] {logging_mixin.py:190} INFO - [2026-04-02T12:59:24.450+0000] {dag.py:3239} INFO - Sync 1 DAGs
[2026-04-02T12:59:24.472+0000] {logging_mixin.py:190} INFO - [2026-04-02T12:59:24.471+0000] {dag.py:4180} INFO - Setting next_dagrun for hello_world to 2026-04-02 00:00:00+00:00, run_after=2026-04-03 00:00:00+00:00
[2026-04-02T12:59:24.490+0000] {processor.py:208} INFO - Processing /opt/airflow/dags/hello_world.py took 0.080 seconds
[2026-04-02T12:59:54.610+0000] {processor.py:186} INFO - Started process (PID=5773) to work on /opt/airflow/dags/hello_world.py
[2026-04-02T12:59:54.612+0000] {processor.py:914} INFO - Processing file /opt/airflow/dags/hello_world.py for tasks to queue
[2026-04-02T12:59:54.613+0000] {logging_mixin.py:190} INFO - [2026-04-02T12:59:54.612+0000] {dagbag.py:588} INFO - Filling up the DagBag from /opt/airflow/dags/hello_world.py
[2026-04-02T12:59:54.622+0000] {processor.py:925} INFO - DAG(s) 'hello_world' retrieved from /opt/airflow/dags/hello_world.py
[2026-04-02T12:59:54.644+0000] {logging_mixin.py:190} INFO - [2026-04-02T12:59:54.643+0000] {dag.py:3239} INFO - Sync 1 DAGs
[2026-04-02T12:59:54.662+0000] {logging_mixin.py:190} INFO - [2026-04-02T12:59:54.662+0000] {dag.py:4180} INFO - Setting next_dagrun for hello_world to 2026-04-02 00:00:00+00:00, run_after=2026-04-03 00:00:00+00:00
[2026-04-02T12:59:54.676+0000] {processor.py:208} INFO - Processing /opt/airflow/dags/hello_world.py took 0.071 seconds
[2026-04-02T13:00:24.837+0000] {processor.py:186} INFO - Started process (PID=5783) to work on /opt/airflow/dags/hello_world.py
[2026-04-02T13:00:24.837+0000] {processor.py:914} INFO - Processing file /opt/airflow/dags/hello_world.py for tasks to queue
[2026-04-02T13:00:24.838+0000] {logging_mixin.py:190} INFO - [2026-04-02T13:00:24.838+0000] {dagbag.py:588} INFO - Filling up the DagBag from /opt/airflow/dags/hello_world.py
[2026-04-02T13:00:24.848+0000] {processor.py:925} INFO - DAG(s) 'hello_world' retrieved from /opt/airflow/dags/hello_world.py
[2026-04-02T13:00:24.872+0000] {logging_mixin.py:190} INFO - [2026-04-02T13:00:24.872+0000] {dag.py:3239} INFO - Sync 1 DAGs
[2026-04-02T13:00:24.894+0000] {logging_mixin.py:190} INFO - [2026-04-02T13:00:24.894+0000] {dag.py:4180} INFO - Setting next_dagrun for hello_world to 2026-04-02 00:00:00+00:00, run_after=2026-04-03 00:00:00+00:00
[2026-04-02T13:00:24.912+0000] {processor.py:208} INFO - Processing /opt/airflow/dags/hello_world.py took 0.080 seconds
[2026-04-02T13:00:55.083+0000] {processor.py:186} INFO - Started process (PID=5793) to work on /opt/airflow/dags/hello_world.py
[2026-04-02T13:00:55.100+0000] {processor.py:914} INFO - Processing file /opt/airflow/dags/hello_world.py for tasks to queue
[2026-04-02T13:00:55.102+0000] {logging_mixin.py:190} INFO - [2026-04-02T13:00:55.101+0000] {dagbag.py:588} INFO - Filling up the DagBag from /opt/airflow/dags/hello_world.py
[2026-04-02T13:00:55.116+0000] {processor.py:925} INFO - DAG(s) 'hello_world' retrieved from /opt/airflow/dags/hello_world.py
[2026-04-02T13:00:55.153+0000] {logging_mixin.py:190} INFO - [2026-04-02T13:00:55.152+0000] {dag.py:3239} INFO - Sync 1 DAGs
[2026-04-02T13:00:55.184+0000] {logging_mixin.py:190} INFO - [2026-04-02T13:00:55.184+0000] {dag.py:4180} INFO - Setting next_dagrun for hello_world to 2026-04-02 00:00:00+00:00, run_after=2026-04-03 00:00:00+00:00
[2026-04-02T13:00:55.204+0000] {processor.py:208} INFO - Processing /opt/airflow/dags/hello_world.py took 0.129 seconds
[2026-04-02T13:01:25.514+0000] {processor.py:186} INFO - Started process (PID=5803) to work on /opt/airflow/dags/hello_world.py
[2026-04-02T13:01:25.516+0000] {processor.py:914} INFO - Processing file /opt/airflow/dags/hello_world.py for tasks to queue
[2026-04-02T13:01:25.518+0000] {logging_mixin.py:190} INFO - [2026-04-02T13:01:25.517+0000] {dagbag.py:588} INFO - Filling up the DagBag from /opt/airflow/dags/hello_world.py
[2026-04-02T13:01:25.538+0000] {processor.py:925} INFO - DAG(s) 'hello_world' retrieved from /opt/airflow/dags/hello_world.py
[2026-04-02T13:01:25.585+0000] {logging_mixin.py:190} INFO - [2026-04-02T13:01:25.584+0000] {dag.py:3239} INFO - Sync 1 DAGs
[2026-04-02T13:01:25.629+0000] {logging_mixin.py:190} INFO - [2026-04-02T13:01:25.629+0000] {dag.py:4180} INFO - Setting next_dagrun for hello_world to 2026-04-02 00:00:00+00:00, run_after=2026-04-03 00:00:00+00:00
[2026-04-02T13:01:25.663+0000] {processor.py:208} INFO - Processing /opt/airflow/dags/hello_world.py took 0.165 seconds
[2026-04-02T13:01:55.996+0000] {processor.py:186} INFO - Started process (PID=5840) to work on /opt/airflow/dags/hello_world.py
[2026-04-02T13:01:56.000+0000] {processor.py:914} INFO - Processing file /opt/airflow/dags/hello_world.py for tasks to queue
[2026-04-02T13:01:56.004+0000] {logging_mixin.py:190} INFO - [2026-04-02T13:01:56.003+0000] {dagbag.py:588} INFO - Filling up the DagBag from /opt/airflow/dags/hello_world.py
[2026-04-02T13:01:56.036+0000] {processor.py:925} INFO - DAG(s) 'hello_world' retrieved from /opt/airflow/dags/hello_world.py
[2026-04-02T13:01:56.101+0000] {logging_mixin.py:190} INFO - [2026-04-02T13:01:56.101+0000] {dag.py:3239} INFO - Sync 1 DAGs
[2026-04-02T13:01:56.157+0000] {logging_mixin.py:190} INFO - [2026-04-02T13:01:56.156+0000] {dag.py:4180} INFO - Setting next_dagrun for hello_world to 2026-04-02 00:00:00+00:00, run_after=2026-04-03 00:00:00+00:00
[2026-04-02T13:01:56.217+0000] {processor.py:208} INFO - Processing /opt/airflow/dags/hello_world.py took 0.237 seconds
[2026-04-02T13:02:26.529+0000] {processor.py:186} INFO - Started process (PID=5856) to work on /opt/airflow/dags/hello_world.py
[2026-04-02T13:02:26.530+0000] {processor.py:914} INFO - Processing file /opt/airflow/dags/hello_world.py for tasks to queue
[2026-04-02T13:02:26.530+0000] {logging_mixin.py:190} INFO - [2026-04-02T13:02:26.530+0000] {dagbag.py:588} INFO - Filling up the DagBag from /opt/airflow/dags/hello_world.py
[2026-04-02T13:02:26.542+0000] {processor.py:925} INFO - DAG(s) 'hello_world' retrieved from /opt/airflow/dags/hello_world.py
[2026-04-02T13:02:26.568+0000] {logging_mixin.py:190} INFO - [2026-04-02T13:02:26.567+0000] {dag.py:3239} INFO - Sync 1 DAGs
[2026-04-02T13:02:26.589+0000] {logging_mixin.py:190} INFO - [2026-04-02T13:02:26.589+0000] {dag.py:4180} INFO - Setting next_dagrun for hello_world to 2026-04-02 00:00:00+00:00, run_after=2026-04-03 00:00:00+00:00
[2026-04-02T13:02:26.608+0000] {processor.py:208} INFO - Processing /opt/airflow/dags/hello_world.py took 0.086 seconds
[2026-04-02T13:02:56.925+0000] {processor.py:186} INFO - Started process (PID=5866) to work on /opt/airflow/dags/hello_world.py
[2026-04-02T13:02:56.927+0000] {processor.py:914} INFO - Processing file /opt/airflow/dags/hello_world.py for tasks to queue
[2026-04-02T13:02:56.931+0000] {logging_mixin.py:190} INFO - [2026-04-02T13:02:56.930+0000] {dagbag.py:588} INFO - Filling up the DagBag from /opt/airflow/dags/hello_world.py
[2026-04-02T13:02:56.959+0000] {processor.py:925} INFO - DAG(s) 'hello_world' retrieved from /opt/airflow/dags/hello_world.py
[2026-04-02T13:02:57.021+0000] {logging_mixin.py:190} INFO - [2026-04-02T13:02:57.020+0000] {dag.py:3239} INFO - Sync 1 DAGs
[2026-04-02T13:02:57.090+0000] {logging_mixin.py:190} INFO - [2026-04-02T13:02:57.089+0000] {dag.py:4180} INFO - Setting next_dagrun for hello_world to 2026-04-02 00:00:00+00:00, run_after=2026-04-03 00:00:00+00:00
[2026-04-02T13:02:57.137+0000] {processor.py:208} INFO - Processing /opt/airflow/dags/hello_world.py took 0.230 seconds
[2026-04-02T13:03:27.463+0000] {processor.py:186} INFO - Started process (PID=5876) to work on /opt/airflow/dags/hello_world.py
[2026-04-02T13:03:27.464+0000] {processor.py:914} INFO - Processing file /opt/airflow/dags/hello_world.py for tasks to queue
[2026-04-02T13:03:27.467+0000] {logging_mixin.py:190} INFO - [2026-04-02T13:03:27.466+0000] {dagbag.py:588} INFO - Filling up the DagBag from /opt/airflow/dags/hello_world.py
[2026-04-02T13:03:27.493+0000] {processor.py:925} INFO - DAG(s) 'hello_world' retrieved from /opt/airflow/dags/hello_world.py
[2026-04-02T13:03:27.554+0000] {logging_mixin.py:190} INFO - [2026-04-02T13:03:27.553+0000] {dag.py:3239} INFO - Sync 1 DAGs
[2026-04-02T13:03:27.607+0000] {logging_mixin.py:190} INFO - [2026-04-02T13:03:27.606+0000] {dag.py:4180} INFO - Setting next_dagrun for hello_world to 2026-04-02 00:00:00+00:00, run_after=2026-04-03 00:00:00+00:00
[2026-04-02T13:03:27.645+0000] {processor.py:208} INFO - Processing /opt/airflow/dags/hello_world.py took 0.197 seconds
[2026-04-02T13:03:57.985+0000] {processor.py:186} INFO - Started process (PID=5886) to work on /opt/airflow/dags/hello_world.py
[2026-04-02T13:03:57.988+0000] {processor.py:914} INFO - Processing file /opt/airflow/dags/hello_world.py for tasks to queue
[2026-04-02T13:03:57.990+0000] {logging_mixin.py:190} INFO - [2026-04-02T13:03:57.989+0000] {dagbag.py:588} INFO - Filling up the DagBag from /opt/airflow/dags/hello_world.py
[2026-04-02T13:03:58.011+0000] {processor.py:925} INFO - DAG(s) 'hello_world' retrieved from /opt/airflow/dags/hello_world.py
[2026-04-02T13:03:58.037+0000] {logging_mixin.py:190} INFO - [2026-04-02T13:03:58.037+0000] {dag.py:3239} INFO - Sync 1 DAGs
[2026-04-02T13:03:58.060+0000] {logging_mixin.py:190} INFO - [2026-04-02T13:03:58.059+0000] {dag.py:4180} INFO - Setting next_dagrun for hello_world to 2026-04-02 00:00:00+00:00, run_after=2026-04-03 00:00:00+00:00
[2026-04-02T13:03:58.075+0000] {processor.py:208} INFO - Processing /opt/airflow/dags/hello_world.py took 0.106 seconds
[2026-04-02T13:04:28.415+0000] {processor.py:186} INFO - Started process (PID=5896) to work on /opt/airflow/dags/hello_world.py
[2026-04-02T13:04:28.416+0000] {processor.py:914} INFO - Processing file /opt/airflow/dags/hello_world.py for tasks to queue
[2026-04-02T13:04:28.419+0000] {logging_mixin.py:190} INFO - [2026-04-02T13:04:28.418+0000] {dagbag.py:588} INFO - Filling up the DagBag from /opt/airflow/dags/hello_world.py
[2026-04-02T13:04:28.446+0000] {processor.py:925} INFO - DAG(s) 'hello_world' retrieved from /opt/airflow/dags/hello_world.py
[2026-04-02T13:04:28.516+0000] {logging_mixin.py:190} INFO - [2026-04-02T13:04:28.516+0000] {dag.py:3239} INFO - Sync 1 DAGs
[2026-04-02T13:04:28.577+0000] {logging_mixin.py:190} INFO - [2026-04-02T13:04:28.577+0000] {dag.py:4180} INFO - Setting next_dagrun for hello_world to 2026-04-02 00:00:00+00:00, run_after=2026-04-03 00:00:00+00:00
[2026-04-02T13:04:28.622+0000] {processor.py:208} INFO - Processing /opt/airflow/dags/hello_world.py took 0.223 seconds
[2026-04-02T13:04:58.984+0000] {processor.py:186} INFO - Started process (PID=5906) to work on /opt/airflow/dags/hello_world.py
[2026-04-02T13:04:59.004+0000] {processor.py:914} INFO - Processing file /opt/airflow/dags/hello_world.py for tasks to queue
[2026-04-02T13:04:59.009+0000] {logging_mixin.py:190} INFO - [2026-04-02T13:04:59.008+0000] {dagbag.py:588} INFO - Filling up the DagBag from /opt/airflow/dags/hello_world.py
[2026-04-02T13:04:59.035+0000] {processor.py:925} INFO - DAG(s) 'hello_world' retrieved from /opt/airflow/dags/hello_world.py
[2026-04-02T13:04:59.111+0000] {logging_mixin.py:190} INFO - [2026-04-02T13:04:59.111+0000] {dag.py:3239} INFO - Sync 1 DAGs
[2026-04-02T13:04:59.184+0000] {logging_mixin.py:190} INFO - [2026-04-02T13:04:59.183+0000] {dag.py:4180} INFO - Setting next_dagrun for hello_world to 2026-04-02 00:00:00+00:00, run_after=2026-04-03 00:00:00+00:00
[2026-04-02T13:04:59.252+0000] {processor.py:208} INFO - Processing /opt/airflow/dags/hello_world.py took 0.286 seconds
[2026-04-02T13:05:29.308+0000] {processor.py:186} INFO - Started process (PID=5916) to work on /opt/airflow/dags/hello_world.py
[2026-04-02T13:05:29.310+0000] {processor.py:914} INFO - Processing file /opt/airflow/dags/hello_world.py for tasks to queue
[2026-04-02T13:05:29.311+0000] {logging_mixin.py:190} INFO - [2026-04-02T13:05:29.311+0000] {dagbag.py:588} INFO - Filling up the DagBag from /opt/airflow/dags/hello_world.py
[2026-04-02T13:05:29.331+0000] {processor.py:925} INFO - DAG(s) 'hello_world' retrieved from /opt/airflow/dags/hello_world.py
[2026-04-02T13:05:29.377+0000] {logging_mixin.py:190} INFO - [2026-04-02T13:05:29.376+0000] {dag.py:3239} INFO - Sync 1 DAGs
[2026-04-02T13:05:29.411+0000] {logging_mixin.py:190} INFO - [2026-04-02T13:05:29.411+0000] {dag.py:4180} INFO - Setting next_dagrun for hello_world to 2026-04-02 00:00:00+00:00, run_after=2026-04-03 00:00:00+00:00
[2026-04-02T13:05:29.460+0000] {processor.py:208} INFO - Processing /opt/airflow/dags/hello_world.py took 0.162 seconds
[2026-04-02T13:05:59.792+0000] {processor.py:186} INFO - Started process (PID=5926) to work on /opt/airflow/dags/hello_world.py
[2026-04-02T13:05:59.794+0000] {processor.py:914} INFO - Processing file /opt/airflow/dags/hello_world.py for tasks to queue
[2026-04-02T13:05:59.797+0000] {logging_mixin.py:190} INFO - [2026-04-02T13:05:59.796+0000] {dagbag.py:588} INFO - Filling up the DagBag from /opt/airflow/dags/hello_world.py
[2026-04-02T13:05:59.830+0000] {processor.py:925} INFO - DAG(s) 'hello_world' retrieved from /opt/airflow/dags/hello_world.py
[2026-04-02T13:05:59.909+0000] {logging_mixin.py:190} INFO - [2026-04-02T13:05:59.908+0000] {dag.py:3239} INFO - Sync 1 DAGs
[2026-04-02T13:05:59.992+0000] {logging_mixin.py:190} INFO - [2026-04-02T13:05:59.991+0000] {dag.py:4180} INFO - Setting next_dagrun for hello_world to 2026-04-02 00:00:00+00:00, run_after=2026-04-03 00:00:00+00:00
[2026-04-02T13:06:00.036+0000] {processor.py:208} INFO - Processing /opt/airflow/dags/hello_world.py took 0.258 seconds
[2026-04-02T13:06:30.397+0000] {processor.py:186} INFO - Started process (PID=5936) to work on /opt/airflow/dags/hello_world.py
[2026-04-02T13:06:30.398+0000] {processor.py:914} INFO - Processing file /opt/airflow/dags/hello_world.py for tasks to queue
[2026-04-02T13:06:30.401+0000] {logging_mixin.py:190} INFO - [2026-04-02T13:06:30.400+0000] {dagbag.py:588} INFO - Filling up the DagBag from /opt/airflow/dags/hello_world.py
[2026-04-02T13:06:30.423+0000] {processor.py:925} INFO - DAG(s) 'hello_world' retrieved from /opt/airflow/dags/hello_world.py
[2026-04-02T13:06:30.460+0000] {logging_mixin.py:190} INFO - [2026-04-02T13:06:30.460+0000] {dag.py:3239} INFO - Sync 1 DAGs
[2026-04-02T13:06:30.489+0000] {logging_mixin.py:190} INFO - [2026-04-02T13:06:30.488+0000] {dag.py:4180} INFO - Setting next_dagrun for hello_world to 2026-04-02 00:00:00+00:00, run_after=2026-04-03 00:00:00+00:00
[2026-04-02T13:06:30.514+0000] {processor.py:208} INFO - Processing /opt/airflow/dags/hello_world.py took 0.135 seconds
[2026-04-02T13:07:00.858+0000] {processor.py:186} INFO - Started process (PID=5946) to work on /opt/airflow/dags/hello_world.py
[2026-04-02T13:07:00.860+0000] {processor.py:914} INFO - Processing file /opt/airflow/dags/hello_world.py for tasks to queue
[2026-04-02T13:07:00.862+0000] {logging_mixin.py:190} INFO - [2026-04-02T13:07:00.861+0000] {dagbag.py:588} INFO - Filling up the DagBag from /opt/airflow/dags/hello_world.py
[2026-04-02T13:07:00.879+0000] {processor.py:925} INFO - DAG(s) 'hello_world' retrieved from /opt/airflow/dags/hello_world.py
[2026-04-02T13:07:00.926+0000] {logging_mixin.py:190} INFO - [2026-04-02T13:07:00.925+0000] {dag.py:3239} INFO - Sync 1 DAGs
[2026-04-02T13:07:00.986+0000] {logging_mixin.py:190} INFO - [2026-04-02T13:07:00.985+0000] {dag.py:4180} INFO - Setting next_dagrun for hello_world to 2026-04-02 00:00:00+00:00, run_after=2026-04-03 00:00:00+00:00
[2026-04-02T13:07:01.026+0000] {processor.py:208} INFO - Processing /opt/airflow/dags/hello_world.py took 0.181 seconds
[2026-04-02T13:07:31.357+0000] {processor.py:186} INFO - Started process (PID=5956) to work on /opt/airflow/dags/hello_world.py
[2026-04-02T13:07:31.358+0000] {processor.py:914} INFO - Processing file /opt/airflow/dags/hello_world.py for tasks to queue
[2026-04-02T13:07:31.360+0000] {logging_mixin.py:190} INFO - [2026-04-02T13:07:31.359+0000] {dagbag.py:588} INFO - Filling up the DagBag from /opt/airflow/dags/hello_world.py
[2026-04-02T13:07:31.386+0000] {processor.py:925} INFO - DAG(s) 'hello_world' retrieved from /opt/airflow/dags/hello_world.py
[2026-04-02T13:07:31.448+0000] {logging_mixin.py:190} INFO - [2026-04-02T13:07:31.447+0000] {dag.py:3239} INFO - Sync 1 DAGs
[2026-04-02T13:07:31.509+0000] {logging_mixin.py:190} INFO - [2026-04-02T13:07:31.508+0000] {dag.py:4180} INFO - Setting next_dagrun for hello_world to 2026-04-02 00:00:00+00:00, run_after=2026-04-03 00:00:00+00:00
[2026-04-02T13:07:31.554+0000] {processor.py:208} INFO - Processing /opt/airflow/dags/hello_world.py took 0.210 seconds
[2026-04-02T13:08:01.919+0000] {processor.py:186} INFO - Started process (PID=5966) to work on /opt/airflow/dags/hello_world.py
[2026-04-02T13:08:01.922+0000] {processor.py:914} INFO - Processing file /opt/airflow/dags/hello_world.py for tasks to queue
[2026-04-02T13:08:01.926+0000] {logging_mixin.py:190} INFO - [2026-04-02T13:08:01.925+0000] {dagbag.py:588} INFO - Filling up the DagBag from /opt/airflow/dags/hello_world.py
[2026-04-02T13:08:01.960+0000] {processor.py:925} INFO - DAG(s) 'hello_world' retrieved from /opt/airflow/dags/hello_world.py
[2026-04-02T13:08:02.054+0000] {logging_mixin.py:190} INFO - [2026-04-02T13:08:02.054+0000] {dag.py:3239} INFO - Sync 1 DAGs
[2026-04-02T13:08:02.120+0000] {logging_mixin.py:190} INFO - [2026-04-02T13:08:02.120+0000] {dag.py:4180} INFO - Setting next_dagrun for hello_world to 2026-04-02 00:00:00+00:00, run_after=2026-04-03 00:00:00+00:00
[2026-04-02T13:08:02.165+0000] {processor.py:208} INFO - Processing /opt/airflow/dags/hello_world.py took 0.263 seconds
[2026-04-02T13:08:32.576+0000] {processor.py:186} INFO - Started process (PID=5976) to work on /opt/airflow/dags/hello_world.py
[2026-04-02T13:08:32.578+0000] {processor.py:914} INFO - Processing file /opt/airflow/dags/hello_world.py for tasks to queue
[2026-04-02T13:08:32.582+0000] {logging_mixin.py:190} INFO - [2026-04-02T13:08:32.581+0000] {dagbag.py:588} INFO - Filling up the DagBag from /opt/airflow/dags/hello_world.py
[2026-04-02T13:08:32.614+0000] {processor.py:925} INFO - DAG(s) 'hello_world' retrieved from /opt/airflow/dags/hello_world.py
[2026-04-02T13:08:32.679+0000] {logging_mixin.py:190} INFO - [2026-04-02T13:08:32.679+0000] {dag.py:3239} INFO - Sync 1 DAGs
[2026-04-02T13:08:32.736+0000] {logging_mixin.py:190} INFO - [2026-04-02T13:08:32.735+0000] {dag.py:4180} INFO - Setting next_dagrun for hello_world to 2026-04-02 00:00:00+00:00, run_after=2026-04-03 00:00:00+00:00
[2026-04-02T13:08:32.784+0000] {processor.py:208} INFO - Processing /opt/airflow/dags/hello_world.py took 0.226 seconds
[2026-04-02T13:09:03.204+0000] {processor.py:186} INFO - Started process (PID=5986) to work on /opt/airflow/dags/hello_world.py
[2026-04-02T13:09:03.207+0000] {processor.py:914} INFO - Processing file /opt/airflow/dags/hello_world.py for tasks to queue
[2026-04-02T13:09:03.209+0000] {logging_mixin.py:190} INFO - [2026-04-02T13:09:03.208+0000] {dagbag.py:588} INFO - Filling up the DagBag from /opt/airflow/dags/hello_world.py
[2026-04-02T13:09:03.235+0000] {processor.py:925} INFO - DAG(s) 'hello_world' retrieved from /opt/airflow/dags/hello_world.py
[2026-04-02T13:09:03.295+0000] {logging_mixin.py:190} INFO - [2026-04-02T13:09:03.294+0000] {dag.py:3239} INFO - Sync 1 DAGs
[2026-04-02T13:09:03.357+0000] {logging_mixin.py:190} INFO - [2026-04-02T13:09:03.356+0000] {dag.py:4180} INFO - Setting next_dagrun for hello_world to 2026-04-02 00:00:00+00:00, run_after=2026-04-03 00:00:00+00:00
[2026-04-02T13:09:03.402+0000] {processor.py:208} INFO - Processing /opt/airflow/dags/hello_world.py took 0.215 seconds
[2026-04-02T13:09:33.800+0000] {processor.py:186} INFO - Started process (PID=6001) to work on /opt/airflow/dags/hello_world.py
[2026-04-02T13:09:33.801+0000] {processor.py:914} INFO - Processing file /opt/airflow/dags/hello_world.py for tasks to queue
[2026-04-02T13:09:33.802+0000] {logging_mixin.py:190} INFO - [2026-04-02T13:09:33.801+0000] {dagbag.py:588} INFO - Filling up the DagBag from /opt/airflow/dags/hello_world.py
[2026-04-02T13:09:33.815+0000] {processor.py:925} INFO - DAG(s) 'hello_world' retrieved from /opt/airflow/dags/hello_world.py
[2026-04-02T13:09:33.848+0000] {logging_mixin.py:190} INFO - [2026-04-02T13:09:33.847+0000] {dag.py:3239} INFO - Sync 1 DAGs
[2026-04-02T13:09:33.881+0000] {logging_mixin.py:190} INFO - [2026-04-02T13:09:33.881+0000] {dag.py:4180} INFO - Setting next_dagrun for hello_world to 2026-04-02 00:00:00+00:00, run_after=2026-04-03 00:00:00+00:00
[2026-04-02T13:09:33.903+0000] {processor.py:208} INFO - Processing /opt/airflow/dags/hello_world.py took 0.108 seconds
[2026-04-02T13:10:04.080+0000] {processor.py:186} INFO - Started process (PID=6038) to work on /opt/airflow/dags/hello_world.py
[2026-04-02T13:10:04.081+0000] {processor.py:914} INFO - Processing file /opt/airflow/dags/hello_world.py for tasks to queue
[2026-04-02T13:10:04.082+0000] {logging_mixin.py:190} INFO - [2026-04-02T13:10:04.082+0000] {dagbag.py:588} INFO - Filling up the DagBag from /opt/airflow/dags/hello_world.py
[2026-04-02T13:10:04.092+0000] {processor.py:925} INFO - DAG(s) 'hello_world' retrieved from /opt/airflow/dags/hello_world.py
[2026-04-02T13:10:04.114+0000] {logging_mixin.py:190} INFO - [2026-04-02T13:10:04.114+0000] {dag.py:3239} INFO - Sync 1 DAGs
[2026-04-02T13:10:04.137+0000] {logging_mixin.py:190} INFO - [2026-04-02T13:10:04.136+0000] {dag.py:4180} INFO - Setting next_dagrun for hello_world to 2026-04-02 00:00:00+00:00, run_after=2026-04-03 00:00:00+00:00
[2026-04-02T13:10:04.154+0000] {processor.py:208} INFO - Processing /opt/airflow/dags/hello_world.py took 0.080 seconds
[2026-04-02T13:10:34.513+0000] {processor.py:186} INFO - Started process (PID=6057) to work on /opt/airflow/dags/hello_world.py
[2026-04-02T13:10:34.514+0000] {processor.py:914} INFO - Processing file /opt/airflow/dags/hello_world.py for tasks to queue
[2026-04-02T13:10:34.515+0000] {logging_mixin.py:190} INFO - [2026-04-02T13:10:34.514+0000] {dagbag.py:588} INFO - Filling up the DagBag from /opt/airflow/dags/hello_world.py
[2026-04-02T13:10:34.527+0000] {processor.py:925} INFO - DAG(s) 'hello_world' retrieved from /opt/airflow/dags/hello_world.py
[2026-04-02T13:10:34.552+0000] {logging_mixin.py:190} INFO - [2026-04-02T13:10:34.551+0000] {dag.py:3239} INFO - Sync 1 DAGs
[2026-04-02T13:10:34.576+0000] {logging_mixin.py:190} INFO - [2026-04-02T13:10:34.576+0000] {dag.py:4180} INFO - Setting next_dagrun for hello_world to 2026-04-02 00:00:00+00:00, run_after=2026-04-03 00:00:00+00:00
[2026-04-02T13:10:34.598+0000] {processor.py:208} INFO - Processing /opt/airflow/dags/hello_world.py took 0.091 seconds
[2026-04-02T13:11:04.978+0000] {processor.py:186} INFO - Started process (PID=6067) to work on /opt/airflow/dags/hello_world.py
[2026-04-02T13:11:04.980+0000] {processor.py:914} INFO - Processing file /opt/airflow/dags/hello_world.py for tasks to queue
[2026-04-02T13:11:04.982+0000] {logging_mixin.py:190} INFO - [2026-04-02T13:11:04.981+0000] {dagbag.py:588} INFO - Filling up the DagBag from /opt/airflow/dags/hello_world.py
[2026-04-02T13:11:04.994+0000] {processor.py:925} INFO - DAG(s) 'hello_world' retrieved from /opt/airflow/dags/hello_world.py
[2026-04-02T13:11:05.020+0000] {logging_mixin.py:190} INFO - [2026-04-02T13:11:05.019+0000] {dag.py:3239} INFO - Sync 1 DAGs
[2026-04-02T13:11:05.045+0000] {logging_mixin.py:190} INFO - [2026-04-02T13:11:05.044+0000] {dag.py:4180} INFO - Setting next_dagrun for hello_world to 2026-04-02 00:00:00+00:00, run_after=2026-04-03 00:00:00+00:00
[2026-04-02T13:11:05.062+0000] {processor.py:208} INFO - Processing /opt/airflow/dags/hello_world.py took 0.097 seconds
[2026-04-02T13:11:35.343+0000] {processor.py:186} INFO - Started process (PID=6077) to work on /opt/airflow/dags/hello_world.py
[2026-04-02T13:11:35.344+0000] {processor.py:914} INFO - Processing file /opt/airflow/dags/hello_world.py for tasks to queue
[2026-04-02T13:11:35.345+0000] {logging_mixin.py:190} INFO - [2026-04-02T13:11:35.345+0000] {dagbag.py:588} INFO - Filling up the DagBag from /opt/airflow/dags/hello_world.py
[2026-04-02T13:11:35.357+0000] {processor.py:925} INFO - DAG(s) 'hello_world' retrieved from /opt/airflow/dags/hello_world.py
[2026-04-02T13:11:35.383+0000] {logging_mixin.py:190} INFO - [2026-04-02T13:11:35.383+0000] {dag.py:3239} INFO - Sync 1 DAGs
[2026-04-02T13:11:35.406+0000] {logging_mixin.py:190} INFO - [2026-04-02T13:11:35.406+0000] {dag.py:4180} INFO - Setting next_dagrun for hello_world to 2026-04-02 00:00:00+00:00, run_after=2026-04-03 00:00:00+00:00
[2026-04-02T13:11:35.424+0000] {processor.py:208} INFO - Processing /opt/airflow/dags/hello_world.py took 0.087 seconds
[2026-04-02T13:12:05.726+0000] {processor.py:186} INFO - Started process (PID=6087) to work on /opt/airflow/dags/hello_world.py
[2026-04-02T13:12:05.727+0000] {processor.py:914} INFO - Processing file /opt/airflow/dags/hello_world.py for tasks to queue
[2026-04-02T13:12:05.728+0000] {logging_mixin.py:190} INFO - [2026-04-02T13:12:05.728+0000] {dagbag.py:588} INFO - Filling up the DagBag from /opt/airflow/dags/hello_world.py
[2026-04-02T13:12:05.741+0000] {processor.py:925} INFO - DAG(s) 'hello_world' retrieved from /opt/airflow/dags/hello_world.py
[2026-04-02T13:12:05.772+0000] {logging_mixin.py:190} INFO - [2026-04-02T13:12:05.771+0000] {dag.py:3239} INFO - Sync 1 DAGs
[2026-04-02T13:12:05.797+0000] {logging_mixin.py:190} INFO - [2026-04-02T13:12:05.797+0000] {dag.py:4180} INFO - Setting next_dagrun for hello_world to 2026-04-02 00:00:00+00:00, run_after=2026-04-03 00:00:00+00:00
[2026-04-02T13:12:05.816+0000] {processor.py:208} INFO - Processing /opt/airflow/dags/hello_world.py took 0.097 seconds
[2026-04-02T13:12:36.169+0000] {processor.py:186} INFO - Started process (PID=6097) to work on /opt/airflow/dags/hello_world.py
[2026-04-02T13:12:36.170+0000] {processor.py:914} INFO - Processing file /opt/airflow/dags/hello_world.py for tasks to queue
[2026-04-02T13:12:36.171+0000] {logging_mixin.py:190} INFO - [2026-04-02T13:12:36.171+0000] {dagbag.py:588} INFO - Filling up the DagBag from /opt/airflow/dags/hello_world.py
[2026-04-02T13:12:36.189+0000] {processor.py:925} INFO - DAG(s) 'hello_world' retrieved from /opt/airflow/dags/hello_world.py
[2026-04-02T13:12:36.233+0000] {logging_mixin.py:190} INFO - [2026-04-02T13:12:36.233+0000] {dag.py:3239} INFO - Sync 1 DAGs
[2026-04-02T13:12:36.277+0000] {logging_mixin.py:190} INFO - [2026-04-02T13:12:36.276+0000] {dag.py:4180} INFO - Setting next_dagrun for hello_world to 2026-04-02 00:00:00+00:00, run_after=2026-04-03 00:00:00+00:00
[2026-04-02T13:12:36.302+0000] {processor.py:208} INFO - Processing /opt/airflow/dags/hello_world.py took 0.141 seconds
[2026-04-02T13:13:06.680+0000] {processor.py:186} INFO - Started process (PID=6107) to work on /opt/airflow/dags/hello_world.py
[2026-04-02T13:13:06.682+0000] {processor.py:914} INFO - Processing file /opt/airflow/dags/hello_world.py for tasks to queue
[2026-04-02T13:13:06.685+0000] {logging_mixin.py:190} INFO - [2026-04-02T13:13:06.684+0000] {dagbag.py:588} INFO - Filling up the DagBag from /opt/airflow/dags/hello_world.py
[2026-04-02T13:13:06.716+0000] {processor.py:925} INFO - DAG(s) 'hello_world' retrieved from /opt/airflow/dags/hello_world.py
[2026-04-02T13:13:06.791+0000] {logging_mixin.py:190} INFO - [2026-04-02T13:13:06.790+0000] {dag.py:3239} INFO - Sync 1 DAGs
[2026-04-02T13:13:06.857+0000] {logging_mixin.py:190} INFO - [2026-04-02T13:13:06.856+0000] {dag.py:4180} INFO - Setting next_dagrun for hello_world to 2026-04-02 00:00:00+00:00, run_after=2026-04-03 00:00:00+00:00
[2026-04-02T13:13:06.905+0000] {processor.py:208} INFO - Processing /opt/airflow/dags/hello_world.py took 0.241 seconds
[2026-04-02T13:13:37.304+0000] {processor.py:186} INFO - Started process (PID=6117) to work on /opt/airflow/dags/hello_world.py
[2026-04-02T13:13:37.306+0000] {processor.py:914} INFO - Processing file /opt/airflow/dags/hello_world.py for tasks to queue
[2026-04-02T13:13:37.310+0000] {logging_mixin.py:190} INFO - [2026-04-02T13:13:37.308+0000] {dagbag.py:588} INFO - Filling up the DagBag from /opt/airflow/dags/hello_world.py
[2026-04-02T13:13:37.344+0000] {processor.py:925} INFO - DAG(s) 'hello_world' retrieved from /opt/airflow/dags/hello_world.py
[2026-04-02T13:13:37.430+0000] {logging_mixin.py:190} INFO - [2026-04-02T13:13:37.430+0000] {dag.py:3239} INFO - Sync 1 DAGs
[2026-04-02T13:13:37.505+0000] {logging_mixin.py:190} INFO - [2026-04-02T13:13:37.504+0000] {dag.py:4180} INFO - Setting next_dagrun for hello_world to 2026-04-02 00:00:00+00:00, run_after=2026-04-03 00:00:00+00:00
[2026-04-02T13:13:37.529+0000] {processor.py:208} INFO - Processing /opt/airflow/dags/hello_world.py took 0.240 seconds
[2026-04-02T13:14:07.842+0000] {processor.py:186} INFO - Started process (PID=6127) to work on /opt/airflow/dags/hello_world.py
[2026-04-02T13:14:07.844+0000] {processor.py:914} INFO - Processing file /opt/airflow/dags/hello_world.py for tasks to queue
[2026-04-02T13:14:07.846+0000] {logging_mixin.py:190} INFO - [2026-04-02T13:14:07.845+0000] {dagbag.py:588} INFO - Filling up the DagBag from /opt/airflow/dags/hello_world.py
[2026-04-02T13:14:07.858+0000] {processor.py:925} INFO - DAG(s) 'hello_world' retrieved from /opt/airflow/dags/hello_world.py
[2026-04-02T13:14:07.889+0000] {logging_mixin.py:190} INFO - [2026-04-02T13:14:07.888+0000] {dag.py:3239} INFO - Sync 1 DAGs
[2026-04-02T13:14:07.914+0000] {logging_mixin.py:190} INFO - [2026-04-02T13:14:07.914+0000] {dag.py:4180} INFO - Setting next_dagrun for hello_world to 2026-04-02 00:00:00+00:00, run_after=2026-04-03 00:00:00+00:00
[2026-04-02T13:14:07.933+0000] {processor.py:208} INFO - Processing /opt/airflow/dags/hello_world.py took 0.096 seconds
[2026-04-02T13:14:38.189+0000] {processor.py:186} INFO - Started process (PID=6138) to work on /opt/airflow/dags/hello_world.py
[2026-04-02T13:14:38.190+0000] {processor.py:914} INFO - Processing file /opt/airflow/dags/hello_world.py for tasks to queue
[2026-04-02T13:14:38.191+0000] {logging_mixin.py:190} INFO - [2026-04-02T13:14:38.191+0000] {dagbag.py:588} INFO - Filling up the DagBag from /opt/airflow/dags/hello_world.py
[2026-04-02T13:14:38.202+0000] {processor.py:925} INFO - DAG(s) 'hello_world' retrieved from /opt/airflow/dags/hello_world.py
[2026-04-02T13:14:38.230+0000] {logging_mixin.py:190} INFO - [2026-04-02T13:14:38.230+0000] {dag.py:3239} INFO - Sync 1 DAGs
[2026-04-02T13:14:38.251+0000] {logging_mixin.py:190} INFO - [2026-04-02T13:14:38.251+0000] {dag.py:4180} INFO - Setting next_dagrun for hello_world to 2026-04-02 00:00:00+00:00, run_after=2026-04-03 00:00:00+00:00
[2026-04-02T13:14:38.268+0000] {processor.py:208} INFO - Processing /opt/airflow/dags/hello_world.py took 0.085 seconds
[2026-04-02T13:15:08.580+0000] {processor.py:186} INFO - Started process (PID=6148) to work on /opt/airflow/dags/hello_world.py
[2026-04-02T13:15:08.582+0000] {processor.py:914} INFO - Processing file /opt/airflow/dags/hello_world.py for tasks to queue
[2026-04-02T13:15:08.584+0000] {logging_mixin.py:190} INFO - [2026-04-02T13:15:08.584+0000] {dagbag.py:588} INFO - Filling up the DagBag from /opt/airflow/dags/hello_world.py
[2026-04-02T13:15:08.607+0000] {processor.py:925} INFO - DAG(s) 'hello_world' retrieved from /opt/airflow/dags/hello_world.py
[2026-04-02T13:15:08.657+0000] {logging_mixin.py:190} INFO - [2026-04-02T13:15:08.656+0000] {dag.py:3239} INFO - Sync 1 DAGs
[2026-04-02T13:15:08.695+0000] {logging_mixin.py:190} INFO - [2026-04-02T13:15:08.695+0000] {dag.py:4180} INFO - Setting next_dagrun for hello_world to 2026-04-02 00:00:00+00:00, run_after=2026-04-03 00:00:00+00:00
[2026-04-02T13:15:08.734+0000] {processor.py:208} INFO - Processing /opt/airflow/dags/hello_world.py took 0.168 seconds
[2026-04-02T13:15:39.050+0000] {processor.py:186} INFO - Started process (PID=6158) to work on /opt/airflow/dags/hello_world.py
[2026-04-02T13:15:39.053+0000] {processor.py:914} INFO - Processing file /opt/airflow/dags/hello_world.py for tasks to queue
[2026-04-02T13:15:39.056+0000] {logging_mixin.py:190} INFO - [2026-04-02T13:15:39.055+0000] {dagbag.py:588} INFO - Filling up the DagBag from /opt/airflow/dags/hello_world.py
[2026-04-02T13:15:39.087+0000] {processor.py:925} INFO - DAG(s) 'hello_world' retrieved from /opt/airflow/dags/hello_world.py
[2026-04-02T13:15:39.161+0000] {logging_mixin.py:190} INFO - [2026-04-02T13:15:39.160+0000] {dag.py:3239} INFO - Sync 1 DAGs
[2026-04-02T13:15:39.231+0000] {logging_mixin.py:190} INFO - [2026-04-02T13:15:39.230+0000] {dag.py:4180} INFO - Setting next_dagrun for hello_world to 2026-04-02 00:00:00+00:00, run_after=2026-04-03 00:00:00+00:00
[2026-04-02T13:15:39.292+0000] {processor.py:208} INFO - Processing /opt/airflow/dags/hello_world.py took 0.258 seconds
[2026-04-02T13:16:09.379+0000] {processor.py:186} INFO - Started process (PID=6168) to work on /opt/airflow/dags/hello_world.py
[2026-04-02T13:16:09.381+0000] {processor.py:914} INFO - Processing file /opt/airflow/dags/hello_world.py for tasks to queue
[2026-04-02T13:16:09.382+0000] {logging_mixin.py:190} INFO - [2026-04-02T13:16:09.382+0000] {dagbag.py:588} INFO - Filling up the DagBag from /opt/airflow/dags/hello_world.py
[2026-04-02T13:16:09.400+0000] {processor.py:925} INFO - DAG(s) 'hello_world' retrieved from /opt/airflow/dags/hello_world.py
[2026-04-02T13:16:09.456+0000] {logging_mixin.py:190} INFO - [2026-04-02T13:16:09.455+0000] {dag.py:3239} INFO - Sync 1 DAGs
[2026-04-02T13:16:09.503+0000] {logging_mixin.py:190} INFO - [2026-04-02T13:16:09.502+0000] {dag.py:4180} INFO - Setting next_dagrun for hello_world to 2026-04-02 00:00:00+00:00, run_after=2026-04-03 00:00:00+00:00
[2026-04-02T13:16:09.537+0000] {processor.py:208} INFO - Processing /opt/airflow/dags/hello_world.py took 0.169 seconds
[2026-04-02T13:16:40.378+0000] {processor.py:186} INFO - Started process (PID=6178) to work on /opt/airflow/dags/hello_world.py
[2026-04-02T13:16:40.381+0000] {processor.py:914} INFO - Processing file /opt/airflow/dags/hello_world.py for tasks to queue
[2026-04-02T13:16:40.385+0000] {logging_mixin.py:190} INFO - [2026-04-02T13:16:40.383+0000] {dagbag.py:588} INFO - Filling up the DagBag from /opt/airflow/dags/hello_world.py
[2026-04-02T13:16:40.433+0000] {processor.py:925} INFO - DAG(s) 'hello_world' retrieved from /opt/airflow/dags/hello_world.py
[2026-04-02T13:16:40.520+0000] {logging_mixin.py:190} INFO - [2026-04-02T13:16:40.519+0000] {dag.py:3239} INFO - Sync 1 DAGs
[2026-04-02T13:16:40.601+0000] {logging_mixin.py:190} INFO - [2026-04-02T13:16:40.600+0000] {dag.py:4180} INFO - Setting next_dagrun for hello_world to 2026-04-02 00:00:00+00:00, run_after=2026-04-03 00:00:00+00:00
[2026-04-02T13:16:40.659+0000] {processor.py:208} INFO - Processing /opt/airflow/dags/hello_world.py took 0.306 seconds
[2026-04-02T13:17:10.997+0000] {processor.py:186} INFO - Started process (PID=6188) to work on /opt/airflow/dags/hello_world.py
[2026-04-02T13:17:10.998+0000] {processor.py:914} INFO - Processing file /opt/airflow/dags/hello_world.py for tasks to queue
[2026-04-02T13:17:11.000+0000] {logging_mixin.py:190} INFO - [2026-04-02T13:17:10.999+0000] {dagbag.py:588} INFO - Filling up the DagBag from /opt/airflow/dags/hello_world.py
[2026-04-02T13:17:11.019+0000] {processor.py:925} INFO - DAG(s) 'hello_world' retrieved from /opt/airflow/dags/hello_world.py
[2026-04-02T13:17:11.067+0000] {logging_mixin.py:190} INFO - [2026-04-02T13:17:11.066+0000] {dag.py:3239} INFO - Sync 1 DAGs
[2026-04-02T13:17:11.108+0000] {logging_mixin.py:190} INFO - [2026-04-02T13:17:11.108+0000] {dag.py:4180} INFO - Setting next_dagrun for hello_world to 2026-04-02 00:00:00+00:00, run_after=2026-04-03 00:00:00+00:00
[2026-04-02T13:17:11.143+0000] {processor.py:208} INFO - Processing /opt/airflow/dags/hello_world.py took 0.157 seconds
[2026-04-02T13:17:41.427+0000] {processor.py:186} INFO - Started process (PID=6198) to work on /opt/airflow/dags/hello_world.py
[2026-04-02T13:17:41.429+0000] {processor.py:914} INFO - Processing file /opt/airflow/dags/hello_world.py for tasks to queue
[2026-04-02T13:17:41.430+0000] {logging_mixin.py:190} INFO - [2026-04-02T13:17:41.430+0000] {dagbag.py:588} INFO - Filling up the DagBag from /opt/airflow/dags/hello_world.py
[2026-04-02T13:17:41.441+0000] {processor.py:925} INFO - DAG(s) 'hello_world' retrieved from /opt/airflow/dags/hello_world.py
[2026-04-02T13:17:41.465+0000] {logging_mixin.py:190} INFO - [2026-04-02T13:17:41.465+0000] {dag.py:3239} INFO - Sync 1 DAGs
[2026-04-02T13:17:41.488+0000] {logging_mixin.py:190} INFO - [2026-04-02T13:17:41.488+0000] {dag.py:4180} INFO - Setting next_dagrun for hello_world to 2026-04-02 00:00:00+00:00, run_after=2026-04-03 00:00:00+00:00
[2026-04-02T13:17:41.505+0000] {processor.py:208} INFO - Processing /opt/airflow/dags/hello_world.py took 0.084 seconds
[2026-04-02T13:18:11.815+0000] {processor.py:186} INFO - Started process (PID=6208) to work on /opt/airflow/dags/hello_world.py
[2026-04-02T13:18:11.817+0000] {processor.py:914} INFO - Processing file /opt/airflow/dags/hello_world.py for tasks to queue
[2026-04-02T13:18:11.821+0000] {logging_mixin.py:190} INFO - [2026-04-02T13:18:11.820+0000] {dagbag.py:588} INFO - Filling up the DagBag from /opt/airflow/dags/hello_world.py
[2026-04-02T13:18:11.850+0000] {processor.py:925} INFO - DAG(s) 'hello_world' retrieved from /opt/airflow/dags/hello_world.py
[2026-04-02T13:18:11.922+0000] {logging_mixin.py:190} INFO - [2026-04-02T13:18:11.921+0000] {dag.py:3239} INFO - Sync 1 DAGs
[2026-04-02T13:18:11.998+0000] {logging_mixin.py:190} INFO - [2026-04-02T13:18:11.998+0000] {dag.py:4180} INFO - Setting next_dagrun for hello_world to 2026-04-02 00:00:00+00:00, run_after=2026-04-03 00:00:00+00:00
[2026-04-02T13:18:12.050+0000] {processor.py:208} INFO - Processing /opt/airflow/dags/hello_world.py took 0.251 seconds
[2026-04-02T13:18:42.355+0000] {processor.py:186} INFO - Started process (PID=6218) to work on /opt/airflow/dags/hello_world.py
[2026-04-02T13:18:42.357+0000] {processor.py:914} INFO - Processing file /opt/airflow/dags/hello_world.py for tasks to queue
[2026-04-02T13:18:42.358+0000] {logging_mixin.py:190} INFO - [2026-04-02T13:18:42.358+0000] {dagbag.py:588} INFO - Filling up the DagBag from /opt/airflow/dags/hello_world.py
[2026-04-02T13:18:42.369+0000] {processor.py:925} INFO - DAG(s) 'hello_world' retrieved from /opt/airflow/dags/hello_world.py
[2026-04-02T13:18:42.397+0000] {logging_mixin.py:190} INFO - [2026-04-02T13:18:42.397+0000] {dag.py:3239} INFO - Sync 1 DAGs
[2026-04-02T13:18:42.420+0000] {logging_mixin.py:190} INFO - [2026-04-02T13:18:42.420+0000] {dag.py:4180} INFO - Setting next_dagrun for hello_world to 2026-04-02 00:00:00+00:00, run_after=2026-04-03 00:00:00+00:00
[2026-04-02T13:18:42.438+0000] {processor.py:208} INFO - Processing /opt/airflow/dags/hello_world.py took 0.089 seconds
[2026-04-02T13:19:12.757+0000] {processor.py:186} INFO - Started process (PID=6228) to work on /opt/airflow/dags/hello_world.py
[2026-04-02T13:19:12.759+0000] {processor.py:914} INFO - Processing file /opt/airflow/dags/hello_world.py for tasks to queue
[2026-04-02T13:19:12.761+0000] {logging_mixin.py:190} INFO - [2026-04-02T13:19:12.761+0000] {dagbag.py:588} INFO - Filling up the DagBag from /opt/airflow/dags/hello_world.py
[2026-04-02T13:19:12.785+0000] {processor.py:925} INFO - DAG(s) 'hello_world' retrieved from /opt/airflow/dags/hello_world.py
[2026-04-02T13:19:12.844+0000] {logging_mixin.py:190} INFO - [2026-04-02T13:19:12.843+0000] {dag.py:3239} INFO - Sync 1 DAGs
[2026-04-02T13:19:12.887+0000] {logging_mixin.py:190} INFO - [2026-04-02T13:19:12.886+0000] {dag.py:4180} INFO - Setting next_dagrun for hello_world to 2026-04-02 00:00:00+00:00, run_after=2026-04-03 00:00:00+00:00
[2026-04-02T13:19:12.905+0000] {processor.py:208} INFO - Processing /opt/airflow/dags/hello_world.py took 0.162 seconds
[2026-04-02T13:19:43.244+0000] {processor.py:186} INFO - Started process (PID=6238) to work on /opt/airflow/dags/hello_world.py
[2026-04-02T13:19:43.264+0000] {processor.py:914} INFO - Processing file /opt/airflow/dags/hello_world.py for tasks to queue
[2026-04-02T13:19:43.268+0000] {logging_mixin.py:190} INFO - [2026-04-02T13:19:43.267+0000] {dagbag.py:588} INFO - Filling up the DagBag from /opt/airflow/dags/hello_world.py
[2026-04-02T13:19:43.299+0000] {processor.py:925} INFO - DAG(s) 'hello_world' retrieved from /opt/airflow/dags/hello_world.py
[2026-04-02T13:19:43.364+0000] {logging_mixin.py:190} INFO - [2026-04-02T13:19:43.364+0000] {dag.py:3239} INFO - Sync 1 DAGs
[2026-04-02T13:19:43.429+0000] {logging_mixin.py:190} INFO - [2026-04-02T13:19:43.428+0000] {dag.py:4180} INFO - Setting next_dagrun for hello_world to 2026-04-02 00:00:00+00:00, run_after=2026-04-03 00:00:00+00:00
[2026-04-02T13:19:43.481+0000] {processor.py:208} INFO - Processing /opt/airflow/dags/hello_world.py took 0.252 seconds
[2026-04-02T13:20:13.804+0000] {processor.py:186} INFO - Started process (PID=6248) to work on /opt/airflow/dags/hello_world.py
[2026-04-02T13:20:13.805+0000] {processor.py:914} INFO - Processing file /opt/airflow/dags/hello_world.py for tasks to queue
[2026-04-02T13:20:13.808+0000] {logging_mixin.py:190} INFO - [2026-04-02T13:20:13.807+0000] {dagbag.py:588} INFO - Filling up the DagBag from /opt/airflow/dags/hello_world.py
[2026-04-02T13:20:13.819+0000] {processor.py:925} INFO - DAG(s) 'hello_world' retrieved from /opt/airflow/dags/hello_world.py
[2026-04-02T13:20:13.846+0000] {logging_mixin.py:190} INFO - [2026-04-02T13:20:13.846+0000] {dag.py:3239} INFO - Sync 1 DAGs
[2026-04-02T13:20:13.867+0000] {logging_mixin.py:190} INFO - [2026-04-02T13:20:13.867+0000] {dag.py:4180} INFO - Setting next_dagrun for hello_world to 2026-04-02 00:00:00+00:00, run_after=2026-04-03 00:00:00+00:00
[2026-04-02T13:20:13.885+0000] {processor.py:208} INFO - Processing /opt/airflow/dags/hello_world.py took 0.089 seconds
[2026-04-02T13:20:44.203+0000] {processor.py:186} INFO - Started process (PID=6258) to work on /opt/airflow/dags/hello_world.py
[2026-04-02T13:20:44.206+0000] {processor.py:914} INFO - Processing file /opt/airflow/dags/hello_world.py for tasks to queue
[2026-04-02T13:20:44.209+0000] {logging_mixin.py:190} INFO - [2026-04-02T13:20:44.208+0000] {dagbag.py:588} INFO - Filling up the DagBag from /opt/airflow/dags/hello_world.py
[2026-04-02T13:20:44.237+0000] {processor.py:925} INFO - DAG(s) 'hello_world' retrieved from /opt/airflow/dags/hello_world.py
[2026-04-02T13:20:44.302+0000] {logging_mixin.py:190} INFO - [2026-04-02T13:20:44.301+0000] {dag.py:3239} INFO - Sync 1 DAGs
[2026-04-02T13:20:44.364+0000] {logging_mixin.py:190} INFO - [2026-04-02T13:20:44.363+0000] {dag.py:4180} INFO - Setting next_dagrun for hello_world to 2026-04-02 00:00:00+00:00, run_after=2026-04-03 00:00:00+00:00
[2026-04-02T13:20:44.413+0000] {processor.py:208} INFO - Processing /opt/airflow/dags/hello_world.py took 0.225 seconds
[2026-04-02T13:21:14.557+0000] {processor.py:186} INFO - Started process (PID=6268) to work on /opt/airflow/dags/hello_world.py
[2026-04-02T13:21:14.558+0000] {processor.py:914} INFO - Processing file /opt/airflow/dags/hello_world.py for tasks to queue
[2026-04-02T13:21:14.559+0000] {logging_mixin.py:190} INFO - [2026-04-02T13:21:14.558+0000] {dagbag.py:588} INFO - Filling up the DagBag from /opt/airflow/dags/hello_world.py
[2026-04-02T13:21:14.569+0000] {processor.py:925} INFO - DAG(s) 'hello_world' retrieved from /opt/airflow/dags/hello_world.py
[2026-04-02T13:21:14.596+0000] {logging_mixin.py:190} INFO - [2026-04-02T13:21:14.595+0000] {dag.py:3239} INFO - Sync 1 DAGs
[2026-04-02T13:21:14.621+0000] {logging_mixin.py:190} INFO - [2026-04-02T13:21:14.621+0000] {dag.py:4180} INFO - Setting next_dagrun for hello_world to 2026-04-02 00:00:00+00:00, run_after=2026-04-03 00:00:00+00:00
[2026-04-02T13:21:14.640+0000] {processor.py:208} INFO - Processing /opt/airflow/dags/hello_world.py took 0.089 seconds
[2026-04-02T13:21:44.997+0000] {processor.py:186} INFO - Started process (PID=6278) to work on /opt/airflow/dags/hello_world.py
[2026-04-02T13:21:45.000+0000] {processor.py:914} INFO - Processing file /opt/airflow/dags/hello_world.py for tasks to queue
[2026-04-02T13:21:45.003+0000] {logging_mixin.py:190} INFO - [2026-04-02T13:21:45.002+0000] {dagbag.py:588} INFO - Filling up the DagBag from /opt/airflow/dags/hello_world.py
[2026-04-02T13:21:45.022+0000] {processor.py:925} INFO - DAG(s) 'hello_world' retrieved from /opt/airflow/dags/hello_world.py
[2026-04-02T13:21:45.078+0000] {logging_mixin.py:190} INFO - [2026-04-02T13:21:45.078+0000] {dag.py:3239} INFO - Sync 1 DAGs
[2026-04-02T13:21:45.121+0000] {logging_mixin.py:190} INFO - [2026-04-02T13:21:45.120+0000] {dag.py:4180} INFO - Setting next_dagrun for hello_world to 2026-04-02 00:00:00+00:00, run_after=2026-04-03 00:00:00+00:00
[2026-04-02T13:21:45.162+0000] {processor.py:208} INFO - Processing /opt/airflow/dags/hello_world.py took 0.179 seconds
[2026-04-02T13:22:15.282+0000] {processor.py:186} INFO - Started process (PID=6288) to work on /opt/airflow/dags/hello_world.py
[2026-04-02T13:22:15.283+0000] {processor.py:914} INFO - Processing file /opt/airflow/dags/hello_world.py for tasks to queue
[2026-04-02T13:22:15.284+0000] {logging_mixin.py:190} INFO - [2026-04-02T13:22:15.283+0000] {dagbag.py:588} INFO - Filling up the DagBag from /opt/airflow/dags/hello_world.py
[2026-04-02T13:22:15.302+0000] {processor.py:925} INFO - DAG(s) 'hello_world' retrieved from /opt/airflow/dags/hello_world.py
[2026-04-02T13:22:15.333+0000] {logging_mixin.py:190} INFO - [2026-04-02T13:22:15.333+0000] {dag.py:3239} INFO - Sync 1 DAGs
[2026-04-02T13:22:15.364+0000] {logging_mixin.py:190} INFO - [2026-04-02T13:22:15.364+0000] {dag.py:4180} INFO - Setting next_dagrun for hello_world to 2026-04-02 00:00:00+00:00, run_after=2026-04-03 00:00:00+00:00
[2026-04-02T13:22:15.385+0000] {processor.py:208} INFO - Processing /opt/airflow/dags/hello_world.py took 0.110 seconds
[2026-04-02T13:22:45.687+0000] {processor.py:186} INFO - Started process (PID=6298) to work on /opt/airflow/dags/hello_world.py
[2026-04-02T13:22:45.691+0000] {processor.py:914} INFO - Processing file /opt/airflow/dags/hello_world.py for tasks to queue
[2026-04-02T13:22:45.694+0000] {logging_mixin.py:190} INFO - [2026-04-02T13:22:45.693+0000] {dagbag.py:588} INFO - Filling up the DagBag from /opt/airflow/dags/hello_world.py
[2026-04-02T13:22:45.724+0000] {processor.py:925} INFO - DAG(s) 'hello_world' retrieved from /opt/airflow/dags/hello_world.py
[2026-04-02T13:22:45.760+0000] {logging_mixin.py:190} INFO - [2026-04-02T13:22:45.760+0000] {dag.py:3239} INFO - Sync 1 DAGs
[2026-04-02T13:22:45.786+0000] {logging_mixin.py:190} INFO - [2026-04-02T13:22:45.786+0000] {dag.py:4180} INFO - Setting next_dagrun for hello_world to 2026-04-02 00:00:00+00:00, run_after=2026-04-03 00:00:00+00:00
[2026-04-02T13:22:45.804+0000] {processor.py:208} INFO - Processing /opt/airflow/dags/hello_world.py took 0.135 seconds
[2026-04-02T13:23:16.119+0000] {processor.py:186} INFO - Started process (PID=6308) to work on /opt/airflow/dags/hello_world.py
[2026-04-02T13:23:16.121+0000] {processor.py:914} INFO - Processing file /opt/airflow/dags/hello_world.py for tasks to queue
[2026-04-02T13:23:16.124+0000] {logging_mixin.py:190} INFO - [2026-04-02T13:23:16.123+0000] {dagbag.py:588} INFO - Filling up the DagBag from /opt/airflow/dags/hello_world.py
[2026-04-02T13:23:16.158+0000] {processor.py:925} INFO - DAG(s) 'hello_world' retrieved from /opt/airflow/dags/hello_world.py
[2026-04-02T13:23:16.236+0000] {logging_mixin.py:190} INFO - [2026-04-02T13:23:16.235+0000] {dag.py:3239} INFO - Sync 1 DAGs
[2026-04-02T13:23:16.317+0000] {logging_mixin.py:190} INFO - [2026-04-02T13:23:16.316+0000] {dag.py:4180} INFO - Setting next_dagrun for hello_world to 2026-04-02 00:00:00+00:00, run_after=2026-04-03 00:00:00+00:00
[2026-04-02T13:23:16.377+0000] {processor.py:208} INFO - Processing /opt/airflow/dags/hello_world.py took 0.276 seconds
[2026-04-02T13:23:46.652+0000] {processor.py:186} INFO - Started process (PID=6318) to work on /opt/airflow/dags/hello_world.py
[2026-04-02T13:23:46.669+0000] {processor.py:914} INFO - Processing file /opt/airflow/dags/hello_world.py for tasks to queue
[2026-04-02T13:23:46.670+0000] {logging_mixin.py:190} INFO - [2026-04-02T13:23:46.670+0000] {dagbag.py:588} INFO - Filling up the DagBag from /opt/airflow/dags/hello_world.py
[2026-04-02T13:23:46.681+0000] {processor.py:925} INFO - DAG(s) 'hello_world' retrieved from /opt/airflow/dags/hello_world.py
[2026-04-02T13:23:46.710+0000] {logging_mixin.py:190} INFO - [2026-04-02T13:23:46.710+0000] {dag.py:3239} INFO - Sync 1 DAGs
[2026-04-02T13:23:46.739+0000] {logging_mixin.py:190} INFO - [2026-04-02T13:23:46.738+0000] {dag.py:4180} INFO - Setting next_dagrun for hello_world to 2026-04-02 00:00:00+00:00, run_after=2026-04-03 00:00:00+00:00
[2026-04-02T13:23:46.760+0000] {processor.py:208} INFO - Processing /opt/airflow/dags/hello_world.py took 0.114 seconds
[2026-04-02T13:24:17.040+0000] {processor.py:186} INFO - Started process (PID=6328) to work on /opt/airflow/dags/hello_world.py
[2026-04-02T13:24:17.040+0000] {processor.py:914} INFO - Processing file /opt/airflow/dags/hello_world.py for tasks to queue
[2026-04-02T13:24:17.041+0000] {logging_mixin.py:190} INFO - [2026-04-02T13:24:17.041+0000] {dagbag.py:588} INFO - Filling up the DagBag from /opt/airflow/dags/hello_world.py
[2026-04-02T13:24:17.055+0000] {processor.py:925} INFO - DAG(s) 'hello_world' retrieved from /opt/airflow/dags/hello_world.py
[2026-04-02T13:24:17.085+0000] {logging_mixin.py:190} INFO - [2026-04-02T13:24:17.084+0000] {dag.py:3239} INFO - Sync 1 DAGs
[2026-04-02T13:24:17.118+0000] {logging_mixin.py:190} INFO - [2026-04-02T13:24:17.117+0000] {dag.py:4180} INFO - Setting next_dagrun for hello_world to 2026-04-02 00:00:00+00:00, run_after=2026-04-03 00:00:00+00:00
[2026-04-02T13:24:17.137+0000] {processor.py:208} INFO - Processing /opt/airflow/dags/hello_world.py took 0.105 seconds
[2026-04-02T13:24:47.435+0000] {processor.py:186} INFO - Started process (PID=6338) to work on /opt/airflow/dags/hello_world.py
[2026-04-02T13:24:47.439+0000] {processor.py:914} INFO - Processing file /opt/airflow/dags/hello_world.py for tasks to queue
[2026-04-02T13:24:47.441+0000] {logging_mixin.py:190} INFO - [2026-04-02T13:24:47.441+0000] {dagbag.py:588} INFO - Filling up the DagBag from /opt/airflow/dags/hello_world.py
[2026-04-02T13:24:47.480+0000] {processor.py:925} INFO - DAG(s) 'hello_world' retrieved from /opt/airflow/dags/hello_world.py
[2026-04-02T13:24:47.556+0000] {logging_mixin.py:190} INFO - [2026-04-02T13:24:47.555+0000] {dag.py:3239} INFO - Sync 1 DAGs
[2026-04-02T13:24:47.588+0000] {logging_mixin.py:190} INFO - [2026-04-02T13:24:47.587+0000] {dag.py:4180} INFO - Setting next_dagrun for hello_world to 2026-04-02 00:00:00+00:00, run_after=2026-04-03 00:00:00+00:00
[2026-04-02T13:24:47.610+0000] {processor.py:208} INFO - Processing /opt/airflow/dags/hello_world.py took 0.193 seconds
[2026-04-02T13:25:17.901+0000] {processor.py:186} INFO - Started process (PID=6348) to work on /opt/airflow/dags/hello_world.py
[2026-04-02T13:25:17.902+0000] {processor.py:914} INFO - Processing file /opt/airflow/dags/hello_world.py for tasks to queue
[2026-04-02T13:25:17.905+0000] {logging_mixin.py:190} INFO - [2026-04-02T13:25:17.904+0000] {dagbag.py:588} INFO - Filling up the DagBag from /opt/airflow/dags/hello_world.py
[2026-04-02T13:25:17.927+0000] {processor.py:925} INFO - DAG(s) 'hello_world' retrieved from /opt/airflow/dags/hello_world.py
[2026-04-02T13:25:17.975+0000] {logging_mixin.py:190} INFO - [2026-04-02T13:25:17.974+0000] {dag.py:3239} INFO - Sync 1 DAGs
[2026-04-02T13:25:18.012+0000] {logging_mixin.py:190} INFO - [2026-04-02T13:25:18.011+0000] {dag.py:4180} INFO - Setting next_dagrun for hello_world to 2026-04-02 00:00:00+00:00, run_after=2026-04-03 00:00:00+00:00
[2026-04-02T13:25:18.054+0000] {processor.py:208} INFO - Processing /opt/airflow/dags/hello_world.py took 0.166 seconds
[2026-04-02T13:25:48.347+0000] {processor.py:186} INFO - Started process (PID=6358) to work on /opt/airflow/dags/hello_world.py
[2026-04-02T13:25:48.348+0000] {processor.py:914} INFO - Processing file /opt/airflow/dags/hello_world.py for tasks to queue
[2026-04-02T13:25:48.350+0000] {logging_mixin.py:190} INFO - [2026-04-02T13:25:48.349+0000] {dagbag.py:588} INFO - Filling up the DagBag from /opt/airflow/dags/hello_world.py
[2026-04-02T13:25:48.362+0000] {processor.py:925} INFO - DAG(s) 'hello_world' retrieved from /opt/airflow/dags/hello_world.py
[2026-04-02T13:25:48.398+0000] {logging_mixin.py:190} INFO - [2026-04-02T13:25:48.398+0000] {dag.py:3239} INFO - Sync 1 DAGs
[2026-04-02T13:25:48.431+0000] {logging_mixin.py:190} INFO - [2026-04-02T13:25:48.431+0000] {dag.py:4180} INFO - Setting next_dagrun for hello_world to 2026-04-02 00:00:00+00:00, run_after=2026-04-03 00:00:00+00:00
[2026-04-02T13:25:48.454+0000] {processor.py:208} INFO - Processing /opt/airflow/dags/hello_world.py took 0.114 seconds
[2026-04-02T13:26:18.724+0000] {processor.py:186} INFO - Started process (PID=6368) to work on /opt/airflow/dags/hello_world.py
[2026-04-02T13:26:18.725+0000] {processor.py:914} INFO - Processing file /opt/airflow/dags/hello_world.py for tasks to queue
[2026-04-02T13:26:18.727+0000] {logging_mixin.py:190} INFO - [2026-04-02T13:26:18.726+0000] {dagbag.py:588} INFO - Filling up the DagBag from /opt/airflow/dags/hello_world.py
[2026-04-02T13:26:18.739+0000] {processor.py:925} INFO - DAG(s) 'hello_world' retrieved from /opt/airflow/dags/hello_world.py
[2026-04-02T13:26:18.768+0000] {logging_mixin.py:190} INFO - [2026-04-02T13:26:18.768+0000] {dag.py:3239} INFO - Sync 1 DAGs
[2026-04-02T13:26:18.795+0000] {logging_mixin.py:190} INFO - [2026-04-02T13:26:18.794+0000] {dag.py:4180} INFO - Setting next_dagrun for hello_world to 2026-04-02 00:00:00+00:00, run_after=2026-04-03 00:00:00+00:00
[2026-04-02T13:26:18.814+0000] {processor.py:208} INFO - Processing /opt/airflow/dags/hello_world.py took 0.097 seconds
[2026-04-02T13:26:49.100+0000] {processor.py:186} INFO - Started process (PID=6378) to work on /opt/airflow/dags/hello_world.py
[2026-04-02T13:26:49.119+0000] {processor.py:914} INFO - Processing file /opt/airflow/dags/hello_world.py for tasks to queue
[2026-04-02T13:26:49.121+0000] {logging_mixin.py:190} INFO - [2026-04-02T13:26:49.121+0000] {dagbag.py:588} INFO - Filling up the DagBag from /opt/airflow/dags/hello_world.py
[2026-04-02T13:26:49.137+0000] {processor.py:925} INFO - DAG(s) 'hello_world' retrieved from /opt/airflow/dags/hello_world.py
[2026-04-02T13:26:49.175+0000] {logging_mixin.py:190} INFO - [2026-04-02T13:26:49.175+0000] {dag.py:3239} INFO - Sync 1 DAGs
[2026-04-02T13:26:49.212+0000] {logging_mixin.py:190} INFO - [2026-04-02T13:26:49.211+0000] {dag.py:4180} INFO - Setting next_dagrun for hello_world to 2026-04-02 00:00:00+00:00, run_after=2026-04-03 00:00:00+00:00
[2026-04-02T13:26:49.242+0000] {processor.py:208} INFO - Processing /opt/airflow/dags/hello_world.py took 0.149 seconds
[2026-04-02T13:27:19.518+0000] {processor.py:186} INFO - Started process (PID=6388) to work on /opt/airflow/dags/hello_world.py
[2026-04-02T13:27:19.519+0000] {processor.py:914} INFO - Processing file /opt/airflow/dags/hello_world.py for tasks to queue
[2026-04-02T13:27:19.521+0000] {logging_mixin.py:190} INFO - [2026-04-02T13:27:19.520+0000] {dagbag.py:588} INFO - Filling up the DagBag from /opt/airflow/dags/hello_world.py
[2026-04-02T13:27:19.536+0000] {processor.py:925} INFO - DAG(s) 'hello_world' retrieved from /opt/airflow/dags/hello_world.py
[2026-04-02T13:27:19.576+0000] {logging_mixin.py:190} INFO - [2026-04-02T13:27:19.576+0000] {dag.py:3239} INFO - Sync 1 DAGs
[2026-04-02T13:27:19.618+0000] {logging_mixin.py:190} INFO - [2026-04-02T13:27:19.617+0000] {dag.py:4180} INFO - Setting next_dagrun for hello_world to 2026-04-02 00:00:00+00:00, run_after=2026-04-03 00:00:00+00:00
[2026-04-02T13:27:19.643+0000] {processor.py:208} INFO - Processing /opt/airflow/dags/hello_world.py took 0.132 seconds
[2026-04-02T13:27:49.978+0000] {processor.py:186} INFO - Started process (PID=6398) to work on /opt/airflow/dags/hello_world.py
[2026-04-02T13:27:49.980+0000] {processor.py:914} INFO - Processing file /opt/airflow/dags/hello_world.py for tasks to queue
[2026-04-02T13:27:49.982+0000] {logging_mixin.py:190} INFO - [2026-04-02T13:27:49.981+0000] {dagbag.py:588} INFO - Filling up the DagBag from /opt/airflow/dags/hello_world.py
[2026-04-02T13:27:50.001+0000] {processor.py:925} INFO - DAG(s) 'hello_world' retrieved from /opt/airflow/dags/hello_world.py
[2026-04-02T13:27:50.048+0000] {logging_mixin.py:190} INFO - [2026-04-02T13:27:50.047+0000] {dag.py:3239} INFO - Sync 1 DAGs
[2026-04-02T13:27:50.091+0000] {logging_mixin.py:190} INFO - [2026-04-02T13:27:50.091+0000] {dag.py:4180} INFO - Setting next_dagrun for hello_world to 2026-04-02 00:00:00+00:00, run_after=2026-04-03 00:00:00+00:00
[2026-04-02T13:27:50.119+0000] {processor.py:208} INFO - Processing /opt/airflow/dags/hello_world.py took 0.151 seconds
[2026-04-02T13:28:20.260+0000] {processor.py:186} INFO - Started process (PID=6408) to work on /opt/airflow/dags/hello_world.py
[2026-04-02T13:28:20.261+0000] {processor.py:914} INFO - Processing file /opt/airflow/dags/hello_world.py for tasks to queue
[2026-04-02T13:28:20.263+0000] {logging_mixin.py:190} INFO - [2026-04-02T13:28:20.262+0000] {dagbag.py:588} INFO - Filling up the DagBag from /opt/airflow/dags/hello_world.py
[2026-04-02T13:28:20.278+0000] {processor.py:925} INFO - DAG(s) 'hello_world' retrieved from /opt/airflow/dags/hello_world.py
[2026-04-02T13:28:20.337+0000] {logging_mixin.py:190} INFO - [2026-04-02T13:28:20.336+0000] {dag.py:3239} INFO - Sync 1 DAGs
[2026-04-02T13:28:20.370+0000] {logging_mixin.py:190} INFO - [2026-04-02T13:28:20.369+0000] {dag.py:4180} INFO - Setting next_dagrun for hello_world to 2026-04-02 00:00:00+00:00, run_after=2026-04-03 00:00:00+00:00
[2026-04-02T13:28:20.389+0000] {processor.py:208} INFO - Processing /opt/airflow/dags/hello_world.py took 0.139 seconds
[2026-04-02T13:28:50.656+0000] {processor.py:186} INFO - Started process (PID=6418) to work on /opt/airflow/dags/hello_world.py
[2026-04-02T13:28:50.658+0000] {processor.py:914} INFO - Processing file /opt/airflow/dags/hello_world.py for tasks to queue
[2026-04-02T13:28:50.660+0000] {logging_mixin.py:190} INFO - [2026-04-02T13:28:50.659+0000] {dagbag.py:588} INFO - Filling up the DagBag from /opt/airflow/dags/hello_world.py
[2026-04-02T13:28:50.676+0000] {processor.py:925} INFO - DAG(s) 'hello_world' retrieved from /opt/airflow/dags/hello_world.py
[2026-04-02T13:28:50.720+0000] {logging_mixin.py:190} INFO - [2026-04-02T13:28:50.720+0000] {dag.py:3239} INFO - Sync 1 DAGs
[2026-04-02T13:28:50.761+0000] {logging_mixin.py:190} INFO - [2026-04-02T13:28:50.760+0000] {dag.py:4180} INFO - Setting next_dagrun for hello_world to 2026-04-02 00:00:00+00:00, run_after=2026-04-03 00:00:00+00:00
[2026-04-02T13:28:50.789+0000] {processor.py:208} INFO - Processing /opt/airflow/dags/hello_world.py took 0.143 seconds
[2026-04-02T13:29:21.111+0000] {processor.py:186} INFO - Started process (PID=6428) to work on /opt/airflow/dags/hello_world.py
[2026-04-02T13:29:21.113+0000] {processor.py:914} INFO - Processing file /opt/airflow/dags/hello_world.py for tasks to queue
[2026-04-02T13:29:21.115+0000] {logging_mixin.py:190} INFO - [2026-04-02T13:29:21.115+0000] {dagbag.py:588} INFO - Filling up the DagBag from /opt/airflow/dags/hello_world.py
[2026-04-02T13:29:21.139+0000] {processor.py:925} INFO - DAG(s) 'hello_world' retrieved from /opt/airflow/dags/hello_world.py
[2026-04-02T13:29:21.204+0000] {logging_mixin.py:190} INFO - [2026-04-02T13:29:21.204+0000] {dag.py:3239} INFO - Sync 1 DAGs
[2026-04-02T13:29:21.282+0000] {logging_mixin.py:190} INFO - [2026-04-02T13:29:21.282+0000] {dag.py:4180} INFO - Setting next_dagrun for hello_world to 2026-04-02 00:00:00+00:00, run_after=2026-04-03 00:00:00+00:00
[2026-04-02T13:29:21.343+0000] {processor.py:208} INFO - Processing /opt/airflow/dags/hello_world.py took 0.247 seconds
[2026-04-02T13:29:51.650+0000] {processor.py:186} INFO - Started process (PID=6438) to work on /opt/airflow/dags/hello_world.py
[2026-04-02T13:29:51.653+0000] {processor.py:914} INFO - Processing file /opt/airflow/dags/hello_world.py for tasks to queue
[2026-04-02T13:29:51.654+0000] {logging_mixin.py:190} INFO - [2026-04-02T13:29:51.654+0000] {dagbag.py:588} INFO - Filling up the DagBag from /opt/airflow/dags/hello_world.py
[2026-04-02T13:29:51.675+0000] {processor.py:925} INFO - DAG(s) 'hello_world' retrieved from /opt/airflow/dags/hello_world.py
[2026-04-02T13:29:51.723+0000] {logging_mixin.py:190} INFO - [2026-04-02T13:29:51.722+0000] {dag.py:3239} INFO - Sync 1 DAGs
[2026-04-02T13:29:51.763+0000] {logging_mixin.py:190} INFO - [2026-04-02T13:29:51.763+0000] {dag.py:4180} INFO - Setting next_dagrun for hello_world to 2026-04-02 00:00:00+00:00, run_after=2026-04-03 00:00:00+00:00
[2026-04-02T13:29:51.800+0000] {processor.py:208} INFO - Processing /opt/airflow/dags/hello_world.py took 0.160 seconds
[2026-04-02T13:30:22.083+0000] {processor.py:186} INFO - Started process (PID=6448) to work on /opt/airflow/dags/hello_world.py
[2026-04-02T13:30:22.084+0000] {processor.py:914} INFO - Processing file /opt/airflow/dags/hello_world.py for tasks to queue
[2026-04-02T13:30:22.085+0000] {logging_mixin.py:190} INFO - [2026-04-02T13:30:22.085+0000] {dagbag.py:588} INFO - Filling up the DagBag from /opt/airflow/dags/hello_world.py
[2026-04-02T13:30:22.100+0000] {processor.py:925} INFO - DAG(s) 'hello_world' retrieved from /opt/airflow/dags/hello_world.py
[2026-04-02T13:30:22.134+0000] {logging_mixin.py:190} INFO - [2026-04-02T13:30:22.133+0000] {dag.py:3239} INFO - Sync 1 DAGs
[2026-04-02T13:30:22.169+0000] {logging_mixin.py:190} INFO - [2026-04-02T13:30:22.168+0000] {dag.py:4180} INFO - Setting next_dagrun for hello_world to 2026-04-02 00:00:00+00:00, run_after=2026-04-03 00:00:00+00:00
[2026-04-02T13:30:22.199+0000] {processor.py:208} INFO - Processing /opt/airflow/dags/hello_world.py took 0.125 seconds
[2026-04-02T13:30:52.497+0000] {processor.py:186} INFO - Started process (PID=6458) to work on /opt/airflow/dags/hello_world.py
[2026-04-02T13:30:52.501+0000] {processor.py:914} INFO - Processing file /opt/airflow/dags/hello_world.py for tasks to queue
[2026-04-02T13:30:52.506+0000] {logging_mixin.py:190} INFO - [2026-04-02T13:30:52.504+0000] {dagbag.py:588} INFO - Filling up the DagBag from /opt/airflow/dags/hello_world.py
[2026-04-02T13:30:52.532+0000] {processor.py:925} INFO - DAG(s) 'hello_world' retrieved from /opt/airflow/dags/hello_world.py
[2026-04-02T13:30:52.607+0000] {logging_mixin.py:190} INFO - [2026-04-02T13:30:52.606+0000] {dag.py:3239} INFO - Sync 1 DAGs
[2026-04-02T13:30:52.676+0000] {logging_mixin.py:190} INFO - [2026-04-02T13:30:52.676+0000] {dag.py:4180} INFO - Setting next_dagrun for hello_world to 2026-04-02 00:00:00+00:00, run_after=2026-04-03 00:00:00+00:00
[2026-04-02T13:30:52.718+0000] {processor.py:208} INFO - Processing /opt/airflow/dags/hello_world.py took 0.237 seconds
[2026-04-02T13:31:23.012+0000] {processor.py:186} INFO - Started process (PID=6468) to work on /opt/airflow/dags/hello_world.py
[2026-04-02T13:31:23.013+0000] {processor.py:914} INFO - Processing file /opt/airflow/dags/hello_world.py for tasks to queue
[2026-04-02T13:31:23.015+0000] {logging_mixin.py:190} INFO - [2026-04-02T13:31:23.014+0000] {dagbag.py:588} INFO - Filling up the DagBag from /opt/airflow/dags/hello_world.py
[2026-04-02T13:31:23.030+0000] {processor.py:925} INFO - DAG(s) 'hello_world' retrieved from /opt/airflow/dags/hello_world.py
[2026-04-02T13:31:23.064+0000] {logging_mixin.py:190} INFO - [2026-04-02T13:31:23.063+0000] {dag.py:3239} INFO - Sync 1 DAGs
[2026-04-02T13:31:23.096+0000] {logging_mixin.py:190} INFO - [2026-04-02T13:31:23.096+0000] {dag.py:4180} INFO - Setting next_dagrun for hello_world to 2026-04-02 00:00:00+00:00, run_after=2026-04-03 00:00:00+00:00
[2026-04-02T13:31:23.120+0000] {processor.py:208} INFO - Processing /opt/airflow/dags/hello_world.py took 0.116 seconds
[2026-04-02T13:31:53.404+0000] {processor.py:186} INFO - Started process (PID=6478) to work on /opt/airflow/dags/hello_world.py
[2026-04-02T13:31:53.405+0000] {processor.py:914} INFO - Processing file /opt/airflow/dags/hello_world.py for tasks to queue
[2026-04-02T13:31:53.406+0000] {logging_mixin.py:190} INFO - [2026-04-02T13:31:53.406+0000] {dagbag.py:588} INFO - Filling up the DagBag from /opt/airflow/dags/hello_world.py
[2026-04-02T13:31:53.418+0000] {processor.py:925} INFO - DAG(s) 'hello_world' retrieved from /opt/airflow/dags/hello_world.py
[2026-04-02T13:31:53.444+0000] {logging_mixin.py:190} INFO - [2026-04-02T13:31:53.444+0000] {dag.py:3239} INFO - Sync 1 DAGs
[2026-04-02T13:31:53.468+0000] {logging_mixin.py:190} INFO - [2026-04-02T13:31:53.468+0000] {dag.py:4180} INFO - Setting next_dagrun for hello_world to 2026-04-02 00:00:00+00:00, run_after=2026-04-03 00:00:00+00:00
[2026-04-02T13:31:53.484+0000] {processor.py:208} INFO - Processing /opt/airflow/dags/hello_world.py took 0.085 seconds
[2026-04-02T13:32:23.762+0000] {processor.py:186} INFO - Started process (PID=6488) to work on /opt/airflow/dags/hello_world.py
[2026-04-02T13:32:23.763+0000] {processor.py:914} INFO - Processing file /opt/airflow/dags/hello_world.py for tasks to queue
[2026-04-02T13:32:23.764+0000] {logging_mixin.py:190} INFO - [2026-04-02T13:32:23.764+0000] {dagbag.py:588} INFO - Filling up the DagBag from /opt/airflow/dags/hello_world.py
[2026-04-02T13:32:23.777+0000] {processor.py:925} INFO - DAG(s) 'hello_world' retrieved from /opt/airflow/dags/hello_world.py
[2026-04-02T13:32:23.821+0000] {logging_mixin.py:190} INFO - [2026-04-02T13:32:23.820+0000] {dag.py:3239} INFO - Sync 1 DAGs
[2026-04-02T13:32:23.878+0000] {logging_mixin.py:190} INFO - [2026-04-02T13:32:23.877+0000] {dag.py:4180} INFO - Setting next_dagrun for hello_world to 2026-04-02 00:00:00+00:00, run_after=2026-04-03 00:00:00+00:00
[2026-04-02T13:32:23.931+0000] {processor.py:208} INFO - Processing /opt/airflow/dags/hello_world.py took 0.176 seconds
[2026-04-02T13:32:54.062+0000] {processor.py:186} INFO - Started process (PID=6498) to work on /opt/airflow/dags/hello_world.py
[2026-04-02T13:32:54.079+0000] {processor.py:914} INFO - Processing file /opt/airflow/dags/hello_world.py for tasks to queue
[2026-04-02T13:32:54.080+0000] {logging_mixin.py:190} INFO - [2026-04-02T13:32:54.080+0000] {dagbag.py:588} INFO - Filling up the DagBag from /opt/airflow/dags/hello_world.py
[2026-04-02T13:32:54.089+0000] {processor.py:925} INFO - DAG(s) 'hello_world' retrieved from /opt/airflow/dags/hello_world.py
[2026-04-02T13:32:54.112+0000] {logging_mixin.py:190} INFO - [2026-04-02T13:32:54.111+0000] {dag.py:3239} INFO - Sync 1 DAGs
[2026-04-02T13:32:54.131+0000] {logging_mixin.py:190} INFO - [2026-04-02T13:32:54.131+0000] {dag.py:4180} INFO - Setting next_dagrun for hello_world to 2026-04-02 00:00:00+00:00, run_after=2026-04-03 00:00:00+00:00
[2026-04-02T13:32:54.149+0000] {processor.py:208} INFO - Processing /opt/airflow/dags/hello_world.py took 0.093 seconds
[2026-04-02T13:33:24.352+0000] {processor.py:186} INFO - Started process (PID=6508) to work on /opt/airflow/dags/hello_world.py
[2026-04-02T13:33:24.353+0000] {processor.py:914} INFO - Processing file /opt/airflow/dags/hello_world.py for tasks to queue
[2026-04-02T13:33:24.354+0000] {logging_mixin.py:190} INFO - [2026-04-02T13:33:24.354+0000] {dagbag.py:588} INFO - Filling up the DagBag from /opt/airflow/dags/hello_world.py
[2026-04-02T13:33:24.364+0000] {processor.py:925} INFO - DAG(s) 'hello_world' retrieved from /opt/airflow/dags/hello_world.py
[2026-04-02T13:33:24.395+0000] {logging_mixin.py:190} INFO - [2026-04-02T13:33:24.394+0000] {dag.py:3239} INFO - Sync 1 DAGs
[2026-04-02T13:33:24.422+0000] {logging_mixin.py:190} INFO - [2026-04-02T13:33:24.422+0000] {dag.py:4180} INFO - Setting next_dagrun for hello_world to 2026-04-02 00:00:00+00:00, run_after=2026-04-03 00:00:00+00:00
[2026-04-02T13:33:24.449+0000] {processor.py:208} INFO - Processing /opt/airflow/dags/hello_world.py took 0.102 seconds
[2026-04-02T13:33:54.638+0000] {processor.py:186} INFO - Started process (PID=6518) to work on /opt/airflow/dags/hello_world.py
[2026-04-02T13:33:54.656+0000] {processor.py:914} INFO - Processing file /opt/airflow/dags/hello_world.py for tasks to queue
[2026-04-02T13:33:54.657+0000] {logging_mixin.py:190} INFO - [2026-04-02T13:33:54.657+0000] {dagbag.py:588} INFO - Filling up the DagBag from /opt/airflow/dags/hello_world.py
[2026-04-02T13:33:54.669+0000] {processor.py:925} INFO - DAG(s) 'hello_world' retrieved from /opt/airflow/dags/hello_world.py
[2026-04-02T13:33:54.694+0000] {logging_mixin.py:190} INFO - [2026-04-02T13:33:54.694+0000] {dag.py:3239} INFO - Sync 1 DAGs
[2026-04-02T13:33:54.716+0000] {logging_mixin.py:190} INFO - [2026-04-02T13:33:54.716+0000] {dag.py:4180} INFO - Setting next_dagrun for hello_world to 2026-04-02 00:00:00+00:00, run_after=2026-04-03 00:00:00+00:00
[2026-04-02T13:33:54.732+0000] {processor.py:208} INFO - Processing /opt/airflow/dags/hello_world.py took 0.098 seconds
[2026-04-02T13:34:24.910+0000] {processor.py:186} INFO - Started process (PID=6528) to work on /opt/airflow/dags/hello_world.py
[2026-04-02T13:34:24.911+0000] {processor.py:914} INFO - Processing file /opt/airflow/dags/hello_world.py for tasks to queue
[2026-04-02T13:34:24.912+0000] {logging_mixin.py:190} INFO - [2026-04-02T13:34:24.911+0000] {dagbag.py:588} INFO - Filling up the DagBag from /opt/airflow/dags/hello_world.py
[2026-04-02T13:34:24.920+0000] {processor.py:925} INFO - DAG(s) 'hello_world' retrieved from /opt/airflow/dags/hello_world.py
[2026-04-02T13:34:24.943+0000] {logging_mixin.py:190} INFO - [2026-04-02T13:34:24.942+0000] {dag.py:3239} INFO - Sync 1 DAGs
[2026-04-02T13:34:24.962+0000] {logging_mixin.py:190} INFO - [2026-04-02T13:34:24.962+0000] {dag.py:4180} INFO - Setting next_dagrun for hello_world to 2026-04-02 00:00:00+00:00, run_after=2026-04-03 00:00:00+00:00
[2026-04-02T13:34:24.977+0000] {processor.py:208} INFO - Processing /opt/airflow/dags/hello_world.py took 0.073 seconds
[2026-04-02T13:34:55.190+0000] {processor.py:186} INFO - Started process (PID=6538) to work on /opt/airflow/dags/hello_world.py
[2026-04-02T13:34:55.191+0000] {processor.py:914} INFO - Processing file /opt/airflow/dags/hello_world.py for tasks to queue
[2026-04-02T13:34:55.192+0000] {logging_mixin.py:190} INFO - [2026-04-02T13:34:55.192+0000] {dagbag.py:588} INFO - Filling up the DagBag from /opt/airflow/dags/hello_world.py
[2026-04-02T13:34:55.202+0000] {processor.py:925} INFO - DAG(s) 'hello_world' retrieved from /opt/airflow/dags/hello_world.py
[2026-04-02T13:34:55.225+0000] {logging_mixin.py:190} INFO - [2026-04-02T13:34:55.225+0000] {dag.py:3239} INFO - Sync 1 DAGs
[2026-04-02T13:34:55.243+0000] {logging_mixin.py:190} INFO - [2026-04-02T13:34:55.243+0000] {dag.py:4180} INFO - Setting next_dagrun for hello_world to 2026-04-02 00:00:00+00:00, run_after=2026-04-03 00:00:00+00:00
[2026-04-02T13:34:55.257+0000] {processor.py:208} INFO - Processing /opt/airflow/dags/hello_world.py took 0.072 seconds
[2026-04-02T13:35:25.438+0000] {processor.py:186} INFO - Started process (PID=6548) to work on /opt/airflow/dags/hello_world.py
[2026-04-02T13:35:25.439+0000] {processor.py:914} INFO - Processing file /opt/airflow/dags/hello_world.py for tasks to queue
[2026-04-02T13:35:25.441+0000] {logging_mixin.py:190} INFO - [2026-04-02T13:35:25.441+0000] {dagbag.py:588} INFO - Filling up the DagBag from /opt/airflow/dags/hello_world.py
[2026-04-02T13:35:25.454+0000] {processor.py:925} INFO - DAG(s) 'hello_world' retrieved from /opt/airflow/dags/hello_world.py
[2026-04-02T13:35:25.492+0000] {logging_mixin.py:190} INFO - [2026-04-02T13:35:25.492+0000] {dag.py:3239} INFO - Sync 1 DAGs
[2026-04-02T13:35:25.525+0000] {logging_mixin.py:190} INFO - [2026-04-02T13:35:25.525+0000] {dag.py:4180} INFO - Setting next_dagrun for hello_world to 2026-04-02 00:00:00+00:00, run_after=2026-04-03 00:00:00+00:00
[2026-04-02T13:35:25.549+0000] {processor.py:208} INFO - Processing /opt/airflow/dags/hello_world.py took 0.119 seconds
[2026-04-02T13:35:55.737+0000] {processor.py:186} INFO - Started process (PID=6558) to work on /opt/airflow/dags/hello_world.py
[2026-04-02T13:35:55.740+0000] {processor.py:914} INFO - Processing file /opt/airflow/dags/hello_world.py for tasks to queue
[2026-04-02T13:35:55.741+0000] {logging_mixin.py:190} INFO - [2026-04-02T13:35:55.741+0000] {dagbag.py:588} INFO - Filling up the DagBag from /opt/airflow/dags/hello_world.py
[2026-04-02T13:35:55.754+0000] {processor.py:925} INFO - DAG(s) 'hello_world' retrieved from /opt/airflow/dags/hello_world.py
[2026-04-02T13:35:55.787+0000] {logging_mixin.py:190} INFO - [2026-04-02T13:35:55.787+0000] {dag.py:3239} INFO - Sync 1 DAGs
[2026-04-02T13:35:55.821+0000] {logging_mixin.py:190} INFO - [2026-04-02T13:35:55.820+0000] {dag.py:4180} INFO - Setting next_dagrun for hello_world to 2026-04-02 00:00:00+00:00, run_after=2026-04-03 00:00:00+00:00
[2026-04-02T13:35:55.844+0000] {processor.py:208} INFO - Processing /opt/airflow/dags/hello_world.py took 0.114 seconds
[2026-04-02T13:36:26.018+0000] {processor.py:186} INFO - Started process (PID=6568) to work on /opt/airflow/dags/hello_world.py
[2026-04-02T13:36:26.018+0000] {processor.py:914} INFO - Processing file /opt/airflow/dags/hello_world.py for tasks to queue
[2026-04-02T13:36:26.019+0000] {logging_mixin.py:190} INFO - [2026-04-02T13:36:26.019+0000] {dagbag.py:588} INFO - Filling up the DagBag from /opt/airflow/dags/hello_world.py
[2026-04-02T13:36:26.028+0000] {processor.py:925} INFO - DAG(s) 'hello_world' retrieved from /opt/airflow/dags/hello_world.py
[2026-04-02T13:36:26.050+0000] {logging_mixin.py:190} INFO - [2026-04-02T13:36:26.049+0000] {dag.py:3239} INFO - Sync 1 DAGs
[2026-04-02T13:36:26.069+0000] {logging_mixin.py:190} INFO - [2026-04-02T13:36:26.069+0000] {dag.py:4180} INFO - Setting next_dagrun for hello_world to 2026-04-02 00:00:00+00:00, run_after=2026-04-03 00:00:00+00:00
[2026-04-02T13:36:26.083+0000] {processor.py:208} INFO - Processing /opt/airflow/dags/hello_world.py took 0.070 seconds
[2026-04-02T13:36:56.262+0000] {processor.py:186} INFO - Started process (PID=6578) to work on /opt/airflow/dags/hello_world.py
[2026-04-02T13:36:56.264+0000] {processor.py:914} INFO - Processing file /opt/airflow/dags/hello_world.py for tasks to queue
[2026-04-02T13:36:56.265+0000] {logging_mixin.py:190} INFO - [2026-04-02T13:36:56.264+0000] {dagbag.py:588} INFO - Filling up the DagBag from /opt/airflow/dags/hello_world.py
[2026-04-02T13:36:56.273+0000] {processor.py:925} INFO - DAG(s) 'hello_world' retrieved from /opt/airflow/dags/hello_world.py
[2026-04-02T13:36:56.298+0000] {logging_mixin.py:190} INFO - [2026-04-02T13:36:56.298+0000] {dag.py:3239} INFO - Sync 1 DAGs
[2026-04-02T13:36:56.320+0000] {logging_mixin.py:190} INFO - [2026-04-02T13:36:56.320+0000] {dag.py:4180} INFO - Setting next_dagrun for hello_world to 2026-04-02 00:00:00+00:00, run_after=2026-04-03 00:00:00+00:00
[2026-04-02T13:36:56.336+0000] {processor.py:208} INFO - Processing /opt/airflow/dags/hello_world.py took 0.079 seconds
[2026-04-02T13:37:26.526+0000] {processor.py:186} INFO - Started process (PID=6588) to work on /opt/airflow/dags/hello_world.py
[2026-04-02T13:37:26.527+0000] {processor.py:914} INFO - Processing file /opt/airflow/dags/hello_world.py for tasks to queue
[2026-04-02T13:37:26.528+0000] {logging_mixin.py:190} INFO - [2026-04-02T13:37:26.528+0000] {dagbag.py:588} INFO - Filling up the DagBag from /opt/airflow/dags/hello_world.py
[2026-04-02T13:37:26.537+0000] {processor.py:925} INFO - DAG(s) 'hello_world' retrieved from /opt/airflow/dags/hello_world.py
[2026-04-02T13:37:26.557+0000] {logging_mixin.py:190} INFO - [2026-04-02T13:37:26.557+0000] {dag.py:3239} INFO - Sync 1 DAGs
[2026-04-02T13:37:26.576+0000] {logging_mixin.py:190} INFO - [2026-04-02T13:37:26.576+0000] {dag.py:4180} INFO - Setting next_dagrun for hello_world to 2026-04-02 00:00:00+00:00, run_after=2026-04-03 00:00:00+00:00
[2026-04-02T13:37:26.591+0000] {processor.py:208} INFO - Processing /opt/airflow/dags/hello_world.py took 0.070 seconds
[2026-04-02T13:37:56.802+0000] {processor.py:186} INFO - Started process (PID=6598) to work on /opt/airflow/dags/hello_world.py
[2026-04-02T13:37:56.803+0000] {processor.py:914} INFO - Processing file /opt/airflow/dags/hello_world.py for tasks to queue
[2026-04-02T13:37:56.804+0000] {logging_mixin.py:190} INFO - [2026-04-02T13:37:56.804+0000] {dagbag.py:588} INFO - Filling up the DagBag from /opt/airflow/dags/hello_world.py
[2026-04-02T13:37:56.813+0000] {processor.py:925} INFO - DAG(s) 'hello_world' retrieved from /opt/airflow/dags/hello_world.py
[2026-04-02T13:37:56.839+0000] {logging_mixin.py:190} INFO - [2026-04-02T13:37:56.839+0000] {dag.py:3239} INFO - Sync 1 DAGs
[2026-04-02T13:37:56.866+0000] {logging_mixin.py:190} INFO - [2026-04-02T13:37:56.866+0000] {dag.py:4180} INFO - Setting next_dagrun for hello_world to 2026-04-02 00:00:00+00:00, run_after=2026-04-03 00:00:00+00:00
[2026-04-02T13:37:56.888+0000] {processor.py:208} INFO - Processing /opt/airflow/dags/hello_world.py took 0.091 seconds
[2026-04-02T13:38:27.093+0000] {processor.py:186} INFO - Started process (PID=6608) to work on /opt/airflow/dags/hello_world.py
[2026-04-02T13:38:27.093+0000] {processor.py:914} INFO - Processing file /opt/airflow/dags/hello_world.py for tasks to queue
[2026-04-02T13:38:27.094+0000] {logging_mixin.py:190} INFO - [2026-04-02T13:38:27.094+0000] {dagbag.py:588} INFO - Filling up the DagBag from /opt/airflow/dags/hello_world.py
[2026-04-02T13:38:27.103+0000] {processor.py:925} INFO - DAG(s) 'hello_world' retrieved from /opt/airflow/dags/hello_world.py
[2026-04-02T13:38:27.128+0000] {logging_mixin.py:190} INFO - [2026-04-02T13:38:27.128+0000] {dag.py:3239} INFO - Sync 1 DAGs
[2026-04-02T13:38:27.149+0000] {logging_mixin.py:190} INFO - [2026-04-02T13:38:27.149+0000] {dag.py:4180} INFO - Setting next_dagrun for hello_world to 2026-04-02 00:00:00+00:00, run_after=2026-04-03 00:00:00+00:00
[2026-04-02T13:38:27.164+0000] {processor.py:208} INFO - Processing /opt/airflow/dags/hello_world.py took 0.076 seconds
[2026-04-02T13:38:57.340+0000] {processor.py:186} INFO - Started process (PID=6618) to work on /opt/airflow/dags/hello_world.py
[2026-04-02T13:38:57.341+0000] {processor.py:914} INFO - Processing file /opt/airflow/dags/hello_world.py for tasks to queue
[2026-04-02T13:38:57.342+0000] {logging_mixin.py:190} INFO - [2026-04-02T13:38:57.342+0000] {dagbag.py:588} INFO - Filling up the DagBag from /opt/airflow/dags/hello_world.py
[2026-04-02T13:38:57.351+0000] {processor.py:925} INFO - DAG(s) 'hello_world' retrieved from /opt/airflow/dags/hello_world.py
[2026-04-02T13:38:57.379+0000] {logging_mixin.py:190} INFO - [2026-04-02T13:38:57.379+0000] {dag.py:3239} INFO - Sync 1 DAGs
[2026-04-02T13:38:57.401+0000] {logging_mixin.py:190} INFO - [2026-04-02T13:38:57.401+0000] {dag.py:4180} INFO - Setting next_dagrun for hello_world to 2026-04-02 00:00:00+00:00, run_after=2026-04-03 00:00:00+00:00
[2026-04-02T13:38:57.418+0000] {processor.py:208} INFO - Processing /opt/airflow/dags/hello_world.py took 0.083 seconds
[2026-04-02T13:39:27.612+0000] {processor.py:186} INFO - Started process (PID=6628) to work on /opt/airflow/dags/hello_world.py
[2026-04-02T13:39:27.612+0000] {processor.py:914} INFO - Processing file /opt/airflow/dags/hello_world.py for tasks to queue
[2026-04-02T13:39:27.613+0000] {logging_mixin.py:190} INFO - [2026-04-02T13:39:27.613+0000] {dagbag.py:588} INFO - Filling up the DagBag from /opt/airflow/dags/hello_world.py
[2026-04-02T13:39:27.622+0000] {processor.py:925} INFO - DAG(s) 'hello_world' retrieved from /opt/airflow/dags/hello_world.py
[2026-04-02T13:39:27.647+0000] {logging_mixin.py:190} INFO - [2026-04-02T13:39:27.646+0000] {dag.py:3239} INFO - Sync 1 DAGs
[2026-04-02T13:39:27.667+0000] {logging_mixin.py:190} INFO - [2026-04-02T13:39:27.667+0000] {dag.py:4180} INFO - Setting next_dagrun for hello_world to 2026-04-02 00:00:00+00:00, run_after=2026-04-03 00:00:00+00:00
[2026-04-02T13:39:27.682+0000] {processor.py:208} INFO - Processing /opt/airflow/dags/hello_world.py took 0.076 seconds
[2026-04-02T13:39:57.868+0000] {processor.py:186} INFO - Started process (PID=6638) to work on /opt/airflow/dags/hello_world.py
[2026-04-02T13:39:57.870+0000] {processor.py:914} INFO - Processing file /opt/airflow/dags/hello_world.py for tasks to queue
[2026-04-02T13:39:57.872+0000] {logging_mixin.py:190} INFO - [2026-04-02T13:39:57.871+0000] {dagbag.py:588} INFO - Filling up the DagBag from /opt/airflow/dags/hello_world.py
[2026-04-02T13:39:57.886+0000] {processor.py:925} INFO - DAG(s) 'hello_world' retrieved from /opt/airflow/dags/hello_world.py
[2026-04-02T13:39:57.918+0000] {logging_mixin.py:190} INFO - [2026-04-02T13:39:57.918+0000] {dag.py:3239} INFO - Sync 1 DAGs
[2026-04-02T13:39:57.946+0000] {logging_mixin.py:190} INFO - [2026-04-02T13:39:57.946+0000] {dag.py:4180} INFO - Setting next_dagrun for hello_world to 2026-04-02 00:00:00+00:00, run_after=2026-04-03 00:00:00+00:00
[2026-04-02T13:39:57.967+0000] {processor.py:208} INFO - Processing /opt/airflow/dags/hello_world.py took 0.106 seconds
[2026-04-02T13:40:28.154+0000] {processor.py:186} INFO - Started process (PID=6648) to work on /opt/airflow/dags/hello_world.py
[2026-04-02T13:40:28.155+0000] {processor.py:914} INFO - Processing file /opt/airflow/dags/hello_world.py for tasks to queue
[2026-04-02T13:40:28.156+0000] {logging_mixin.py:190} INFO - [2026-04-02T13:40:28.156+0000] {dagbag.py:588} INFO - Filling up the DagBag from /opt/airflow/dags/hello_world.py
[2026-04-02T13:40:28.167+0000] {processor.py:925} INFO - DAG(s) 'hello_world' retrieved from /opt/airflow/dags/hello_world.py
[2026-04-02T13:40:28.195+0000] {logging_mixin.py:190} INFO - [2026-04-02T13:40:28.194+0000] {dag.py:3239} INFO - Sync 1 DAGs
[2026-04-02T13:40:28.217+0000] {logging_mixin.py:190} INFO - [2026-04-02T13:40:28.216+0000] {dag.py:4180} INFO - Setting next_dagrun for hello_world to 2026-04-02 00:00:00+00:00, run_after=2026-04-03 00:00:00+00:00
[2026-04-02T13:40:28.234+0000] {processor.py:208} INFO - Processing /opt/airflow/dags/hello_world.py took 0.087 seconds
[2026-04-02T13:40:58.431+0000] {processor.py:186} INFO - Started process (PID=6658) to work on /opt/airflow/dags/hello_world.py
[2026-04-02T13:40:58.432+0000] {processor.py:914} INFO - Processing file /opt/airflow/dags/hello_world.py for tasks to queue
[2026-04-02T13:40:58.433+0000] {logging_mixin.py:190} INFO - [2026-04-02T13:40:58.433+0000] {dagbag.py:588} INFO - Filling up the DagBag from /opt/airflow/dags/hello_world.py
[2026-04-02T13:40:58.443+0000] {processor.py:925} INFO - DAG(s) 'hello_world' retrieved from /opt/airflow/dags/hello_world.py
[2026-04-02T13:40:58.469+0000] {logging_mixin.py:190} INFO - [2026-04-02T13:40:58.469+0000] {dag.py:3239} INFO - Sync 1 DAGs
[2026-04-02T13:40:58.493+0000] {logging_mixin.py:190} INFO - [2026-04-02T13:40:58.492+0000] {dag.py:4180} INFO - Setting next_dagrun for hello_world to 2026-04-02 00:00:00+00:00, run_after=2026-04-03 00:00:00+00:00
[2026-04-02T13:40:58.510+0000] {processor.py:208} INFO - Processing /opt/airflow/dags/hello_world.py took 0.084 seconds
[2026-04-02T13:41:28.702+0000] {processor.py:186} INFO - Started process (PID=6668) to work on /opt/airflow/dags/hello_world.py
[2026-04-02T13:41:28.703+0000] {processor.py:914} INFO - Processing file /opt/airflow/dags/hello_world.py for tasks to queue
[2026-04-02T13:41:28.704+0000] {logging_mixin.py:190} INFO - [2026-04-02T13:41:28.703+0000] {dagbag.py:588} INFO - Filling up the DagBag from /opt/airflow/dags/hello_world.py
[2026-04-02T13:41:28.713+0000] {processor.py:925} INFO - DAG(s) 'hello_world' retrieved from /opt/airflow/dags/hello_world.py
[2026-04-02T13:41:28.739+0000] {logging_mixin.py:190} INFO - [2026-04-02T13:41:28.739+0000] {dag.py:3239} INFO - Sync 1 DAGs
[2026-04-02T13:41:28.765+0000] {logging_mixin.py:190} INFO - [2026-04-02T13:41:28.765+0000] {dag.py:4180} INFO - Setting next_dagrun for hello_world to 2026-04-02 00:00:00+00:00, run_after=2026-04-03 00:00:00+00:00
[2026-04-02T13:41:28.782+0000] {processor.py:208} INFO - Processing /opt/airflow/dags/hello_world.py took 0.085 seconds
[2026-04-02T13:41:59.001+0000] {processor.py:186} INFO - Started process (PID=6678) to work on /opt/airflow/dags/hello_world.py
[2026-04-02T13:41:59.003+0000] {processor.py:914} INFO - Processing file /opt/airflow/dags/hello_world.py for tasks to queue
[2026-04-02T13:41:59.004+0000] {logging_mixin.py:190} INFO - [2026-04-02T13:41:59.004+0000] {dagbag.py:588} INFO - Filling up the DagBag from /opt/airflow/dags/hello_world.py
[2026-04-02T13:41:59.015+0000] {processor.py:925} INFO - DAG(s) 'hello_world' retrieved from /opt/airflow/dags/hello_world.py
[2026-04-02T13:41:59.046+0000] {logging_mixin.py:190} INFO - [2026-04-02T13:41:59.046+0000] {dag.py:3239} INFO - Sync 1 DAGs
[2026-04-02T13:41:59.078+0000] {logging_mixin.py:190} INFO - [2026-04-02T13:41:59.078+0000] {dag.py:4180} INFO - Setting next_dagrun for hello_world to 2026-04-02 00:00:00+00:00, run_after=2026-04-03 00:00:00+00:00
[2026-04-02T13:41:59.102+0000] {processor.py:208} INFO - Processing /opt/airflow/dags/hello_world.py took 0.106 seconds
[2026-04-02T13:42:29.325+0000] {processor.py:186} INFO - Started process (PID=6688) to work on /opt/airflow/dags/hello_world.py
[2026-04-02T13:42:29.326+0000] {processor.py:914} INFO - Processing file /opt/airflow/dags/hello_world.py for tasks to queue
[2026-04-02T13:42:29.327+0000] {logging_mixin.py:190} INFO - [2026-04-02T13:42:29.327+0000] {dagbag.py:588} INFO - Filling up the DagBag from /opt/airflow/dags/hello_world.py
[2026-04-02T13:42:29.336+0000] {processor.py:925} INFO - DAG(s) 'hello_world' retrieved from /opt/airflow/dags/hello_world.py
[2026-04-02T13:42:29.366+0000] {logging_mixin.py:190} INFO - [2026-04-02T13:42:29.366+0000] {dag.py:3239} INFO - Sync 1 DAGs
[2026-04-02T13:42:29.386+0000] {logging_mixin.py:190} INFO - [2026-04-02T13:42:29.386+0000] {dag.py:4180} INFO - Setting next_dagrun for hello_world to 2026-04-02 00:00:00+00:00, run_after=2026-04-03 00:00:00+00:00
[2026-04-02T13:42:29.403+0000] {processor.py:208} INFO - Processing /opt/airflow/dags/hello_world.py took 0.082 seconds
[2026-04-02T13:42:59.588+0000] {processor.py:186} INFO - Started process (PID=6698) to work on /opt/airflow/dags/hello_world.py
[2026-04-02T13:42:59.590+0000] {processor.py:914} INFO - Processing file /opt/airflow/dags/hello_world.py for tasks to queue
[2026-04-02T13:42:59.591+0000] {logging_mixin.py:190} INFO - [2026-04-02T13:42:59.591+0000] {dagbag.py:588} INFO - Filling up the DagBag from /opt/airflow/dags/hello_world.py
[2026-04-02T13:42:59.602+0000] {processor.py:925} INFO - DAG(s) 'hello_world' retrieved from /opt/airflow/dags/hello_world.py
[2026-04-02T13:42:59.630+0000] {logging_mixin.py:190} INFO - [2026-04-02T13:42:59.629+0000] {dag.py:3239} INFO - Sync 1 DAGs
[2026-04-02T13:42:59.659+0000] {logging_mixin.py:190} INFO - [2026-04-02T13:42:59.658+0000] {dag.py:4180} INFO - Setting next_dagrun for hello_world to 2026-04-02 00:00:00+00:00, run_after=2026-04-03 00:00:00+00:00
[2026-04-02T13:42:59.678+0000] {processor.py:208} INFO - Processing /opt/airflow/dags/hello_world.py took 0.095 seconds
[2026-04-02T13:43:29.875+0000] {processor.py:186} INFO - Started process (PID=6708) to work on /opt/airflow/dags/hello_world.py
[2026-04-02T13:43:29.876+0000] {processor.py:914} INFO - Processing file /opt/airflow/dags/hello_world.py for tasks to queue
[2026-04-02T13:43:29.877+0000] {logging_mixin.py:190} INFO - [2026-04-02T13:43:29.877+0000] {dagbag.py:588} INFO - Filling up the DagBag from /opt/airflow/dags/hello_world.py
[2026-04-02T13:43:29.886+0000] {processor.py:925} INFO - DAG(s) 'hello_world' retrieved from /opt/airflow/dags/hello_world.py
[2026-04-02T13:43:29.910+0000] {logging_mixin.py:190} INFO - [2026-04-02T13:43:29.909+0000] {dag.py:3239} INFO - Sync 1 DAGs
[2026-04-02T13:43:29.930+0000] {logging_mixin.py:190} INFO - [2026-04-02T13:43:29.930+0000] {dag.py:4180} INFO - Setting next_dagrun for hello_world to 2026-04-02 00:00:00+00:00, run_after=2026-04-03 00:00:00+00:00
[2026-04-02T13:43:29.944+0000] {processor.py:208} INFO - Processing /opt/airflow/dags/hello_world.py took 0.074 seconds
[2026-04-02T13:44:00.138+0000] {processor.py:186} INFO - Started process (PID=6718) to work on /opt/airflow/dags/hello_world.py
[2026-04-02T13:44:00.139+0000] {processor.py:914} INFO - Processing file /opt/airflow/dags/hello_world.py for tasks to queue
[2026-04-02T13:44:00.141+0000] {logging_mixin.py:190} INFO - [2026-04-02T13:44:00.140+0000] {dagbag.py:588} INFO - Filling up the DagBag from /opt/airflow/dags/hello_world.py
[2026-04-02T13:44:00.152+0000] {processor.py:925} INFO - DAG(s) 'hello_world' retrieved from /opt/airflow/dags/hello_world.py
[2026-04-02T13:44:00.181+0000] {logging_mixin.py:190} INFO - [2026-04-02T13:44:00.181+0000] {dag.py:3239} INFO - Sync 1 DAGs
[2026-04-02T13:44:00.205+0000] {logging_mixin.py:190} INFO - [2026-04-02T13:44:00.205+0000] {dag.py:4180} INFO - Setting next_dagrun for hello_world to 2026-04-02 00:00:00+00:00, run_after=2026-04-03 00:00:00+00:00
[2026-04-02T13:44:00.224+0000] {processor.py:208} INFO - Processing /opt/airflow/dags/hello_world.py took 0.091 seconds
[2026-04-02T13:44:30.398+0000] {processor.py:186} INFO - Started process (PID=6728) to work on /opt/airflow/dags/hello_world.py
[2026-04-02T13:44:30.398+0000] {processor.py:914} INFO - Processing file /opt/airflow/dags/hello_world.py for tasks to queue
[2026-04-02T13:44:30.399+0000] {logging_mixin.py:190} INFO - [2026-04-02T13:44:30.399+0000] {dagbag.py:588} INFO - Filling up the DagBag from /opt/airflow/dags/hello_world.py
[2026-04-02T13:44:30.407+0000] {processor.py:925} INFO - DAG(s) 'hello_world' retrieved from /opt/airflow/dags/hello_world.py
[2026-04-02T13:44:30.428+0000] {logging_mixin.py:190} INFO - [2026-04-02T13:44:30.428+0000] {dag.py:3239} INFO - Sync 1 DAGs
[2026-04-02T13:44:30.446+0000] {logging_mixin.py:190} INFO - [2026-04-02T13:44:30.446+0000] {dag.py:4180} INFO - Setting next_dagrun for hello_world to 2026-04-02 00:00:00+00:00, run_after=2026-04-03 00:00:00+00:00
[2026-04-02T13:44:30.459+0000] {processor.py:208} INFO - Processing /opt/airflow/dags/hello_world.py took 0.066 seconds
[2026-04-02T13:45:00.632+0000] {processor.py:186} INFO - Started process (PID=6738) to work on /opt/airflow/dags/hello_world.py
[2026-04-02T13:45:00.633+0000] {processor.py:914} INFO - Processing file /opt/airflow/dags/hello_world.py for tasks to queue
[2026-04-02T13:45:00.634+0000] {logging_mixin.py:190} INFO - [2026-04-02T13:45:00.634+0000] {dagbag.py:588} INFO - Filling up the DagBag from /opt/airflow/dags/hello_world.py
[2026-04-02T13:45:00.643+0000] {processor.py:925} INFO - DAG(s) 'hello_world' retrieved from /opt/airflow/dags/hello_world.py
[2026-04-02T13:45:00.665+0000] {logging_mixin.py:190} INFO - [2026-04-02T13:45:00.665+0000] {dag.py:3239} INFO - Sync 1 DAGs
[2026-04-02T13:45:00.685+0000] {logging_mixin.py:190} INFO - [2026-04-02T13:45:00.685+0000] {dag.py:4180} INFO - Setting next_dagrun for hello_world to 2026-04-02 00:00:00+00:00, run_after=2026-04-03 00:00:00+00:00
[2026-04-02T13:45:00.699+0000] {processor.py:208} INFO - Processing /opt/airflow/dags/hello_world.py took 0.072 seconds
[2026-04-02T13:45:30.892+0000] {processor.py:186} INFO - Started process (PID=6748) to work on /opt/airflow/dags/hello_world.py
[2026-04-02T13:45:30.893+0000] {processor.py:914} INFO - Processing file /opt/airflow/dags/hello_world.py for tasks to queue
[2026-04-02T13:45:30.894+0000] {logging_mixin.py:190} INFO - [2026-04-02T13:45:30.893+0000] {dagbag.py:588} INFO - Filling up the DagBag from /opt/airflow/dags/hello_world.py
[2026-04-02T13:45:30.902+0000] {processor.py:925} INFO - DAG(s) 'hello_world' retrieved from /opt/airflow/dags/hello_world.py
[2026-04-02T13:45:30.926+0000] {logging_mixin.py:190} INFO - [2026-04-02T13:45:30.926+0000] {dag.py:3239} INFO - Sync 1 DAGs
[2026-04-02T13:45:30.951+0000] {logging_mixin.py:190} INFO - [2026-04-02T13:45:30.950+0000] {dag.py:4180} INFO - Setting next_dagrun for hello_world to 2026-04-02 00:00:00+00:00, run_after=2026-04-03 00:00:00+00:00
[2026-04-02T13:45:30.969+0000] {processor.py:208} INFO - Processing /opt/airflow/dags/hello_world.py took 0.082 seconds
[2026-04-02T13:46:01.180+0000] {processor.py:186} INFO - Started process (PID=6758) to work on /opt/airflow/dags/hello_world.py
[2026-04-02T13:46:01.182+0000] {processor.py:914} INFO - Processing file /opt/airflow/dags/hello_world.py for tasks to queue
[2026-04-02T13:46:01.183+0000] {logging_mixin.py:190} INFO - [2026-04-02T13:46:01.182+0000] {dagbag.py:588} INFO - Filling up the DagBag from /opt/airflow/dags/hello_world.py
[2026-04-02T13:46:01.192+0000] {processor.py:925} INFO - DAG(s) 'hello_world' retrieved from /opt/airflow/dags/hello_world.py
[2026-04-02T13:46:01.214+0000] {logging_mixin.py:190} INFO - [2026-04-02T13:46:01.214+0000] {dag.py:3239} INFO - Sync 1 DAGs
[2026-04-02T13:46:01.236+0000] {logging_mixin.py:190} INFO - [2026-04-02T13:46:01.236+0000] {dag.py:4180} INFO - Setting next_dagrun for hello_world to 2026-04-02 00:00:00+00:00, run_after=2026-04-03 00:00:00+00:00
[2026-04-02T13:46:01.251+0000] {processor.py:208} INFO - Processing /opt/airflow/dags/hello_world.py took 0.077 seconds
[2026-04-02T13:46:31.435+0000] {processor.py:186} INFO - Started process (PID=6768) to work on /opt/airflow/dags/hello_world.py
[2026-04-02T13:46:31.436+0000] {processor.py:914} INFO - Processing file /opt/airflow/dags/hello_world.py for tasks to queue
[2026-04-02T13:46:31.437+0000] {logging_mixin.py:190} INFO - [2026-04-02T13:46:31.437+0000] {dagbag.py:588} INFO - Filling up the DagBag from /opt/airflow/dags/hello_world.py
[2026-04-02T13:46:31.449+0000] {processor.py:925} INFO - DAG(s) 'hello_world' retrieved from /opt/airflow/dags/hello_world.py
[2026-04-02T13:46:31.476+0000] {logging_mixin.py:190} INFO - [2026-04-02T13:46:31.476+0000] {dag.py:3239} INFO - Sync 1 DAGs
[2026-04-02T13:46:31.505+0000] {logging_mixin.py:190} INFO - [2026-04-02T13:46:31.504+0000] {dag.py:4180} INFO - Setting next_dagrun for hello_world to 2026-04-02 00:00:00+00:00, run_after=2026-04-03 00:00:00+00:00
[2026-04-02T13:46:31.526+0000] {processor.py:208} INFO - Processing /opt/airflow/dags/hello_world.py took 0.097 seconds
[2026-04-02T13:47:01.710+0000] {processor.py:186} INFO - Started process (PID=6778) to work on /opt/airflow/dags/hello_world.py
[2026-04-02T13:47:01.711+0000] {processor.py:914} INFO - Processing file /opt/airflow/dags/hello_world.py for tasks to queue
[2026-04-02T13:47:01.712+0000] {logging_mixin.py:190} INFO - [2026-04-02T13:47:01.712+0000] {dagbag.py:588} INFO - Filling up the DagBag from /opt/airflow/dags/hello_world.py
[2026-04-02T13:47:01.723+0000] {processor.py:925} INFO - DAG(s) 'hello_world' retrieved from /opt/airflow/dags/hello_world.py
[2026-04-02T13:47:01.748+0000] {logging_mixin.py:190} INFO - [2026-04-02T13:47:01.748+0000] {dag.py:3239} INFO - Sync 1 DAGs
[2026-04-02T13:47:01.772+0000] {logging_mixin.py:190} INFO - [2026-04-02T13:47:01.771+0000] {dag.py:4180} INFO - Setting next_dagrun for hello_world to 2026-04-02 00:00:00+00:00, run_after=2026-04-03 00:00:00+00:00
[2026-04-02T13:47:01.788+0000] {processor.py:208} INFO - Processing /opt/airflow/dags/hello_world.py took 0.084 seconds
[2026-04-02T13:47:32.000+0000] {processor.py:186} INFO - Started process (PID=6788) to work on /opt/airflow/dags/hello_world.py
[2026-04-02T13:47:32.001+0000] {processor.py:914} INFO - Processing file /opt/airflow/dags/hello_world.py for tasks to queue
[2026-04-02T13:47:32.002+0000] {logging_mixin.py:190} INFO - [2026-04-02T13:47:32.001+0000] {dagbag.py:588} INFO - Filling up the DagBag from /opt/airflow/dags/hello_world.py
[2026-04-02T13:47:32.010+0000] {processor.py:925} INFO - DAG(s) 'hello_world' retrieved from /opt/airflow/dags/hello_world.py
[2026-04-02T13:47:32.031+0000] {logging_mixin.py:190} INFO - [2026-04-02T13:47:32.031+0000] {dag.py:3239} INFO - Sync 1 DAGs
[2026-04-02T13:47:32.051+0000] {logging_mixin.py:190} INFO - [2026-04-02T13:47:32.050+0000] {dag.py:4180} INFO - Setting next_dagrun for hello_world to 2026-04-02 00:00:00+00:00, run_after=2026-04-03 00:00:00+00:00
[2026-04-02T13:47:32.065+0000] {processor.py:208} INFO - Processing /opt/airflow/dags/hello_world.py took 0.070 seconds
[2026-04-02T13:48:02.337+0000] {processor.py:186} INFO - Started process (PID=6798) to work on /opt/airflow/dags/hello_world.py
[2026-04-02T13:48:02.339+0000] {processor.py:914} INFO - Processing file /opt/airflow/dags/hello_world.py for tasks to queue
[2026-04-02T13:48:02.340+0000] {logging_mixin.py:190} INFO - [2026-04-02T13:48:02.340+0000] {dagbag.py:588} INFO - Filling up the DagBag from /opt/airflow/dags/hello_world.py
[2026-04-02T13:48:02.354+0000] {processor.py:925} INFO - DAG(s) 'hello_world' retrieved from /opt/airflow/dags/hello_world.py
[2026-04-02T13:48:02.393+0000] {logging_mixin.py:190} INFO - [2026-04-02T13:48:02.393+0000] {dag.py:3239} INFO - Sync 1 DAGs
[2026-04-02T13:48:02.430+0000] {logging_mixin.py:190} INFO - [2026-04-02T13:48:02.430+0000] {dag.py:4180} INFO - Setting next_dagrun for hello_world to 2026-04-02 00:00:00+00:00, run_after=2026-04-03 00:00:00+00:00
[2026-04-02T13:48:02.461+0000] {processor.py:208} INFO - Processing /opt/airflow/dags/hello_world.py took 0.131 seconds
[2026-04-02T13:48:32.674+0000] {processor.py:186} INFO - Started process (PID=6808) to work on /opt/airflow/dags/hello_world.py
[2026-04-02T13:48:32.676+0000] {processor.py:914} INFO - Processing file /opt/airflow/dags/hello_world.py for tasks to queue
[2026-04-02T13:48:32.679+0000] {logging_mixin.py:190} INFO - [2026-04-02T13:48:32.678+0000] {dagbag.py:588} INFO - Filling up the DagBag from /opt/airflow/dags/hello_world.py
[2026-04-02T13:48:32.694+0000] {processor.py:925} INFO - DAG(s) 'hello_world' retrieved from /opt/airflow/dags/hello_world.py
[2026-04-02T13:48:32.741+0000] {logging_mixin.py:190} INFO - [2026-04-02T13:48:32.740+0000] {dag.py:3239} INFO - Sync 1 DAGs
[2026-04-02T13:48:32.777+0000] {logging_mixin.py:190} INFO - [2026-04-02T13:48:32.777+0000] {dag.py:4180} INFO - Setting next_dagrun for hello_world to 2026-04-02 00:00:00+00:00, run_after=2026-04-03 00:00:00+00:00
[2026-04-02T13:48:32.803+0000] {processor.py:208} INFO - Processing /opt/airflow/dags/hello_world.py took 0.136 seconds
[2026-04-02T13:49:02.988+0000] {processor.py:186} INFO - Started process (PID=6818) to work on /opt/airflow/dags/hello_world.py
[2026-04-02T13:49:02.990+0000] {processor.py:914} INFO - Processing file /opt/airflow/dags/hello_world.py for tasks to queue
[2026-04-02T13:49:02.992+0000] {logging_mixin.py:190} INFO - [2026-04-02T13:49:02.992+0000] {dagbag.py:588} INFO - Filling up the DagBag from /opt/airflow/dags/hello_world.py
[2026-04-02T13:49:03.002+0000] {processor.py:925} INFO - DAG(s) 'hello_world' retrieved from /opt/airflow/dags/hello_world.py
[2026-04-02T13:49:03.027+0000] {logging_mixin.py:190} INFO - [2026-04-02T13:49:03.027+0000] {dag.py:3239} INFO - Sync 1 DAGs
[2026-04-02T13:49:03.047+0000] {logging_mixin.py:190} INFO - [2026-04-02T13:49:03.047+0000] {dag.py:4180} INFO - Setting next_dagrun for hello_world to 2026-04-02 00:00:00+00:00, run_after=2026-04-03 00:00:00+00:00
[2026-04-02T13:49:03.062+0000] {processor.py:208} INFO - Processing /opt/airflow/dags/hello_world.py took 0.081 seconds
[2026-04-02T13:49:33.237+0000] {processor.py:186} INFO - Started process (PID=6828) to work on /opt/airflow/dags/hello_world.py
[2026-04-02T13:49:33.238+0000] {processor.py:914} INFO - Processing file /opt/airflow/dags/hello_world.py for tasks to queue
[2026-04-02T13:49:33.239+0000] {logging_mixin.py:190} INFO - [2026-04-02T13:49:33.239+0000] {dagbag.py:588} INFO - Filling up the DagBag from /opt/airflow/dags/hello_world.py
[2026-04-02T13:49:33.248+0000] {processor.py:925} INFO - DAG(s) 'hello_world' retrieved from /opt/airflow/dags/hello_world.py
[2026-04-02T13:49:33.270+0000] {logging_mixin.py:190} INFO - [2026-04-02T13:49:33.270+0000] {dag.py:3239} INFO - Sync 1 DAGs
[2026-04-02T13:49:33.294+0000] {logging_mixin.py:190} INFO - [2026-04-02T13:49:33.294+0000] {dag.py:4180} INFO - Setting next_dagrun for hello_world to 2026-04-02 00:00:00+00:00, run_after=2026-04-03 00:00:00+00:00
[2026-04-02T13:49:33.315+0000] {processor.py:208} INFO - Processing /opt/airflow/dags/hello_world.py took 0.082 seconds
[2026-04-02T13:50:03.501+0000] {processor.py:186} INFO - Started process (PID=6838) to work on /opt/airflow/dags/hello_world.py
[2026-04-02T13:50:03.503+0000] {processor.py:914} INFO - Processing file /opt/airflow/dags/hello_world.py for tasks to queue
[2026-04-02T13:50:03.504+0000] {logging_mixin.py:190} INFO - [2026-04-02T13:50:03.503+0000] {dagbag.py:588} INFO - Filling up the DagBag from /opt/airflow/dags/hello_world.py
[2026-04-02T13:50:03.515+0000] {processor.py:925} INFO - DAG(s) 'hello_world' retrieved from /opt/airflow/dags/hello_world.py
[2026-04-02T13:50:03.542+0000] {logging_mixin.py:190} INFO - [2026-04-02T13:50:03.542+0000] {dag.py:3239} INFO - Sync 1 DAGs
[2026-04-02T13:50:03.572+0000] {logging_mixin.py:190} INFO - [2026-04-02T13:50:03.571+0000] {dag.py:4180} INFO - Setting next_dagrun for hello_world to 2026-04-02 00:00:00+00:00, run_after=2026-04-03 00:00:00+00:00
[2026-04-02T13:50:03.590+0000] {processor.py:208} INFO - Processing /opt/airflow/dags/hello_world.py took 0.095 seconds
[2026-04-02T13:50:33.783+0000] {processor.py:186} INFO - Started process (PID=6848) to work on /opt/airflow/dags/hello_world.py
[2026-04-02T13:50:33.785+0000] {processor.py:914} INFO - Processing file /opt/airflow/dags/hello_world.py for tasks to queue
[2026-04-02T13:50:33.787+0000] {logging_mixin.py:190} INFO - [2026-04-02T13:50:33.786+0000] {dagbag.py:588} INFO - Filling up the DagBag from /opt/airflow/dags/hello_world.py
[2026-04-02T13:50:33.803+0000] {processor.py:925} INFO - DAG(s) 'hello_world' retrieved from /opt/airflow/dags/hello_world.py
[2026-04-02T13:50:33.841+0000] {logging_mixin.py:190} INFO - [2026-04-02T13:50:33.841+0000] {dag.py:3239} INFO - Sync 1 DAGs
[2026-04-02T13:50:33.879+0000] {logging_mixin.py:190} INFO - [2026-04-02T13:50:33.879+0000] {dag.py:4180} INFO - Setting next_dagrun for hello_world to 2026-04-02 00:00:00+00:00, run_after=2026-04-03 00:00:00+00:00
[2026-04-02T13:50:33.907+0000] {processor.py:208} INFO - Processing /opt/airflow/dags/hello_world.py took 0.132 seconds
[2026-04-02T13:51:04.095+0000] {processor.py:186} INFO - Started process (PID=6858) to work on /opt/airflow/dags/hello_world.py
[2026-04-02T13:51:04.110+0000] {processor.py:914} INFO - Processing file /opt/airflow/dags/hello_world.py for tasks to queue
[2026-04-02T13:51:04.111+0000] {logging_mixin.py:190} INFO - [2026-04-02T13:51:04.110+0000] {dagbag.py:588} INFO - Filling up the DagBag from /opt/airflow/dags/hello_world.py
[2026-04-02T13:51:04.122+0000] {processor.py:925} INFO - DAG(s) 'hello_world' retrieved from /opt/airflow/dags/hello_world.py
[2026-04-02T13:51:04.147+0000] {logging_mixin.py:190} INFO - [2026-04-02T13:51:04.147+0000] {dag.py:3239} INFO - Sync 1 DAGs
[2026-04-02T13:51:04.172+0000] {logging_mixin.py:190} INFO - [2026-04-02T13:51:04.172+0000] {dag.py:4180} INFO - Setting next_dagrun for hello_world to 2026-04-02 00:00:00+00:00, run_after=2026-04-03 00:00:00+00:00
[2026-04-02T13:51:04.189+0000] {processor.py:208} INFO - Processing /opt/airflow/dags/hello_world.py took 0.099 seconds
[2026-04-02T13:51:34.358+0000] {processor.py:186} INFO - Started process (PID=6868) to work on /opt/airflow/dags/hello_world.py
[2026-04-02T13:51:34.359+0000] {processor.py:914} INFO - Processing file /opt/airflow/dags/hello_world.py for tasks to queue
[2026-04-02T13:51:34.360+0000] {logging_mixin.py:190} INFO - [2026-04-02T13:51:34.360+0000] {dagbag.py:588} INFO - Filling up the DagBag from /opt/airflow/dags/hello_world.py
[2026-04-02T13:51:34.371+0000] {processor.py:925} INFO - DAG(s) 'hello_world' retrieved from /opt/airflow/dags/hello_world.py
[2026-04-02T13:51:34.396+0000] {logging_mixin.py:190} INFO - [2026-04-02T13:51:34.396+0000] {dag.py:3239} INFO - Sync 1 DAGs
[2026-04-02T13:51:34.418+0000] {logging_mixin.py:190} INFO - [2026-04-02T13:51:34.418+0000] {dag.py:4180} INFO - Setting next_dagrun for hello_world to 2026-04-02 00:00:00+00:00, run_after=2026-04-03 00:00:00+00:00
[2026-04-02T13:51:34.437+0000] {processor.py:208} INFO - Processing /opt/airflow/dags/hello_world.py took 0.084 seconds
[2026-04-02T13:52:04.619+0000] {processor.py:186} INFO - Started process (PID=6878) to work on /opt/airflow/dags/hello_world.py
[2026-04-02T13:52:04.637+0000] {processor.py:914} INFO - Processing file /opt/airflow/dags/hello_world.py for tasks to queue
[2026-04-02T13:52:04.638+0000] {logging_mixin.py:190} INFO - [2026-04-02T13:52:04.638+0000] {dagbag.py:588} INFO - Filling up the DagBag from /opt/airflow/dags/hello_world.py
[2026-04-02T13:52:04.649+0000] {processor.py:925} INFO - DAG(s) 'hello_world' retrieved from /opt/airflow/dags/hello_world.py
[2026-04-02T13:52:04.675+0000] {logging_mixin.py:190} INFO - [2026-04-02T13:52:04.675+0000] {dag.py:3239} INFO - Sync 1 DAGs
[2026-04-02T13:52:04.697+0000] {logging_mixin.py:190} INFO - [2026-04-02T13:52:04.696+0000] {dag.py:4180} INFO - Setting next_dagrun for hello_world to 2026-04-02 00:00:00+00:00, run_after=2026-04-03 00:00:00+00:00
[2026-04-02T13:52:04.714+0000] {processor.py:208} INFO - Processing /opt/airflow/dags/hello_world.py took 0.100 seconds
[2026-04-02T13:52:34.889+0000] {processor.py:186} INFO - Started process (PID=6888) to work on /opt/airflow/dags/hello_world.py
[2026-04-02T13:52:34.889+0000] {processor.py:914} INFO - Processing file /opt/airflow/dags/hello_world.py for tasks to queue
[2026-04-02T13:52:34.890+0000] {logging_mixin.py:190} INFO - [2026-04-02T13:52:34.890+0000] {dagbag.py:588} INFO - Filling up the DagBag from /opt/airflow/dags/hello_world.py
[2026-04-02T13:52:34.900+0000] {processor.py:925} INFO - DAG(s) 'hello_world' retrieved from /opt/airflow/dags/hello_world.py
[2026-04-02T13:52:34.924+0000] {logging_mixin.py:190} INFO - [2026-04-02T13:52:34.924+0000] {dag.py:3239} INFO - Sync 1 DAGs
[2026-04-02T13:52:34.947+0000] {logging_mixin.py:190} INFO - [2026-04-02T13:52:34.947+0000] {dag.py:4180} INFO - Setting next_dagrun for hello_world to 2026-04-02 00:00:00+00:00, run_after=2026-04-03 00:00:00+00:00
[2026-04-02T13:52:34.963+0000] {processor.py:208} INFO - Processing /opt/airflow/dags/hello_world.py took 0.079 seconds
[2026-04-02T13:53:05.125+0000] {processor.py:186} INFO - Started process (PID=6898) to work on /opt/airflow/dags/hello_world.py
[2026-04-02T13:53:05.143+0000] {processor.py:914} INFO - Processing file /opt/airflow/dags/hello_world.py for tasks to queue
[2026-04-02T13:53:05.145+0000] {logging_mixin.py:190} INFO - [2026-04-02T13:53:05.145+0000] {dagbag.py:588} INFO - Filling up the DagBag from /opt/airflow/dags/hello_world.py
[2026-04-02T13:53:05.154+0000] {processor.py:925} INFO - DAG(s) 'hello_world' retrieved from /opt/airflow/dags/hello_world.py
[2026-04-02T13:53:05.176+0000] {logging_mixin.py:190} INFO - [2026-04-02T13:53:05.175+0000] {dag.py:3239} INFO - Sync 1 DAGs
[2026-04-02T13:53:05.196+0000] {logging_mixin.py:190} INFO - [2026-04-02T13:53:05.196+0000] {dag.py:4180} INFO - Setting next_dagrun for hello_world to 2026-04-02 00:00:00+00:00, run_after=2026-04-03 00:00:00+00:00
[2026-04-02T13:53:05.212+0000] {processor.py:208} INFO - Processing /opt/airflow/dags/hello_world.py took 0.091 seconds
[2026-04-02T13:53:35.396+0000] {processor.py:186} INFO - Started process (PID=6908) to work on /opt/airflow/dags/hello_world.py
[2026-04-02T13:53:35.397+0000] {processor.py:914} INFO - Processing file /opt/airflow/dags/hello_world.py for tasks to queue
[2026-04-02T13:53:35.398+0000] {logging_mixin.py:190} INFO - [2026-04-02T13:53:35.398+0000] {dagbag.py:588} INFO - Filling up the DagBag from /opt/airflow/dags/hello_world.py
[2026-04-02T13:53:35.407+0000] {processor.py:925} INFO - DAG(s) 'hello_world' retrieved from /opt/airflow/dags/hello_world.py
[2026-04-02T13:53:35.429+0000] {logging_mixin.py:190} INFO - [2026-04-02T13:53:35.429+0000] {dag.py:3239} INFO - Sync 1 DAGs
[2026-04-02T13:53:35.453+0000] {logging_mixin.py:190} INFO - [2026-04-02T13:53:35.452+0000] {dag.py:4180} INFO - Setting next_dagrun for hello_world to 2026-04-02 00:00:00+00:00, run_after=2026-04-03 00:00:00+00:00
[2026-04-02T13:53:35.467+0000] {processor.py:208} INFO - Processing /opt/airflow/dags/hello_world.py took 0.075 seconds
[2026-04-02T13:54:05.661+0000] {processor.py:186} INFO - Started process (PID=6918) to work on /opt/airflow/dags/hello_world.py
[2026-04-02T13:54:05.662+0000] {processor.py:914} INFO - Processing file /opt/airflow/dags/hello_world.py for tasks to queue
[2026-04-02T13:54:05.663+0000] {logging_mixin.py:190} INFO - [2026-04-02T13:54:05.663+0000] {dagbag.py:588} INFO - Filling up the DagBag from /opt/airflow/dags/hello_world.py
[2026-04-02T13:54:05.671+0000] {processor.py:925} INFO - DAG(s) 'hello_world' retrieved from /opt/airflow/dags/hello_world.py
[2026-04-02T13:54:05.693+0000] {logging_mixin.py:190} INFO - [2026-04-02T13:54:05.693+0000] {dag.py:3239} INFO - Sync 1 DAGs
[2026-04-02T13:54:05.717+0000] {logging_mixin.py:190} INFO - [2026-04-02T13:54:05.717+0000] {dag.py:4180} INFO - Setting next_dagrun for hello_world to 2026-04-02 00:00:00+00:00, run_after=2026-04-03 00:00:00+00:00
[2026-04-02T13:54:05.733+0000] {processor.py:208} INFO - Processing /opt/airflow/dags/hello_world.py took 0.077 seconds
[2026-04-02T13:54:35.934+0000] {processor.py:186} INFO - Started process (PID=6928) to work on /opt/airflow/dags/hello_world.py
[2026-04-02T13:54:35.935+0000] {processor.py:914} INFO - Processing file /opt/airflow/dags/hello_world.py for tasks to queue
[2026-04-02T13:54:35.936+0000] {logging_mixin.py:190} INFO - [2026-04-02T13:54:35.935+0000] {dagbag.py:588} INFO - Filling up the DagBag from /opt/airflow/dags/hello_world.py
[2026-04-02T13:54:35.949+0000] {processor.py:925} INFO - DAG(s) 'hello_world' retrieved from /opt/airflow/dags/hello_world.py
[2026-04-02T13:54:35.979+0000] {logging_mixin.py:190} INFO - [2026-04-02T13:54:35.978+0000] {dag.py:3239} INFO - Sync 1 DAGs
[2026-04-02T13:54:36.002+0000] {logging_mixin.py:190} INFO - [2026-04-02T13:54:36.002+0000] {dag.py:4180} INFO - Setting next_dagrun for hello_world to 2026-04-02 00:00:00+00:00, run_after=2026-04-03 00:00:00+00:00
[2026-04-02T13:54:36.022+0000] {processor.py:208} INFO - Processing /opt/airflow/dags/hello_world.py took 0.093 seconds
[2026-04-02T13:55:06.220+0000] {processor.py:186} INFO - Started process (PID=6938) to work on /opt/airflow/dags/hello_world.py
[2026-04-02T13:55:06.237+0000] {processor.py:914} INFO - Processing file /opt/airflow/dags/hello_world.py for tasks to queue
[2026-04-02T13:55:06.239+0000] {logging_mixin.py:190} INFO - [2026-04-02T13:55:06.238+0000] {dagbag.py:588} INFO - Filling up the DagBag from /opt/airflow/dags/hello_world.py
[2026-04-02T13:55:06.250+0000] {processor.py:925} INFO - DAG(s) 'hello_world' retrieved from /opt/airflow/dags/hello_world.py
[2026-04-02T13:55:06.273+0000] {logging_mixin.py:190} INFO - [2026-04-02T13:55:06.273+0000] {dag.py:3239} INFO - Sync 1 DAGs
[2026-04-02T13:55:06.294+0000] {logging_mixin.py:190} INFO - [2026-04-02T13:55:06.294+0000] {dag.py:4180} INFO - Setting next_dagrun for hello_world to 2026-04-02 00:00:00+00:00, run_after=2026-04-03 00:00:00+00:00
[2026-04-02T13:55:06.309+0000] {processor.py:208} INFO - Processing /opt/airflow/dags/hello_world.py took 0.093 seconds
[2026-04-02T13:55:36.525+0000] {processor.py:186} INFO - Started process (PID=6948) to work on /opt/airflow/dags/hello_world.py
[2026-04-02T13:55:36.526+0000] {processor.py:914} INFO - Processing file /opt/airflow/dags/hello_world.py for tasks to queue
[2026-04-02T13:55:36.528+0000] {logging_mixin.py:190} INFO - [2026-04-02T13:55:36.527+0000] {dagbag.py:588} INFO - Filling up the DagBag from /opt/airflow/dags/hello_world.py
[2026-04-02T13:55:36.546+0000] {processor.py:925} INFO - DAG(s) 'hello_world' retrieved from /opt/airflow/dags/hello_world.py
[2026-04-02T13:55:36.603+0000] {logging_mixin.py:190} INFO - [2026-04-02T13:55:36.602+0000] {dag.py:3239} INFO - Sync 1 DAGs
[2026-04-02T13:55:36.658+0000] {logging_mixin.py:190} INFO - [2026-04-02T13:55:36.657+0000] {dag.py:4180} INFO - Setting next_dagrun for hello_world to 2026-04-02 00:00:00+00:00, run_after=2026-04-03 00:00:00+00:00
[2026-04-02T13:55:36.692+0000] {processor.py:208} INFO - Processing /opt/airflow/dags/hello_world.py took 0.178 seconds
[2026-04-02T13:56:06.900+0000] {processor.py:186} INFO - Started process (PID=6958) to work on /opt/airflow/dags/hello_world.py
[2026-04-02T13:56:06.901+0000] {processor.py:914} INFO - Processing file /opt/airflow/dags/hello_world.py for tasks to queue
[2026-04-02T13:56:06.902+0000] {logging_mixin.py:190} INFO - [2026-04-02T13:56:06.902+0000] {dagbag.py:588} INFO - Filling up the DagBag from /opt/airflow/dags/hello_world.py
[2026-04-02T13:56:06.913+0000] {processor.py:925} INFO - DAG(s) 'hello_world' retrieved from /opt/airflow/dags/hello_world.py
[2026-04-02T13:56:06.941+0000] {logging_mixin.py:190} INFO - [2026-04-02T13:56:06.941+0000] {dag.py:3239} INFO - Sync 1 DAGs
[2026-04-02T13:56:06.964+0000] {logging_mixin.py:190} INFO - [2026-04-02T13:56:06.964+0000] {dag.py:4180} INFO - Setting next_dagrun for hello_world to 2026-04-02 00:00:00+00:00, run_after=2026-04-03 00:00:00+00:00
[2026-04-02T13:56:06.984+0000] {processor.py:208} INFO - Processing /opt/airflow/dags/hello_world.py took 0.088 seconds
[2026-04-02T13:56:37.168+0000] {processor.py:186} INFO - Started process (PID=6968) to work on /opt/airflow/dags/hello_world.py
[2026-04-02T13:56:37.169+0000] {processor.py:914} INFO - Processing file /opt/airflow/dags/hello_world.py for tasks to queue
[2026-04-02T13:56:37.170+0000] {logging_mixin.py:190} INFO - [2026-04-02T13:56:37.170+0000] {dagbag.py:588} INFO - Filling up the DagBag from /opt/airflow/dags/hello_world.py
[2026-04-02T13:56:37.180+0000] {processor.py:925} INFO - DAG(s) 'hello_world' retrieved from /opt/airflow/dags/hello_world.py
[2026-04-02T13:56:37.203+0000] {logging_mixin.py:190} INFO - [2026-04-02T13:56:37.203+0000] {dag.py:3239} INFO - Sync 1 DAGs
[2026-04-02T13:56:37.225+0000] {logging_mixin.py:190} INFO - [2026-04-02T13:56:37.225+0000] {dag.py:4180} INFO - Setting next_dagrun for hello_world to 2026-04-02 00:00:00+00:00, run_after=2026-04-03 00:00:00+00:00
[2026-04-02T13:56:37.240+0000] {processor.py:208} INFO - Processing /opt/airflow/dags/hello_world.py took 0.076 seconds
[2026-04-02T13:57:07.409+0000] {processor.py:186} INFO - Started process (PID=6978) to work on /opt/airflow/dags/hello_world.py
[2026-04-02T13:57:07.426+0000] {processor.py:914} INFO - Processing file /opt/airflow/dags/hello_world.py for tasks to queue
[2026-04-02T13:57:07.428+0000] {logging_mixin.py:190} INFO - [2026-04-02T13:57:07.427+0000] {dagbag.py:588} INFO - Filling up the DagBag from /opt/airflow/dags/hello_world.py
[2026-04-02T13:57:07.436+0000] {processor.py:925} INFO - DAG(s) 'hello_world' retrieved from /opt/airflow/dags/hello_world.py
[2026-04-02T13:57:07.455+0000] {logging_mixin.py:190} INFO - [2026-04-02T13:57:07.455+0000] {dag.py:3239} INFO - Sync 1 DAGs
[2026-04-02T13:57:07.473+0000] {logging_mixin.py:190} INFO - [2026-04-02T13:57:07.473+0000] {dag.py:4180} INFO - Setting next_dagrun for hello_world to 2026-04-02 00:00:00+00:00, run_after=2026-04-03 00:00:00+00:00
[2026-04-02T13:57:07.488+0000] {processor.py:208} INFO - Processing /opt/airflow/dags/hello_world.py took 0.084 seconds
[2026-04-02T13:57:37.648+0000] {processor.py:186} INFO - Started process (PID=6988) to work on /opt/airflow/dags/hello_world.py
[2026-04-02T13:57:37.649+0000] {processor.py:914} INFO - Processing file /opt/airflow/dags/hello_world.py for tasks to queue
[2026-04-02T13:57:37.650+0000] {logging_mixin.py:190} INFO - [2026-04-02T13:57:37.649+0000] {dagbag.py:588} INFO - Filling up the DagBag from /opt/airflow/dags/hello_world.py
[2026-04-02T13:57:37.658+0000] {processor.py:925} INFO - DAG(s) 'hello_world' retrieved from /opt/airflow/dags/hello_world.py
[2026-04-02T13:57:37.683+0000] {logging_mixin.py:190} INFO - [2026-04-02T13:57:37.682+0000] {dag.py:3239} INFO - Sync 1 DAGs
[2026-04-02T13:57:37.706+0000] {logging_mixin.py:190} INFO - [2026-04-02T13:57:37.706+0000] {dag.py:4180} INFO - Setting next_dagrun for hello_world to 2026-04-02 00:00:00+00:00, run_after=2026-04-03 00:00:00+00:00
[2026-04-02T13:57:37.721+0000] {processor.py:208} INFO - Processing /opt/airflow/dags/hello_world.py took 0.078 seconds
[2026-04-02T13:58:07.898+0000] {processor.py:186} INFO - Started process (PID=6998) to work on /opt/airflow/dags/hello_world.py
[2026-04-02T13:58:07.917+0000] {processor.py:914} INFO - Processing file /opt/airflow/dags/hello_world.py for tasks to queue
[2026-04-02T13:58:07.918+0000] {logging_mixin.py:190} INFO - [2026-04-02T13:58:07.918+0000] {dagbag.py:588} INFO - Filling up the DagBag from /opt/airflow/dags/hello_world.py
[2026-04-02T13:58:07.935+0000] {processor.py:925} INFO - DAG(s) 'hello_world' retrieved from /opt/airflow/dags/hello_world.py
[2026-04-02T13:58:07.974+0000] {logging_mixin.py:190} INFO - [2026-04-02T13:58:07.973+0000] {dag.py:3239} INFO - Sync 1 DAGs
[2026-04-02T13:58:08.010+0000] {logging_mixin.py:190} INFO - [2026-04-02T13:58:08.010+0000] {dag.py:4180} INFO - Setting next_dagrun for hello_world to 2026-04-02 00:00:00+00:00, run_after=2026-04-03 00:00:00+00:00
[2026-04-02T13:58:08.032+0000] {processor.py:208} INFO - Processing /opt/airflow/dags/hello_world.py took 0.141 seconds
[2026-04-02T13:58:38.219+0000] {processor.py:186} INFO - Started process (PID=7008) to work on /opt/airflow/dags/hello_world.py
[2026-04-02T13:58:38.220+0000] {processor.py:914} INFO - Processing file /opt/airflow/dags/hello_world.py for tasks to queue
[2026-04-02T13:58:38.222+0000] {logging_mixin.py:190} INFO - [2026-04-02T13:58:38.221+0000] {dagbag.py:588} INFO - Filling up the DagBag from /opt/airflow/dags/hello_world.py
[2026-04-02T13:58:38.237+0000] {processor.py:925} INFO - DAG(s) 'hello_world' retrieved from /opt/airflow/dags/hello_world.py
[2026-04-02T13:58:38.269+0000] {logging_mixin.py:190} INFO - [2026-04-02T13:58:38.268+0000] {dag.py:3239} INFO - Sync 1 DAGs
[2026-04-02T13:58:38.297+0000] {logging_mixin.py:190} INFO - [2026-04-02T13:58:38.297+0000] {dag.py:4180} INFO - Setting next_dagrun for hello_world to 2026-04-02 00:00:00+00:00, run_after=2026-04-03 00:00:00+00:00
[2026-04-02T13:58:38.317+0000] {processor.py:208} INFO - Processing /opt/airflow/dags/hello_world.py took 0.104 seconds
[2026-04-02T13:59:08.488+0000] {processor.py:186} INFO - Started process (PID=7018) to work on /opt/airflow/dags/hello_world.py
[2026-04-02T13:59:08.489+0000] {processor.py:914} INFO - Processing file /opt/airflow/dags/hello_world.py for tasks to queue
[2026-04-02T13:59:08.490+0000] {logging_mixin.py:190} INFO - [2026-04-02T13:59:08.490+0000] {dagbag.py:588} INFO - Filling up the DagBag from /opt/airflow/dags/hello_world.py
[2026-04-02T13:59:08.499+0000] {processor.py:925} INFO - DAG(s) 'hello_world' retrieved from /opt/airflow/dags/hello_world.py
[2026-04-02T13:59:08.524+0000] {logging_mixin.py:190} INFO - [2026-04-02T13:59:08.524+0000] {dag.py:3239} INFO - Sync 1 DAGs
[2026-04-02T13:59:08.544+0000] {logging_mixin.py:190} INFO - [2026-04-02T13:59:08.544+0000] {dag.py:4180} INFO - Setting next_dagrun for hello_world to 2026-04-02 00:00:00+00:00, run_after=2026-04-03 00:00:00+00:00
[2026-04-02T13:59:08.561+0000] {processor.py:208} INFO - Processing /opt/airflow/dags/hello_world.py took 0.077 seconds
[2026-04-02T13:59:38.734+0000] {processor.py:186} INFO - Started process (PID=7028) to work on /opt/airflow/dags/hello_world.py
[2026-04-02T13:59:38.735+0000] {processor.py:914} INFO - Processing file /opt/airflow/dags/hello_world.py for tasks to queue
[2026-04-02T13:59:38.736+0000] {logging_mixin.py:190} INFO - [2026-04-02T13:59:38.736+0000] {dagbag.py:588} INFO - Filling up the DagBag from /opt/airflow/dags/hello_world.py
[2026-04-02T13:59:38.747+0000] {processor.py:925} INFO - DAG(s) 'hello_world' retrieved from /opt/airflow/dags/hello_world.py
[2026-04-02T13:59:38.771+0000] {logging_mixin.py:190} INFO - [2026-04-02T13:59:38.771+0000] {dag.py:3239} INFO - Sync 1 DAGs
[2026-04-02T13:59:38.797+0000] {logging_mixin.py:190} INFO - [2026-04-02T13:59:38.797+0000] {dag.py:4180} INFO - Setting next_dagrun for hello_world to 2026-04-02 00:00:00+00:00, run_after=2026-04-03 00:00:00+00:00
[2026-04-02T13:59:38.816+0000] {processor.py:208} INFO - Processing /opt/airflow/dags/hello_world.py took 0.086 seconds
[2026-04-02T14:00:09.039+0000] {processor.py:186} INFO - Started process (PID=7038) to work on /opt/airflow/dags/hello_world.py
[2026-04-02T14:00:09.041+0000] {processor.py:914} INFO - Processing file /opt/airflow/dags/hello_world.py for tasks to queue
[2026-04-02T14:00:09.043+0000] {logging_mixin.py:190} INFO - [2026-04-02T14:00:09.043+0000] {dagbag.py:588} INFO - Filling up the DagBag from /opt/airflow/dags/hello_world.py
[2026-04-02T14:00:09.062+0000] {processor.py:925} INFO - DAG(s) 'hello_world' retrieved from /opt/airflow/dags/hello_world.py
[2026-04-02T14:00:09.106+0000] {logging_mixin.py:190} INFO - [2026-04-02T14:00:09.106+0000] {dag.py:3239} INFO - Sync 1 DAGs
[2026-04-02T14:00:09.156+0000] {logging_mixin.py:190} INFO - [2026-04-02T14:00:09.156+0000] {dag.py:4180} INFO - Setting next_dagrun for hello_world to 2026-04-02 00:00:00+00:00, run_after=2026-04-03 00:00:00+00:00
[2026-04-02T14:00:09.183+0000] {processor.py:208} INFO - Processing /opt/airflow/dags/hello_world.py took 0.154 seconds
[2026-04-02T14:00:39.486+0000] {processor.py:186} INFO - Started process (PID=7048) to work on /opt/airflow/dags/hello_world.py
[2026-04-02T14:00:39.487+0000] {processor.py:914} INFO - Processing file /opt/airflow/dags/hello_world.py for tasks to queue
[2026-04-02T14:00:39.489+0000] {logging_mixin.py:190} INFO - [2026-04-02T14:00:39.488+0000] {dagbag.py:588} INFO - Filling up the DagBag from /opt/airflow/dags/hello_world.py
[2026-04-02T14:00:39.509+0000] {processor.py:925} INFO - DAG(s) 'hello_world' retrieved from /opt/airflow/dags/hello_world.py
[2026-04-02T14:00:39.558+0000] {logging_mixin.py:190} INFO - [2026-04-02T14:00:39.557+0000] {dag.py:3239} INFO - Sync 1 DAGs
[2026-04-02T14:00:39.606+0000] {logging_mixin.py:190} INFO - [2026-04-02T14:00:39.605+0000] {dag.py:4180} INFO - Setting next_dagrun for hello_world to 2026-04-02 00:00:00+00:00, run_after=2026-04-03 00:00:00+00:00
[2026-04-02T14:00:39.642+0000] {processor.py:208} INFO - Processing /opt/airflow/dags/hello_world.py took 0.167 seconds
[2026-04-02T14:01:09.866+0000] {processor.py:186} INFO - Started process (PID=7058) to work on /opt/airflow/dags/hello_world.py
[2026-04-02T14:01:09.867+0000] {processor.py:914} INFO - Processing file /opt/airflow/dags/hello_world.py for tasks to queue
[2026-04-02T14:01:09.869+0000] {logging_mixin.py:190} INFO - [2026-04-02T14:01:09.868+0000] {dagbag.py:588} INFO - Filling up the DagBag from /opt/airflow/dags/hello_world.py
[2026-04-02T14:01:09.884+0000] {processor.py:925} INFO - DAG(s) 'hello_world' retrieved from /opt/airflow/dags/hello_world.py
[2026-04-02T14:01:09.920+0000] {logging_mixin.py:190} INFO - [2026-04-02T14:01:09.919+0000] {dag.py:3239} INFO - Sync 1 DAGs
[2026-04-02T14:01:09.953+0000] {logging_mixin.py:190} INFO - [2026-04-02T14:01:09.952+0000] {dag.py:4180} INFO - Setting next_dagrun for hello_world to 2026-04-02 00:00:00+00:00, run_after=2026-04-03 00:00:00+00:00
[2026-04-02T14:01:09.974+0000] {processor.py:208} INFO - Processing /opt/airflow/dags/hello_world.py took 0.117 seconds
[2026-04-02T14:01:40.185+0000] {processor.py:186} INFO - Started process (PID=7068) to work on /opt/airflow/dags/hello_world.py
[2026-04-02T14:01:40.186+0000] {processor.py:914} INFO - Processing file /opt/airflow/dags/hello_world.py for tasks to queue
[2026-04-02T14:01:40.187+0000] {logging_mixin.py:190} INFO - [2026-04-02T14:01:40.187+0000] {dagbag.py:588} INFO - Filling up the DagBag from /opt/airflow/dags/hello_world.py
[2026-04-02T14:01:40.196+0000] {processor.py:925} INFO - DAG(s) 'hello_world' retrieved from /opt/airflow/dags/hello_world.py
[2026-04-02T14:01:40.220+0000] {logging_mixin.py:190} INFO - [2026-04-02T14:01:40.220+0000] {dag.py:3239} INFO - Sync 1 DAGs
[2026-04-02T14:01:40.241+0000] {logging_mixin.py:190} INFO - [2026-04-02T14:01:40.241+0000] {dag.py:4180} INFO - Setting next_dagrun for hello_world to 2026-04-02 00:00:00+00:00, run_after=2026-04-03 00:00:00+00:00
[2026-04-02T14:01:40.256+0000] {processor.py:208} INFO - Processing /opt/airflow/dags/hello_world.py took 0.075 seconds
[2026-04-02T14:02:10.533+0000] {processor.py:186} INFO - Started process (PID=7078) to work on /opt/airflow/dags/hello_world.py
[2026-04-02T14:02:10.534+0000] {processor.py:914} INFO - Processing file /opt/airflow/dags/hello_world.py for tasks to queue
[2026-04-02T14:02:10.535+0000] {logging_mixin.py:190} INFO - [2026-04-02T14:02:10.535+0000] {dagbag.py:588} INFO - Filling up the DagBag from /opt/airflow/dags/hello_world.py
[2026-04-02T14:02:10.545+0000] {processor.py:925} INFO - DAG(s) 'hello_world' retrieved from /opt/airflow/dags/hello_world.py
[2026-04-02T14:02:10.569+0000] {logging_mixin.py:190} INFO - [2026-04-02T14:02:10.569+0000] {dag.py:3239} INFO - Sync 1 DAGs
[2026-04-02T14:02:10.592+0000] {logging_mixin.py:190} INFO - [2026-04-02T14:02:10.592+0000] {dag.py:4180} INFO - Setting next_dagrun for hello_world to 2026-04-02 00:00:00+00:00, run_after=2026-04-03 00:00:00+00:00
[2026-04-02T14:02:10.608+0000] {processor.py:208} INFO - Processing /opt/airflow/dags/hello_world.py took 0.081 seconds
[2026-04-02T14:02:40.817+0000] {processor.py:186} INFO - Started process (PID=7088) to work on /opt/airflow/dags/hello_world.py
[2026-04-02T14:02:40.818+0000] {processor.py:914} INFO - Processing file /opt/airflow/dags/hello_world.py for tasks to queue
[2026-04-02T14:02:40.820+0000] {logging_mixin.py:190} INFO - [2026-04-02T14:02:40.819+0000] {dagbag.py:588} INFO - Filling up the DagBag from /opt/airflow/dags/hello_world.py
[2026-04-02T14:02:40.837+0000] {processor.py:925} INFO - DAG(s) 'hello_world' retrieved from /opt/airflow/dags/hello_world.py
[2026-04-02T14:02:40.879+0000] {logging_mixin.py:190} INFO - [2026-04-02T14:02:40.879+0000] {dag.py:3239} INFO - Sync 1 DAGs
[2026-04-02T14:02:40.921+0000] {logging_mixin.py:190} INFO - [2026-04-02T14:02:40.921+0000] {dag.py:4180} INFO - Setting next_dagrun for hello_world to 2026-04-02 00:00:00+00:00, run_after=2026-04-03 00:00:00+00:00
[2026-04-02T14:02:40.944+0000] {processor.py:208} INFO - Processing /opt/airflow/dags/hello_world.py took 0.136 seconds
[2026-04-02T14:03:11.142+0000] {processor.py:186} INFO - Started process (PID=7103) to work on /opt/airflow/dags/hello_world.py
[2026-04-02T14:03:11.160+0000] {processor.py:914} INFO - Processing file /opt/airflow/dags/hello_world.py for tasks to queue
[2026-04-02T14:03:11.162+0000] {logging_mixin.py:190} INFO - [2026-04-02T14:03:11.162+0000] {dagbag.py:588} INFO - Filling up the DagBag from /opt/airflow/dags/hello_world.py
[2026-04-02T14:03:11.173+0000] {processor.py:925} INFO - DAG(s) 'hello_world' retrieved from /opt/airflow/dags/hello_world.py
[2026-04-02T14:03:11.201+0000] {logging_mixin.py:190} INFO - [2026-04-02T14:03:11.201+0000] {dag.py:3239} INFO - Sync 1 DAGs
[2026-04-02T14:03:11.224+0000] {logging_mixin.py:190} INFO - [2026-04-02T14:03:11.223+0000] {dag.py:4180} INFO - Setting next_dagrun for hello_world to 2026-04-02 00:00:00+00:00, run_after=2026-04-03 00:00:00+00:00
[2026-04-02T14:03:11.242+0000] {processor.py:208} INFO - Processing /opt/airflow/dags/hello_world.py took 0.107 seconds
[2026-04-02T14:03:41.478+0000] {processor.py:186} INFO - Started process (PID=7140) to work on /opt/airflow/dags/hello_world.py
[2026-04-02T14:03:41.479+0000] {processor.py:914} INFO - Processing file /opt/airflow/dags/hello_world.py for tasks to queue
[2026-04-02T14:03:41.481+0000] {logging_mixin.py:190} INFO - [2026-04-02T14:03:41.481+0000] {dagbag.py:588} INFO - Filling up the DagBag from /opt/airflow/dags/hello_world.py
[2026-04-02T14:03:41.493+0000] {processor.py:925} INFO - DAG(s) 'hello_world' retrieved from /opt/airflow/dags/hello_world.py
[2026-04-02T14:03:41.522+0000] {logging_mixin.py:190} INFO - [2026-04-02T14:03:41.522+0000] {dag.py:3239} INFO - Sync 1 DAGs
[2026-04-02T14:03:41.549+0000] {logging_mixin.py:190} INFO - [2026-04-02T14:03:41.549+0000] {dag.py:4180} INFO - Setting next_dagrun for hello_world to 2026-04-02 00:00:00+00:00, run_after=2026-04-03 00:00:00+00:00
[2026-04-02T14:03:41.567+0000] {processor.py:208} INFO - Processing /opt/airflow/dags/hello_world.py took 0.096 seconds
[2026-04-02T14:04:11.785+0000] {processor.py:186} INFO - Started process (PID=7150) to work on /opt/airflow/dags/hello_world.py
[2026-04-02T14:04:11.788+0000] {processor.py:914} INFO - Processing file /opt/airflow/dags/hello_world.py for tasks to queue
[2026-04-02T14:04:11.794+0000] {logging_mixin.py:190} INFO - [2026-04-02T14:04:11.792+0000] {dagbag.py:588} INFO - Filling up the DagBag from /opt/airflow/dags/hello_world.py
[2026-04-02T14:04:11.818+0000] {processor.py:925} INFO - DAG(s) 'hello_world' retrieved from /opt/airflow/dags/hello_world.py
[2026-04-02T14:04:11.871+0000] {logging_mixin.py:190} INFO - [2026-04-02T14:04:11.870+0000] {dag.py:3239} INFO - Sync 1 DAGs
[2026-04-02T14:04:11.912+0000] {logging_mixin.py:190} INFO - [2026-04-02T14:04:11.911+0000] {dag.py:4180} INFO - Setting next_dagrun for hello_world to 2026-04-02 00:00:00+00:00, run_after=2026-04-03 00:00:00+00:00
[2026-04-02T14:04:11.938+0000] {processor.py:208} INFO - Processing /opt/airflow/dags/hello_world.py took 0.165 seconds
[2026-04-02T14:04:42.036+0000] {processor.py:186} INFO - Started process (PID=7160) to work on /opt/airflow/dags/hello_world.py
[2026-04-02T14:04:42.036+0000] {processor.py:914} INFO - Processing file /opt/airflow/dags/hello_world.py for tasks to queue
[2026-04-02T14:04:42.038+0000] {logging_mixin.py:190} INFO - [2026-04-02T14:04:42.037+0000] {dagbag.py:588} INFO - Filling up the DagBag from /opt/airflow/dags/hello_world.py
[2026-04-02T14:04:42.046+0000] {processor.py:925} INFO - DAG(s) 'hello_world' retrieved from /opt/airflow/dags/hello_world.py
[2026-04-02T14:04:42.068+0000] {logging_mixin.py:190} INFO - [2026-04-02T14:04:42.068+0000] {dag.py:3239} INFO - Sync 1 DAGs
[2026-04-02T14:04:42.088+0000] {logging_mixin.py:190} INFO - [2026-04-02T14:04:42.088+0000] {dag.py:4180} INFO - Setting next_dagrun for hello_world to 2026-04-02 00:00:00+00:00, run_after=2026-04-03 00:00:00+00:00
[2026-04-02T14:04:42.104+0000] {processor.py:208} INFO - Processing /opt/airflow/dags/hello_world.py took 0.073 seconds
[2026-04-02T14:05:12.273+0000] {processor.py:186} INFO - Started process (PID=7170) to work on /opt/airflow/dags/hello_world.py
[2026-04-02T14:05:12.280+0000] {processor.py:914} INFO - Processing file /opt/airflow/dags/hello_world.py for tasks to queue
[2026-04-02T14:05:12.281+0000] {logging_mixin.py:190} INFO - [2026-04-02T14:05:12.281+0000] {dagbag.py:588} INFO - Filling up the DagBag from /opt/airflow/dags/hello_world.py
[2026-04-02T14:05:12.289+0000] {processor.py:925} INFO - DAG(s) 'hello_world' retrieved from /opt/airflow/dags/hello_world.py
[2026-04-02T14:05:12.311+0000] {logging_mixin.py:190} INFO - [2026-04-02T14:05:12.310+0000] {dag.py:3239} INFO - Sync 1 DAGs
[2026-04-02T14:05:12.330+0000] {logging_mixin.py:190} INFO - [2026-04-02T14:05:12.330+0000] {dag.py:4180} INFO - Setting next_dagrun for hello_world to 2026-04-02 00:00:00+00:00, run_after=2026-04-03 00:00:00+00:00
[2026-04-02T14:05:12.346+0000] {processor.py:208} INFO - Processing /opt/airflow/dags/hello_world.py took 0.077 seconds
[2026-04-02T14:05:42.558+0000] {processor.py:186} INFO - Started process (PID=7180) to work on /opt/airflow/dags/hello_world.py
[2026-04-02T14:05:42.559+0000] {processor.py:914} INFO - Processing file /opt/airflow/dags/hello_world.py for tasks to queue
[2026-04-02T14:05:42.561+0000] {logging_mixin.py:190} INFO - [2026-04-02T14:05:42.560+0000] {dagbag.py:588} INFO - Filling up the DagBag from /opt/airflow/dags/hello_world.py
[2026-04-02T14:05:42.580+0000] {processor.py:925} INFO - DAG(s) 'hello_world' retrieved from /opt/airflow/dags/hello_world.py
[2026-04-02T14:05:42.619+0000] {logging_mixin.py:190} INFO - [2026-04-02T14:05:42.619+0000] {dag.py:3239} INFO - Sync 1 DAGs
[2026-04-02T14:05:42.661+0000] {logging_mixin.py:190} INFO - [2026-04-02T14:05:42.661+0000] {dag.py:4180} INFO - Setting next_dagrun for hello_world to 2026-04-02 00:00:00+00:00, run_after=2026-04-03 00:00:00+00:00
[2026-04-02T14:05:42.686+0000] {processor.py:208} INFO - Processing /opt/airflow/dags/hello_world.py took 0.138 seconds
[2026-04-02T14:06:12.769+0000] {processor.py:186} INFO - Started process (PID=7195) to work on /opt/airflow/dags/hello_world.py
[2026-04-02T14:06:12.771+0000] {processor.py:914} INFO - Processing file /opt/airflow/dags/hello_world.py for tasks to queue
[2026-04-02T14:06:12.773+0000] {logging_mixin.py:190} INFO - [2026-04-02T14:06:12.773+0000] {dagbag.py:588} INFO - Filling up the DagBag from /opt/airflow/dags/hello_world.py
[2026-04-02T14:06:12.791+0000] {processor.py:925} INFO - DAG(s) 'hello_world' retrieved from /opt/airflow/dags/hello_world.py
[2026-04-02T14:06:12.826+0000] {logging_mixin.py:190} INFO - [2026-04-02T14:06:12.826+0000] {dag.py:3239} INFO - Sync 1 DAGs
[2026-04-02T14:06:12.859+0000] {logging_mixin.py:190} INFO - [2026-04-02T14:06:12.859+0000] {dag.py:4180} INFO - Setting next_dagrun for hello_world to 2026-04-02 00:00:00+00:00, run_after=2026-04-03 00:00:00+00:00
[2026-04-02T14:06:12.880+0000] {processor.py:208} INFO - Processing /opt/airflow/dags/hello_world.py took 0.119 seconds
[2026-04-02T14:06:42.983+0000] {processor.py:186} INFO - Started process (PID=7205) to work on /opt/airflow/dags/hello_world.py
[2026-04-02T14:06:42.984+0000] {processor.py:914} INFO - Processing file /opt/airflow/dags/hello_world.py for tasks to queue
[2026-04-02T14:06:42.985+0000] {logging_mixin.py:190} INFO - [2026-04-02T14:06:42.984+0000] {dagbag.py:588} INFO - Filling up the DagBag from /opt/airflow/dags/hello_world.py
[2026-04-02T14:06:42.994+0000] {processor.py:925} INFO - DAG(s) 'hello_world' retrieved from /opt/airflow/dags/hello_world.py
[2026-04-02T14:06:43.016+0000] {logging_mixin.py:190} INFO - [2026-04-02T14:06:43.016+0000] {dag.py:3239} INFO - Sync 1 DAGs
[2026-04-02T14:06:43.033+0000] {logging_mixin.py:190} INFO - [2026-04-02T14:06:43.033+0000] {dag.py:4180} INFO - Setting next_dagrun for hello_world to 2026-04-02 00:00:00+00:00, run_after=2026-04-03 00:00:00+00:00
[2026-04-02T14:06:43.047+0000] {processor.py:208} INFO - Processing /opt/airflow/dags/hello_world.py took 0.069 seconds
[2026-04-02T14:07:13.220+0000] {processor.py:186} INFO - Started process (PID=7215) to work on /opt/airflow/dags/hello_world.py
[2026-04-02T14:07:13.223+0000] {processor.py:914} INFO - Processing file /opt/airflow/dags/hello_world.py for tasks to queue
[2026-04-02T14:07:13.225+0000] {logging_mixin.py:190} INFO - [2026-04-02T14:07:13.224+0000] {dagbag.py:588} INFO - Filling up the DagBag from /opt/airflow/dags/hello_world.py
[2026-04-02T14:07:13.236+0000] {processor.py:925} INFO - DAG(s) 'hello_world' retrieved from /opt/airflow/dags/hello_world.py
[2026-04-02T14:07:13.271+0000] {logging_mixin.py:190} INFO - [2026-04-02T14:07:13.270+0000] {dag.py:3239} INFO - Sync 1 DAGs
[2026-04-02T14:07:13.300+0000] {logging_mixin.py:190} INFO - [2026-04-02T14:07:13.300+0000] {dag.py:4180} INFO - Setting next_dagrun for hello_world to 2026-04-02 00:00:00+00:00, run_after=2026-04-03 00:00:00+00:00
[2026-04-02T14:07:13.329+0000] {processor.py:208} INFO - Processing /opt/airflow/dags/hello_world.py took 0.114 seconds
[2026-04-02T14:07:43.496+0000] {processor.py:186} INFO - Started process (PID=7225) to work on /opt/airflow/dags/hello_world.py
[2026-04-02T14:07:43.497+0000] {processor.py:914} INFO - Processing file /opt/airflow/dags/hello_world.py for tasks to queue
[2026-04-02T14:07:43.498+0000] {logging_mixin.py:190} INFO - [2026-04-02T14:07:43.498+0000] {dagbag.py:588} INFO - Filling up the DagBag from /opt/airflow/dags/hello_world.py
[2026-04-02T14:07:43.507+0000] {processor.py:925} INFO - DAG(s) 'hello_world' retrieved from /opt/airflow/dags/hello_world.py
[2026-04-02T14:07:43.529+0000] {logging_mixin.py:190} INFO - [2026-04-02T14:07:43.528+0000] {dag.py:3239} INFO - Sync 1 DAGs
[2026-04-02T14:07:43.547+0000] {logging_mixin.py:190} INFO - [2026-04-02T14:07:43.547+0000] {dag.py:4180} INFO - Setting next_dagrun for hello_world to 2026-04-02 00:00:00+00:00, run_after=2026-04-03 00:00:00+00:00
[2026-04-02T14:07:43.561+0000] {processor.py:208} INFO - Processing /opt/airflow/dags/hello_world.py took 0.069 seconds
[2026-04-02T14:08:13.785+0000] {processor.py:186} INFO - Started process (PID=7235) to work on /opt/airflow/dags/hello_world.py
[2026-04-02T14:08:13.788+0000] {processor.py:914} INFO - Processing file /opt/airflow/dags/hello_world.py for tasks to queue
[2026-04-02T14:08:13.791+0000] {logging_mixin.py:190} INFO - [2026-04-02T14:08:13.791+0000] {dagbag.py:588} INFO - Filling up the DagBag from /opt/airflow/dags/hello_world.py
[2026-04-02T14:08:13.813+0000] {processor.py:925} INFO - DAG(s) 'hello_world' retrieved from /opt/airflow/dags/hello_world.py
[2026-04-02T14:08:13.871+0000] {logging_mixin.py:190} INFO - [2026-04-02T14:08:13.871+0000] {dag.py:3239} INFO - Sync 1 DAGs
[2026-04-02T14:08:13.932+0000] {logging_mixin.py:190} INFO - [2026-04-02T14:08:13.931+0000] {dag.py:4180} INFO - Setting next_dagrun for hello_world to 2026-04-02 00:00:00+00:00, run_after=2026-04-03 00:00:00+00:00
[2026-04-02T14:08:13.969+0000] {processor.py:208} INFO - Processing /opt/airflow/dags/hello_world.py took 0.198 seconds
[2026-04-02T14:08:44.058+0000] {processor.py:186} INFO - Started process (PID=7245) to work on /opt/airflow/dags/hello_world.py
[2026-04-02T14:08:44.059+0000] {processor.py:914} INFO - Processing file /opt/airflow/dags/hello_world.py for tasks to queue
[2026-04-02T14:08:44.061+0000] {logging_mixin.py:190} INFO - [2026-04-02T14:08:44.061+0000] {dagbag.py:588} INFO - Filling up the DagBag from /opt/airflow/dags/hello_world.py
[2026-04-02T14:08:44.077+0000] {processor.py:925} INFO - DAG(s) 'hello_world' retrieved from /opt/airflow/dags/hello_world.py
[2026-04-02T14:08:44.116+0000] {logging_mixin.py:190} INFO - [2026-04-02T14:08:44.116+0000] {dag.py:3239} INFO - Sync 1 DAGs
[2026-04-02T14:08:44.149+0000] {logging_mixin.py:190} INFO - [2026-04-02T14:08:44.149+0000] {dag.py:4180} INFO - Setting next_dagrun for hello_world to 2026-04-02 00:00:00+00:00, run_after=2026-04-03 00:00:00+00:00
[2026-04-02T14:08:44.171+0000] {processor.py:208} INFO - Processing /opt/airflow/dags/hello_world.py took 0.122 seconds
[2026-04-02T14:09:14.385+0000] {processor.py:186} INFO - Started process (PID=7255) to work on /opt/airflow/dags/hello_world.py
[2026-04-02T14:09:14.387+0000] {processor.py:914} INFO - Processing file /opt/airflow/dags/hello_world.py for tasks to queue
[2026-04-02T14:09:14.388+0000] {logging_mixin.py:190} INFO - [2026-04-02T14:09:14.388+0000] {dagbag.py:588} INFO - Filling up the DagBag from /opt/airflow/dags/hello_world.py
[2026-04-02T14:09:14.404+0000] {processor.py:925} INFO - DAG(s) 'hello_world' retrieved from /opt/airflow/dags/hello_world.py
[2026-04-02T14:09:14.443+0000] {logging_mixin.py:190} INFO - [2026-04-02T14:09:14.442+0000] {dag.py:3239} INFO - Sync 1 DAGs
[2026-04-02T14:09:14.480+0000] {logging_mixin.py:190} INFO - [2026-04-02T14:09:14.480+0000] {dag.py:4180} INFO - Setting next_dagrun for hello_world to 2026-04-02 00:00:00+00:00, run_after=2026-04-03 00:00:00+00:00
[2026-04-02T14:09:14.518+0000] {processor.py:208} INFO - Processing /opt/airflow/dags/hello_world.py took 0.142 seconds
[2026-04-02T14:09:44.708+0000] {processor.py:186} INFO - Started process (PID=7265) to work on /opt/airflow/dags/hello_world.py
[2026-04-02T14:09:44.709+0000] {processor.py:914} INFO - Processing file /opt/airflow/dags/hello_world.py for tasks to queue
[2026-04-02T14:09:44.711+0000] {logging_mixin.py:190} INFO - [2026-04-02T14:09:44.710+0000] {dagbag.py:588} INFO - Filling up the DagBag from /opt/airflow/dags/hello_world.py
[2026-04-02T14:09:44.720+0000] {processor.py:925} INFO - DAG(s) 'hello_world' retrieved from /opt/airflow/dags/hello_world.py
[2026-04-02T14:09:44.749+0000] {logging_mixin.py:190} INFO - [2026-04-02T14:09:44.749+0000] {dag.py:3239} INFO - Sync 1 DAGs
[2026-04-02T14:09:44.774+0000] {logging_mixin.py:190} INFO - [2026-04-02T14:09:44.774+0000] {dag.py:4180} INFO - Setting next_dagrun for hello_world to 2026-04-02 00:00:00+00:00, run_after=2026-04-03 00:00:00+00:00
[2026-04-02T14:09:44.792+0000] {processor.py:208} INFO - Processing /opt/airflow/dags/hello_world.py took 0.090 seconds
[2026-04-02T14:10:14.979+0000] {processor.py:186} INFO - Started process (PID=7305) to work on /opt/airflow/dags/hello_world.py
[2026-04-02T14:10:14.981+0000] {processor.py:914} INFO - Processing file /opt/airflow/dags/hello_world.py for tasks to queue
[2026-04-02T14:10:14.982+0000] {logging_mixin.py:190} INFO - [2026-04-02T14:10:14.981+0000] {dagbag.py:588} INFO - Filling up the DagBag from /opt/airflow/dags/hello_world.py
[2026-04-02T14:10:14.992+0000] {processor.py:925} INFO - DAG(s) 'hello_world' retrieved from /opt/airflow/dags/hello_world.py
[2026-04-02T14:10:15.016+0000] {logging_mixin.py:190} INFO - [2026-04-02T14:10:15.016+0000] {dag.py:3239} INFO - Sync 1 DAGs
[2026-04-02T14:10:15.038+0000] {logging_mixin.py:190} INFO - [2026-04-02T14:10:15.038+0000] {dag.py:4180} INFO - Setting next_dagrun for hello_world to 2026-04-02 00:00:00+00:00, run_after=2026-04-03 00:00:00+00:00
[2026-04-02T14:10:15.054+0000] {processor.py:208} INFO - Processing /opt/airflow/dags/hello_world.py took 0.080 seconds
[2026-04-02T14:10:45.225+0000] {processor.py:186} INFO - Started process (PID=7315) to work on /opt/airflow/dags/hello_world.py
[2026-04-02T14:10:45.225+0000] {processor.py:914} INFO - Processing file /opt/airflow/dags/hello_world.py for tasks to queue
[2026-04-02T14:10:45.227+0000] {logging_mixin.py:190} INFO - [2026-04-02T14:10:45.226+0000] {dagbag.py:588} INFO - Filling up the DagBag from /opt/airflow/dags/hello_world.py
[2026-04-02T14:10:45.236+0000] {processor.py:925} INFO - DAG(s) 'hello_world' retrieved from /opt/airflow/dags/hello_world.py
[2026-04-02T14:10:45.259+0000] {logging_mixin.py:190} INFO - [2026-04-02T14:10:45.259+0000] {dag.py:3239} INFO - Sync 1 DAGs
[2026-04-02T14:10:45.278+0000] {logging_mixin.py:190} INFO - [2026-04-02T14:10:45.278+0000] {dag.py:4180} INFO - Setting next_dagrun for hello_world to 2026-04-02 00:00:00+00:00, run_after=2026-04-03 00:00:00+00:00
[2026-04-02T14:10:45.296+0000] {processor.py:208} INFO - Processing /opt/airflow/dags/hello_world.py took 0.076 seconds
[2026-04-02T14:11:15.493+0000] {processor.py:186} INFO - Started process (PID=7325) to work on /opt/airflow/dags/hello_world.py
[2026-04-02T14:11:15.494+0000] {processor.py:914} INFO - Processing file /opt/airflow/dags/hello_world.py for tasks to queue
[2026-04-02T14:11:15.495+0000] {logging_mixin.py:190} INFO - [2026-04-02T14:11:15.495+0000] {dagbag.py:588} INFO - Filling up the DagBag from /opt/airflow/dags/hello_world.py
[2026-04-02T14:11:15.505+0000] {processor.py:925} INFO - DAG(s) 'hello_world' retrieved from /opt/airflow/dags/hello_world.py
[2026-04-02T14:11:15.527+0000] {logging_mixin.py:190} INFO - [2026-04-02T14:11:15.527+0000] {dag.py:3239} INFO - Sync 1 DAGs
[2026-04-02T14:11:15.546+0000] {logging_mixin.py:190} INFO - [2026-04-02T14:11:15.546+0000] {dag.py:4180} INFO - Setting next_dagrun for hello_world to 2026-04-02 00:00:00+00:00, run_after=2026-04-03 00:00:00+00:00
[2026-04-02T14:11:15.564+0000] {processor.py:208} INFO - Processing /opt/airflow/dags/hello_world.py took 0.076 seconds
