[2026-04-01T12:10:23.650+0000] {manager.py:483} INFO - Processing files using up to 2 processes at a time 
[2026-04-01T12:10:23.651+0000] {manager.py:484} INFO - Process each file at most once every 30 seconds
[2026-04-01T12:10:23.652+0000] {manager.py:485} INFO - Checking for new files in /opt/airflow/dags every 300 seconds
[2026-04-01T12:10:23.652+0000] {manager.py:821} INFO - Searching for files in /opt/airflow/dags
[2026-04-01T12:10:23.654+0000] {manager.py:824} INFO - There are 0 files in /opt/airflow/dags
[2026-04-01T12:14:28.485+0000] {manager.py:465} INFO - Exiting gracefully upon receiving signal 15
[2026-04-01T12:14:58.964+0000] {manager.py:483} INFO - Processing files using up to 2 processes at a time 
[2026-04-01T12:14:58.966+0000] {manager.py:484} INFO - Process each file at most once every 30 seconds
[2026-04-01T12:14:58.967+0000] {manager.py:485} INFO - Checking for new files in /opt/airflow/dags every 300 seconds
[2026-04-01T12:14:58.968+0000] {manager.py:821} INFO - Searching for files in /opt/airflow/dags
[2026-04-01T12:14:58.971+0000] {manager.py:824} INFO - There are 0 files in /opt/airflow/dags
[2026-04-01T12:15:40.055+0000] {manager.py:465} INFO - Exiting gracefully upon receiving signal 15
[2026-04-01T12:17:05.462+0000] {manager.py:483} INFO - Processing files using up to 2 processes at a time 
[2026-04-01T12:17:05.463+0000] {manager.py:484} INFO - Process each file at most once every 30 seconds
[2026-04-01T12:17:05.464+0000] {manager.py:485} INFO - Checking for new files in /opt/airflow/dags every 300 seconds
[2026-04-01T12:17:05.464+0000] {manager.py:821} INFO - Searching for files in /opt/airflow/dags
[2026-04-01T12:17:05.466+0000] {manager.py:824} INFO - There are 0 files in /opt/airflow/dags
[2026-04-01T12:22:06.304+0000] {manager.py:821} INFO - Searching for files in /opt/airflow/dags
[2026-04-01T12:22:06.305+0000] {manager.py:824} INFO - There are 0 files in /opt/airflow/dags
[2026-04-01T12:27:07.138+0000] {manager.py:821} INFO - Searching for files in /opt/airflow/dags
[2026-04-01T12:27:07.139+0000] {manager.py:824} INFO - There are 0 files in /opt/airflow/dags
[2026-04-01T12:32:07.872+0000] {manager.py:821} INFO - Searching for files in /opt/airflow/dags
[2026-04-01T12:32:07.873+0000] {manager.py:824} INFO - There are 0 files in /opt/airflow/dags
[2026-04-01T12:37:08.666+0000] {manager.py:821} INFO - Searching for files in /opt/airflow/dags
[2026-04-01T12:37:08.684+0000] {manager.py:824} INFO - There are 0 files in /opt/airflow/dags
[2026-04-01T12:42:09.499+0000] {manager.py:821} INFO - Searching for files in /opt/airflow/dags
[2026-04-01T12:42:09.500+0000] {manager.py:824} INFO - There are 0 files in /opt/airflow/dags
[2026-04-01T12:47:10.264+0000] {manager.py:821} INFO - Searching for files in /opt/airflow/dags
[2026-04-01T12:47:10.265+0000] {manager.py:824} INFO - There are 0 files in /opt/airflow/dags
[2026-04-01T12:52:11.112+0000] {manager.py:821} INFO - Searching for files in /opt/airflow/dags
[2026-04-01T12:52:11.113+0000] {manager.py:824} INFO - There are 0 files in /opt/airflow/dags
[2026-04-01T12:57:11.895+0000] {manager.py:821} INFO - Searching for files in /opt/airflow/dags
[2026-04-01T12:57:11.896+0000] {manager.py:824} INFO - There are 0 files in /opt/airflow/dags
[2026-04-01T13:02:12.735+0000] {manager.py:821} INFO - Searching for files in /opt/airflow/dags
[2026-04-01T13:02:12.736+0000] {manager.py:824} INFO - There are 0 files in /opt/airflow/dags
[2026-04-01T13:07:13.571+0000] {manager.py:821} INFO - Searching for files in /opt/airflow/dags
[2026-04-01T13:07:13.573+0000] {manager.py:824} INFO - There are 0 files in /opt/airflow/dags
[2026-04-01T13:12:14.363+0000] {manager.py:821} INFO - Searching for files in /opt/airflow/dags
[2026-04-01T13:12:14.364+0000] {manager.py:824} INFO - There are 0 files in /opt/airflow/dags
[2026-04-01T13:17:15.202+0000] {manager.py:821} INFO - Searching for files in /opt/airflow/dags
[2026-04-01T13:17:15.202+0000] {manager.py:824} INFO - There are 0 files in /opt/airflow/dags
[2026-04-02T08:14:44.310+0000] {manager.py:483} INFO - Processing files using up to 2 processes at a time 
[2026-04-02T08:14:44.312+0000] {manager.py:484} INFO - Process each file at most once every 30 seconds
[2026-04-02T08:14:44.312+0000] {manager.py:485} INFO - Checking for new files in /opt/airflow/dags every 300 seconds
[2026-04-02T08:14:44.314+0000] {manager.py:821} INFO - Searching for files in /opt/airflow/dags
[2026-04-02T08:14:44.317+0000] {manager.py:824} INFO - There are 1 files in /opt/airflow/dags
[2026-04-02T08:14:44.512+0000] {manager.py:997} INFO - 
================================================================================
DAG File Processing Stats

File Path                           PID  Runtime      # DAGs    # Errors  Last Runtime    Last Run      Last # of DB Queries
--------------------------------  -----  ---------  --------  ----------  --------------  ----------  ----------------------
/opt/airflow/dags/hello_world.py    203  0.06s             0           0                                                   0
================================================================================
[2026-04-02T08:15:14.677+0000] {manager.py:997} INFO - 
================================================================================
DAG File Processing Stats

File Path                         PID    Runtime      # DAGs    # Errors  Last Runtime    Last Run               Last # of DB Queries
--------------------------------  -----  ---------  --------  ----------  --------------  -------------------  ----------------------
/opt/airflow/dags/hello_world.py                           1           0  0.46s           2026-04-02T08:14:44                      45
================================================================================
[2026-04-02T08:15:45.245+0000] {manager.py:997} INFO - 
================================================================================
DAG File Processing Stats

File Path                           PID  Runtime      # DAGs    # Errors  Last Runtime    Last Run               Last # of DB Queries
--------------------------------  -----  ---------  --------  ----------  --------------  -------------------  ----------------------
/opt/airflow/dags/hello_world.py    235  0.00s             1           0  0.09s           2026-04-02T08:15:15                      12
================================================================================
[2026-04-02T08:16:15.486+0000] {manager.py:997} INFO - 
================================================================================
DAG File Processing Stats

File Path                           PID  Runtime      # DAGs    # Errors  Last Runtime    Last Run               Last # of DB Queries
--------------------------------  -----  ---------  --------  ----------  --------------  -------------------  ----------------------
/opt/airflow/dags/hello_world.py    240  0.00s             1           0  0.12s           2026-04-02T08:15:45                      12
================================================================================
[2026-04-02T08:16:45.693+0000] {manager.py:997} INFO - 
================================================================================
DAG File Processing Stats

File Path                           PID  Runtime      # DAGs    # Errors  Last Runtime    Last Run               Last # of DB Queries
--------------------------------  -----  ---------  --------  ----------  --------------  -------------------  ----------------------
/opt/airflow/dags/hello_world.py    245  0.00s             1           0  0.09s           2026-04-02T08:16:15                      12
================================================================================
[2026-04-02T08:17:15.862+0000] {manager.py:997} INFO - 
================================================================================
DAG File Processing Stats

File Path                           PID  Runtime      # DAGs    # Errors  Last Runtime    Last Run               Last # of DB Queries
--------------------------------  -----  ---------  --------  ----------  --------------  -------------------  ----------------------
/opt/airflow/dags/hello_world.py    250  0.00s             1           0  0.13s           2026-04-02T08:16:45                      12
================================================================================
[2026-04-02T08:17:46.129+0000] {manager.py:997} INFO - 
================================================================================
DAG File Processing Stats

File Path                           PID  Runtime      # DAGs    # Errors  Last Runtime    Last Run               Last # of DB Queries
--------------------------------  -----  ---------  --------  ----------  --------------  -------------------  ----------------------
/opt/airflow/dags/hello_world.py    255  0.00s             1           0  0.09s           2026-04-02T08:17:15                      12
================================================================================
[2026-04-02T08:18:16.307+0000] {manager.py:997} INFO - 
================================================================================
DAG File Processing Stats

File Path                           PID  Runtime      # DAGs    # Errors  Last Runtime    Last Run               Last # of DB Queries
--------------------------------  -----  ---------  --------  ----------  --------------  -------------------  ----------------------
/opt/airflow/dags/hello_world.py    260  0.00s             1           0  0.12s           2026-04-02T08:17:46                      12
================================================================================
[2026-04-02T08:18:46.498+0000] {manager.py:997} INFO - 
================================================================================
DAG File Processing Stats

File Path                           PID  Runtime      # DAGs    # Errors  Last Runtime    Last Run               Last # of DB Queries
--------------------------------  -----  ---------  --------  ----------  --------------  -------------------  ----------------------
/opt/airflow/dags/hello_world.py    265  0.00s             1           0  0.09s           2026-04-02T08:18:16                      12
================================================================================
[2026-04-02T08:19:16.693+0000] {manager.py:997} INFO - 
================================================================================
DAG File Processing Stats

File Path                           PID  Runtime      # DAGs    # Errors  Last Runtime    Last Run               Last # of DB Queries
--------------------------------  -----  ---------  --------  ----------  --------------  -------------------  ----------------------
/opt/airflow/dags/hello_world.py    270  0.00s             1           0  0.10s           2026-04-02T08:18:46                      12
================================================================================
[2026-04-02T08:19:44.873+0000] {manager.py:821} INFO - Searching for files in /opt/airflow/dags
[2026-04-02T08:19:44.874+0000] {manager.py:824} INFO - There are 1 files in /opt/airflow/dags
[2026-04-02T08:19:46.896+0000] {manager.py:997} INFO - 
================================================================================
DAG File Processing Stats

File Path                           PID  Runtime      # DAGs    # Errors  Last Runtime    Last Run               Last # of DB Queries
--------------------------------  -----  ---------  --------  ----------  --------------  -------------------  ----------------------
/opt/airflow/dags/hello_world.py    275  0.00s             1           0  0.08s           2026-04-02T08:19:16                      12
================================================================================
[2026-04-02T08:20:17.060+0000] {manager.py:997} INFO - 
================================================================================
DAG File Processing Stats

File Path                           PID  Runtime      # DAGs    # Errors  Last Runtime    Last Run               Last # of DB Queries
--------------------------------  -----  ---------  --------  ----------  --------------  -------------------  ----------------------
/opt/airflow/dags/hello_world.py    280  0.00s             1           0  0.09s           2026-04-02T08:19:46                      12
================================================================================
[2026-04-02T08:20:47.267+0000] {manager.py:997} INFO - 
================================================================================
DAG File Processing Stats

File Path                           PID  Runtime      # DAGs    # Errors  Last Runtime    Last Run               Last # of DB Queries
--------------------------------  -----  ---------  --------  ----------  --------------  -------------------  ----------------------
/opt/airflow/dags/hello_world.py    285  0.00s             1           0  0.09s           2026-04-02T08:20:17                      12
================================================================================
[2026-04-02T08:21:17.512+0000] {manager.py:997} INFO - 
================================================================================
DAG File Processing Stats

File Path                           PID  Runtime      # DAGs    # Errors  Last Runtime    Last Run               Last # of DB Queries
--------------------------------  -----  ---------  --------  ----------  --------------  -------------------  ----------------------
/opt/airflow/dags/hello_world.py    290  0.00s             1           0  0.10s           2026-04-02T08:20:47                      12
================================================================================
[2026-04-02T08:21:47.780+0000] {manager.py:997} INFO - 
================================================================================
DAG File Processing Stats

File Path                           PID  Runtime      # DAGs    # Errors  Last Runtime    Last Run               Last # of DB Queries
--------------------------------  -----  ---------  --------  ----------  --------------  -------------------  ----------------------
/opt/airflow/dags/hello_world.py    295  0.00s             1           0  0.08s           2026-04-02T08:21:17                      12
================================================================================
[2026-04-02T08:22:17.982+0000] {manager.py:997} INFO - 
================================================================================
DAG File Processing Stats

File Path                           PID  Runtime      # DAGs    # Errors  Last Runtime    Last Run               Last # of DB Queries
--------------------------------  -----  ---------  --------  ----------  --------------  -------------------  ----------------------
/opt/airflow/dags/hello_world.py    300  0.00s             1           0  0.09s           2026-04-02T08:21:47                      12
================================================================================
[2026-04-02T08:22:48.207+0000] {manager.py:997} INFO - 
================================================================================
DAG File Processing Stats

File Path                           PID  Runtime      # DAGs    # Errors  Last Runtime    Last Run               Last # of DB Queries
--------------------------------  -----  ---------  --------  ----------  --------------  -------------------  ----------------------
/opt/airflow/dags/hello_world.py    305  0.00s             1           0  0.10s           2026-04-02T08:22:18                      12
================================================================================
[2026-04-02T08:23:18.460+0000] {manager.py:997} INFO - 
================================================================================
DAG File Processing Stats

File Path                           PID  Runtime      # DAGs    # Errors  Last Runtime    Last Run               Last # of DB Queries
--------------------------------  -----  ---------  --------  ----------  --------------  -------------------  ----------------------
/opt/airflow/dags/hello_world.py    310  0.00s             1           0  0.09s           2026-04-02T08:22:48                      12
================================================================================
[2026-04-02T08:23:48.670+0000] {manager.py:997} INFO - 
================================================================================
DAG File Processing Stats

File Path                           PID  Runtime      # DAGs    # Errors  Last Runtime    Last Run               Last # of DB Queries
--------------------------------  -----  ---------  --------  ----------  --------------  -------------------  ----------------------
/opt/airflow/dags/hello_world.py    315  0.00s             1           0  0.08s           2026-04-02T08:23:18                      12
================================================================================
[2026-04-02T08:24:18.890+0000] {manager.py:997} INFO - 
================================================================================
DAG File Processing Stats

File Path                           PID  Runtime      # DAGs    # Errors  Last Runtime    Last Run               Last # of DB Queries
--------------------------------  -----  ---------  --------  ----------  --------------  -------------------  ----------------------
/opt/airflow/dags/hello_world.py    320  0.00s             1           0  0.08s           2026-04-02T08:23:48                      12
================================================================================
[2026-04-02T08:24:45.028+0000] {manager.py:821} INFO - Searching for files in /opt/airflow/dags
[2026-04-02T08:24:45.029+0000] {manager.py:824} INFO - There are 1 files in /opt/airflow/dags
[2026-04-02T08:24:49.065+0000] {manager.py:997} INFO - 
================================================================================
DAG File Processing Stats

File Path                           PID  Runtime      # DAGs    # Errors  Last Runtime    Last Run               Last # of DB Queries
--------------------------------  -----  ---------  --------  ----------  --------------  -------------------  ----------------------
/opt/airflow/dags/hello_world.py    325  0.00s             1           0  0.10s           2026-04-02T08:24:18                      12
================================================================================
[2026-04-02T08:25:19.279+0000] {manager.py:997} INFO - 
================================================================================
DAG File Processing Stats

File Path                           PID  Runtime      # DAGs    # Errors  Last Runtime    Last Run               Last # of DB Queries
--------------------------------  -----  ---------  --------  ----------  --------------  -------------------  ----------------------
/opt/airflow/dags/hello_world.py    330  0.00s             1           0  0.09s           2026-04-02T08:24:49                      12
================================================================================
[2026-04-02T08:25:49.463+0000] {manager.py:997} INFO - 
================================================================================
DAG File Processing Stats

File Path                           PID  Runtime      # DAGs    # Errors  Last Runtime    Last Run               Last # of DB Queries
--------------------------------  -----  ---------  --------  ----------  --------------  -------------------  ----------------------
/opt/airflow/dags/hello_world.py    335  0.00s             1           0  0.09s           2026-04-02T08:25:19                      12
================================================================================
[2026-04-02T08:26:19.679+0000] {manager.py:997} INFO - 
================================================================================
DAG File Processing Stats

File Path                           PID  Runtime      # DAGs    # Errors  Last Runtime    Last Run               Last # of DB Queries
--------------------------------  -----  ---------  --------  ----------  --------------  -------------------  ----------------------
/opt/airflow/dags/hello_world.py    340  0.00s             1           0  0.10s           2026-04-02T08:25:49                      12
================================================================================
[2026-04-02T08:26:49.857+0000] {manager.py:997} INFO - 
================================================================================
DAG File Processing Stats

File Path                           PID  Runtime      # DAGs    # Errors  Last Runtime    Last Run               Last # of DB Queries
--------------------------------  -----  ---------  --------  ----------  --------------  -------------------  ----------------------
/opt/airflow/dags/hello_world.py    345  0.00s             1           0  0.09s           2026-04-02T08:26:19                      12
================================================================================
[2026-04-02T08:27:20.069+0000] {manager.py:997} INFO - 
================================================================================
DAG File Processing Stats

File Path                           PID  Runtime      # DAGs    # Errors  Last Runtime    Last Run               Last # of DB Queries
--------------------------------  -----  ---------  --------  ----------  --------------  -------------------  ----------------------
/opt/airflow/dags/hello_world.py    350  0.00s             1           0  0.09s           2026-04-02T08:26:49                      12
================================================================================
[2026-04-02T08:27:50.248+0000] {manager.py:997} INFO - 
================================================================================
DAG File Processing Stats

File Path                           PID  Runtime      # DAGs    # Errors  Last Runtime    Last Run               Last # of DB Queries
--------------------------------  -----  ---------  --------  ----------  --------------  -------------------  ----------------------
/opt/airflow/dags/hello_world.py    355  0.00s             1           0  0.10s           2026-04-02T08:27:20                      12
================================================================================
[2026-04-02T08:28:20.539+0000] {manager.py:997} INFO - 
================================================================================
DAG File Processing Stats

File Path                           PID  Runtime      # DAGs    # Errors  Last Runtime    Last Run               Last # of DB Queries
--------------------------------  -----  ---------  --------  ----------  --------------  -------------------  ----------------------
/opt/airflow/dags/hello_world.py    360  0.00s             1           0  0.12s           2026-04-02T08:27:50                      12
================================================================================
[2026-04-02T08:28:50.729+0000] {manager.py:997} INFO - 
================================================================================
DAG File Processing Stats

File Path                           PID  Runtime      # DAGs    # Errors  Last Runtime    Last Run               Last # of DB Queries
--------------------------------  -----  ---------  --------  ----------  --------------  -------------------  ----------------------
/opt/airflow/dags/hello_world.py    365  0.00s             1           0  0.08s           2026-04-02T08:28:20                      12
================================================================================
[2026-04-02T08:29:20.929+0000] {manager.py:997} INFO - 
================================================================================
DAG File Processing Stats

File Path                           PID  Runtime      # DAGs    # Errors  Last Runtime    Last Run               Last # of DB Queries
--------------------------------  -----  ---------  --------  ----------  --------------  -------------------  ----------------------
/opt/airflow/dags/hello_world.py    370  0.00s             1           0  0.09s           2026-04-02T08:28:50                      12
================================================================================
[2026-04-02T08:29:45.077+0000] {manager.py:821} INFO - Searching for files in /opt/airflow/dags
[2026-04-02T08:29:45.078+0000] {manager.py:824} INFO - There are 2 files in /opt/airflow/dags
[2026-04-02T08:29:51.151+0000] {manager.py:997} INFO - 
================================================================================
DAG File Processing Stats

File Path                                       PID  Runtime      # DAGs    # Errors  Last Runtime    Last Run               Last # of DB Queries
--------------------------------------------  -----  ---------  --------  ----------  --------------  -------------------  ----------------------
/opt/airflow/dags/keycloak/setup_keycloak.py                           1           0  0.24s           2026-04-02T08:29:45                      43
/opt/airflow/dags/hello_world.py                380  0.00s             1           0  0.09s           2026-04-02T08:29:21                      12
================================================================================
[2026-04-02T08:30:21.407+0000] {manager.py:997} INFO - 
================================================================================
DAG File Processing Stats

File Path                                       PID  Runtime      # DAGs    # Errors  Last Runtime    Last Run               Last # of DB Queries
--------------------------------------------  -----  ---------  --------  ----------  --------------  -------------------  ----------------------
/opt/airflow/dags/hello_world.py                390  0.00s             1           0  0.09s           2026-04-02T08:29:51                      12
/opt/airflow/dags/keycloak/setup_keycloak.py                           1           0  0.08s           2026-04-02T08:30:15                      10
================================================================================
[2026-04-02T08:30:51.667+0000] {manager.py:997} INFO - 
================================================================================
DAG File Processing Stats

File Path                                       PID  Runtime      # DAGs    # Errors  Last Runtime    Last Run               Last # of DB Queries
--------------------------------------------  -----  ---------  --------  ----------  --------------  -------------------  ----------------------
/opt/airflow/dags/hello_world.py                400  0.00s             1           0  0.09s           2026-04-02T08:30:21                      12
/opt/airflow/dags/keycloak/setup_keycloak.py                           1           0  0.08s           2026-04-02T08:30:45                      10
================================================================================
[2026-04-02T08:31:21.908+0000] {manager.py:997} INFO - 
================================================================================
DAG File Processing Stats

File Path                                       PID  Runtime      # DAGs    # Errors  Last Runtime    Last Run               Last # of DB Queries
--------------------------------------------  -----  ---------  --------  ----------  --------------  -------------------  ----------------------
/opt/airflow/dags/hello_world.py                410  0.00s             1           0  0.08s           2026-04-02T08:30:51                      12
/opt/airflow/dags/keycloak/setup_keycloak.py                           1           0  0.08s           2026-04-02T08:31:15                      10
================================================================================
[2026-04-02T08:31:52.161+0000] {manager.py:997} INFO - 
================================================================================
DAG File Processing Stats

File Path                                       PID  Runtime      # DAGs    # Errors  Last Runtime    Last Run               Last # of DB Queries
--------------------------------------------  -----  ---------  --------  ----------  --------------  -------------------  ----------------------
/opt/airflow/dags/keycloak/setup_keycloak.py                           1           0  0.10s           2026-04-02T08:31:46                      10
/opt/airflow/dags/hello_world.py                420  0.00s             1           0  0.08s           2026-04-02T08:31:21                      12
================================================================================
[2026-04-02T08:32:22.449+0000] {manager.py:997} INFO - 
================================================================================
DAG File Processing Stats

File Path                                       PID  Runtime      # DAGs    # Errors  Last Runtime    Last Run               Last # of DB Queries
--------------------------------------------  -----  ---------  --------  ----------  --------------  -------------------  ----------------------
/opt/airflow/dags/hello_world.py                430  0.00s             1           0  0.09s           2026-04-02T08:31:52                      12
/opt/airflow/dags/keycloak/setup_keycloak.py                           1           0  0.08s           2026-04-02T08:32:16                      10
================================================================================
[2026-04-02T08:32:52.677+0000] {manager.py:997} INFO - 
================================================================================
DAG File Processing Stats

File Path                                       PID  Runtime      # DAGs    # Errors  Last Runtime    Last Run               Last # of DB Queries
--------------------------------------------  -----  ---------  --------  ----------  --------------  -------------------  ----------------------
/opt/airflow/dags/hello_world.py                440  0.00s             1           0  0.09s           2026-04-02T08:32:22                      12
/opt/airflow/dags/keycloak/setup_keycloak.py                           1           0  0.08s           2026-04-02T08:32:46                      10
================================================================================
[2026-04-02T08:33:22.935+0000] {manager.py:997} INFO - 
================================================================================
DAG File Processing Stats

File Path                                       PID  Runtime      # DAGs    # Errors  Last Runtime    Last Run               Last # of DB Queries
--------------------------------------------  -----  ---------  --------  ----------  --------------  -------------------  ----------------------
/opt/airflow/dags/hello_world.py                450  0.00s             1           0  0.09s           2026-04-02T08:32:52                      12
/opt/airflow/dags/keycloak/setup_keycloak.py                           1           0  0.08s           2026-04-02T08:33:16                      10
================================================================================
[2026-04-02T08:33:53.189+0000] {manager.py:997} INFO - 
================================================================================
DAG File Processing Stats

File Path                                       PID  Runtime      # DAGs    # Errors  Last Runtime    Last Run               Last # of DB Queries
--------------------------------------------  -----  ---------  --------  ----------  --------------  -------------------  ----------------------
/opt/airflow/dags/hello_world.py                460  0.00s             1           0  0.09s           2026-04-02T08:33:23                      12
/opt/airflow/dags/keycloak/setup_keycloak.py                           1           0  0.08s           2026-04-02T08:33:47                      10
================================================================================
[2026-04-02T08:34:23.453+0000] {manager.py:997} INFO - 
================================================================================
DAG File Processing Stats

File Path                                       PID  Runtime      # DAGs    # Errors  Last Runtime    Last Run               Last # of DB Queries
--------------------------------------------  -----  ---------  --------  ----------  --------------  -------------------  ----------------------
/opt/airflow/dags/hello_world.py                470  0.00s             1           0  0.09s           2026-04-02T08:33:53                      12
/opt/airflow/dags/keycloak/setup_keycloak.py                           1           0  0.08s           2026-04-02T08:34:17                      10
================================================================================
[2026-04-02T08:34:45.641+0000] {manager.py:821} INFO - Searching for files in /opt/airflow/dags
[2026-04-02T08:34:45.643+0000] {manager.py:824} INFO - There are 2 files in /opt/airflow/dags
[2026-04-02T08:34:53.716+0000] {manager.py:997} INFO - 
================================================================================
DAG File Processing Stats

File Path                                       PID  Runtime      # DAGs    # Errors  Last Runtime    Last Run               Last # of DB Queries
--------------------------------------------  -----  ---------  --------  ----------  --------------  -------------------  ----------------------
/opt/airflow/dags/keycloak/setup_keycloak.py                           1           0  0.09s           2026-04-02T08:34:47                      10
/opt/airflow/dags/hello_world.py                480  0.00s             1           0  0.08s           2026-04-02T08:34:23                      12
================================================================================
[2026-04-02T08:35:23.967+0000] {manager.py:997} INFO - 
================================================================================
DAG File Processing Stats

File Path                                       PID  Runtime      # DAGs    # Errors  Last Runtime    Last Run               Last # of DB Queries
--------------------------------------------  -----  ---------  --------  ----------  --------------  -------------------  ----------------------
/opt/airflow/dags/hello_world.py                490  0.00s             1           0  0.09s           2026-04-02T08:34:53                      12
/opt/airflow/dags/keycloak/setup_keycloak.py                           1           0  0.08s           2026-04-02T08:35:18                      10
================================================================================
[2026-04-02T08:35:54.220+0000] {manager.py:997} INFO - 
================================================================================
DAG File Processing Stats

File Path                                       PID  Runtime      # DAGs    # Errors  Last Runtime    Last Run               Last # of DB Queries
--------------------------------------------  -----  ---------  --------  ----------  --------------  -------------------  ----------------------
/opt/airflow/dags/hello_world.py                500  0.00s             1           0  0.09s           2026-04-02T08:35:24                      12
/opt/airflow/dags/keycloak/setup_keycloak.py                           1           0  0.08s           2026-04-02T08:35:48                      10
================================================================================
[2026-04-02T08:36:24.494+0000] {manager.py:997} INFO - 
================================================================================
DAG File Processing Stats

File Path                                       PID  Runtime      # DAGs    # Errors  Last Runtime    Last Run               Last # of DB Queries
--------------------------------------------  -----  ---------  --------  ----------  --------------  -------------------  ----------------------
/opt/airflow/dags/keycloak/setup_keycloak.py                           1           0  0.10s           2026-04-02T08:36:18                      10
/opt/airflow/dags/hello_world.py                510  0.00s             1           0  0.10s           2026-04-02T08:35:54                      12
================================================================================
[2026-04-02T08:36:54.785+0000] {manager.py:997} INFO - 
================================================================================
DAG File Processing Stats

File Path                                       PID  Runtime      # DAGs    # Errors  Last Runtime    Last Run               Last # of DB Queries
--------------------------------------------  -----  ---------  --------  ----------  --------------  -------------------  ----------------------
/opt/airflow/dags/keycloak/setup_keycloak.py                           1           0  0.19s           2026-04-02T08:36:48                      10
/opt/airflow/dags/hello_world.py                520  0.00s             1           0  0.09s           2026-04-02T08:36:24                      12
================================================================================
[2026-04-02T08:37:24.984+0000] {manager.py:997} INFO - 
================================================================================
DAG File Processing Stats

File Path                                       PID  Runtime      # DAGs    # Errors  Last Runtime    Last Run               Last # of DB Queries
--------------------------------------------  -----  ---------  --------  ----------  --------------  -------------------  ----------------------
/opt/airflow/dags/hello_world.py                530  0.00s             1           0  0.14s           2026-04-02T08:36:54                      12
/opt/airflow/dags/keycloak/setup_keycloak.py                           1           0  0.11s           2026-04-02T08:37:19                      10
================================================================================
[2026-04-02T08:37:55.279+0000] {manager.py:997} INFO - 
================================================================================
DAG File Processing Stats

File Path                                       PID  Runtime      # DAGs    # Errors  Last Runtime    Last Run               Last # of DB Queries
--------------------------------------------  -----  ---------  --------  ----------  --------------  -------------------  ----------------------
/opt/airflow/dags/hello_world.py                540  0.00s             1           0  0.10s           2026-04-02T08:37:25                      12
/opt/airflow/dags/keycloak/setup_keycloak.py                           1           0  0.08s           2026-04-02T08:37:49                      10
================================================================================
[2026-04-02T08:38:25.581+0000] {manager.py:997} INFO - 
================================================================================
DAG File Processing Stats

File Path                                       PID  Runtime      # DAGs    # Errors  Last Runtime    Last Run               Last # of DB Queries
--------------------------------------------  -----  ---------  --------  ----------  --------------  -------------------  ----------------------
/opt/airflow/dags/hello_world.py                550  0.00s             1           0  0.12s           2026-04-02T08:37:55                      12
/opt/airflow/dags/keycloak/setup_keycloak.py                           1           0  0.08s           2026-04-02T08:38:19                      10
================================================================================
[2026-04-02T08:38:55.870+0000] {manager.py:997} INFO - 
================================================================================
DAG File Processing Stats

File Path                                       PID  Runtime      # DAGs    # Errors  Last Runtime    Last Run               Last # of DB Queries
--------------------------------------------  -----  ---------  --------  ----------  --------------  -------------------  ----------------------
/opt/airflow/dags/hello_world.py                560  0.00s             1           0  0.10s           2026-04-02T08:38:25                      12
/opt/airflow/dags/keycloak/setup_keycloak.py                           1           0  0.08s           2026-04-02T08:38:49                      10
================================================================================
[2026-04-02T08:39:26.171+0000] {manager.py:997} INFO - 
================================================================================
DAG File Processing Stats

File Path                                       PID  Runtime      # DAGs    # Errors  Last Runtime    Last Run               Last # of DB Queries
--------------------------------------------  -----  ---------  --------  ----------  --------------  -------------------  ----------------------
/opt/airflow/dags/keycloak/setup_keycloak.py                           1           0  0.09s           2026-04-02T08:39:20                      10
/opt/airflow/dags/hello_world.py                570  0.00s             1           0  0.08s           2026-04-02T08:38:55                      12
================================================================================
[2026-04-02T08:39:46.356+0000] {manager.py:821} INFO - Searching for files in /opt/airflow/dags
[2026-04-02T08:39:46.361+0000] {manager.py:824} INFO - There are 2 files in /opt/airflow/dags
[2026-04-02T08:39:56.450+0000] {manager.py:997} INFO - 
================================================================================
DAG File Processing Stats

File Path                                       PID  Runtime      # DAGs    # Errors  Last Runtime    Last Run               Last # of DB Queries
--------------------------------------------  -----  ---------  --------  ----------  --------------  -------------------  ----------------------
/opt/airflow/dags/hello_world.py                580  0.00s             1           0  0.09s           2026-04-02T08:39:26                      12
/opt/airflow/dags/keycloak/setup_keycloak.py                           1           0  0.08s           2026-04-02T08:39:50                      10
================================================================================
[2026-04-02T08:40:26.690+0000] {manager.py:997} INFO - 
================================================================================
DAG File Processing Stats

File Path                                       PID  Runtime      # DAGs    # Errors  Last Runtime    Last Run               Last # of DB Queries
--------------------------------------------  -----  ---------  --------  ----------  --------------  -------------------  ----------------------
/opt/airflow/dags/hello_world.py                590  0.00s             1           0  0.10s           2026-04-02T08:39:56                      12
/opt/airflow/dags/keycloak/setup_keycloak.py                           1           0  0.07s           2026-04-02T08:40:20                      10
================================================================================
[2026-04-02T08:40:56.947+0000] {manager.py:997} INFO - 
================================================================================
DAG File Processing Stats

File Path                                       PID  Runtime      # DAGs    # Errors  Last Runtime    Last Run               Last # of DB Queries
--------------------------------------------  -----  ---------  --------  ----------  --------------  -------------------  ----------------------
/opt/airflow/dags/hello_world.py                600  0.00s             1           0  0.08s           2026-04-02T08:40:26                      12
/opt/airflow/dags/keycloak/setup_keycloak.py                           1           0  0.08s           2026-04-02T08:40:50                      10
================================================================================
[2026-04-02T08:41:27.234+0000] {manager.py:997} INFO - 
================================================================================
DAG File Processing Stats

File Path                                       PID  Runtime      # DAGs    # Errors  Last Runtime    Last Run               Last # of DB Queries
--------------------------------------------  -----  ---------  --------  ----------  --------------  -------------------  ----------------------
/opt/airflow/dags/keycloak/setup_keycloak.py                           1           0  0.10s           2026-04-02T08:41:21                      10
/opt/airflow/dags/hello_world.py                610  0.00s             1           0  0.08s           2026-04-02T08:40:57                      12
================================================================================
[2026-04-02T08:41:57.525+0000] {manager.py:997} INFO - 
================================================================================
DAG File Processing Stats

File Path                                       PID  Runtime      # DAGs    # Errors  Last Runtime    Last Run               Last # of DB Queries
--------------------------------------------  -----  ---------  --------  ----------  --------------  -------------------  ----------------------
/opt/airflow/dags/keycloak/setup_keycloak.py                           1           0  0.09s           2026-04-02T08:41:51                      10
/opt/airflow/dags/hello_world.py                620  0.00s             1           0  0.09s           2026-04-02T08:41:27                      12
================================================================================
[2026-04-02T08:42:27.790+0000] {manager.py:997} INFO - 
================================================================================
DAG File Processing Stats

File Path                                       PID  Runtime      # DAGs    # Errors  Last Runtime    Last Run               Last # of DB Queries
--------------------------------------------  -----  ---------  --------  ----------  --------------  -------------------  ----------------------
/opt/airflow/dags/keycloak/setup_keycloak.py                           1           0  0.10s           2026-04-02T08:42:21                      10
/opt/airflow/dags/hello_world.py                630  0.00s             1           0  0.09s           2026-04-02T08:41:57                      12
================================================================================
[2026-04-02T08:42:58.074+0000] {manager.py:997} INFO - 
================================================================================
DAG File Processing Stats

File Path                                       PID  Runtime      # DAGs    # Errors  Last Runtime    Last Run               Last # of DB Queries
--------------------------------------------  -----  ---------  --------  ----------  --------------  -------------------  ----------------------
/opt/airflow/dags/hello_world.py                640  0.00s             1           0  0.09s           2026-04-02T08:42:27                      12
/opt/airflow/dags/keycloak/setup_keycloak.py                           1           0  0.08s           2026-04-02T08:42:52                      10
================================================================================
[2026-04-02T08:43:28.346+0000] {manager.py:997} INFO - 
================================================================================
DAG File Processing Stats

File Path                                       PID  Runtime      # DAGs    # Errors  Last Runtime    Last Run               Last # of DB Queries
--------------------------------------------  -----  ---------  --------  ----------  --------------  -------------------  ----------------------
/opt/airflow/dags/keycloak/setup_keycloak.py                           1           0  0.09s           2026-04-02T08:43:22                      10
/opt/airflow/dags/hello_world.py                650  0.00s             1           0  0.09s           2026-04-02T08:42:58                      12
================================================================================
[2026-04-02T08:43:58.663+0000] {manager.py:997} INFO - 
================================================================================
DAG File Processing Stats

File Path                                       PID  Runtime      # DAGs    # Errors  Last Runtime    Last Run               Last # of DB Queries
--------------------------------------------  -----  ---------  --------  ----------  --------------  -------------------  ----------------------
/opt/airflow/dags/hello_world.py                660  0.00s             1           0  0.10s           2026-04-02T08:43:28                      12
/opt/airflow/dags/keycloak/setup_keycloak.py                           1           0  0.09s           2026-04-02T08:43:52                      10
================================================================================
[2026-04-02T08:44:28.924+0000] {manager.py:997} INFO - 
================================================================================
DAG File Processing Stats

File Path                                       PID  Runtime      # DAGs    # Errors  Last Runtime    Last Run               Last # of DB Queries
--------------------------------------------  -----  ---------  --------  ----------  --------------  -------------------  ----------------------
/opt/airflow/dags/keycloak/setup_keycloak.py                           1           0  0.09s           2026-04-02T08:44:22                      10
/opt/airflow/dags/hello_world.py                670  0.00s             1           0  0.09s           2026-04-02T08:43:58                      12
================================================================================
[2026-04-02T08:44:47.036+0000] {manager.py:821} INFO - Searching for files in /opt/airflow/dags
[2026-04-02T08:44:47.039+0000] {manager.py:824} INFO - There are 2 files in /opt/airflow/dags
[2026-04-02T08:44:59.200+0000] {manager.py:997} INFO - 
================================================================================
DAG File Processing Stats

File Path                                       PID  Runtime      # DAGs    # Errors  Last Runtime    Last Run               Last # of DB Queries
--------------------------------------------  -----  ---------  --------  ----------  --------------  -------------------  ----------------------
/opt/airflow/dags/keycloak/setup_keycloak.py                           1           0  0.09s           2026-04-02T08:44:53                      10
/opt/airflow/dags/hello_world.py                680  0.00s             1           0  0.08s           2026-04-02T08:44:29                      12
================================================================================
[2026-04-02T08:45:29.501+0000] {manager.py:997} INFO - 
================================================================================
DAG File Processing Stats

File Path                                       PID  Runtime      # DAGs    # Errors  Last Runtime    Last Run               Last # of DB Queries
--------------------------------------------  -----  ---------  --------  ----------  --------------  -------------------  ----------------------
/opt/airflow/dags/keycloak/setup_keycloak.py                           1           0  0.10s           2026-04-02T08:45:23                      10
/opt/airflow/dags/hello_world.py                690  0.00s             1           0  0.10s           2026-04-02T08:44:59                      12
================================================================================
[2026-04-02T08:45:59.766+0000] {manager.py:997} INFO - 
================================================================================
DAG File Processing Stats

File Path                                       PID  Runtime      # DAGs    # Errors  Last Runtime    Last Run               Last # of DB Queries
--------------------------------------------  -----  ---------  --------  ----------  --------------  -------------------  ----------------------
/opt/airflow/dags/keycloak/setup_keycloak.py                           1           0  0.10s           2026-04-02T08:45:53                      10
/opt/airflow/dags/hello_world.py                700  0.00s             1           0  0.08s           2026-04-02T08:45:29                      12
================================================================================
[2026-04-02T08:46:30.036+0000] {manager.py:997} INFO - 
================================================================================
DAG File Processing Stats

File Path                                       PID  Runtime      # DAGs    # Errors  Last Runtime    Last Run               Last # of DB Queries
--------------------------------------------  -----  ---------  --------  ----------  --------------  -------------------  ----------------------
/opt/airflow/dags/hello_world.py                710  0.00s             1           0  0.10s           2026-04-02T08:45:59                      12
/opt/airflow/dags/keycloak/setup_keycloak.py                           1           0  0.09s           2026-04-02T08:46:24                      10
================================================================================
[2026-04-02T08:47:00.309+0000] {manager.py:997} INFO - 
================================================================================
DAG File Processing Stats

File Path                                       PID  Runtime      # DAGs    # Errors  Last Runtime    Last Run               Last # of DB Queries
--------------------------------------------  -----  ---------  --------  ----------  --------------  -------------------  ----------------------
/opt/airflow/dags/hello_world.py                720  0.00s             1           0  0.09s           2026-04-02T08:46:30                      12
/opt/airflow/dags/keycloak/setup_keycloak.py                           1           0  0.08s           2026-04-02T08:46:54                      10
================================================================================
[2026-04-02T08:47:30.580+0000] {manager.py:997} INFO - 
================================================================================
DAG File Processing Stats

File Path                                       PID  Runtime      # DAGs    # Errors  Last Runtime    Last Run               Last # of DB Queries
--------------------------------------------  -----  ---------  --------  ----------  --------------  -------------------  ----------------------
/opt/airflow/dags/keycloak/setup_keycloak.py                           1           0  0.15s           2026-04-02T08:47:24                      10
/opt/airflow/dags/hello_world.py                730  0.00s             1           0  0.11s           2026-04-02T08:47:00                      12
================================================================================
[2026-04-02T08:48:00.847+0000] {manager.py:997} INFO - 
================================================================================
DAG File Processing Stats

File Path                                       PID  Runtime      # DAGs    # Errors  Last Runtime    Last Run               Last # of DB Queries
--------------------------------------------  -----  ---------  --------  ----------  --------------  -------------------  ----------------------
/opt/airflow/dags/hello_world.py                740  0.00s             1           0  0.08s           2026-04-02T08:47:30                      12
/opt/airflow/dags/keycloak/setup_keycloak.py                           1           0  0.08s           2026-04-02T08:47:54                      10
================================================================================
[2026-04-02T08:48:31.090+0000] {manager.py:997} INFO - 
================================================================================
DAG File Processing Stats

File Path                                       PID  Runtime      # DAGs    # Errors  Last Runtime    Last Run               Last # of DB Queries
--------------------------------------------  -----  ---------  --------  ----------  --------------  -------------------  ----------------------
/opt/airflow/dags/keycloak/setup_keycloak.py                           1           0  0.09s           2026-04-02T08:48:25                      10
/opt/airflow/dags/hello_world.py                750  0.00s             1           0  0.08s           2026-04-02T08:48:00                      12
================================================================================
[2026-04-02T08:49:01.367+0000] {manager.py:997} INFO - 
================================================================================
DAG File Processing Stats

File Path                                       PID  Runtime      # DAGs    # Errors  Last Runtime    Last Run               Last # of DB Queries
--------------------------------------------  -----  ---------  --------  ----------  --------------  -------------------  ----------------------
/opt/airflow/dags/hello_world.py                760  0.00s             1           0  0.09s           2026-04-02T08:48:31                      12
/opt/airflow/dags/keycloak/setup_keycloak.py                           1           0  0.07s           2026-04-02T08:48:55                      10
================================================================================
[2026-04-02T08:49:31.633+0000] {manager.py:997} INFO - 
================================================================================
DAG File Processing Stats

File Path                                       PID  Runtime      # DAGs    # Errors  Last Runtime    Last Run               Last # of DB Queries
--------------------------------------------  -----  ---------  --------  ----------  --------------  -------------------  ----------------------
/opt/airflow/dags/keycloak/setup_keycloak.py                           1           0  0.09s           2026-04-02T08:49:25                      10
/opt/airflow/dags/hello_world.py                770  0.00s             1           0  0.08s           2026-04-02T08:49:01                      12
================================================================================
[2026-04-02T08:49:47.805+0000] {manager.py:821} INFO - Searching for files in /opt/airflow/dags
[2026-04-02T08:49:47.808+0000] {manager.py:824} INFO - There are 2 files in /opt/airflow/dags
[2026-04-02T08:50:01.920+0000] {manager.py:997} INFO - 
================================================================================
DAG File Processing Stats

File Path                                       PID  Runtime      # DAGs    # Errors  Last Runtime    Last Run               Last # of DB Queries
--------------------------------------------  -----  ---------  --------  ----------  --------------  -------------------  ----------------------
/opt/airflow/dags/keycloak/setup_keycloak.py                           1           0  0.10s           2026-04-02T08:49:55                      10
/opt/airflow/dags/hello_world.py                780  0.00s             1           0  0.09s           2026-04-02T08:49:31                      12
================================================================================
[2026-04-02T08:50:32.212+0000] {manager.py:997} INFO - 
================================================================================
DAG File Processing Stats

File Path                                       PID  Runtime      # DAGs    # Errors  Last Runtime    Last Run               Last # of DB Queries
--------------------------------------------  -----  ---------  --------  ----------  --------------  -------------------  ----------------------
/opt/airflow/dags/hello_world.py                790  0.00s             1           0  0.09s           2026-04-02T08:50:02                      12
/opt/airflow/dags/keycloak/setup_keycloak.py                           1           0  0.08s           2026-04-02T08:50:26                      10
================================================================================
[2026-04-02T08:51:02.525+0000] {manager.py:997} INFO - 
================================================================================
DAG File Processing Stats

File Path                                       PID  Runtime      # DAGs    # Errors  Last Runtime    Last Run               Last # of DB Queries
--------------------------------------------  -----  ---------  --------  ----------  --------------  -------------------  ----------------------
/opt/airflow/dags/hello_world.py                800  0.00s             1           0  0.09s           2026-04-02T08:50:32                      12
/opt/airflow/dags/keycloak/setup_keycloak.py                           1           0  0.08s           2026-04-02T08:50:56                      10
================================================================================
[2026-04-02T08:51:32.786+0000] {manager.py:997} INFO - 
================================================================================
DAG File Processing Stats

File Path                                       PID  Runtime      # DAGs    # Errors  Last Runtime    Last Run               Last # of DB Queries
--------------------------------------------  -----  ---------  --------  ----------  --------------  -------------------  ----------------------
/opt/airflow/dags/hello_world.py                810  0.00s             1           0  0.10s           2026-04-02T08:51:02                      12
/opt/airflow/dags/keycloak/setup_keycloak.py                           1           0  0.08s           2026-04-02T08:51:26                      10
================================================================================
[2026-04-02T08:52:03.065+0000] {manager.py:997} INFO - 
================================================================================
DAG File Processing Stats

File Path                                       PID  Runtime      # DAGs    # Errors  Last Runtime    Last Run               Last # of DB Queries
--------------------------------------------  -----  ---------  --------  ----------  --------------  -------------------  ----------------------
/opt/airflow/dags/keycloak/setup_keycloak.py                           1           0  0.09s           2026-04-02T08:51:57                      10
/opt/airflow/dags/hello_world.py                820  0.00s             1           0  0.08s           2026-04-02T08:51:32                      12
================================================================================
[2026-04-02T08:52:33.343+0000] {manager.py:997} INFO - 
================================================================================
DAG File Processing Stats

File Path                                       PID  Runtime      # DAGs    # Errors  Last Runtime    Last Run               Last # of DB Queries
--------------------------------------------  -----  ---------  --------  ----------  --------------  -------------------  ----------------------
/opt/airflow/dags/hello_world.py                830  0.00s             1           0  0.09s           2026-04-02T08:52:03                      12
/opt/airflow/dags/keycloak/setup_keycloak.py                           1           0  0.09s           2026-04-02T08:52:27                      10
================================================================================
[2026-04-02T08:53:03.633+0000] {manager.py:997} INFO - 
================================================================================
DAG File Processing Stats

File Path                                       PID  Runtime      # DAGs    # Errors  Last Runtime    Last Run               Last # of DB Queries
--------------------------------------------  -----  ---------  --------  ----------  --------------  -------------------  ----------------------
/opt/airflow/dags/hello_world.py                840  0.00s             1           0  0.08s           2026-04-02T08:52:33                      12
/opt/airflow/dags/keycloak/setup_keycloak.py                           1           0  0.08s           2026-04-02T08:52:57                      10
================================================================================
[2026-04-02T08:53:33.909+0000] {manager.py:997} INFO - 
================================================================================
DAG File Processing Stats

File Path                                       PID  Runtime      # DAGs    # Errors  Last Runtime    Last Run               Last # of DB Queries
--------------------------------------------  -----  ---------  --------  ----------  --------------  -------------------  ----------------------
/opt/airflow/dags/hello_world.py                850  0.00s             1           0  0.10s           2026-04-02T08:53:03                      12
/opt/airflow/dags/keycloak/setup_keycloak.py                           1           0  0.10s           2026-04-02T08:53:27                      10
================================================================================
[2026-04-02T08:54:04.180+0000] {manager.py:997} INFO - 
================================================================================
DAG File Processing Stats

File Path                                       PID  Runtime      # DAGs    # Errors  Last Runtime    Last Run               Last # of DB Queries
--------------------------------------------  -----  ---------  --------  ----------  --------------  -------------------  ----------------------
/opt/airflow/dags/keycloak/setup_keycloak.py                           1           0  0.09s           2026-04-02T08:53:58                      10
/opt/airflow/dags/hello_world.py                860  0.00s             1           0  0.09s           2026-04-02T08:53:33                      12
================================================================================
[2026-04-02T08:54:34.516+0000] {manager.py:997} INFO - 
================================================================================
DAG File Processing Stats

File Path                                       PID  Runtime      # DAGs    # Errors  Last Runtime    Last Run               Last # of DB Queries
--------------------------------------------  -----  ---------  --------  ----------  --------------  -------------------  ----------------------
/opt/airflow/dags/keycloak/setup_keycloak.py                           1           0  0.15s           2026-04-02T08:54:28                      10
/opt/airflow/dags/hello_world.py                870  0.00s             1           0  0.08s           2026-04-02T08:54:04                      12
================================================================================
[2026-04-02T08:54:48.613+0000] {manager.py:821} INFO - Searching for files in /opt/airflow/dags
[2026-04-02T08:54:48.634+0000] {manager.py:824} INFO - There are 2 files in /opt/airflow/dags
[2026-04-02T08:55:04.768+0000] {manager.py:997} INFO - 
================================================================================
DAG File Processing Stats

File Path                                       PID  Runtime      # DAGs    # Errors  Last Runtime    Last Run               Last # of DB Queries
--------------------------------------------  -----  ---------  --------  ----------  --------------  -------------------  ----------------------
/opt/airflow/dags/hello_world.py                880  0.00s             1           0  0.09s           2026-04-02T08:54:34                      12
/opt/airflow/dags/keycloak/setup_keycloak.py                           1           0  0.08s           2026-04-02T08:54:58                      10
================================================================================
[2026-04-02T08:55:35.053+0000] {manager.py:997} INFO - 
================================================================================
DAG File Processing Stats

File Path                                       PID  Runtime      # DAGs    # Errors  Last Runtime    Last Run               Last # of DB Queries
--------------------------------------------  -----  ---------  --------  ----------  --------------  -------------------  ----------------------
/opt/airflow/dags/keycloak/setup_keycloak.py                           1           0  0.10s           2026-04-02T08:55:29                      10
/opt/airflow/dags/hello_world.py                890  0.00s             1           0  0.08s           2026-04-02T08:55:04                      12
================================================================================
[2026-04-02T08:56:05.329+0000] {manager.py:997} INFO - 
================================================================================
DAG File Processing Stats

File Path                                       PID  Runtime      # DAGs    # Errors  Last Runtime    Last Run               Last # of DB Queries
--------------------------------------------  -----  ---------  --------  ----------  --------------  -------------------  ----------------------
/opt/airflow/dags/hello_world.py                900  0.00s             1           0  0.09s           2026-04-02T08:55:35                      12
/opt/airflow/dags/keycloak/setup_keycloak.py                           1           0  0.08s           2026-04-02T08:55:59                      10
================================================================================
[2026-04-02T08:56:35.626+0000] {manager.py:997} INFO - 
================================================================================
DAG File Processing Stats

File Path                                       PID  Runtime      # DAGs    # Errors  Last Runtime    Last Run               Last # of DB Queries
--------------------------------------------  -----  ---------  --------  ----------  --------------  -------------------  ----------------------
/opt/airflow/dags/keycloak/setup_keycloak.py                           1           0  0.09s           2026-04-02T08:56:29                      10
/opt/airflow/dags/hello_world.py                910  0.00s             1           0  0.08s           2026-04-02T08:56:05                      12
================================================================================
[2026-04-02T08:57:05.894+0000] {manager.py:997} INFO - 
================================================================================
DAG File Processing Stats

File Path                                       PID  Runtime      # DAGs    # Errors  Last Runtime    Last Run               Last # of DB Queries
--------------------------------------------  -----  ---------  --------  ----------  --------------  -------------------  ----------------------
/opt/airflow/dags/hello_world.py                920  0.00s             1           0  0.09s           2026-04-02T08:56:35                      12
/opt/airflow/dags/keycloak/setup_keycloak.py                           1           0  0.08s           2026-04-02T08:56:59                      10
================================================================================
[2026-04-02T08:57:36.170+0000] {manager.py:997} INFO - 
================================================================================
DAG File Processing Stats

File Path                                       PID  Runtime      # DAGs    # Errors  Last Runtime    Last Run               Last # of DB Queries
--------------------------------------------  -----  ---------  --------  ----------  --------------  -------------------  ----------------------
/opt/airflow/dags/keycloak/setup_keycloak.py                           1           0  0.09s           2026-04-02T08:57:30                      10
/opt/airflow/dags/hello_world.py                930  0.00s             1           0  0.08s           2026-04-02T08:57:05                      12
================================================================================
[2026-04-02T08:58:06.448+0000] {manager.py:997} INFO - 
================================================================================
DAG File Processing Stats

File Path                                       PID  Runtime      # DAGs    # Errors  Last Runtime    Last Run               Last # of DB Queries
--------------------------------------------  -----  ---------  --------  ----------  --------------  -------------------  ----------------------
/opt/airflow/dags/hello_world.py                940  0.00s             1           0  0.09s           2026-04-02T08:57:36                      12
/opt/airflow/dags/keycloak/setup_keycloak.py                           1           0  0.07s           2026-04-02T08:58:00                      10
================================================================================
[2026-04-02T08:58:36.719+0000] {manager.py:997} INFO - 
================================================================================
DAG File Processing Stats

File Path                                       PID  Runtime      # DAGs    # Errors  Last Runtime    Last Run               Last # of DB Queries
--------------------------------------------  -----  ---------  --------  ----------  --------------  -------------------  ----------------------
/opt/airflow/dags/hello_world.py                950  0.00s             1           0  0.10s           2026-04-02T08:58:06                      12
/opt/airflow/dags/keycloak/setup_keycloak.py                           1           0  0.09s           2026-04-02T08:58:30                      10
================================================================================
[2026-04-02T08:59:07.004+0000] {manager.py:997} INFO - 
================================================================================
DAG File Processing Stats

File Path                                       PID  Runtime      # DAGs    # Errors  Last Runtime    Last Run               Last # of DB Queries
--------------------------------------------  -----  ---------  --------  ----------  --------------  -------------------  ----------------------
/opt/airflow/dags/keycloak/setup_keycloak.py                           1           0  0.10s           2026-04-02T08:59:01                      10
/opt/airflow/dags/hello_world.py                960  0.00s             1           0  0.09s           2026-04-02T08:58:36                      12
================================================================================
[2026-04-02T08:59:37.294+0000] {manager.py:997} INFO - 
================================================================================
DAG File Processing Stats

File Path                                       PID  Runtime      # DAGs    # Errors  Last Runtime    Last Run               Last # of DB Queries
--------------------------------------------  -----  ---------  --------  ----------  --------------  -------------------  ----------------------
/opt/airflow/dags/keycloak/setup_keycloak.py                           1           0  0.09s           2026-04-02T08:59:31                      10
/opt/airflow/dags/hello_world.py                970  0.00s             1           0  0.08s           2026-04-02T08:59:07                      12
================================================================================
[2026-04-02T08:59:49.459+0000] {manager.py:821} INFO - Searching for files in /opt/airflow/dags
[2026-04-02T08:59:49.462+0000] {manager.py:824} INFO - There are 2 files in /opt/airflow/dags
[2026-04-02T09:00:07.613+0000] {manager.py:997} INFO - 
================================================================================
DAG File Processing Stats

File Path                                       PID  Runtime      # DAGs    # Errors  Last Runtime    Last Run               Last # of DB Queries
--------------------------------------------  -----  ---------  --------  ----------  --------------  -------------------  ----------------------
/opt/airflow/dags/hello_world.py                980  0.00s             1           0  0.09s           2026-04-02T08:59:37                      12
/opt/airflow/dags/keycloak/setup_keycloak.py                           1           0  0.08s           2026-04-02T09:00:01                      10
================================================================================
[2026-04-02T09:00:37.884+0000] {manager.py:997} INFO - 
================================================================================
DAG File Processing Stats

File Path                                       PID  Runtime      # DAGs    # Errors  Last Runtime    Last Run               Last # of DB Queries
--------------------------------------------  -----  ---------  --------  ----------  --------------  -------------------  ----------------------
/opt/airflow/dags/keycloak/setup_keycloak.py                           1           0  0.09s           2026-04-02T09:00:31                      10
/opt/airflow/dags/hello_world.py                990  0.00s             1           0  0.09s           2026-04-02T09:00:07                      12
================================================================================
[2026-04-02T09:01:08.170+0000] {manager.py:997} INFO - 
================================================================================
DAG File Processing Stats

File Path                                       PID  Runtime      # DAGs    # Errors  Last Runtime    Last Run               Last # of DB Queries
--------------------------------------------  -----  ---------  --------  ----------  --------------  -------------------  ----------------------
/opt/airflow/dags/hello_world.py               1000  0.00s             1           0  0.09s           2026-04-02T09:00:37                      12
/opt/airflow/dags/keycloak/setup_keycloak.py                           1           0  0.08s           2026-04-02T09:01:02                      10
================================================================================
[2026-04-02T09:01:38.485+0000] {manager.py:997} INFO - 
================================================================================
DAG File Processing Stats

File Path                                       PID  Runtime      # DAGs    # Errors  Last Runtime    Last Run               Last # of DB Queries
--------------------------------------------  -----  ---------  --------  ----------  --------------  -------------------  ----------------------
/opt/airflow/dags/hello_world.py               1010  0.00s             1           0  0.08s           2026-04-02T09:01:08                      12
/opt/airflow/dags/keycloak/setup_keycloak.py                           1           0  0.08s           2026-04-02T09:01:32                      10
================================================================================
[2026-04-02T09:02:08.765+0000] {manager.py:997} INFO - 
================================================================================
DAG File Processing Stats

File Path                                       PID  Runtime      # DAGs    # Errors  Last Runtime    Last Run               Last # of DB Queries
--------------------------------------------  -----  ---------  --------  ----------  --------------  -------------------  ----------------------
/opt/airflow/dags/hello_world.py               1020  0.00s             1           0  0.09s           2026-04-02T09:01:38                      12
/opt/airflow/dags/keycloak/setup_keycloak.py                           1           0  0.07s           2026-04-02T09:02:02                      10
================================================================================
[2026-04-02T09:02:39.007+0000] {manager.py:997} INFO - 
================================================================================
DAG File Processing Stats

File Path                                       PID  Runtime      # DAGs    # Errors  Last Runtime    Last Run               Last # of DB Queries
--------------------------------------------  -----  ---------  --------  ----------  --------------  -------------------  ----------------------
/opt/airflow/dags/hello_world.py               1030  0.00s             1           0  0.10s           2026-04-02T09:02:08                      12
/opt/airflow/dags/keycloak/setup_keycloak.py                           1           0  0.08s           2026-04-02T09:02:33                      10
================================================================================
[2026-04-02T09:03:09.279+0000] {manager.py:997} INFO - 
================================================================================
DAG File Processing Stats

File Path                                       PID  Runtime      # DAGs    # Errors  Last Runtime    Last Run               Last # of DB Queries
--------------------------------------------  -----  ---------  --------  ----------  --------------  -------------------  ----------------------
/opt/airflow/dags/hello_world.py               1040  0.00s             1           0  0.24s           2026-04-02T09:02:39                      12
/opt/airflow/dags/keycloak/setup_keycloak.py                           1           0  0.10s           2026-04-02T09:03:03                      10
================================================================================
[2026-04-02T09:03:39.503+0000] {manager.py:997} INFO - 
================================================================================
DAG File Processing Stats

File Path                                       PID  Runtime      # DAGs    # Errors  Last Runtime    Last Run               Last # of DB Queries
--------------------------------------------  -----  ---------  --------  ----------  --------------  -------------------  ----------------------
/opt/airflow/dags/hello_world.py               1050  0.00s             1           0  0.10s           2026-04-02T09:03:09                      12
/opt/airflow/dags/keycloak/setup_keycloak.py                           1           0  0.08s           2026-04-02T09:03:33                      10
================================================================================
[2026-04-02T09:04:09.785+0000] {manager.py:997} INFO - 
================================================================================
DAG File Processing Stats

File Path                                       PID  Runtime      # DAGs    # Errors  Last Runtime    Last Run               Last # of DB Queries
--------------------------------------------  -----  ---------  --------  ----------  --------------  -------------------  ----------------------
/opt/airflow/dags/keycloak/setup_keycloak.py                           1           0  0.10s           2026-04-02T09:04:03                      10
/opt/airflow/dags/hello_world.py               1060  0.00s             1           0  0.08s           2026-04-02T09:03:39                      12
================================================================================
[2026-04-02T09:04:40.080+0000] {manager.py:997} INFO - 
================================================================================
DAG File Processing Stats

File Path                                       PID  Runtime      # DAGs    # Errors  Last Runtime    Last Run               Last # of DB Queries
--------------------------------------------  -----  ---------  --------  ----------  --------------  -------------------  ----------------------
/opt/airflow/dags/hello_world.py               1070  0.00s             1           0  0.15s           2026-04-02T09:04:09                      12
/opt/airflow/dags/keycloak/setup_keycloak.py                           1           0  0.08s           2026-04-02T09:04:34                      10
================================================================================
[2026-04-02T09:04:50.184+0000] {manager.py:821} INFO - Searching for files in /opt/airflow/dags
[2026-04-02T09:04:50.185+0000] {manager.py:824} INFO - There are 2 files in /opt/airflow/dags
[2026-04-02T09:05:10.309+0000] {manager.py:997} INFO - 
================================================================================
DAG File Processing Stats

File Path                                       PID  Runtime      # DAGs    # Errors  Last Runtime    Last Run               Last # of DB Queries
--------------------------------------------  -----  ---------  --------  ----------  --------------  -------------------  ----------------------
/opt/airflow/dags/hello_world.py               1080  0.00s             1           0  0.22s           2026-04-02T09:04:40                      12
/opt/airflow/dags/keycloak/setup_keycloak.py                           1           0  0.09s           2026-04-02T09:05:04                      10
================================================================================
[2026-04-02T09:05:40.577+0000] {manager.py:997} INFO - 
================================================================================
DAG File Processing Stats

File Path                                       PID  Runtime      # DAGs    # Errors  Last Runtime    Last Run               Last # of DB Queries
--------------------------------------------  -----  ---------  --------  ----------  --------------  -------------------  ----------------------
/opt/airflow/dags/hello_world.py               1090  0.00s             1           0  0.09s           2026-04-02T09:05:10                      12
/opt/airflow/dags/keycloak/setup_keycloak.py                           1           0  0.09s           2026-04-02T09:05:34                      10
================================================================================
[2026-04-02T09:06:10.822+0000] {manager.py:997} INFO - 
================================================================================
DAG File Processing Stats

File Path                                       PID  Runtime      # DAGs    # Errors  Last Runtime    Last Run               Last # of DB Queries
--------------------------------------------  -----  ---------  --------  ----------  --------------  -------------------  ----------------------
/opt/airflow/dags/hello_world.py               1100  0.00s             1           0  0.10s           2026-04-02T09:05:40                      12
/opt/airflow/dags/keycloak/setup_keycloak.py                           1           0  0.08s           2026-04-02T09:06:04                      10
================================================================================
[2026-04-02T09:06:41.059+0000] {manager.py:997} INFO - 
================================================================================
DAG File Processing Stats

File Path                                       PID  Runtime      # DAGs    # Errors  Last Runtime    Last Run               Last # of DB Queries
--------------------------------------------  -----  ---------  --------  ----------  --------------  -------------------  ----------------------
/opt/airflow/dags/keycloak/setup_keycloak.py                           1           0  0.11s           2026-04-02T09:06:35                      10
/opt/airflow/dags/hello_world.py               1110  0.00s             1           0  0.08s           2026-04-02T09:06:10                      12
================================================================================
[2026-04-02T09:07:11.318+0000] {manager.py:997} INFO - 
================================================================================
DAG File Processing Stats

File Path                                       PID  Runtime      # DAGs    # Errors  Last Runtime    Last Run               Last # of DB Queries
--------------------------------------------  -----  ---------  --------  ----------  --------------  -------------------  ----------------------
/opt/airflow/dags/hello_world.py               1120  0.00s             1           0  0.22s           2026-04-02T09:06:41                      12
/opt/airflow/dags/keycloak/setup_keycloak.py                           1           0  0.08s           2026-04-02T09:07:05                      10
================================================================================
[2026-04-02T09:07:41.604+0000] {manager.py:997} INFO - 
================================================================================
DAG File Processing Stats

File Path                                       PID  Runtime      # DAGs    # Errors  Last Runtime    Last Run               Last # of DB Queries
--------------------------------------------  -----  ---------  --------  ----------  --------------  -------------------  ----------------------
/opt/airflow/dags/keycloak/setup_keycloak.py                           1           0  0.09s           2026-04-02T09:07:35                      10
/opt/airflow/dags/hello_world.py               1130  0.00s             1           0  0.08s           2026-04-02T09:07:11                      12
================================================================================
[2026-04-02T09:08:11.865+0000] {manager.py:997} INFO - 
================================================================================
DAG File Processing Stats

File Path                                       PID  Runtime      # DAGs    # Errors  Last Runtime    Last Run               Last # of DB Queries
--------------------------------------------  -----  ---------  --------  ----------  --------------  -------------------  ----------------------
/opt/airflow/dags/hello_world.py               1140  0.00s             1           0  0.08s           2026-04-02T09:07:41                      12
/opt/airflow/dags/keycloak/setup_keycloak.py                           1           0  0.08s           2026-04-02T09:08:05                      10
================================================================================
[2026-04-02T09:08:42.112+0000] {manager.py:997} INFO - 
================================================================================
DAG File Processing Stats

File Path                                       PID  Runtime      # DAGs    # Errors  Last Runtime    Last Run               Last # of DB Queries
--------------------------------------------  -----  ---------  --------  ----------  --------------  -------------------  ----------------------
/opt/airflow/dags/keycloak/setup_keycloak.py                           1           0  0.09s           2026-04-02T09:08:36                      10
/opt/airflow/dags/hello_world.py               1150  0.00s             1           0  0.08s           2026-04-02T09:08:11                      12
================================================================================
[2026-04-02T09:09:12.391+0000] {manager.py:997} INFO - 
================================================================================
DAG File Processing Stats

File Path                                       PID  Runtime      # DAGs    # Errors  Last Runtime    Last Run               Last # of DB Queries
--------------------------------------------  -----  ---------  --------  ----------  --------------  -------------------  ----------------------
/opt/airflow/dags/hello_world.py               1160  0.00s             1           0  0.27s           2026-04-02T09:08:42                      12
/opt/airflow/dags/keycloak/setup_keycloak.py                           1           0  0.08s           2026-04-02T09:09:06                      10
================================================================================
[2026-04-02T09:09:42.698+0000] {manager.py:997} INFO - 
================================================================================
DAG File Processing Stats

File Path                                       PID  Runtime      # DAGs    # Errors  Last Runtime    Last Run               Last # of DB Queries
--------------------------------------------  -----  ---------  --------  ----------  --------------  -------------------  ----------------------
/opt/airflow/dags/hello_world.py               1170  0.00s             1           0  0.10s           2026-04-02T09:09:12                      12
/opt/airflow/dags/keycloak/setup_keycloak.py                           1           0  0.09s           2026-04-02T09:09:36                      10
================================================================================
[2026-04-02T09:09:50.813+0000] {manager.py:821} INFO - Searching for files in /opt/airflow/dags
[2026-04-02T09:09:50.833+0000] {manager.py:824} INFO - There are 2 files in /opt/airflow/dags
[2026-04-02T09:10:12.999+0000] {manager.py:997} INFO - 
================================================================================
DAG File Processing Stats

File Path                                       PID  Runtime      # DAGs    # Errors  Last Runtime    Last Run               Last # of DB Queries
--------------------------------------------  -----  ---------  --------  ----------  --------------  -------------------  ----------------------
/opt/airflow/dags/keycloak/setup_keycloak.py                           1           0  0.10s           2026-04-02T09:10:07                      10
/opt/airflow/dags/hello_world.py               1180  0.00s             1           0  0.08s           2026-04-02T09:09:42                      12
================================================================================
[2026-04-02T09:10:43.300+0000] {manager.py:997} INFO - 
================================================================================
DAG File Processing Stats

File Path                                       PID  Runtime      # DAGs    # Errors  Last Runtime    Last Run               Last # of DB Queries
--------------------------------------------  -----  ---------  --------  ----------  --------------  -------------------  ----------------------
/opt/airflow/dags/hello_world.py               1190  0.00s             1           0  0.10s           2026-04-02T09:10:13                      12
/opt/airflow/dags/keycloak/setup_keycloak.py                           1           0  0.09s           2026-04-02T09:10:37                      10
================================================================================
[2026-04-02T09:11:13.625+0000] {manager.py:997} INFO - 
================================================================================
DAG File Processing Stats

File Path                                       PID  Runtime      # DAGs    # Errors  Last Runtime    Last Run               Last # of DB Queries
--------------------------------------------  -----  ---------  --------  ----------  --------------  -------------------  ----------------------
/opt/airflow/dags/hello_world.py               1200  0.00s             1           0  0.21s           2026-04-02T09:10:43                      12
/opt/airflow/dags/keycloak/setup_keycloak.py                           1           0  0.08s           2026-04-02T09:11:07                      10
================================================================================
[2026-04-02T09:11:43.918+0000] {manager.py:997} INFO - 
================================================================================
DAG File Processing Stats

File Path                                       PID  Runtime      # DAGs    # Errors  Last Runtime    Last Run               Last # of DB Queries
--------------------------------------------  -----  ---------  --------  ----------  --------------  -------------------  ----------------------
/opt/airflow/dags/hello_world.py               1210  0.00s             1           0  0.11s           2026-04-02T09:11:13                      12
/opt/airflow/dags/keycloak/setup_keycloak.py                           1           0  0.08s           2026-04-02T09:11:37                      10
================================================================================
[2026-04-02T09:12:14.162+0000] {manager.py:997} INFO - 
================================================================================
DAG File Processing Stats

File Path                                       PID  Runtime      # DAGs    # Errors  Last Runtime    Last Run               Last # of DB Queries
--------------------------------------------  -----  ---------  --------  ----------  --------------  -------------------  ----------------------
/opt/airflow/dags/keycloak/setup_keycloak.py                           1           0  0.09s           2026-04-02T09:12:08                      10
/opt/airflow/dags/hello_world.py               1220  0.00s             1           0  0.08s           2026-04-02T09:11:43                      12
================================================================================
[2026-04-02T09:12:44.463+0000] {manager.py:997} INFO - 
================================================================================
DAG File Processing Stats

File Path                                       PID  Runtime      # DAGs    # Errors  Last Runtime    Last Run               Last # of DB Queries
--------------------------------------------  -----  ---------  --------  ----------  --------------  -------------------  ----------------------
/opt/airflow/dags/hello_world.py               1230  0.00s             1           0  0.08s           2026-04-02T09:12:14                      12
/opt/airflow/dags/keycloak/setup_keycloak.py                           1           0  0.08s           2026-04-02T09:12:38                      10
================================================================================
[2026-04-02T09:13:14.753+0000] {manager.py:997} INFO - 
================================================================================
DAG File Processing Stats

File Path                                       PID  Runtime      # DAGs    # Errors  Last Runtime    Last Run               Last # of DB Queries
--------------------------------------------  -----  ---------  --------  ----------  --------------  -------------------  ----------------------
/opt/airflow/dags/hello_world.py               1240  0.00s             1           0  0.22s           2026-04-02T09:12:44                      12
/opt/airflow/dags/keycloak/setup_keycloak.py                           1           0  0.08s           2026-04-02T09:13:08                      10
================================================================================
[2026-04-02T09:13:45.058+0000] {manager.py:997} INFO - 
================================================================================
DAG File Processing Stats

File Path                                       PID  Runtime      # DAGs    # Errors  Last Runtime    Last Run               Last # of DB Queries
--------------------------------------------  -----  ---------  --------  ----------  --------------  -------------------  ----------------------
/opt/airflow/dags/keycloak/setup_keycloak.py                           1           0  0.09s           2026-04-02T09:13:39                      10
/opt/airflow/dags/hello_world.py               1250  0.00s             1           0  0.09s           2026-04-02T09:13:14                      12
================================================================================
[2026-04-02T09:14:15.323+0000] {manager.py:997} INFO - 
================================================================================
DAG File Processing Stats

File Path                                       PID  Runtime      # DAGs    # Errors  Last Runtime    Last Run               Last # of DB Queries
--------------------------------------------  -----  ---------  --------  ----------  --------------  -------------------  ----------------------
/opt/airflow/dags/hello_world.py               1260  0.00s             1           0  0.09s           2026-04-02T09:13:45                      12
/opt/airflow/dags/keycloak/setup_keycloak.py                           1           0  0.09s           2026-04-02T09:14:09                      10
================================================================================
[2026-04-02T09:14:45.616+0000] {manager.py:997} INFO - 
================================================================================
DAG File Processing Stats

File Path                                       PID  Runtime      # DAGs    # Errors  Last Runtime    Last Run               Last # of DB Queries
--------------------------------------------  -----  ---------  --------  ----------  --------------  -------------------  ----------------------
/opt/airflow/dags/hello_world.py               1270  0.00s             1           0  0.11s           2026-04-02T09:14:15                      12
/opt/airflow/dags/keycloak/setup_keycloak.py                           1           0  0.08s           2026-04-02T09:14:39                      10
================================================================================
[2026-04-02T09:14:50.863+0000] {manager.py:821} INFO - Searching for files in /opt/airflow/dags
[2026-04-02T09:14:50.866+0000] {manager.py:824} INFO - There are 2 files in /opt/airflow/dags
[2026-04-02T09:15:15.881+0000] {manager.py:997} INFO - 
================================================================================
DAG File Processing Stats

File Path                                       PID  Runtime      # DAGs    # Errors  Last Runtime    Last Run               Last # of DB Queries
--------------------------------------------  -----  ---------  --------  ----------  --------------  -------------------  ----------------------
/opt/airflow/dags/hello_world.py               1280  0.00s             1           0  0.22s           2026-04-02T09:14:45                      12
/opt/airflow/dags/keycloak/setup_keycloak.py                           1           0  0.08s           2026-04-02T09:15:09                      10
================================================================================
[2026-04-02T09:15:46.144+0000] {manager.py:997} INFO - 
================================================================================
DAG File Processing Stats

File Path                                       PID  Runtime      # DAGs    # Errors  Last Runtime    Last Run               Last # of DB Queries
--------------------------------------------  -----  ---------  --------  ----------  --------------  -------------------  ----------------------
/opt/airflow/dags/keycloak/setup_keycloak.py                           1           0  0.09s           2026-04-02T09:15:40                      10
/opt/airflow/dags/hello_world.py               1290  0.00s             1           0  0.09s           2026-04-02T09:15:15                      12
================================================================================
[2026-04-02T09:16:16.410+0000] {manager.py:997} INFO - 
================================================================================
DAG File Processing Stats

File Path                                       PID  Runtime      # DAGs    # Errors  Last Runtime    Last Run               Last # of DB Queries
--------------------------------------------  -----  ---------  --------  ----------  --------------  -------------------  ----------------------
/opt/airflow/dags/hello_world.py               1300  0.00s             1           0  0.09s           2026-04-02T09:15:46                      12
/opt/airflow/dags/keycloak/setup_keycloak.py                           1           0  0.09s           2026-04-02T09:16:10                      10
================================================================================
[2026-04-02T09:16:46.666+0000] {manager.py:997} INFO - 
================================================================================
DAG File Processing Stats

File Path                                       PID  Runtime      # DAGs    # Errors  Last Runtime    Last Run               Last # of DB Queries
--------------------------------------------  -----  ---------  --------  ----------  --------------  -------------------  ----------------------
/opt/airflow/dags/keycloak/setup_keycloak.py                           1           0  0.08s           2026-04-02T09:16:40                      10
/opt/airflow/dags/hello_world.py               1310  0.00s             1           0  0.08s           2026-04-02T09:16:16                      12
================================================================================
[2026-04-02T09:17:16.909+0000] {manager.py:997} INFO - 
================================================================================
DAG File Processing Stats

File Path                                       PID  Runtime      # DAGs    # Errors  Last Runtime    Last Run               Last # of DB Queries
--------------------------------------------  -----  ---------  --------  ----------  --------------  -------------------  ----------------------
/opt/airflow/dags/hello_world.py               1320  0.00s             1           0  0.22s           2026-04-02T09:16:46                      12
/opt/airflow/dags/keycloak/setup_keycloak.py                           1           0  0.10s           2026-04-02T09:17:10                      10
================================================================================
[2026-04-02T09:17:47.159+0000] {manager.py:997} INFO - 
================================================================================
DAG File Processing Stats

File Path                                       PID  Runtime      # DAGs    # Errors  Last Runtime    Last Run               Last # of DB Queries
--------------------------------------------  -----  ---------  --------  ----------  --------------  -------------------  ----------------------
/opt/airflow/dags/keycloak/setup_keycloak.py                           1           0  0.09s           2026-04-02T09:17:41                      10
/opt/airflow/dags/hello_world.py               1330  0.00s             1           0  0.09s           2026-04-02T09:17:16                      12
================================================================================
[2026-04-02T09:18:17.413+0000] {manager.py:997} INFO - 
================================================================================
DAG File Processing Stats

File Path                                       PID  Runtime      # DAGs    # Errors  Last Runtime    Last Run               Last # of DB Queries
--------------------------------------------  -----  ---------  --------  ----------  --------------  -------------------  ----------------------
/opt/airflow/dags/keycloak/setup_keycloak.py                           1           0  0.09s           2026-04-02T09:18:11                      10
/opt/airflow/dags/hello_world.py               1340  0.00s             1           0  0.09s           2026-04-02T09:17:47                      12
================================================================================
[2026-04-02T09:18:47.661+0000] {manager.py:997} INFO - 
================================================================================
DAG File Processing Stats

File Path                                       PID  Runtime      # DAGs    # Errors  Last Runtime    Last Run               Last # of DB Queries
--------------------------------------------  -----  ---------  --------  ----------  --------------  -------------------  ----------------------
/opt/airflow/dags/keycloak/setup_keycloak.py                           1           0  0.13s           2026-04-02T09:18:41                      10
/opt/airflow/dags/hello_world.py               1350  0.00s             1           0  0.08s           2026-04-02T09:18:17                      12
================================================================================
[2026-04-02T09:19:18.033+0000] {manager.py:997} INFO - 
================================================================================
DAG File Processing Stats

File Path                                       PID  Runtime      # DAGs    # Errors  Last Runtime    Last Run               Last # of DB Queries
--------------------------------------------  -----  ---------  --------  ----------  --------------  -------------------  ----------------------
/opt/airflow/dags/hello_world.py               1360  0.00s             1           0  0.22s           2026-04-02T09:18:47                      12
/opt/airflow/dags/keycloak/setup_keycloak.py                           1           0  0.09s           2026-04-02T09:19:11                      10
================================================================================
[2026-04-02T09:19:48.276+0000] {manager.py:997} INFO - 
================================================================================
DAG File Processing Stats

File Path                                       PID  Runtime      # DAGs    # Errors  Last Runtime    Last Run               Last # of DB Queries
--------------------------------------------  -----  ---------  --------  ----------  --------------  -------------------  ----------------------
/opt/airflow/dags/keycloak/setup_keycloak.py                           1           0  0.09s           2026-04-02T09:19:42                      10
/opt/airflow/dags/hello_world.py               1370  0.01s             1           0  0.08s           2026-04-02T09:19:18                      12
================================================================================
[2026-04-02T09:19:51.323+0000] {manager.py:821} INFO - Searching for files in /opt/airflow/dags
[2026-04-02T09:19:51.326+0000] {manager.py:824} INFO - There are 2 files in /opt/airflow/dags
[2026-04-02T09:20:18.560+0000] {manager.py:997} INFO - 
================================================================================
DAG File Processing Stats

File Path                                       PID  Runtime      # DAGs    # Errors  Last Runtime    Last Run               Last # of DB Queries
--------------------------------------------  -----  ---------  --------  ----------  --------------  -------------------  ----------------------
/opt/airflow/dags/keycloak/setup_keycloak.py                           1           0  0.10s           2026-04-02T09:20:12                      10
/opt/airflow/dags/hello_world.py               1380  0.00s             1           0  0.09s           2026-04-02T09:19:48                      12
================================================================================
[2026-04-02T09:20:48.853+0000] {manager.py:997} INFO - 
================================================================================
DAG File Processing Stats

File Path                                       PID  Runtime      # DAGs    # Errors  Last Runtime    Last Run               Last # of DB Queries
--------------------------------------------  -----  ---------  --------  ----------  --------------  -------------------  ----------------------
/opt/airflow/dags/hello_world.py               1390  0.00s             1           0  0.10s           2026-04-02T09:20:18                      12
/opt/airflow/dags/keycloak/setup_keycloak.py                           1           0  0.09s           2026-04-02T09:20:42                      10
================================================================================
[2026-04-02T09:21:19.126+0000] {manager.py:997} INFO - 
================================================================================
DAG File Processing Stats

File Path                                       PID  Runtime      # DAGs    # Errors  Last Runtime    Last Run               Last # of DB Queries
--------------------------------------------  -----  ---------  --------  ----------  --------------  -------------------  ----------------------
/opt/airflow/dags/hello_world.py               1400  0.00s             1           0  0.22s           2026-04-02T09:20:49                      12
/opt/airflow/dags/keycloak/setup_keycloak.py                           1           0  0.08s           2026-04-02T09:21:13                      10
================================================================================
[2026-04-02T09:21:49.378+0000] {manager.py:997} INFO - 
================================================================================
DAG File Processing Stats

File Path                                       PID  Runtime      # DAGs    # Errors  Last Runtime    Last Run               Last # of DB Queries
--------------------------------------------  -----  ---------  --------  ----------  --------------  -------------------  ----------------------
/opt/airflow/dags/keycloak/setup_keycloak.py                           1           0  0.09s           2026-04-02T09:21:43                      10
/opt/airflow/dags/hello_world.py               1410  0.00s             1           0  0.08s           2026-04-02T09:21:19                      12
================================================================================
[2026-04-02T09:22:19.679+0000] {manager.py:997} INFO - 
================================================================================
DAG File Processing Stats

File Path                                       PID  Runtime      # DAGs    # Errors  Last Runtime    Last Run               Last # of DB Queries
--------------------------------------------  -----  ---------  --------  ----------  --------------  -------------------  ----------------------
/opt/airflow/dags/hello_world.py               1420  0.00s             1           0  0.09s           2026-04-02T09:21:49                      12
/opt/airflow/dags/keycloak/setup_keycloak.py                           1           0  0.08s           2026-04-02T09:22:13                      10
================================================================================
[2026-04-02T09:22:49.932+0000] {manager.py:997} INFO - 
================================================================================
DAG File Processing Stats

File Path                                       PID  Runtime      # DAGs    # Errors  Last Runtime    Last Run               Last # of DB Queries
--------------------------------------------  -----  ---------  --------  ----------  --------------  -------------------  ----------------------
/opt/airflow/dags/hello_world.py               1430  0.00s             1           0  0.10s           2026-04-02T09:22:19                      12
/opt/airflow/dags/keycloak/setup_keycloak.py                           1           0  0.09s           2026-04-02T09:22:43                      10
================================================================================
[2026-04-02T09:23:20.204+0000] {manager.py:997} INFO - 
================================================================================
DAG File Processing Stats

File Path                                       PID  Runtime      # DAGs    # Errors  Last Runtime    Last Run               Last # of DB Queries
--------------------------------------------  -----  ---------  --------  ----------  --------------  -------------------  ----------------------
/opt/airflow/dags/hello_world.py               1440  0.00s             1           0  0.22s           2026-04-02T09:22:50                      12
/opt/airflow/dags/keycloak/setup_keycloak.py                           1           0  0.09s           2026-04-02T09:23:14                      10
================================================================================
[2026-04-02T09:23:50.459+0000] {manager.py:997} INFO - 
================================================================================
DAG File Processing Stats

File Path                                       PID  Runtime      # DAGs    # Errors  Last Runtime    Last Run               Last # of DB Queries
--------------------------------------------  -----  ---------  --------  ----------  --------------  -------------------  ----------------------
/opt/airflow/dags/keycloak/setup_keycloak.py                           1           0  0.08s           2026-04-02T09:23:44                      10
/opt/airflow/dags/hello_world.py               1450  0.00s             1           0  0.08s           2026-04-02T09:23:20                      12
================================================================================
[2026-04-02T09:24:20.701+0000] {manager.py:997} INFO - 
================================================================================
DAG File Processing Stats

File Path                                       PID  Runtime      # DAGs    # Errors  Last Runtime    Last Run               Last # of DB Queries
--------------------------------------------  -----  ---------  --------  ----------  --------------  -------------------  ----------------------
/opt/airflow/dags/hello_world.py               1460  0.00s             1           0  0.08s           2026-04-02T09:23:50                      12
/opt/airflow/dags/keycloak/setup_keycloak.py                           1           0  0.08s           2026-04-02T09:24:14                      10
================================================================================
[2026-04-02T09:24:50.982+0000] {manager.py:997} INFO - 
================================================================================
DAG File Processing Stats

File Path                                       PID  Runtime      # DAGs    # Errors  Last Runtime    Last Run               Last # of DB Queries
--------------------------------------------  -----  ---------  --------  ----------  --------------  -------------------  ----------------------
/opt/airflow/dags/hello_world.py               1470  0.00s             1           0  0.10s           2026-04-02T09:24:20                      12
/opt/airflow/dags/keycloak/setup_keycloak.py                           1           0  0.08s           2026-04-02T09:24:45                      10
================================================================================
[2026-04-02T09:24:52.045+0000] {manager.py:821} INFO - Searching for files in /opt/airflow/dags
[2026-04-02T09:24:52.048+0000] {manager.py:824} INFO - There are 2 files in /opt/airflow/dags
[2026-04-02T09:25:21.282+0000] {manager.py:997} INFO - 
================================================================================
DAG File Processing Stats

File Path                                       PID  Runtime      # DAGs    # Errors  Last Runtime    Last Run               Last # of DB Queries
--------------------------------------------  -----  ---------  --------  ----------  --------------  -------------------  ----------------------
/opt/airflow/dags/hello_world.py               1480  0.00s             1           0  0.22s           2026-04-02T09:24:51                      12
/opt/airflow/dags/keycloak/setup_keycloak.py                           1           0  0.10s           2026-04-02T09:25:15                      10
================================================================================
[2026-04-02T09:25:51.565+0000] {manager.py:997} INFO - 
================================================================================
DAG File Processing Stats

File Path                                       PID  Runtime      # DAGs    # Errors  Last Runtime    Last Run               Last # of DB Queries
--------------------------------------------  -----  ---------  --------  ----------  --------------  -------------------  ----------------------
/opt/airflow/dags/hello_world.py               1490  0.00s             1           0  0.10s           2026-04-02T09:25:21                      12
/opt/airflow/dags/keycloak/setup_keycloak.py                           1           0  0.08s           2026-04-02T09:25:45                      10
================================================================================
[2026-04-02T09:26:21.863+0000] {manager.py:997} INFO - 
================================================================================
DAG File Processing Stats

File Path                                       PID  Runtime      # DAGs    # Errors  Last Runtime    Last Run               Last # of DB Queries
--------------------------------------------  -----  ---------  --------  ----------  --------------  -------------------  ----------------------
/opt/airflow/dags/hello_world.py               1500  0.00s             1           0  0.09s           2026-04-02T09:25:51                      12
/opt/airflow/dags/keycloak/setup_keycloak.py                           1           0  0.08s           2026-04-02T09:26:15                      10
================================================================================
[2026-04-02T09:26:52.141+0000] {manager.py:997} INFO - 
================================================================================
DAG File Processing Stats

File Path                                       PID  Runtime      # DAGs    # Errors  Last Runtime    Last Run               Last # of DB Queries
--------------------------------------------  -----  ---------  --------  ----------  --------------  -------------------  ----------------------
/opt/airflow/dags/hello_world.py               1510  0.00s             1           0  0.10s           2026-04-02T09:26:21                      12
/opt/airflow/dags/keycloak/setup_keycloak.py                           1           0  0.08s           2026-04-02T09:26:46                      10
================================================================================
[2026-04-02T09:27:22.390+0000] {manager.py:997} INFO - 
================================================================================
DAG File Processing Stats

File Path                                       PID  Runtime      # DAGs    # Errors  Last Runtime    Last Run               Last # of DB Queries
--------------------------------------------  -----  ---------  --------  ----------  --------------  -------------------  ----------------------
/opt/airflow/dags/hello_world.py               1520  0.00s             1           0  0.22s           2026-04-02T09:26:52                      12
/opt/airflow/dags/keycloak/setup_keycloak.py                           1           0  0.10s           2026-04-02T09:27:16                      10
================================================================================
[2026-04-02T09:27:52.679+0000] {manager.py:997} INFO - 
================================================================================
DAG File Processing Stats

File Path                                       PID  Runtime      # DAGs    # Errors  Last Runtime    Last Run               Last # of DB Queries
--------------------------------------------  -----  ---------  --------  ----------  --------------  -------------------  ----------------------
/opt/airflow/dags/hello_world.py               1530  0.00s             1           0  0.10s           2026-04-02T09:27:22                      12
/opt/airflow/dags/keycloak/setup_keycloak.py                           1           0  0.08s           2026-04-02T09:27:46                      10
================================================================================
[2026-04-02T09:28:22.981+0000] {manager.py:997} INFO - 
================================================================================
DAG File Processing Stats

File Path                                       PID  Runtime      # DAGs    # Errors  Last Runtime    Last Run               Last # of DB Queries
--------------------------------------------  -----  ---------  --------  ----------  --------------  -------------------  ----------------------
/opt/airflow/dags/keycloak/setup_keycloak.py                           1           0  0.10s           2026-04-02T09:28:17                      10
/opt/airflow/dags/hello_world.py               1540  0.00s             1           0  0.08s           2026-04-02T09:27:52                      12
================================================================================
[2026-04-02T09:28:53.256+0000] {manager.py:997} INFO - 
================================================================================
DAG File Processing Stats

File Path                                       PID  Runtime      # DAGs    # Errors  Last Runtime    Last Run               Last # of DB Queries
--------------------------------------------  -----  ---------  --------  ----------  --------------  -------------------  ----------------------
/opt/airflow/dags/hello_world.py               1550  0.00s             1           0  0.09s           2026-04-02T09:28:23                      12
/opt/airflow/dags/keycloak/setup_keycloak.py                           1           0  0.08s           2026-04-02T09:28:47                      10
================================================================================
[2026-04-02T09:29:23.646+0000] {manager.py:997} INFO - 
================================================================================
DAG File Processing Stats

File Path                                       PID  Runtime      # DAGs    # Errors  Last Runtime    Last Run               Last # of DB Queries
--------------------------------------------  -----  ---------  --------  ----------  --------------  -------------------  ----------------------
/opt/airflow/dags/keycloak/setup_keycloak.py                           1           0  0.22s           2026-04-02T09:29:17                      10
/opt/airflow/dags/hello_world.py               1560  0.00s             1           0  0.22s           2026-04-02T09:28:53                      12
================================================================================
[2026-04-02T09:29:52.842+0000] {manager.py:821} INFO - Searching for files in /opt/airflow/dags
[2026-04-02T09:29:52.851+0000] {manager.py:824} INFO - There are 2 files in /opt/airflow/dags
[2026-04-02T09:29:53.867+0000] {manager.py:997} INFO - 
================================================================================
DAG File Processing Stats

File Path                                       PID  Runtime      # DAGs    # Errors  Last Runtime    Last Run               Last # of DB Queries
--------------------------------------------  -----  ---------  --------  ----------  --------------  -------------------  ----------------------
/opt/airflow/dags/hello_world.py               1570  0.00s             1           0  0.10s           2026-04-02T09:29:23                      12
/opt/airflow/dags/keycloak/setup_keycloak.py                           1           0  0.08s           2026-04-02T09:29:47                      10
================================================================================
[2026-04-02T09:30:24.147+0000] {manager.py:997} INFO - 
================================================================================
DAG File Processing Stats

File Path                                       PID  Runtime      # DAGs    # Errors  Last Runtime    Last Run               Last # of DB Queries
--------------------------------------------  -----  ---------  --------  ----------  --------------  -------------------  ----------------------
/opt/airflow/dags/keycloak/setup_keycloak.py                           1           0  0.09s           2026-04-02T09:30:18                      10
/opt/airflow/dags/hello_world.py               1580  0.00s             1           0  0.09s           2026-04-02T09:29:53                      12
================================================================================
[2026-04-02T09:30:54.438+0000] {manager.py:997} INFO - 
================================================================================
DAG File Processing Stats

File Path                                       PID  Runtime      # DAGs    # Errors  Last Runtime    Last Run               Last # of DB Queries
--------------------------------------------  -----  ---------  --------  ----------  --------------  -------------------  ----------------------
/opt/airflow/dags/hello_world.py               1590  0.00s             1           0  0.08s           2026-04-02T09:30:24                      12
/opt/airflow/dags/keycloak/setup_keycloak.py                           1           0  0.08s           2026-04-02T09:30:48                      10
================================================================================
[2026-04-02T09:31:24.864+0000] {manager.py:997} INFO - 
================================================================================
DAG File Processing Stats

File Path                                       PID  Runtime      # DAGs    # Errors  Last Runtime    Last Run               Last # of DB Queries
--------------------------------------------  -----  ---------  --------  ----------  --------------  -------------------  ----------------------
/opt/airflow/dags/keycloak/setup_keycloak.py                           1           0  0.24s           2026-04-02T09:31:18                      10
/opt/airflow/dags/hello_world.py               1600  0.00s             1           0  0.23s           2026-04-02T09:30:54                      12
================================================================================
[2026-04-02T09:31:55.097+0000] {manager.py:997} INFO - 
================================================================================
DAG File Processing Stats

File Path                                       PID  Runtime      # DAGs    # Errors  Last Runtime    Last Run               Last # of DB Queries
--------------------------------------------  -----  ---------  --------  ----------  --------------  -------------------  ----------------------
/opt/airflow/dags/hello_world.py               1610  0.00s             1           0  0.23s           2026-04-02T09:31:25                      12
/opt/airflow/dags/keycloak/setup_keycloak.py                           1           0  0.08s           2026-04-02T09:31:49                      10
================================================================================
[2026-04-02T09:32:25.377+0000] {manager.py:997} INFO - 
================================================================================
DAG File Processing Stats

File Path                                       PID  Runtime      # DAGs    # Errors  Last Runtime    Last Run               Last # of DB Queries
--------------------------------------------  -----  ---------  --------  ----------  --------------  -------------------  ----------------------
/opt/airflow/dags/hello_world.py               1620  0.00s             1           0  0.12s           2026-04-02T09:31:55                      12
/opt/airflow/dags/keycloak/setup_keycloak.py                           1           0  0.08s           2026-04-02T09:32:19                      10
================================================================================
[2026-04-02T09:32:55.636+0000] {manager.py:997} INFO - 
================================================================================
DAG File Processing Stats

File Path                                       PID  Runtime      # DAGs    # Errors  Last Runtime    Last Run               Last # of DB Queries
--------------------------------------------  -----  ---------  --------  ----------  --------------  -------------------  ----------------------
/opt/airflow/dags/hello_world.py               1630  0.00s             1           0  0.10s           2026-04-02T09:32:25                      12
/opt/airflow/dags/keycloak/setup_keycloak.py                           1           0  0.08s           2026-04-02T09:32:49                      10
================================================================================
[2026-04-02T09:33:26.066+0000] {manager.py:997} INFO - 
================================================================================
DAG File Processing Stats

File Path                                       PID  Runtime      # DAGs    # Errors  Last Runtime    Last Run               Last # of DB Queries
--------------------------------------------  -----  ---------  --------  ----------  --------------  -------------------  ----------------------
/opt/airflow/dags/keycloak/setup_keycloak.py                           1           0  0.23s           2026-04-02T09:33:20                      10
/opt/airflow/dags/hello_world.py               1640  0.00s             1           0  0.22s           2026-04-02T09:32:55                      12
================================================================================
[2026-04-02T09:33:56.354+0000] {manager.py:997} INFO - 
================================================================================
DAG File Processing Stats

File Path                                       PID  Runtime      # DAGs    # Errors  Last Runtime    Last Run               Last # of DB Queries
--------------------------------------------  -----  ---------  --------  ----------  --------------  -------------------  ----------------------
/opt/airflow/dags/hello_world.py               1650  0.00s             1           0  0.22s           2026-04-02T09:33:26                      12
/opt/airflow/dags/keycloak/setup_keycloak.py                           1           0  0.09s           2026-04-02T09:33:50                      10
================================================================================
[2026-04-02T09:34:26.636+0000] {manager.py:997} INFO - 
================================================================================
DAG File Processing Stats

File Path                                       PID  Runtime      # DAGs    # Errors  Last Runtime    Last Run               Last # of DB Queries
--------------------------------------------  -----  ---------  --------  ----------  --------------  -------------------  ----------------------
/opt/airflow/dags/keycloak/setup_keycloak.py                           1           0  0.09s           2026-04-02T09:34:20                      10
/opt/airflow/dags/hello_world.py               1660  0.00s             1           0  0.08s           2026-04-02T09:33:56                      12
================================================================================
[2026-04-02T09:34:52.850+0000] {manager.py:821} INFO - Searching for files in /opt/airflow/dags
[2026-04-02T09:34:52.871+0000] {manager.py:824} INFO - There are 2 files in /opt/airflow/dags
[2026-04-02T09:34:56.905+0000] {manager.py:997} INFO - 
================================================================================
DAG File Processing Stats

File Path                                       PID  Runtime      # DAGs    # Errors  Last Runtime    Last Run               Last # of DB Queries
--------------------------------------------  -----  ---------  --------  ----------  --------------  -------------------  ----------------------
/opt/airflow/dags/hello_world.py               1670  0.00s             1           0  0.08s           2026-04-02T09:34:26                      12
/opt/airflow/dags/keycloak/setup_keycloak.py                           1           0  0.08s           2026-04-02T09:34:50                      10
================================================================================
[2026-04-02T09:35:27.296+0000] {manager.py:997} INFO - 
================================================================================
DAG File Processing Stats

File Path                                       PID  Runtime      # DAGs    # Errors  Last Runtime    Last Run               Last # of DB Queries
--------------------------------------------  -----  ---------  --------  ----------  --------------  -------------------  ----------------------
/opt/airflow/dags/keycloak/setup_keycloak.py                           1           0  0.23s           2026-04-02T09:35:21                      10
/opt/airflow/dags/hello_world.py               1680  0.00s             1           0  0.22s           2026-04-02T09:34:57                      12
================================================================================
[2026-04-02T09:35:57.584+0000] {manager.py:997} INFO - 
================================================================================
DAG File Processing Stats

File Path                                       PID  Runtime      # DAGs    # Errors  Last Runtime    Last Run               Last # of DB Queries
--------------------------------------------  -----  ---------  --------  ----------  --------------  -------------------  ----------------------
/opt/airflow/dags/hello_world.py               1690  0.00s             1           0  0.22s           2026-04-02T09:35:27                      12
/opt/airflow/dags/keycloak/setup_keycloak.py                           1           0  0.08s           2026-04-02T09:35:51                      10
================================================================================
[2026-04-02T09:36:27.868+0000] {manager.py:997} INFO - 
================================================================================
DAG File Processing Stats

File Path                                       PID  Runtime      # DAGs    # Errors  Last Runtime    Last Run               Last # of DB Queries
--------------------------------------------  -----  ---------  --------  ----------  --------------  -------------------  ----------------------
/opt/airflow/dags/keycloak/setup_keycloak.py                           1           0  0.10s           2026-04-02T09:36:21                      10
/opt/airflow/dags/hello_world.py               1700  0.00s             1           0  0.09s           2026-04-02T09:35:57                      12
================================================================================
[2026-04-02T09:36:58.152+0000] {manager.py:997} INFO - 
================================================================================
DAG File Processing Stats

File Path                                       PID  Runtime      # DAGs    # Errors  Last Runtime    Last Run               Last # of DB Queries
--------------------------------------------  -----  ---------  --------  ----------  --------------  -------------------  ----------------------
/opt/airflow/dags/keycloak/setup_keycloak.py                           1           0  0.10s           2026-04-02T09:36:52                      10
/opt/airflow/dags/hello_world.py               1710  0.00s             1           0  0.09s           2026-04-02T09:36:27                      12
================================================================================
[2026-04-02T09:37:28.583+0000] {manager.py:997} INFO - 
================================================================================
DAG File Processing Stats

File Path                                       PID  Runtime      # DAGs    # Errors  Last Runtime    Last Run               Last # of DB Queries
--------------------------------------------  -----  ---------  --------  ----------  --------------  -------------------  ----------------------
/opt/airflow/dags/keycloak/setup_keycloak.py                           1           0  0.25s           2026-04-02T09:37:22                      10
/opt/airflow/dags/hello_world.py               1720  0.00s             1           0  0.22s           2026-04-02T09:36:58                      12
================================================================================
[2026-04-02T09:37:58.855+0000] {manager.py:997} INFO - 
================================================================================
DAG File Processing Stats

File Path                                       PID  Runtime      # DAGs    # Errors  Last Runtime    Last Run               Last # of DB Queries
--------------------------------------------  -----  ---------  --------  ----------  --------------  -------------------  ----------------------
/opt/airflow/dags/hello_world.py               1730  0.00s             1           0  0.22s           2026-04-02T09:37:28                      12
/opt/airflow/dags/keycloak/setup_keycloak.py                           1           0  0.09s           2026-04-02T09:37:52                      10
================================================================================
[2026-04-02T09:38:29.159+0000] {manager.py:997} INFO - 
================================================================================
DAG File Processing Stats

File Path                                       PID  Runtime      # DAGs    # Errors  Last Runtime    Last Run               Last # of DB Queries
--------------------------------------------  -----  ---------  --------  ----------  --------------  -------------------  ----------------------
/opt/airflow/dags/keycloak/setup_keycloak.py                           1           0  0.09s           2026-04-02T09:38:23                      10
/opt/airflow/dags/hello_world.py               1740  0.00s             1           0  0.08s           2026-04-02T09:37:58                      12
================================================================================
[2026-04-02T09:38:59.433+0000] {manager.py:997} INFO - 
================================================================================
DAG File Processing Stats

File Path                                       PID  Runtime      # DAGs    # Errors  Last Runtime    Last Run               Last # of DB Queries
--------------------------------------------  -----  ---------  --------  ----------  --------------  -------------------  ----------------------
/opt/airflow/dags/hello_world.py               1750  0.00s             1           0  0.09s           2026-04-02T09:38:29                      12
/opt/airflow/dags/keycloak/setup_keycloak.py                           1           0  0.08s           2026-04-02T09:38:53                      10
================================================================================
[2026-04-02T09:39:29.842+0000] {manager.py:997} INFO - 
================================================================================
DAG File Processing Stats

File Path                                       PID  Runtime      # DAGs    # Errors  Last Runtime    Last Run               Last # of DB Queries
--------------------------------------------  -----  ---------  --------  ----------  --------------  -------------------  ----------------------
/opt/airflow/dags/hello_world.py               1760  0.00s             1           0  0.23s           2026-04-02T09:38:59                      12
/opt/airflow/dags/keycloak/setup_keycloak.py                           1           0  0.22s           2026-04-02T09:39:23                      10
================================================================================
[2026-04-02T09:39:53.088+0000] {manager.py:821} INFO - Searching for files in /opt/airflow/dags
[2026-04-02T09:39:53.091+0000] {manager.py:824} INFO - There are 2 files in /opt/airflow/dags
[2026-04-02T09:40:00.157+0000] {manager.py:997} INFO - 
================================================================================
DAG File Processing Stats

File Path                                       PID  Runtime      # DAGs    # Errors  Last Runtime    Last Run               Last # of DB Queries
--------------------------------------------  -----  ---------  --------  ----------  --------------  -------------------  ----------------------
/opt/airflow/dags/hello_world.py               1770  0.00s             1           0  0.24s           2026-04-02T09:39:30                      12
/opt/airflow/dags/keycloak/setup_keycloak.py                           1           0  0.09s           2026-04-02T09:39:54                      10
================================================================================
[2026-04-02T09:40:30.473+0000] {manager.py:997} INFO - 
================================================================================
DAG File Processing Stats

File Path                                       PID  Runtime      # DAGs    # Errors  Last Runtime    Last Run               Last # of DB Queries
--------------------------------------------  -----  ---------  --------  ----------  --------------  -------------------  ----------------------
/opt/airflow/dags/hello_world.py               1780  0.00s             1           0  0.08s           2026-04-02T09:40:00                      12
/opt/airflow/dags/keycloak/setup_keycloak.py                           1           0  0.08s           2026-04-02T09:40:24                      10
================================================================================
[2026-04-02T09:41:00.746+0000] {manager.py:997} INFO - 
================================================================================
DAG File Processing Stats

File Path                                       PID  Runtime      # DAGs    # Errors  Last Runtime    Last Run               Last # of DB Queries
--------------------------------------------  -----  ---------  --------  ----------  --------------  -------------------  ----------------------
/opt/airflow/dags/keycloak/setup_keycloak.py                           1           0  0.10s           2026-04-02T09:40:54                      10
/opt/airflow/dags/hello_world.py               1790  0.00s             1           0  0.09s           2026-04-02T09:40:30                      12
================================================================================
[2026-04-02T09:41:31.118+0000] {manager.py:997} INFO - 
================================================================================
DAG File Processing Stats

File Path                                       PID  Runtime      # DAGs    # Errors  Last Runtime    Last Run               Last # of DB Queries
--------------------------------------------  -----  ---------  --------  ----------  --------------  -------------------  ----------------------
/opt/airflow/dags/keycloak/setup_keycloak.py                           1           0  0.26s           2026-04-02T09:41:25                      10
/opt/airflow/dags/hello_world.py               1800  0.00s             1           0  0.22s           2026-04-02T09:41:00                      12
================================================================================
[2026-04-02T09:42:01.536+0000] {manager.py:997} INFO - 
================================================================================
DAG File Processing Stats

File Path                                       PID  Runtime      # DAGs    # Errors  Last Runtime    Last Run               Last # of DB Queries
--------------------------------------------  -----  ---------  --------  ----------  --------------  -------------------  ----------------------
/opt/airflow/dags/hello_world.py               1810  0.00s             1           0  0.22s           2026-04-02T09:41:31                      12
/opt/airflow/dags/keycloak/setup_keycloak.py                           1           0  0.08s           2026-04-02T09:41:55                      10
================================================================================
[2026-04-02T09:42:31.782+0000] {manager.py:997} INFO - 
================================================================================
DAG File Processing Stats

File Path                                       PID  Runtime      # DAGs    # Errors  Last Runtime    Last Run               Last # of DB Queries
--------------------------------------------  -----  ---------  --------  ----------  --------------  -------------------  ----------------------
/opt/airflow/dags/keycloak/setup_keycloak.py                           1           0  0.09s           2026-04-02T09:42:25                      10
/opt/airflow/dags/hello_world.py               1820  0.00s             1           0  0.08s           2026-04-02T09:42:01                      12
================================================================================
[2026-04-02T09:43:02.048+0000] {manager.py:997} INFO - 
================================================================================
DAG File Processing Stats

File Path                                       PID  Runtime      # DAGs    # Errors  Last Runtime    Last Run               Last # of DB Queries
--------------------------------------------  -----  ---------  --------  ----------  --------------  -------------------  ----------------------
/opt/airflow/dags/hello_world.py               1830  0.00s             1           0  0.08s           2026-04-02T09:42:31                      12
/opt/airflow/dags/keycloak/setup_keycloak.py                           1           0  0.07s           2026-04-02T09:42:56                      10
================================================================================
[2026-04-02T09:43:32.479+0000] {manager.py:997} INFO - 
================================================================================
DAG File Processing Stats

File Path                                       PID  Runtime      # DAGs    # Errors  Last Runtime    Last Run               Last # of DB Queries
--------------------------------------------  -----  ---------  --------  ----------  --------------  -------------------  ----------------------
/opt/airflow/dags/keycloak/setup_keycloak.py                           1           0  0.22s           2026-04-02T09:43:26                      10
/opt/airflow/dags/hello_world.py               1840  0.00s             1           0  0.22s           2026-04-02T09:43:02                      12
================================================================================
[2026-04-02T09:44:02.735+0000] {manager.py:997} INFO - 
================================================================================
DAG File Processing Stats

File Path                                       PID  Runtime      # DAGs    # Errors  Last Runtime    Last Run               Last # of DB Queries
--------------------------------------------  -----  ---------  --------  ----------  --------------  -------------------  ----------------------
/opt/airflow/dags/hello_world.py               1850  0.00s             1           0  0.22s           2026-04-02T09:43:32                      12
/opt/airflow/dags/keycloak/setup_keycloak.py                           1           0  0.09s           2026-04-02T09:43:56                      10
================================================================================
[2026-04-02T09:44:33.037+0000] {manager.py:997} INFO - 
================================================================================
DAG File Processing Stats

File Path                                       PID  Runtime      # DAGs    # Errors  Last Runtime    Last Run               Last # of DB Queries
--------------------------------------------  -----  ---------  --------  ----------  --------------  -------------------  ----------------------
/opt/airflow/dags/hello_world.py               1860  0.00s             1           0  0.11s           2026-04-02T09:44:02                      12
/opt/airflow/dags/keycloak/setup_keycloak.py                           1           0  0.09s           2026-04-02T09:44:27                      10
================================================================================
[2026-04-02T09:44:53.225+0000] {manager.py:821} INFO - Searching for files in /opt/airflow/dags
[2026-04-02T09:44:53.228+0000] {manager.py:824} INFO - There are 2 files in /opt/airflow/dags
[2026-04-02T09:45:03.307+0000] {manager.py:997} INFO - 
================================================================================
DAG File Processing Stats

File Path                                       PID  Runtime      # DAGs    # Errors  Last Runtime    Last Run               Last # of DB Queries
--------------------------------------------  -----  ---------  --------  ----------  --------------  -------------------  ----------------------
/opt/airflow/dags/keycloak/setup_keycloak.py                           1           0  0.09s           2026-04-02T09:44:57                      10
/opt/airflow/dags/hello_world.py               1870  0.00s             1           0  0.08s           2026-04-02T09:44:33                      12
================================================================================
[2026-04-02T09:45:33.718+0000] {manager.py:997} INFO - 
================================================================================
DAG File Processing Stats

File Path                                       PID  Runtime      # DAGs    # Errors  Last Runtime    Last Run               Last # of DB Queries
--------------------------------------------  -----  ---------  --------  ----------  --------------  -------------------  ----------------------
/opt/airflow/dags/keycloak/setup_keycloak.py                           1           0  0.23s           2026-04-02T09:45:27                      10
/opt/airflow/dags/hello_world.py               1880  0.00s             1           0  0.21s           2026-04-02T09:45:03                      12
================================================================================
[2026-04-02T09:46:04.086+0000] {manager.py:997} INFO - 
================================================================================
DAG File Processing Stats

File Path                                       PID  Runtime      # DAGs    # Errors  Last Runtime    Last Run               Last # of DB Queries
--------------------------------------------  -----  ---------  --------  ----------  --------------  -------------------  ----------------------
/opt/airflow/dags/hello_world.py               1890  0.00s             1           0  0.22s           2026-04-02T09:45:33                      12
/opt/airflow/dags/keycloak/setup_keycloak.py                           1           0  0.08s           2026-04-02T09:45:58                      10
================================================================================
[2026-04-02T09:46:34.311+0000] {manager.py:997} INFO - 
================================================================================
DAG File Processing Stats

File Path                                       PID  Runtime      # DAGs    # Errors  Last Runtime    Last Run               Last # of DB Queries
--------------------------------------------  -----  ---------  --------  ----------  --------------  -------------------  ----------------------
/opt/airflow/dags/keycloak/setup_keycloak.py                           1           0  0.09s           2026-04-02T09:46:28                      10
/opt/airflow/dags/hello_world.py               1900  0.00s             1           0  0.08s           2026-04-02T09:46:04                      12
================================================================================
[2026-04-02T09:47:04.585+0000] {manager.py:997} INFO - 
================================================================================
DAG File Processing Stats

File Path                                       PID  Runtime      # DAGs    # Errors  Last Runtime    Last Run               Last # of DB Queries
--------------------------------------------  -----  ---------  --------  ----------  --------------  -------------------  ----------------------
/opt/airflow/dags/keycloak/setup_keycloak.py                           1           0  0.10s           2026-04-02T09:46:58                      10
/opt/airflow/dags/hello_world.py               1910  0.00s             1           0  0.08s           2026-04-02T09:46:34                      12
================================================================================
[2026-04-02T09:47:34.994+0000] {manager.py:997} INFO - 
================================================================================
DAG File Processing Stats

File Path                                       PID  Runtime      # DAGs    # Errors  Last Runtime    Last Run               Last # of DB Queries
--------------------------------------------  -----  ---------  --------  ----------  --------------  -------------------  ----------------------
/opt/airflow/dags/hello_world.py               1920  0.00s             1           0  0.22s           2026-04-02T09:47:04                      12
/opt/airflow/dags/keycloak/setup_keycloak.py                           1           0  0.22s           2026-04-02T09:47:29                      10
================================================================================
[2026-04-02T09:48:05.343+0000] {manager.py:997} INFO - 
================================================================================
DAG File Processing Stats

File Path                                       PID  Runtime      # DAGs    # Errors  Last Runtime    Last Run               Last # of DB Queries
--------------------------------------------  -----  ---------  --------  ----------  --------------  -------------------  ----------------------
/opt/airflow/dags/hello_world.py               1930  0.00s             1           0  0.26s           2026-04-02T09:47:35                      12
/opt/airflow/dags/keycloak/setup_keycloak.py                           1           0  0.10s           2026-04-02T09:47:59                      10
================================================================================
[2026-04-02T09:48:35.664+0000] {manager.py:997} INFO - 
================================================================================
DAG File Processing Stats

File Path                                       PID  Runtime      # DAGs    # Errors  Last Runtime    Last Run               Last # of DB Queries
--------------------------------------------  -----  ---------  --------  ----------  --------------  -------------------  ----------------------
/opt/airflow/dags/hello_world.py               1940  0.00s             1           0  0.10s           2026-04-02T09:48:05                      12
/opt/airflow/dags/keycloak/setup_keycloak.py                           1           0  0.08s           2026-04-02T09:48:29                      10
================================================================================
[2026-04-02T09:49:05.960+0000] {manager.py:997} INFO - 
================================================================================
DAG File Processing Stats

File Path                                       PID  Runtime      # DAGs    # Errors  Last Runtime    Last Run               Last # of DB Queries
--------------------------------------------  -----  ---------  --------  ----------  --------------  -------------------  ----------------------
/opt/airflow/dags/keycloak/setup_keycloak.py                           1           0  0.10s           2026-04-02T09:49:00                      10
/opt/airflow/dags/hello_world.py               1950  0.00s             1           0  0.08s           2026-04-02T09:48:35                      12
================================================================================
[2026-04-02T09:49:36.356+0000] {manager.py:997} INFO - 
================================================================================
DAG File Processing Stats

File Path                                       PID  Runtime      # DAGs    # Errors  Last Runtime    Last Run               Last # of DB Queries
--------------------------------------------  -----  ---------  --------  ----------  --------------  -------------------  ----------------------
/opt/airflow/dags/keycloak/setup_keycloak.py                           1           0  0.23s           2026-04-02T09:49:30                      10
/opt/airflow/dags/hello_world.py               1960  0.00s             1           0  0.22s           2026-04-02T09:49:06                      12
================================================================================
[2026-04-02T09:49:53.582+0000] {manager.py:821} INFO - Searching for files in /opt/airflow/dags
[2026-04-02T09:49:53.585+0000] {manager.py:824} INFO - There are 2 files in /opt/airflow/dags
[2026-04-02T09:50:06.749+0000] {manager.py:997} INFO - 
================================================================================
DAG File Processing Stats

File Path                                       PID  Runtime      # DAGs    # Errors  Last Runtime    Last Run               Last # of DB Queries
--------------------------------------------  -----  ---------  --------  ----------  --------------  -------------------  ----------------------
/opt/airflow/dags/hello_world.py               1970  0.00s             1           0  0.23s           2026-04-02T09:49:36                      12
/opt/airflow/dags/keycloak/setup_keycloak.py                           1           0  0.09s           2026-04-02T09:50:00                      10
================================================================================
[2026-04-02T09:50:36.997+0000] {manager.py:997} INFO - 
================================================================================
DAG File Processing Stats

File Path                                       PID  Runtime      # DAGs    # Errors  Last Runtime    Last Run               Last # of DB Queries
--------------------------------------------  -----  ---------  --------  ----------  --------------  -------------------  ----------------------
/opt/airflow/dags/keycloak/setup_keycloak.py                           1           0  0.09s           2026-04-02T09:50:31                      10
/opt/airflow/dags/hello_world.py               1980  0.00s             1           0  0.08s           2026-04-02T09:50:06                      12
================================================================================
[2026-04-02T09:51:07.274+0000] {manager.py:997} INFO - 
================================================================================
DAG File Processing Stats

File Path                                       PID  Runtime      # DAGs    # Errors  Last Runtime    Last Run               Last # of DB Queries
--------------------------------------------  -----  ---------  --------  ----------  --------------  -------------------  ----------------------
/opt/airflow/dags/hello_world.py               1990  0.00s             1           0  0.09s           2026-04-02T09:50:37                      12
/opt/airflow/dags/keycloak/setup_keycloak.py                           1           0  0.09s           2026-04-02T09:51:01                      10
================================================================================
[2026-04-02T09:51:37.676+0000] {manager.py:997} INFO - 
================================================================================
DAG File Processing Stats

File Path                                       PID  Runtime      # DAGs    # Errors  Last Runtime    Last Run               Last # of DB Queries
--------------------------------------------  -----  ---------  --------  ----------  --------------  -------------------  ----------------------
/opt/airflow/dags/hello_world.py               2000  0.00s             1           0  0.23s           2026-04-02T09:51:07                      12
/opt/airflow/dags/keycloak/setup_keycloak.py                           1           0  0.23s           2026-04-02T09:51:31                      10
================================================================================
[2026-04-02T09:52:07.968+0000] {manager.py:997} INFO - 
================================================================================
DAG File Processing Stats

File Path                                       PID  Runtime      # DAGs    # Errors  Last Runtime    Last Run               Last # of DB Queries
--------------------------------------------  -----  ---------  --------  ----------  --------------  -------------------  ----------------------
/opt/airflow/dags/hello_world.py               2010  0.00s             1           0  0.23s           2026-04-02T09:51:37                      12
/opt/airflow/dags/keycloak/setup_keycloak.py                           1           0  0.10s           2026-04-02T09:52:02                      10
================================================================================
[2026-04-02T09:52:38.226+0000] {manager.py:997} INFO - 
================================================================================
DAG File Processing Stats

File Path                                       PID  Runtime      # DAGs    # Errors  Last Runtime    Last Run               Last # of DB Queries
--------------------------------------------  -----  ---------  --------  ----------  --------------  -------------------  ----------------------
/opt/airflow/dags/keycloak/setup_keycloak.py                           1           0  0.09s           2026-04-02T09:52:32                      10
/opt/airflow/dags/hello_world.py               2020  0.00s             1           0  0.08s           2026-04-02T09:52:08                      12
================================================================================
[2026-04-02T09:53:08.518+0000] {manager.py:997} INFO - 
================================================================================
DAG File Processing Stats

File Path                                       PID  Runtime      # DAGs    # Errors  Last Runtime    Last Run               Last # of DB Queries
--------------------------------------------  -----  ---------  --------  ----------  --------------  -------------------  ----------------------
/opt/airflow/dags/hello_world.py               2030  0.00s             1           0  0.08s           2026-04-02T09:52:38                      12
/opt/airflow/dags/keycloak/setup_keycloak.py                           1           0  0.08s           2026-04-02T09:53:02                      10
================================================================================
[2026-04-02T09:53:38.951+0000] {manager.py:997} INFO - 
================================================================================
DAG File Processing Stats

File Path                                       PID  Runtime      # DAGs    # Errors  Last Runtime    Last Run               Last # of DB Queries
--------------------------------------------  -----  ---------  --------  ----------  --------------  -------------------  ----------------------
/opt/airflow/dags/keycloak/setup_keycloak.py                           1           0  0.22s           2026-04-02T09:53:32                      10
/opt/airflow/dags/hello_world.py               2040  0.00s             1           0  0.22s           2026-04-02T09:53:08                      12
================================================================================
[2026-04-02T09:54:09.160+0000] {manager.py:997} INFO - 
================================================================================
DAG File Processing Stats

File Path                                     PID    Runtime      # DAGs    # Errors  Last Runtime    Last Run               Last # of DB Queries
--------------------------------------------  -----  ---------  --------  ----------  --------------  -------------------  ----------------------
/opt/airflow/dags/hello_world.py                                       1           0  0.23s           2026-04-02T09:53:39                      12
/opt/airflow/dags/keycloak/setup_keycloak.py                           1           0  0.09s           2026-04-02T09:54:03                      10
================================================================================
[2026-04-02T09:54:39.451+0000] {manager.py:997} INFO - 
================================================================================
DAG File Processing Stats

File Path                                       PID  Runtime      # DAGs    # Errors  Last Runtime    Last Run               Last # of DB Queries
--------------------------------------------  -----  ---------  --------  ----------  --------------  -------------------  ----------------------
/opt/airflow/dags/keycloak/setup_keycloak.py                           1           0  0.11s           2026-04-02T09:54:33                      10
/opt/airflow/dags/hello_world.py               2061  0.00s             1           0  0.10s           2026-04-02T09:54:09                      12
================================================================================
[2026-04-02T09:54:53.623+0000] {manager.py:821} INFO - Searching for files in /opt/airflow/dags
[2026-04-02T09:54:53.642+0000] {manager.py:824} INFO - There are 2 files in /opt/airflow/dags
[2026-04-02T09:55:09.737+0000] {manager.py:997} INFO - 
================================================================================
DAG File Processing Stats

File Path                                       PID  Runtime      # DAGs    # Errors  Last Runtime    Last Run               Last # of DB Queries
--------------------------------------------  -----  ---------  --------  ----------  --------------  -------------------  ----------------------
/opt/airflow/dags/hello_world.py               2071  0.00s             1           0  0.09s           2026-04-02T09:54:39                      12
/opt/airflow/dags/keycloak/setup_keycloak.py                           1           0  0.08s           2026-04-02T09:55:03                      10
================================================================================
[2026-04-02T09:55:40.130+0000] {manager.py:997} INFO - 
================================================================================
DAG File Processing Stats

File Path                                       PID  Runtime      # DAGs    # Errors  Last Runtime    Last Run               Last # of DB Queries
--------------------------------------------  -----  ---------  --------  ----------  --------------  -------------------  ----------------------
/opt/airflow/dags/keycloak/setup_keycloak.py                           1           0  0.22s           2026-04-02T09:55:34                      10
/opt/airflow/dags/hello_world.py               2081  0.00s             1           0  0.22s           2026-04-02T09:55:09                      12
================================================================================
[2026-04-02T09:56:10.560+0000] {manager.py:997} INFO - 
================================================================================
DAG File Processing Stats

File Path                                       PID  Runtime      # DAGs    # Errors  Last Runtime    Last Run               Last # of DB Queries
--------------------------------------------  -----  ---------  --------  ----------  --------------  -------------------  ----------------------
/opt/airflow/dags/hello_world.py               2091  0.00s             1           0  0.22s           2026-04-02T09:55:40                      12
/opt/airflow/dags/keycloak/setup_keycloak.py                           1           0  0.21s           2026-04-02T09:56:04                      10
================================================================================
[2026-04-02T09:56:40.825+0000] {manager.py:997} INFO - 
================================================================================
DAG File Processing Stats

File Path                                       PID  Runtime      # DAGs    # Errors  Last Runtime    Last Run               Last # of DB Queries
--------------------------------------------  -----  ---------  --------  ----------  --------------  -------------------  ----------------------
/opt/airflow/dags/keycloak/setup_keycloak.py                           1           0  0.09s           2026-04-02T09:56:34                      10
/opt/airflow/dags/hello_world.py               2101  0.00s             1           0  0.08s           2026-04-02T09:56:10                      12
================================================================================
[2026-04-02T09:57:11.081+0000] {manager.py:997} INFO - 
================================================================================
DAG File Processing Stats

File Path                                       PID  Runtime      # DAGs    # Errors  Last Runtime    Last Run               Last # of DB Queries
--------------------------------------------  -----  ---------  --------  ----------  --------------  -------------------  ----------------------
/opt/airflow/dags/keycloak/setup_keycloak.py                           1           0  0.09s           2026-04-02T09:57:05                      10
/opt/airflow/dags/hello_world.py               2111  0.00s             1           0  0.09s           2026-04-02T09:56:40                      12
================================================================================
[2026-04-02T09:57:41.488+0000] {manager.py:997} INFO - 
================================================================================
DAG File Processing Stats

File Path                                       PID  Runtime      # DAGs    # Errors  Last Runtime    Last Run               Last # of DB Queries
--------------------------------------------  -----  ---------  --------  ----------  --------------  -------------------  ----------------------
/opt/airflow/dags/keycloak/setup_keycloak.py                           1           0  0.23s           2026-04-02T09:57:35                      10
/opt/airflow/dags/hello_world.py               2121  0.00s             1           0  0.22s           2026-04-02T09:57:11                      12
================================================================================
[2026-04-02T09:58:11.906+0000] {manager.py:997} INFO - 
================================================================================
DAG File Processing Stats

File Path                                       PID  Runtime      # DAGs    # Errors  Last Runtime    Last Run               Last # of DB Queries
--------------------------------------------  -----  ---------  --------  ----------  --------------  -------------------  ----------------------
/opt/airflow/dags/hello_world.py               2131  0.00s             1           0  0.24s           2026-04-02T09:57:41                      12
/opt/airflow/dags/keycloak/setup_keycloak.py                           1           0  0.23s           2026-04-02T09:58:05                      10
================================================================================
[2026-04-02T09:58:42.201+0000] {manager.py:997} INFO - 
================================================================================
DAG File Processing Stats

File Path                                       PID  Runtime      # DAGs    # Errors  Last Runtime    Last Run               Last # of DB Queries
--------------------------------------------  -----  ---------  --------  ----------  --------------  -------------------  ----------------------
/opt/airflow/dags/keycloak/setup_keycloak.py                           1           0  0.12s           2026-04-02T09:58:36                      10
/opt/airflow/dags/hello_world.py               2141  0.00s             1           0  0.10s           2026-04-02T09:58:12                      12
================================================================================
[2026-04-02T09:59:12.500+0000] {manager.py:997} INFO - 
================================================================================
DAG File Processing Stats

File Path                                       PID  Runtime      # DAGs    # Errors  Last Runtime    Last Run               Last # of DB Queries
--------------------------------------------  -----  ---------  --------  ----------  --------------  -------------------  ----------------------
/opt/airflow/dags/hello_world.py               2151  0.00s             1           0  0.09s           2026-04-02T09:58:42                      12
/opt/airflow/dags/keycloak/setup_keycloak.py                           1           0  0.08s           2026-04-02T09:59:06                      10
================================================================================
[2026-04-02T09:59:42.912+0000] {manager.py:997} INFO - 
================================================================================
DAG File Processing Stats

File Path                                       PID  Runtime      # DAGs    # Errors  Last Runtime    Last Run               Last # of DB Queries
--------------------------------------------  -----  ---------  --------  ----------  --------------  -------------------  ----------------------
/opt/airflow/dags/keycloak/setup_keycloak.py                           1           0  0.24s           2026-04-02T09:59:36                      10
/opt/airflow/dags/hello_world.py               2161  0.00s             1           0  0.23s           2026-04-02T09:59:12                      12
================================================================================
[2026-04-02T09:59:54.079+0000] {manager.py:821} INFO - Searching for files in /opt/airflow/dags
[2026-04-02T09:59:54.099+0000] {manager.py:824} INFO - There are 2 files in /opt/airflow/dags
[2026-04-02T10:00:13.294+0000] {manager.py:997} INFO - 
================================================================================
DAG File Processing Stats

File Path                                       PID  Runtime      # DAGs    # Errors  Last Runtime    Last Run               Last # of DB Queries
--------------------------------------------  -----  ---------  --------  ----------  --------------  -------------------  ----------------------
/opt/airflow/dags/keycloak/setup_keycloak.py                           1           0  0.22s           2026-04-02T10:00:07                      10
/opt/airflow/dags/hello_world.py               2171  0.00s             1           0  0.22s           2026-04-02T09:59:43                      12
================================================================================
[2026-04-02T10:00:43.685+0000] {manager.py:997} INFO - 
================================================================================
DAG File Processing Stats

File Path                                       PID  Runtime      # DAGs    # Errors  Last Runtime    Last Run               Last # of DB Queries
--------------------------------------------  -----  ---------  --------  ----------  --------------  -------------------  ----------------------
/opt/airflow/dags/hello_world.py               2181  0.00s             1           0  0.22s           2026-04-02T10:00:13                      12
/opt/airflow/dags/keycloak/setup_keycloak.py                           1           0  0.10s           2026-04-02T10:00:37                      10
================================================================================
[2026-04-02T10:01:13.949+0000] {manager.py:997} INFO - 
================================================================================
DAG File Processing Stats

File Path                                       PID  Runtime      # DAGs    # Errors  Last Runtime    Last Run               Last # of DB Queries
--------------------------------------------  -----  ---------  --------  ----------  --------------  -------------------  ----------------------
/opt/airflow/dags/hello_world.py               2191  0.00s             1           0  0.09s           2026-04-02T10:00:43                      12
/opt/airflow/dags/keycloak/setup_keycloak.py                           1           0  0.08s           2026-04-02T10:01:07                      10
================================================================================
[2026-04-02T10:01:44.354+0000] {manager.py:997} INFO - 
================================================================================
DAG File Processing Stats

File Path                                       PID  Runtime      # DAGs    # Errors  Last Runtime    Last Run               Last # of DB Queries
--------------------------------------------  -----  ---------  --------  ----------  --------------  -------------------  ----------------------
/opt/airflow/dags/keycloak/setup_keycloak.py                           1           0  0.23s           2026-04-02T10:01:38                      10
/opt/airflow/dags/hello_world.py               2201  0.00s             1           0  0.22s           2026-04-02T10:01:14                      12
================================================================================
[2026-04-02T10:02:14.729+0000] {manager.py:997} INFO - 
================================================================================
DAG File Processing Stats

File Path                                       PID  Runtime      # DAGs    # Errors  Last Runtime    Last Run               Last # of DB Queries
--------------------------------------------  -----  ---------  --------  ----------  --------------  -------------------  ----------------------
/opt/airflow/dags/keycloak/setup_keycloak.py                           1           0  0.24s           2026-04-02T10:02:08                      10
/opt/airflow/dags/hello_world.py               2211  0.00s             1           0  0.21s           2026-04-02T10:01:44                      12
================================================================================
[2026-04-02T10:02:45.162+0000] {manager.py:997} INFO - 
================================================================================
DAG File Processing Stats

File Path                                       PID  Runtime      # DAGs    # Errors  Last Runtime    Last Run               Last # of DB Queries
--------------------------------------------  -----  ---------  --------  ----------  --------------  -------------------  ----------------------
/opt/airflow/dags/hello_world.py               2221  0.00s             1           0  0.24s           2026-04-02T10:02:14                      12
/opt/airflow/dags/keycloak/setup_keycloak.py                           1           0  0.10s           2026-04-02T10:02:39                      10
================================================================================
[2026-04-02T10:03:15.452+0000] {manager.py:997} INFO - 
================================================================================
DAG File Processing Stats

File Path                                       PID  Runtime      # DAGs    # Errors  Last Runtime    Last Run               Last # of DB Queries
--------------------------------------------  -----  ---------  --------  ----------  --------------  -------------------  ----------------------
/opt/airflow/dags/hello_world.py               2231  0.00s             1           0  0.12s           2026-04-02T10:02:45                      12
/opt/airflow/dags/keycloak/setup_keycloak.py                           1           0  0.10s           2026-04-02T10:03:09                      10
================================================================================
[2026-04-02T10:03:45.832+0000] {manager.py:997} INFO - 
================================================================================
DAG File Processing Stats

File Path                                       PID  Runtime      # DAGs    # Errors  Last Runtime    Last Run               Last # of DB Queries
--------------------------------------------  -----  ---------  --------  ----------  --------------  -------------------  ----------------------
/opt/airflow/dags/keycloak/setup_keycloak.py                           1           0  0.23s           2026-04-02T10:03:39                      10
/opt/airflow/dags/hello_world.py               2241  0.00s             1           0  0.22s           2026-04-02T10:03:15                      12
================================================================================
[2026-04-02T10:04:16.213+0000] {manager.py:997} INFO - 
================================================================================
DAG File Processing Stats

File Path                                       PID  Runtime      # DAGs    # Errors  Last Runtime    Last Run               Last # of DB Queries
--------------------------------------------  -----  ---------  --------  ----------  --------------  -------------------  ----------------------
/opt/airflow/dags/hello_world.py               2251  0.00s             1           0  0.22s           2026-04-02T10:03:46                      12
/opt/airflow/dags/keycloak/setup_keycloak.py                           1           0  0.21s           2026-04-02T10:04:10                      10
================================================================================
[2026-04-02T10:04:46.541+0000] {manager.py:997} INFO - 
================================================================================
DAG File Processing Stats

File Path                                       PID  Runtime      # DAGs    # Errors  Last Runtime    Last Run               Last # of DB Queries
--------------------------------------------  -----  ---------  --------  ----------  --------------  -------------------  ----------------------
/opt/airflow/dags/hello_world.py               2261  0.00s             1           0  0.22s           2026-04-02T10:04:16                      12
/opt/airflow/dags/keycloak/setup_keycloak.py                           1           0  0.09s           2026-04-02T10:04:40                      10
================================================================================
[2026-04-02T10:04:54.659+0000] {manager.py:821} INFO - Searching for files in /opt/airflow/dags
[2026-04-02T10:04:54.681+0000] {manager.py:824} INFO - There are 2 files in /opt/airflow/dags
[2026-04-02T10:05:16.849+0000] {manager.py:997} INFO - 
================================================================================
DAG File Processing Stats

File Path                                       PID  Runtime      # DAGs    # Errors  Last Runtime    Last Run               Last # of DB Queries
--------------------------------------------  -----  ---------  --------  ----------  --------------  -------------------  ----------------------
/opt/airflow/dags/keycloak/setup_keycloak.py                           1           0  0.09s           2026-04-02T10:05:10                      10
/opt/airflow/dags/hello_world.py               2271  0.00s             1           0  0.08s           2026-04-02T10:04:46                      12
================================================================================
[2026-04-02T10:05:47.277+0000] {manager.py:997} INFO - 
================================================================================
DAG File Processing Stats

File Path                                       PID  Runtime      # DAGs    # Errors  Last Runtime    Last Run               Last # of DB Queries
--------------------------------------------  -----  ---------  --------  ----------  --------------  -------------------  ----------------------
/opt/airflow/dags/keycloak/setup_keycloak.py                           1           0  0.23s           2026-04-02T10:05:41                      10
/opt/airflow/dags/hello_world.py               2281  0.00s             1           0  0.22s           2026-04-02T10:05:17                      12
================================================================================
[2026-04-02T10:06:17.700+0000] {manager.py:997} INFO - 
================================================================================
DAG File Processing Stats

File Path                                       PID  Runtime      # DAGs    # Errors  Last Runtime    Last Run               Last # of DB Queries
--------------------------------------------  -----  ---------  --------  ----------  --------------  -------------------  ----------------------
/opt/airflow/dags/hello_world.py               2291  0.00s             1           0  0.24s           2026-04-02T10:05:47                      12
/opt/airflow/dags/keycloak/setup_keycloak.py                           1           0  0.23s           2026-04-02T10:06:11                      10
================================================================================
[2026-04-02T10:06:48.146+0000] {manager.py:997} INFO - 
================================================================================
DAG File Processing Stats

File Path                                       PID  Runtime      # DAGs    # Errors  Last Runtime    Last Run               Last # of DB Queries
--------------------------------------------  -----  ---------  --------  ----------  --------------  -------------------  ----------------------
/opt/airflow/dags/hello_world.py               2301  0.00s             1           0  0.23s           2026-04-02T10:06:17                      12
/opt/airflow/dags/keycloak/setup_keycloak.py                           1           0  0.09s           2026-04-02T10:06:42                      10
================================================================================
[2026-04-02T10:07:18.409+0000] {manager.py:997} INFO - 
================================================================================
DAG File Processing Stats

File Path                                       PID  Runtime      # DAGs    # Errors  Last Runtime    Last Run               Last # of DB Queries
--------------------------------------------  -----  ---------  --------  ----------  --------------  -------------------  ----------------------
/opt/airflow/dags/hello_world.py               2311  0.00s             1           0  0.10s           2026-04-02T10:06:48                      12
/opt/airflow/dags/keycloak/setup_keycloak.py                           1           0  0.08s           2026-04-02T10:07:12                      10
================================================================================
[2026-04-02T10:07:48.665+0000] {manager.py:997} INFO - 
================================================================================
DAG File Processing Stats

File Path                                       PID  Runtime      # DAGs    # Errors  Last Runtime    Last Run               Last # of DB Queries
--------------------------------------------  -----  ---------  --------  ----------  --------------  -------------------  ----------------------
/opt/airflow/dags/keycloak/setup_keycloak.py                           1           0  0.32s           2026-04-02T10:07:42                      10
/opt/airflow/dags/hello_world.py               2321  0.00s             1           0  0.09s           2026-04-02T10:07:18                      12
================================================================================
[2026-04-02T10:08:18.900+0000] {manager.py:997} INFO - 
================================================================================
DAG File Processing Stats

File Path                                       PID  Runtime      # DAGs    # Errors  Last Runtime    Last Run               Last # of DB Queries
--------------------------------------------  -----  ---------  --------  ----------  --------------  -------------------  ----------------------
/opt/airflow/dags/hello_world.py               2331  0.00s             1           0  0.09s           2026-04-02T10:07:48                      12
/opt/airflow/dags/keycloak/setup_keycloak.py                           1           0  0.09s           2026-04-02T10:08:13                      10
================================================================================
[2026-04-02T10:08:49.167+0000] {manager.py:997} INFO - 
================================================================================
DAG File Processing Stats

File Path                                       PID  Runtime      # DAGs    # Errors  Last Runtime    Last Run               Last # of DB Queries
--------------------------------------------  -----  ---------  --------  ----------  --------------  -------------------  ----------------------
/opt/airflow/dags/keycloak/setup_keycloak.py                           1           0  0.09s           2026-04-02T10:08:44                      10
/opt/airflow/dags/hello_world.py               2341  0.00s             1           0  0.09s           2026-04-02T10:08:18                      12
================================================================================
[2026-04-02T10:09:19.421+0000] {manager.py:997} INFO - 
================================================================================
DAG File Processing Stats

File Path                                       PID  Runtime      # DAGs    # Errors  Last Runtime    Last Run               Last # of DB Queries
--------------------------------------------  -----  ---------  --------  ----------  --------------  -------------------  ----------------------
/opt/airflow/dags/hello_world.py               2351  0.00s             1           0  0.09s           2026-04-02T10:08:49                      12
/opt/airflow/dags/keycloak/setup_keycloak.py                           1           0  0.08s           2026-04-02T10:09:14                      10
================================================================================
[2026-04-02T10:09:49.692+0000] {manager.py:997} INFO - 
================================================================================
DAG File Processing Stats

File Path                                       PID  Runtime      # DAGs    # Errors  Last Runtime    Last Run               Last # of DB Queries
--------------------------------------------  -----  ---------  --------  ----------  --------------  -------------------  ----------------------
/opt/airflow/dags/keycloak/setup_keycloak.py                           1           0  0.10s           2026-04-02T10:09:44                      10
/opt/airflow/dags/hello_world.py               2361  0.00s             1           0  0.08s           2026-04-02T10:09:19                      12
================================================================================
[2026-04-02T10:09:54.797+0000] {manager.py:821} INFO - Searching for files in /opt/airflow/dags
[2026-04-02T10:09:54.801+0000] {manager.py:824} INFO - There are 2 files in /opt/airflow/dags
[2026-04-02T10:10:19.963+0000] {manager.py:997} INFO - 
================================================================================
DAG File Processing Stats

File Path                                       PID  Runtime      # DAGs    # Errors  Last Runtime    Last Run               Last # of DB Queries
--------------------------------------------  -----  ---------  --------  ----------  --------------  -------------------  ----------------------
/opt/airflow/dags/hello_world.py               2371  0.00s             1           0  0.09s           2026-04-02T10:09:49                      12
/opt/airflow/dags/keycloak/setup_keycloak.py                           1           0  0.08s           2026-04-02T10:10:15                      10
================================================================================
[2026-04-02T10:10:50.240+0000] {manager.py:997} INFO - 
================================================================================
DAG File Processing Stats

File Path                                       PID  Runtime      # DAGs    # Errors  Last Runtime    Last Run               Last # of DB Queries
--------------------------------------------  -----  ---------  --------  ----------  --------------  -------------------  ----------------------
/opt/airflow/dags/hello_world.py               2381  0.00s             1           0  0.09s           2026-04-02T10:10:20                      12
/opt/airflow/dags/keycloak/setup_keycloak.py                           1           0  0.08s           2026-04-02T10:10:45                      10
================================================================================
[2026-04-02T10:11:20.537+0000] {manager.py:997} INFO - 
================================================================================
DAG File Processing Stats

File Path                                       PID  Runtime      # DAGs    # Errors  Last Runtime    Last Run               Last # of DB Queries
--------------------------------------------  -----  ---------  --------  ----------  --------------  -------------------  ----------------------
/opt/airflow/dags/keycloak/setup_keycloak.py                           1           0  0.10s           2026-04-02T10:11:15                      10
/opt/airflow/dags/hello_world.py               2391  0.00s             1           0  0.09s           2026-04-02T10:10:50                      12
================================================================================
[2026-04-02T10:11:50.844+0000] {manager.py:997} INFO - 
================================================================================
DAG File Processing Stats

File Path                                       PID  Runtime      # DAGs    # Errors  Last Runtime    Last Run               Last # of DB Queries
--------------------------------------------  -----  ---------  --------  ----------  --------------  -------------------  ----------------------
/opt/airflow/dags/hello_world.py               2401  0.00s             1           0  0.12s           2026-04-02T10:11:20                      12
/opt/airflow/dags/keycloak/setup_keycloak.py                           1           0  0.08s           2026-04-02T10:11:45                      10
================================================================================
[2026-04-02T10:12:21.115+0000] {manager.py:997} INFO - 
================================================================================
DAG File Processing Stats

File Path                                       PID  Runtime      # DAGs    # Errors  Last Runtime    Last Run               Last # of DB Queries
--------------------------------------------  -----  ---------  --------  ----------  --------------  -------------------  ----------------------
/opt/airflow/dags/hello_world.py               2411  0.00s             1           0  0.08s           2026-04-02T10:11:50                      12
/opt/airflow/dags/keycloak/setup_keycloak.py                           1           0  0.08s           2026-04-02T10:12:16                      10
================================================================================
[2026-04-02T10:12:51.410+0000] {manager.py:997} INFO - 
================================================================================
DAG File Processing Stats

File Path                                       PID  Runtime      # DAGs    # Errors  Last Runtime    Last Run               Last # of DB Queries
--------------------------------------------  -----  ---------  --------  ----------  --------------  -------------------  ----------------------
/opt/airflow/dags/hello_world.py               2421  0.00s             1           0  0.10s           2026-04-02T10:12:21                      12
/opt/airflow/dags/keycloak/setup_keycloak.py                           1           0  0.08s           2026-04-02T10:12:46                      10
================================================================================
[2026-04-02T10:13:21.696+0000] {manager.py:997} INFO - 
================================================================================
DAG File Processing Stats

File Path                                       PID  Runtime      # DAGs    # Errors  Last Runtime    Last Run               Last # of DB Queries
--------------------------------------------  -----  ---------  --------  ----------  --------------  -------------------  ----------------------
/opt/airflow/dags/keycloak/setup_keycloak.py                           1           0  0.10s           2026-04-02T10:13:16                      10
/opt/airflow/dags/hello_world.py               2431  0.00s             1           0  0.09s           2026-04-02T10:12:51                      12
================================================================================
[2026-04-02T10:13:51.987+0000] {manager.py:997} INFO - 
================================================================================
DAG File Processing Stats

File Path                                       PID  Runtime      # DAGs    # Errors  Last Runtime    Last Run               Last # of DB Queries
--------------------------------------------  -----  ---------  --------  ----------  --------------  -------------------  ----------------------
/opt/airflow/dags/hello_world.py               2441  0.00s             1           0  0.09s           2026-04-02T10:13:21                      12
/opt/airflow/dags/keycloak/setup_keycloak.py                           1           0  0.08s           2026-04-02T10:13:47                      10
================================================================================
[2026-04-02T10:14:22.274+0000] {manager.py:997} INFO - 
================================================================================
DAG File Processing Stats

File Path                                       PID  Runtime      # DAGs    # Errors  Last Runtime    Last Run               Last # of DB Queries
--------------------------------------------  -----  ---------  --------  ----------  --------------  -------------------  ----------------------
/opt/airflow/dags/keycloak/setup_keycloak.py                           1           0  0.10s           2026-04-02T10:14:17                      10
/opt/airflow/dags/hello_world.py               2451  0.01s             1           0  0.09s           2026-04-02T10:13:52                      12
================================================================================
[2026-04-02T10:14:52.619+0000] {manager.py:997} INFO - 
================================================================================
DAG File Processing Stats

File Path                                       PID  Runtime      # DAGs    # Errors  Last Runtime    Last Run               Last # of DB Queries
--------------------------------------------  -----  ---------  --------  ----------  --------------  -------------------  ----------------------
/opt/airflow/dags/hello_world.py               2461  0.00s             1           0  0.11s           2026-04-02T10:14:22                      12
/opt/airflow/dags/keycloak/setup_keycloak.py                           1           0  0.09s           2026-04-02T10:14:47                      10
================================================================================
[2026-04-02T10:14:55.716+0000] {manager.py:821} INFO - Searching for files in /opt/airflow/dags
[2026-04-02T10:14:55.720+0000] {manager.py:824} INFO - There are 2 files in /opt/airflow/dags
[2026-04-02T10:15:22.925+0000] {manager.py:997} INFO - 
================================================================================
DAG File Processing Stats

File Path                                       PID  Runtime      # DAGs    # Errors  Last Runtime    Last Run               Last # of DB Queries
--------------------------------------------  -----  ---------  --------  ----------  --------------  -------------------  ----------------------
/opt/airflow/dags/hello_world.py               2471  0.00s             1           0  0.11s           2026-04-02T10:14:52                      12
/opt/airflow/dags/keycloak/setup_keycloak.py                           1           0  0.08s           2026-04-02T10:15:17                      10
================================================================================
[2026-04-02T10:15:53.208+0000] {manager.py:997} INFO - 
================================================================================
DAG File Processing Stats

File Path                                       PID  Runtime      # DAGs    # Errors  Last Runtime    Last Run               Last # of DB Queries
--------------------------------------------  -----  ---------  --------  ----------  --------------  -------------------  ----------------------
/opt/airflow/dags/keycloak/setup_keycloak.py                           1           0  0.09s           2026-04-02T10:15:48                      10
/opt/airflow/dags/hello_world.py               2481  0.00s             1           0  0.09s           2026-04-02T10:15:23                      12
================================================================================
[2026-04-02T10:16:23.503+0000] {manager.py:997} INFO - 
================================================================================
DAG File Processing Stats

File Path                                       PID  Runtime      # DAGs    # Errors  Last Runtime    Last Run               Last # of DB Queries
--------------------------------------------  -----  ---------  --------  ----------  --------------  -------------------  ----------------------
/opt/airflow/dags/hello_world.py               2491  0.00s             1           0  0.08s           2026-04-02T10:15:53                      12
/opt/airflow/dags/keycloak/setup_keycloak.py                           1           0  0.08s           2026-04-02T10:16:18                      10
================================================================================
[2026-04-02T10:16:53.807+0000] {manager.py:997} INFO - 
================================================================================
DAG File Processing Stats

File Path                                       PID  Runtime      # DAGs    # Errors  Last Runtime    Last Run               Last # of DB Queries
--------------------------------------------  -----  ---------  --------  ----------  --------------  -------------------  ----------------------
/opt/airflow/dags/hello_world.py               2501  0.00s             1           0  0.12s           2026-04-02T10:16:23                      12
/opt/airflow/dags/keycloak/setup_keycloak.py                           1           0  0.08s           2026-04-02T10:16:48                      10
================================================================================
[2026-04-02T10:17:24.060+0000] {manager.py:997} INFO - 
================================================================================
DAG File Processing Stats

File Path                                       PID  Runtime      # DAGs    # Errors  Last Runtime    Last Run               Last # of DB Queries
--------------------------------------------  -----  ---------  --------  ----------  --------------  -------------------  ----------------------
/opt/airflow/dags/hello_world.py               2511  0.01s             1           0  0.10s           2026-04-02T10:16:53                      12
/opt/airflow/dags/keycloak/setup_keycloak.py                           1           0  0.09s           2026-04-02T10:17:19                      10
================================================================================
[2026-04-02T10:17:54.310+0000] {manager.py:997} INFO - 
================================================================================
DAG File Processing Stats

File Path                                       PID  Runtime      # DAGs    # Errors  Last Runtime    Last Run               Last # of DB Queries
--------------------------------------------  -----  ---------  --------  ----------  --------------  -------------------  ----------------------
/opt/airflow/dags/hello_world.py               2521  0.00s             1           0  0.19s           2026-04-02T10:17:24                      12
/opt/airflow/dags/keycloak/setup_keycloak.py                           1           0  0.08s           2026-04-02T10:17:49                      10
================================================================================
[2026-04-02T10:18:24.607+0000] {manager.py:997} INFO - 
================================================================================
DAG File Processing Stats

File Path                                       PID  Runtime      # DAGs    # Errors  Last Runtime    Last Run               Last # of DB Queries
--------------------------------------------  -----  ---------  --------  ----------  --------------  -------------------  ----------------------
/opt/airflow/dags/keycloak/setup_keycloak.py                           1           0  0.11s           2026-04-02T10:18:19                      10
/opt/airflow/dags/hello_world.py               2531  0.00s             1           0  0.08s           2026-04-02T10:17:54                      12
================================================================================
[2026-04-02T10:18:54.876+0000] {manager.py:997} INFO - 
================================================================================
DAG File Processing Stats

File Path                                       PID  Runtime      # DAGs    # Errors  Last Runtime    Last Run               Last # of DB Queries
--------------------------------------------  -----  ---------  --------  ----------  --------------  -------------------  ----------------------
/opt/airflow/dags/keycloak/setup_keycloak.py                           1           0  0.09s           2026-04-02T10:18:49                      10
/opt/airflow/dags/hello_world.py               2541  0.00s             1           0  0.08s           2026-04-02T10:18:24                      12
================================================================================
[2026-04-02T10:19:25.127+0000] {manager.py:997} INFO - 
================================================================================
DAG File Processing Stats

File Path                                       PID  Runtime      # DAGs    # Errors  Last Runtime    Last Run               Last # of DB Queries
--------------------------------------------  -----  ---------  --------  ----------  --------------  -------------------  ----------------------
/opt/airflow/dags/keycloak/setup_keycloak.py                           1           0  0.10s           2026-04-02T10:19:20                      10
/opt/airflow/dags/hello_world.py               2551  0.00s             1           0  0.09s           2026-04-02T10:18:54                      12
================================================================================
[2026-04-02T10:19:55.384+0000] {manager.py:997} INFO - 
================================================================================
DAG File Processing Stats

File Path                                       PID  Runtime      # DAGs    # Errors  Last Runtime    Last Run               Last # of DB Queries
--------------------------------------------  -----  ---------  --------  ----------  --------------  -------------------  ----------------------
/opt/airflow/dags/hello_world.py               2561  0.00s             1           0  0.09s           2026-04-02T10:19:25                      12
/opt/airflow/dags/keycloak/setup_keycloak.py                           1           0  0.09s           2026-04-02T10:19:50                      10
================================================================================
[2026-04-02T10:19:56.454+0000] {manager.py:821} INFO - Searching for files in /opt/airflow/dags
[2026-04-02T10:19:56.458+0000] {manager.py:824} INFO - There are 2 files in /opt/airflow/dags
[2026-04-02T10:20:25.696+0000] {manager.py:997} INFO - 
================================================================================
DAG File Processing Stats

File Path                                       PID  Runtime      # DAGs    # Errors  Last Runtime    Last Run               Last # of DB Queries
--------------------------------------------  -----  ---------  --------  ----------  --------------  -------------------  ----------------------
/opt/airflow/dags/hello_world.py               2571  0.00s             1           0  0.09s           2026-04-02T10:19:55                      12
/opt/airflow/dags/keycloak/setup_keycloak.py                           1           0  0.08s           2026-04-02T10:20:20                      10
================================================================================
[2026-04-02T10:20:55.987+0000] {manager.py:997} INFO - 
================================================================================
DAG File Processing Stats

File Path                                       PID  Runtime      # DAGs    # Errors  Last Runtime    Last Run               Last # of DB Queries
--------------------------------------------  -----  ---------  --------  ----------  --------------  -------------------  ----------------------
/opt/airflow/dags/hello_world.py               2581  0.00s             1           0  0.12s           2026-04-02T10:20:25                      12
/opt/airflow/dags/keycloak/setup_keycloak.py                           1           0  0.08s           2026-04-02T10:20:51                      10
================================================================================
[2026-04-02T10:21:26.252+0000] {manager.py:997} INFO - 
================================================================================
DAG File Processing Stats

File Path                                       PID  Runtime      # DAGs    # Errors  Last Runtime    Last Run               Last # of DB Queries
--------------------------------------------  -----  ---------  --------  ----------  --------------  -------------------  ----------------------
/opt/airflow/dags/keycloak/setup_keycloak.py                           1           0  0.09s           2026-04-02T10:21:21                      10
/opt/airflow/dags/hello_world.py               2591  0.00s             1           0  0.09s           2026-04-02T10:20:56                      12
================================================================================
[2026-04-02T10:21:56.583+0000] {manager.py:997} INFO - 
================================================================================
DAG File Processing Stats

File Path                                       PID  Runtime      # DAGs    # Errors  Last Runtime    Last Run               Last # of DB Queries
--------------------------------------------  -----  ---------  --------  ----------  --------------  -------------------  ----------------------
/opt/airflow/dags/hello_world.py               2601  0.00s             1           0  0.09s           2026-04-02T10:21:26                      12
/opt/airflow/dags/keycloak/setup_keycloak.py                           1           0  0.08s           2026-04-02T10:21:51                      10
================================================================================
[2026-04-02T10:22:26.841+0000] {manager.py:997} INFO - 
================================================================================
DAG File Processing Stats

File Path                                       PID  Runtime      # DAGs    # Errors  Last Runtime    Last Run               Last # of DB Queries
--------------------------------------------  -----  ---------  --------  ----------  --------------  -------------------  ----------------------
/opt/airflow/dags/hello_world.py               2611  0.00s             1           0  0.09s           2026-04-02T10:21:56                      12
/opt/airflow/dags/keycloak/setup_keycloak.py                           1           0  0.08s           2026-04-02T10:22:21                      10
================================================================================
[2026-04-02T10:22:57.114+0000] {manager.py:997} INFO - 
================================================================================
DAG File Processing Stats

File Path                                       PID  Runtime      # DAGs    # Errors  Last Runtime    Last Run               Last # of DB Queries
--------------------------------------------  -----  ---------  --------  ----------  --------------  -------------------  ----------------------
/opt/airflow/dags/keycloak/setup_keycloak.py                           1           0  0.10s           2026-04-02T10:22:52                      10
/opt/airflow/dags/hello_world.py               2621  0.00s             1           0  0.09s           2026-04-02T10:22:26                      12
================================================================================
[2026-04-02T10:23:27.420+0000] {manager.py:997} INFO - 
================================================================================
DAG File Processing Stats

File Path                                       PID  Runtime      # DAGs    # Errors  Last Runtime    Last Run               Last # of DB Queries
--------------------------------------------  -----  ---------  --------  ----------  --------------  -------------------  ----------------------
/opt/airflow/dags/keycloak/setup_keycloak.py                           1           0  0.09s           2026-04-02T10:23:22                      10
/opt/airflow/dags/hello_world.py               2631  0.00s             1           0  0.09s           2026-04-02T10:22:57                      12
================================================================================
[2026-04-02T10:23:57.734+0000] {manager.py:997} INFO - 
================================================================================
DAG File Processing Stats

File Path                                       PID  Runtime      # DAGs    # Errors  Last Runtime    Last Run               Last # of DB Queries
--------------------------------------------  -----  ---------  --------  ----------  --------------  -------------------  ----------------------
/opt/airflow/dags/hello_world.py               2641  0.00s             1           0  0.09s           2026-04-02T10:23:27                      12
/opt/airflow/dags/keycloak/setup_keycloak.py                           1           0  0.08s           2026-04-02T10:23:52                      10
================================================================================
[2026-04-02T10:24:28.008+0000] {manager.py:997} INFO - 
================================================================================
DAG File Processing Stats

File Path                                       PID  Runtime      # DAGs    # Errors  Last Runtime    Last Run               Last # of DB Queries
--------------------------------------------  -----  ---------  --------  ----------  --------------  -------------------  ----------------------
/opt/airflow/dags/keycloak/setup_keycloak.py                           1           0  0.10s           2026-04-02T10:24:23                      10
/opt/airflow/dags/hello_world.py               2651  0.00s             1           0  0.09s           2026-04-02T10:23:57                      12
================================================================================
[2026-04-02T10:24:57.283+0000] {manager.py:821} INFO - Searching for files in /opt/airflow/dags
[2026-04-02T10:24:57.286+0000] {manager.py:824} INFO - There are 2 files in /opt/airflow/dags
[2026-04-02T10:24:58.304+0000] {manager.py:997} INFO - 
================================================================================
DAG File Processing Stats

File Path                                       PID  Runtime      # DAGs    # Errors  Last Runtime    Last Run               Last # of DB Queries
--------------------------------------------  -----  ---------  --------  ----------  --------------  -------------------  ----------------------
/opt/airflow/dags/hello_world.py               2661  0.00s             1           0  0.09s           2026-04-02T10:24:28                      12
/opt/airflow/dags/keycloak/setup_keycloak.py                           1           0  0.08s           2026-04-02T10:24:53                      10
================================================================================
[2026-04-02T10:25:28.605+0000] {manager.py:997} INFO - 
================================================================================
DAG File Processing Stats

File Path                                       PID  Runtime      # DAGs    # Errors  Last Runtime    Last Run               Last # of DB Queries
--------------------------------------------  -----  ---------  --------  ----------  --------------  -------------------  ----------------------
/opt/airflow/dags/hello_world.py               2671  0.00s             1           0  0.10s           2026-04-02T10:24:58                      12
/opt/airflow/dags/keycloak/setup_keycloak.py                           1           0  0.09s           2026-04-02T10:25:23                      10
================================================================================
[2026-04-02T10:25:58.903+0000] {manager.py:997} INFO - 
================================================================================
DAG File Processing Stats

File Path                                       PID  Runtime      # DAGs    # Errors  Last Runtime    Last Run               Last # of DB Queries
--------------------------------------------  -----  ---------  --------  ----------  --------------  -------------------  ----------------------
/opt/airflow/dags/hello_world.py               2681  0.00s             1           0  0.10s           2026-04-02T10:25:28                      12
/opt/airflow/dags/keycloak/setup_keycloak.py                           1           0  0.08s           2026-04-02T10:25:53                      10
================================================================================
[2026-04-02T10:26:29.209+0000] {manager.py:997} INFO - 
================================================================================
DAG File Processing Stats

File Path                                       PID  Runtime      # DAGs    # Errors  Last Runtime    Last Run               Last # of DB Queries
--------------------------------------------  -----  ---------  --------  ----------  --------------  -------------------  ----------------------
/opt/airflow/dags/keycloak/setup_keycloak.py                           1           0  0.09s           2026-04-02T10:26:24                      10
/opt/airflow/dags/hello_world.py               2691  0.00s             1           0  0.09s           2026-04-02T10:25:58                      12
================================================================================
[2026-04-02T10:26:59.495+0000] {manager.py:997} INFO - 
================================================================================
DAG File Processing Stats

File Path                                       PID  Runtime      # DAGs    # Errors  Last Runtime    Last Run               Last # of DB Queries
--------------------------------------------  -----  ---------  --------  ----------  --------------  -------------------  ----------------------
/opt/airflow/dags/keycloak/setup_keycloak.py                           1           0  0.09s           2026-04-02T10:26:54                      10
/opt/airflow/dags/hello_world.py               2701  0.00s             1           0  0.08s           2026-04-02T10:26:29                      12
================================================================================
[2026-04-02T10:27:29.742+0000] {manager.py:997} INFO - 
================================================================================
DAG File Processing Stats

File Path                                       PID  Runtime      # DAGs    # Errors  Last Runtime    Last Run               Last # of DB Queries
--------------------------------------------  -----  ---------  --------  ----------  --------------  -------------------  ----------------------
/opt/airflow/dags/keycloak/setup_keycloak.py                           1           0  0.10s           2026-04-02T10:27:24                      10
/opt/airflow/dags/hello_world.py               2711  0.00s             1           0  0.09s           2026-04-02T10:26:59                      12
================================================================================
[2026-04-02T10:27:59.993+0000] {manager.py:997} INFO - 
================================================================================
DAG File Processing Stats

File Path                                       PID  Runtime      # DAGs    # Errors  Last Runtime    Last Run               Last # of DB Queries
--------------------------------------------  -----  ---------  --------  ----------  --------------  -------------------  ----------------------
/opt/airflow/dags/hello_world.py               2721  0.00s             1           0  0.09s           2026-04-02T10:27:29                      12
/opt/airflow/dags/keycloak/setup_keycloak.py                           1           0  0.08s           2026-04-02T10:27:54                      10
================================================================================
[2026-04-02T10:28:30.243+0000] {manager.py:997} INFO - 
================================================================================
DAG File Processing Stats

File Path                                       PID  Runtime      # DAGs    # Errors  Last Runtime    Last Run               Last # of DB Queries
--------------------------------------------  -----  ---------  --------  ----------  --------------  -------------------  ----------------------
/opt/airflow/dags/hello_world.py               2731  0.00s             1           0  0.09s           2026-04-02T10:28:00                      12
/opt/airflow/dags/keycloak/setup_keycloak.py                           1           0  0.08s           2026-04-02T10:28:25                      10
================================================================================
[2026-04-02T10:29:00.546+0000] {manager.py:997} INFO - 
================================================================================
DAG File Processing Stats

File Path                                       PID  Runtime      # DAGs    # Errors  Last Runtime    Last Run               Last # of DB Queries
--------------------------------------------  -----  ---------  --------  ----------  --------------  -------------------  ----------------------
/opt/airflow/dags/hello_world.py               2741  0.00s             1           0  0.10s           2026-04-02T10:28:30                      12
/opt/airflow/dags/keycloak/setup_keycloak.py                           1           0  0.08s           2026-04-02T10:28:55                      10
================================================================================
[2026-04-02T10:29:30.796+0000] {manager.py:997} INFO - 
================================================================================
DAG File Processing Stats

File Path                                       PID  Runtime      # DAGs    # Errors  Last Runtime    Last Run               Last # of DB Queries
--------------------------------------------  -----  ---------  --------  ----------  --------------  -------------------  ----------------------
/opt/airflow/dags/keycloak/setup_keycloak.py                           1           0  0.10s           2026-04-02T10:29:25                      10
/opt/airflow/dags/hello_world.py               2751  0.00s             1           0  0.09s           2026-04-02T10:29:00                      12
================================================================================
[2026-04-02T10:29:58.030+0000] {manager.py:821} INFO - Searching for files in /opt/airflow/dags
[2026-04-02T10:29:58.034+0000] {manager.py:824} INFO - There are 2 files in /opt/airflow/dags
[2026-04-02T10:30:01.069+0000] {manager.py:997} INFO - 
================================================================================
DAG File Processing Stats

File Path                                       PID  Runtime      # DAGs    # Errors  Last Runtime    Last Run               Last # of DB Queries
--------------------------------------------  -----  ---------  --------  ----------  --------------  -------------------  ----------------------
/opt/airflow/dags/hello_world.py               2761  0.00s             1           0  0.09s           2026-04-02T10:29:30                      12
/opt/airflow/dags/keycloak/setup_keycloak.py                           1           0  0.08s           2026-04-02T10:29:56                      10
================================================================================
[2026-04-02T10:30:31.320+0000] {manager.py:997} INFO - 
================================================================================
DAG File Processing Stats

File Path                                       PID  Runtime      # DAGs    # Errors  Last Runtime    Last Run               Last # of DB Queries
--------------------------------------------  -----  ---------  --------  ----------  --------------  -------------------  ----------------------
/opt/airflow/dags/keycloak/setup_keycloak.py                           1           0  0.09s           2026-04-02T10:30:26                      10
/opt/airflow/dags/hello_world.py               2771  0.00s             1           0  0.09s           2026-04-02T10:30:01                      12
================================================================================
[2026-04-02T10:31:01.599+0000] {manager.py:997} INFO - 
================================================================================
DAG File Processing Stats

File Path                                       PID  Runtime      # DAGs    # Errors  Last Runtime    Last Run               Last # of DB Queries
--------------------------------------------  -----  ---------  --------  ----------  --------------  -------------------  ----------------------
/opt/airflow/dags/hello_world.py               2781  0.00s             1           0  0.09s           2026-04-02T10:30:31                      12
/opt/airflow/dags/keycloak/setup_keycloak.py                           1           0  0.08s           2026-04-02T10:30:56                      10
================================================================================
[2026-04-02T10:31:31.863+0000] {manager.py:997} INFO - 
================================================================================
DAG File Processing Stats

File Path                                       PID  Runtime      # DAGs    # Errors  Last Runtime    Last Run               Last # of DB Queries
--------------------------------------------  -----  ---------  --------  ----------  --------------  -------------------  ----------------------
/opt/airflow/dags/keycloak/setup_keycloak.py                           1           0  0.09s           2026-04-02T10:31:26                      10
/opt/airflow/dags/hello_world.py               2791  0.00s             1           0  0.09s           2026-04-02T10:31:01                      12
================================================================================
[2026-04-02T10:32:02.102+0000] {manager.py:997} INFO - 
================================================================================
DAG File Processing Stats

File Path                                       PID  Runtime      # DAGs    # Errors  Last Runtime    Last Run               Last # of DB Queries
--------------------------------------------  -----  ---------  --------  ----------  --------------  -------------------  ----------------------
/opt/airflow/dags/keycloak/setup_keycloak.py                           1           0  0.09s           2026-04-02T10:31:57                      10
/opt/airflow/dags/hello_world.py               2801  0.00s             1           0  0.09s           2026-04-02T10:31:31                      12
================================================================================
[2026-04-02T10:32:32.404+0000] {manager.py:997} INFO - 
================================================================================
DAG File Processing Stats

File Path                                       PID  Runtime      # DAGs    # Errors  Last Runtime    Last Run               Last # of DB Queries
--------------------------------------------  -----  ---------  --------  ----------  --------------  -------------------  ----------------------
/opt/airflow/dags/hello_world.py               2811  0.00s             1           0  0.10s           2026-04-02T10:32:02                      12
/opt/airflow/dags/keycloak/setup_keycloak.py                           1           0  0.09s           2026-04-02T10:32:27                      10
================================================================================
[2026-04-02T10:33:02.733+0000] {manager.py:997} INFO - 
================================================================================
DAG File Processing Stats

File Path                                       PID  Runtime      # DAGs    # Errors  Last Runtime    Last Run               Last # of DB Queries
--------------------------------------------  -----  ---------  --------  ----------  --------------  -------------------  ----------------------
/opt/airflow/dags/keycloak/setup_keycloak.py                           1           0  0.10s           2026-04-02T10:32:57                      10
/opt/airflow/dags/hello_world.py               2821  0.00s             1           0  0.09s           2026-04-02T10:32:32                      12
================================================================================
[2026-04-02T10:33:33.061+0000] {manager.py:997} INFO - 
================================================================================
DAG File Processing Stats

File Path                                       PID  Runtime      # DAGs    # Errors  Last Runtime    Last Run               Last # of DB Queries
--------------------------------------------  -----  ---------  --------  ----------  --------------  -------------------  ----------------------
/opt/airflow/dags/keycloak/setup_keycloak.py                           1           0  0.10s           2026-04-02T10:33:28                      10
/opt/airflow/dags/hello_world.py               2831  0.00s             1           0  0.09s           2026-04-02T10:33:02                      12
================================================================================
[2026-04-02T10:34:03.325+0000] {manager.py:997} INFO - 
================================================================================
DAG File Processing Stats

File Path                                       PID  Runtime      # DAGs    # Errors  Last Runtime    Last Run               Last # of DB Queries
--------------------------------------------  -----  ---------  --------  ----------  --------------  -------------------  ----------------------
/opt/airflow/dags/hello_world.py               2841  0.00s             1           0  0.09s           2026-04-02T10:33:33                      12
/opt/airflow/dags/keycloak/setup_keycloak.py                           1           0  0.09s           2026-04-02T10:33:58                      10
================================================================================
[2026-04-02T10:34:33.642+0000] {manager.py:997} INFO - 
================================================================================
DAG File Processing Stats

File Path                                       PID  Runtime      # DAGs    # Errors  Last Runtime    Last Run               Last # of DB Queries
--------------------------------------------  -----  ---------  --------  ----------  --------------  -------------------  ----------------------
/opt/airflow/dags/hello_world.py               2851  0.00s             1           0  0.09s           2026-04-02T10:34:03                      12
/opt/airflow/dags/keycloak/setup_keycloak.py                           1           0  0.09s           2026-04-02T10:34:28                      10
================================================================================
[2026-04-02T10:34:58.862+0000] {manager.py:821} INFO - Searching for files in /opt/airflow/dags
[2026-04-02T10:34:58.865+0000] {manager.py:824} INFO - There are 2 files in /opt/airflow/dags
[2026-04-02T10:35:03.919+0000] {manager.py:997} INFO - 
================================================================================
DAG File Processing Stats

File Path                                       PID  Runtime      # DAGs    # Errors  Last Runtime    Last Run               Last # of DB Queries
--------------------------------------------  -----  ---------  --------  ----------  --------------  -------------------  ----------------------
/opt/airflow/dags/keycloak/setup_keycloak.py                           1           0  0.10s           2026-04-02T10:34:58                      10
/opt/airflow/dags/hello_world.py               2861  0.00s             1           0  0.09s           2026-04-02T10:34:33                      12
================================================================================
[2026-04-02T10:35:34.176+0000] {manager.py:997} INFO - 
================================================================================
DAG File Processing Stats

File Path                                       PID  Runtime      # DAGs    # Errors  Last Runtime    Last Run               Last # of DB Queries
--------------------------------------------  -----  ---------  --------  ----------  --------------  -------------------  ----------------------
/opt/airflow/dags/keycloak/setup_keycloak.py                           1           0  0.10s           2026-04-02T10:35:29                      10
/opt/airflow/dags/hello_world.py               2871  0.00s             1           0  0.09s           2026-04-02T10:35:04                      12
================================================================================
[2026-04-02T10:36:04.468+0000] {manager.py:997} INFO - 
================================================================================
DAG File Processing Stats

File Path                                       PID  Runtime      # DAGs    # Errors  Last Runtime    Last Run               Last # of DB Queries
--------------------------------------------  -----  ---------  --------  ----------  --------------  -------------------  ----------------------
/opt/airflow/dags/hello_world.py               2881  0.00s             1           0  0.09s           2026-04-02T10:35:34                      12
/opt/airflow/dags/keycloak/setup_keycloak.py                           1           0  0.09s           2026-04-02T10:35:59                      10
================================================================================
[2026-04-02T10:36:34.743+0000] {manager.py:997} INFO - 
================================================================================
DAG File Processing Stats

File Path                                       PID  Runtime      # DAGs    # Errors  Last Runtime    Last Run               Last # of DB Queries
--------------------------------------------  -----  ---------  --------  ----------  --------------  -------------------  ----------------------
/opt/airflow/dags/keycloak/setup_keycloak.py                           1           0  0.09s           2026-04-02T10:36:29                      10
/opt/airflow/dags/hello_world.py               2891  0.00s             1           0  0.09s           2026-04-02T10:36:04                      12
================================================================================
[2026-04-02T10:37:05.025+0000] {manager.py:997} INFO - 
================================================================================
DAG File Processing Stats

File Path                                       PID  Runtime      # DAGs    # Errors  Last Runtime    Last Run               Last # of DB Queries
--------------------------------------------  -----  ---------  --------  ----------  --------------  -------------------  ----------------------
/opt/airflow/dags/hello_world.py               2901  0.00s             1           0  0.08s           2026-04-02T10:36:34                      12
/opt/airflow/dags/keycloak/setup_keycloak.py                           1           0  0.08s           2026-04-02T10:37:00                      10
================================================================================
[2026-04-02T10:37:35.282+0000] {manager.py:997} INFO - 
================================================================================
DAG File Processing Stats

File Path                                       PID  Runtime      # DAGs    # Errors  Last Runtime    Last Run               Last # of DB Queries
--------------------------------------------  -----  ---------  --------  ----------  --------------  -------------------  ----------------------
/opt/airflow/dags/hello_world.py               2911  0.00s             1           0  0.09s           2026-04-02T10:37:05                      12
/opt/airflow/dags/keycloak/setup_keycloak.py                           1           0  0.08s           2026-04-02T10:37:30                      10
================================================================================
[2026-04-02T10:38:05.627+0000] {manager.py:997} INFO - 
================================================================================
DAG File Processing Stats

File Path                                       PID  Runtime      # DAGs    # Errors  Last Runtime    Last Run               Last # of DB Queries
--------------------------------------------  -----  ---------  --------  ----------  --------------  -------------------  ----------------------
/opt/airflow/dags/hello_world.py               2921  0.00s             1           0  0.14s           2026-04-02T10:37:35                      12
/opt/airflow/dags/keycloak/setup_keycloak.py                           1           0  0.08s           2026-04-02T10:38:00                      10
================================================================================
[2026-04-02T10:38:35.896+0000] {manager.py:997} INFO - 
================================================================================
DAG File Processing Stats

File Path                                       PID  Runtime      # DAGs    # Errors  Last Runtime    Last Run               Last # of DB Queries
--------------------------------------------  -----  ---------  --------  ----------  --------------  -------------------  ----------------------
/opt/airflow/dags/keycloak/setup_keycloak.py                           1           0  0.09s           2026-04-02T10:38:30                      10
/opt/airflow/dags/hello_world.py               2931  0.00s             1           0  0.08s           2026-04-02T10:38:05                      12
================================================================================
[2026-04-02T10:39:06.176+0000] {manager.py:997} INFO - 
================================================================================
DAG File Processing Stats

File Path                                       PID  Runtime      # DAGs    # Errors  Last Runtime    Last Run               Last # of DB Queries
--------------------------------------------  -----  ---------  --------  ----------  --------------  -------------------  ----------------------
/opt/airflow/dags/hello_world.py               2941  0.00s             1           0  0.09s           2026-04-02T10:38:35                      12
/opt/airflow/dags/keycloak/setup_keycloak.py                           1           0  0.08s           2026-04-02T10:39:01                      10
================================================================================
[2026-04-02T10:39:36.449+0000] {manager.py:997} INFO - 
================================================================================
DAG File Processing Stats

File Path                                       PID  Runtime      # DAGs    # Errors  Last Runtime    Last Run               Last # of DB Queries
--------------------------------------------  -----  ---------  --------  ----------  --------------  -------------------  ----------------------
/opt/airflow/dags/hello_world.py               2951  0.00s             1           0  0.11s           2026-04-02T10:39:06                      12
/opt/airflow/dags/keycloak/setup_keycloak.py                           1           0  0.10s           2026-04-02T10:39:31                      10
================================================================================
[2026-04-02T10:39:59.610+0000] {manager.py:821} INFO - Searching for files in /opt/airflow/dags
[2026-04-02T10:39:59.615+0000] {manager.py:824} INFO - There are 2 files in /opt/airflow/dags
[2026-04-02T10:40:06.718+0000] {manager.py:997} INFO - 
================================================================================
DAG File Processing Stats

File Path                                       PID  Runtime      # DAGs    # Errors  Last Runtime    Last Run               Last # of DB Queries
--------------------------------------------  -----  ---------  --------  ----------  --------------  -------------------  ----------------------
/opt/airflow/dags/hello_world.py               2961  0.00s             1           0  0.09s           2026-04-02T10:39:36                      12
/opt/airflow/dags/keycloak/setup_keycloak.py                           1           0  0.08s           2026-04-02T10:40:01                      10
================================================================================
[2026-04-02T10:40:36.982+0000] {manager.py:997} INFO - 
================================================================================
DAG File Processing Stats

File Path                                       PID  Runtime      # DAGs    # Errors  Last Runtime    Last Run               Last # of DB Queries
--------------------------------------------  -----  ---------  --------  ----------  --------------  -------------------  ----------------------
/opt/airflow/dags/keycloak/setup_keycloak.py                           1           0  0.09s           2026-04-02T10:40:32                      10
/opt/airflow/dags/hello_world.py               2971  0.00s             1           0  0.09s           2026-04-02T10:40:06                      12
================================================================================
[2026-04-02T10:41:07.249+0000] {manager.py:997} INFO - 
================================================================================
DAG File Processing Stats

File Path                                       PID  Runtime      # DAGs    # Errors  Last Runtime    Last Run               Last # of DB Queries
--------------------------------------------  -----  ---------  --------  ----------  --------------  -------------------  ----------------------
/opt/airflow/dags/hello_world.py               2981  0.00s             1           0  0.11s           2026-04-02T10:40:37                      12
/opt/airflow/dags/keycloak/setup_keycloak.py                           1           0  0.08s           2026-04-02T10:41:02                      10
================================================================================
[2026-04-02T10:41:37.543+0000] {manager.py:997} INFO - 
================================================================================
DAG File Processing Stats

File Path                                       PID  Runtime      # DAGs    # Errors  Last Runtime    Last Run               Last # of DB Queries
--------------------------------------------  -----  ---------  --------  ----------  --------------  -------------------  ----------------------
/opt/airflow/dags/keycloak/setup_keycloak.py                           1           0  0.09s           2026-04-02T10:41:32                      10
/opt/airflow/dags/hello_world.py               2991  0.00s             1           0  0.09s           2026-04-02T10:41:07                      12
================================================================================
[2026-04-02T10:42:07.818+0000] {manager.py:997} INFO - 
================================================================================
DAG File Processing Stats

File Path                                       PID  Runtime      # DAGs    # Errors  Last Runtime    Last Run               Last # of DB Queries
--------------------------------------------  -----  ---------  --------  ----------  --------------  -------------------  ----------------------
/opt/airflow/dags/hello_world.py               3001  0.00s             1           0  0.09s           2026-04-02T10:41:37                      12
/opt/airflow/dags/keycloak/setup_keycloak.py                           1           0  0.08s           2026-04-02T10:42:02                      10
================================================================================
[2026-04-02T10:42:38.093+0000] {manager.py:997} INFO - 
================================================================================
DAG File Processing Stats

File Path                                       PID  Runtime      # DAGs    # Errors  Last Runtime    Last Run               Last # of DB Queries
--------------------------------------------  -----  ---------  --------  ----------  --------------  -------------------  ----------------------
/opt/airflow/dags/keycloak/setup_keycloak.py                           1           0  0.09s           2026-04-02T10:42:33                      10
/opt/airflow/dags/hello_world.py               3011  0.00s             1           0  0.08s           2026-04-02T10:42:07                      12
================================================================================
[2026-04-02T10:43:08.373+0000] {manager.py:997} INFO - 
================================================================================
DAG File Processing Stats

File Path                                       PID  Runtime      # DAGs    # Errors  Last Runtime    Last Run               Last # of DB Queries
--------------------------------------------  -----  ---------  --------  ----------  --------------  -------------------  ----------------------
/opt/airflow/dags/keycloak/setup_keycloak.py                           1           0  0.10s           2026-04-02T10:43:03                      10
/opt/airflow/dags/hello_world.py               3021  0.00s             1           0  0.09s           2026-04-02T10:42:38                      12
================================================================================
[2026-04-02T10:43:38.663+0000] {manager.py:997} INFO - 
================================================================================
DAG File Processing Stats

File Path                                       PID  Runtime      # DAGs    # Errors  Last Runtime    Last Run               Last # of DB Queries
--------------------------------------------  -----  ---------  --------  ----------  --------------  -------------------  ----------------------
/opt/airflow/dags/keycloak/setup_keycloak.py                           1           0  0.09s           2026-04-02T10:43:33                      10
/opt/airflow/dags/hello_world.py               3031  0.00s             1           0  0.08s           2026-04-02T10:43:08                      12
================================================================================
[2026-04-02T10:44:08.945+0000] {manager.py:997} INFO - 
================================================================================
DAG File Processing Stats

File Path                                       PID  Runtime      # DAGs    # Errors  Last Runtime    Last Run               Last # of DB Queries
--------------------------------------------  -----  ---------  --------  ----------  --------------  -------------------  ----------------------
/opt/airflow/dags/hello_world.py               3041  0.00s             1           0  0.09s           2026-04-02T10:43:38                      12
/opt/airflow/dags/keycloak/setup_keycloak.py                           1           0  0.08s           2026-04-02T10:44:03                      10
================================================================================
[2026-04-02T10:44:39.230+0000] {manager.py:997} INFO - 
================================================================================
DAG File Processing Stats

File Path                                       PID  Runtime      # DAGs    # Errors  Last Runtime    Last Run               Last # of DB Queries
--------------------------------------------  -----  ---------  --------  ----------  --------------  -------------------  ----------------------
/opt/airflow/dags/hello_world.py               3051  0.00s             1           0  0.10s           2026-04-02T10:44:09                      12
/opt/airflow/dags/keycloak/setup_keycloak.py                           1           0  0.09s           2026-04-02T10:44:34                      10
================================================================================
[2026-04-02T10:45:00.442+0000] {manager.py:821} INFO - Searching for files in /opt/airflow/dags
[2026-04-02T10:45:00.446+0000] {manager.py:824} INFO - There are 2 files in /opt/airflow/dags
[2026-04-02T10:45:09.539+0000] {manager.py:997} INFO - 
================================================================================
DAG File Processing Stats

File Path                                       PID  Runtime      # DAGs    # Errors  Last Runtime    Last Run               Last # of DB Queries
--------------------------------------------  -----  ---------  --------  ----------  --------------  -------------------  ----------------------
/opt/airflow/dags/keycloak/setup_keycloak.py                           1           0  0.09s           2026-04-02T10:45:04                      10
/opt/airflow/dags/hello_world.py               3061  0.00s             1           0  0.09s           2026-04-02T10:44:39                      12
================================================================================
[2026-04-02T10:45:39.798+0000] {manager.py:997} INFO - 
================================================================================
DAG File Processing Stats

File Path                                       PID  Runtime      # DAGs    # Errors  Last Runtime    Last Run               Last # of DB Queries
--------------------------------------------  -----  ---------  --------  ----------  --------------  -------------------  ----------------------
/opt/airflow/dags/hello_world.py               3071  0.00s             1           0  0.11s           2026-04-02T10:45:09                      12
/opt/airflow/dags/keycloak/setup_keycloak.py                           1           0  0.09s           2026-04-02T10:45:34                      10
================================================================================
[2026-04-02T10:46:10.075+0000] {manager.py:997} INFO - 
================================================================================
DAG File Processing Stats

File Path                                       PID  Runtime      # DAGs    # Errors  Last Runtime    Last Run               Last # of DB Queries
--------------------------------------------  -----  ---------  --------  ----------  --------------  -------------------  ----------------------
/opt/airflow/dags/hello_world.py               3081  0.00s             1           0  0.10s           2026-04-02T10:45:39                      12
/opt/airflow/dags/keycloak/setup_keycloak.py                           1           0  0.08s           2026-04-02T10:46:05                      10
================================================================================
[2026-04-02T10:46:40.327+0000] {manager.py:997} INFO - 
================================================================================
DAG File Processing Stats

File Path                                       PID  Runtime      # DAGs    # Errors  Last Runtime    Last Run               Last # of DB Queries
--------------------------------------------  -----  ---------  --------  ----------  --------------  -------------------  ----------------------
/opt/airflow/dags/keycloak/setup_keycloak.py                           1           0  0.13s           2026-04-02T10:46:35                      10
/opt/airflow/dags/hello_world.py               3091  0.00s             1           0  0.09s           2026-04-02T10:46:10                      12
================================================================================
[2026-04-02T10:47:10.578+0000] {manager.py:997} INFO - 
================================================================================
DAG File Processing Stats

File Path                                       PID  Runtime      # DAGs    # Errors  Last Runtime    Last Run               Last # of DB Queries
--------------------------------------------  -----  ---------  --------  ----------  --------------  -------------------  ----------------------
/opt/airflow/dags/keycloak/setup_keycloak.py                           1           0  0.10s           2026-04-02T10:47:05                      10
/opt/airflow/dags/hello_world.py               3101  0.00s             1           0  0.09s           2026-04-02T10:46:40                      12
================================================================================
[2026-04-02T10:47:40.869+0000] {manager.py:997} INFO - 
================================================================================
DAG File Processing Stats

File Path                                       PID  Runtime      # DAGs    # Errors  Last Runtime    Last Run               Last # of DB Queries
--------------------------------------------  -----  ---------  --------  ----------  --------------  -------------------  ----------------------
/opt/airflow/dags/hello_world.py               3111  0.00s             1           0  0.10s           2026-04-02T10:47:10                      12
/opt/airflow/dags/keycloak/setup_keycloak.py                           1           0  0.09s           2026-04-02T10:47:35                      10
================================================================================
[2026-04-02T10:48:11.175+0000] {manager.py:997} INFO - 
================================================================================
DAG File Processing Stats

File Path                                       PID  Runtime      # DAGs    # Errors  Last Runtime    Last Run               Last # of DB Queries
--------------------------------------------  -----  ---------  --------  ----------  --------------  -------------------  ----------------------
/opt/airflow/dags/hello_world.py               3121  0.00s             1           0  0.13s           2026-04-02T10:47:40                      12
/opt/airflow/dags/keycloak/setup_keycloak.py                           1           0  0.08s           2026-04-02T10:48:06                      10
================================================================================
[2026-04-02T10:48:41.460+0000] {manager.py:997} INFO - 
================================================================================
DAG File Processing Stats

File Path                                       PID  Runtime      # DAGs    # Errors  Last Runtime    Last Run               Last # of DB Queries
--------------------------------------------  -----  ---------  --------  ----------  --------------  -------------------  ----------------------
/opt/airflow/dags/keycloak/setup_keycloak.py                           1           0  0.10s           2026-04-02T10:48:36                      10
/opt/airflow/dags/hello_world.py               3131  0.00s             1           0  0.09s           2026-04-02T10:48:11                      12
================================================================================
[2026-04-02T10:49:11.728+0000] {manager.py:997} INFO - 
================================================================================
DAG File Processing Stats

File Path                                       PID  Runtime      # DAGs    # Errors  Last Runtime    Last Run               Last # of DB Queries
--------------------------------------------  -----  ---------  --------  ----------  --------------  -------------------  ----------------------
/opt/airflow/dags/hello_world.py               3141  0.00s             1           0  0.09s           2026-04-02T10:48:41                      12
/opt/airflow/dags/keycloak/setup_keycloak.py                           1           0  0.08s           2026-04-02T10:49:06                      10
================================================================================
[2026-04-02T10:49:41.973+0000] {manager.py:997} INFO - 
================================================================================
DAG File Processing Stats

File Path                                       PID  Runtime      # DAGs    # Errors  Last Runtime    Last Run               Last # of DB Queries
--------------------------------------------  -----  ---------  --------  ----------  --------------  -------------------  ----------------------
/opt/airflow/dags/hello_world.py               3151  0.00s             1           0  0.08s           2026-04-02T10:49:11                      12
/opt/airflow/dags/keycloak/setup_keycloak.py                           1           0  0.08s           2026-04-02T10:49:37                      10
================================================================================
[2026-04-02T10:50:01.158+0000] {manager.py:821} INFO - Searching for files in /opt/airflow/dags
[2026-04-02T10:50:01.161+0000] {manager.py:824} INFO - There are 2 files in /opt/airflow/dags
[2026-04-02T10:50:12.256+0000] {manager.py:997} INFO - 
================================================================================
DAG File Processing Stats

File Path                                       PID  Runtime      # DAGs    # Errors  Last Runtime    Last Run               Last # of DB Queries
--------------------------------------------  -----  ---------  --------  ----------  --------------  -------------------  ----------------------
/opt/airflow/dags/keycloak/setup_keycloak.py                           1           0  0.10s           2026-04-02T10:50:07                      10
/opt/airflow/dags/hello_world.py               3161  0.00s             1           0  0.09s           2026-04-02T10:49:42                      12
================================================================================
[2026-04-02T10:50:42.533+0000] {manager.py:997} INFO - 
================================================================================
DAG File Processing Stats

File Path                                       PID  Runtime      # DAGs    # Errors  Last Runtime    Last Run               Last # of DB Queries
--------------------------------------------  -----  ---------  --------  ----------  --------------  -------------------  ----------------------
/opt/airflow/dags/keycloak/setup_keycloak.py                           1           0  0.10s           2026-04-02T10:50:37                      10
/opt/airflow/dags/hello_world.py               3171  0.00s             1           0  0.09s           2026-04-02T10:50:12                      12
================================================================================
[2026-04-02T10:51:12.791+0000] {manager.py:997} INFO - 
================================================================================
DAG File Processing Stats

File Path                                       PID  Runtime      # DAGs    # Errors  Last Runtime    Last Run               Last # of DB Queries
--------------------------------------------  -----  ---------  --------  ----------  --------------  -------------------  ----------------------
/opt/airflow/dags/hello_world.py               3181  0.00s             1           0  0.09s           2026-04-02T10:50:42                      12
/opt/airflow/dags/keycloak/setup_keycloak.py                           1           0  0.08s           2026-04-02T10:51:07                      10
================================================================================
[2026-04-02T10:51:43.091+0000] {manager.py:997} INFO - 
================================================================================
DAG File Processing Stats

File Path                                       PID  Runtime      # DAGs    # Errors  Last Runtime    Last Run               Last # of DB Queries
--------------------------------------------  -----  ---------  --------  ----------  --------------  -------------------  ----------------------
/opt/airflow/dags/keycloak/setup_keycloak.py                           1           0  0.09s           2026-04-02T10:51:38                      10
/opt/airflow/dags/hello_world.py               3191  0.00s             1           0  0.09s           2026-04-02T10:51:12                      12
================================================================================
[2026-04-02T10:52:13.380+0000] {manager.py:997} INFO - 
================================================================================
DAG File Processing Stats

File Path                                       PID  Runtime      # DAGs    # Errors  Last Runtime    Last Run               Last # of DB Queries
--------------------------------------------  -----  ---------  --------  ----------  --------------  -------------------  ----------------------
/opt/airflow/dags/keycloak/setup_keycloak.py                           1           0  0.10s           2026-04-02T10:52:08                      10
/opt/airflow/dags/hello_world.py               3201  0.00s             1           0  0.09s           2026-04-02T10:51:43                      12
================================================================================
[2026-04-02T10:52:43.685+0000] {manager.py:997} INFO - 
================================================================================
DAG File Processing Stats

File Path                                       PID  Runtime      # DAGs    # Errors  Last Runtime    Last Run               Last # of DB Queries
--------------------------------------------  -----  ---------  --------  ----------  --------------  -------------------  ----------------------
/opt/airflow/dags/hello_world.py               3211  0.00s             1           0  0.09s           2026-04-02T10:52:13                      12
/opt/airflow/dags/keycloak/setup_keycloak.py                           1           0  0.08s           2026-04-02T10:52:38                      10
================================================================================
[2026-04-02T10:53:13.978+0000] {manager.py:997} INFO - 
================================================================================
DAG File Processing Stats

File Path                                       PID  Runtime      # DAGs    # Errors  Last Runtime    Last Run               Last # of DB Queries
--------------------------------------------  -----  ---------  --------  ----------  --------------  -------------------  ----------------------
/opt/airflow/dags/hello_world.py               3221  0.00s             1           0  0.10s           2026-04-02T10:52:43                      12
/opt/airflow/dags/keycloak/setup_keycloak.py                           1           0  0.08s           2026-04-02T10:53:09                      10
================================================================================
[2026-04-02T10:53:44.266+0000] {manager.py:997} INFO - 
================================================================================
DAG File Processing Stats

File Path                                       PID  Runtime      # DAGs    # Errors  Last Runtime    Last Run               Last # of DB Queries
--------------------------------------------  -----  ---------  --------  ----------  --------------  -------------------  ----------------------
/opt/airflow/dags/hello_world.py               3231  0.00s             1           0  0.08s           2026-04-02T10:53:14                      12
/opt/airflow/dags/keycloak/setup_keycloak.py                           1           0  0.08s           2026-04-02T10:53:39                      10
================================================================================
[2026-04-02T10:54:14.553+0000] {manager.py:997} INFO - 
================================================================================
DAG File Processing Stats

File Path                                       PID  Runtime      # DAGs    # Errors  Last Runtime    Last Run               Last # of DB Queries
--------------------------------------------  -----  ---------  --------  ----------  --------------  -------------------  ----------------------
/opt/airflow/dags/hello_world.py               3241  0.00s             1           0  0.10s           2026-04-02T10:53:44                      12
/opt/airflow/dags/keycloak/setup_keycloak.py                           1           0  0.10s           2026-04-02T10:54:09                      10
================================================================================
[2026-04-02T10:54:44.808+0000] {manager.py:997} INFO - 
================================================================================
DAG File Processing Stats

File Path                                       PID  Runtime      # DAGs    # Errors  Last Runtime    Last Run               Last # of DB Queries
--------------------------------------------  -----  ---------  --------  ----------  --------------  -------------------  ----------------------
/opt/airflow/dags/keycloak/setup_keycloak.py                           1           0  0.08s           2026-04-02T10:54:39                      10
/opt/airflow/dags/hello_world.py               3251  0.00s             1           0  0.08s           2026-04-02T10:54:14                      12
================================================================================
[2026-04-02T10:55:01.948+0000] {manager.py:821} INFO - Searching for files in /opt/airflow/dags
[2026-04-02T10:55:01.951+0000] {manager.py:824} INFO - There are 2 files in /opt/airflow/dags
[2026-04-02T10:55:15.073+0000] {manager.py:997} INFO - 
================================================================================
DAG File Processing Stats

File Path                                       PID  Runtime      # DAGs    # Errors  Last Runtime    Last Run               Last # of DB Queries
--------------------------------------------  -----  ---------  --------  ----------  --------------  -------------------  ----------------------
/opt/airflow/dags/hello_world.py               3261  0.00s             1           0  0.09s           2026-04-02T10:54:44                      12
/opt/airflow/dags/keycloak/setup_keycloak.py                           1           0  0.08s           2026-04-02T10:55:10                      10
================================================================================
[2026-04-02T10:55:45.357+0000] {manager.py:997} INFO - 
================================================================================
DAG File Processing Stats

File Path                                       PID  Runtime      # DAGs    # Errors  Last Runtime    Last Run               Last # of DB Queries
--------------------------------------------  -----  ---------  --------  ----------  --------------  -------------------  ----------------------
/opt/airflow/dags/keycloak/setup_keycloak.py                           1           0  0.09s           2026-04-02T10:55:40                      10
/opt/airflow/dags/hello_world.py               3271  0.00s             1           0  0.08s           2026-04-02T10:55:15                      12
================================================================================
[2026-04-02T10:56:15.650+0000] {manager.py:997} INFO - 
================================================================================
DAG File Processing Stats

File Path                                       PID  Runtime      # DAGs    # Errors  Last Runtime    Last Run               Last # of DB Queries
--------------------------------------------  -----  ---------  --------  ----------  --------------  -------------------  ----------------------
/opt/airflow/dags/hello_world.py               3281  0.00s             1           0  0.10s           2026-04-02T10:55:45                      12
/opt/airflow/dags/keycloak/setup_keycloak.py                           1           0  0.09s           2026-04-02T10:56:10                      10
================================================================================
[2026-04-02T10:56:45.900+0000] {manager.py:997} INFO - 
================================================================================
DAG File Processing Stats

File Path                                       PID  Runtime      # DAGs    # Errors  Last Runtime    Last Run               Last # of DB Queries
--------------------------------------------  -----  ---------  --------  ----------  --------------  -------------------  ----------------------
/opt/airflow/dags/keycloak/setup_keycloak.py                           1           0  0.10s           2026-04-02T10:56:40                      10
/opt/airflow/dags/hello_world.py               3291  0.00s             1           0  0.09s           2026-04-02T10:56:15                      12
================================================================================
[2026-04-02T10:57:16.147+0000] {manager.py:997} INFO - 
================================================================================
DAG File Processing Stats

File Path                                       PID  Runtime      # DAGs    # Errors  Last Runtime    Last Run               Last # of DB Queries
--------------------------------------------  -----  ---------  --------  ----------  --------------  -------------------  ----------------------
/opt/airflow/dags/keycloak/setup_keycloak.py                           1           0  0.09s           2026-04-02T10:57:11                      10
/opt/airflow/dags/hello_world.py               3301  0.00s             1           0  0.09s           2026-04-02T10:56:45                      12
================================================================================
[2026-04-02T10:57:46.386+0000] {manager.py:997} INFO - 
================================================================================
DAG File Processing Stats

File Path                                       PID  Runtime      # DAGs    # Errors  Last Runtime    Last Run               Last # of DB Queries
--------------------------------------------  -----  ---------  --------  ----------  --------------  -------------------  ----------------------
/opt/airflow/dags/hello_world.py               3311  0.00s             1           0  0.09s           2026-04-02T10:57:16                      12
/opt/airflow/dags/keycloak/setup_keycloak.py                           1           0  0.08s           2026-04-02T10:57:41                      10
================================================================================
[2026-04-02T10:58:16.649+0000] {manager.py:997} INFO - 
================================================================================
DAG File Processing Stats

File Path                                       PID  Runtime      # DAGs    # Errors  Last Runtime    Last Run               Last # of DB Queries
--------------------------------------------  -----  ---------  --------  ----------  --------------  -------------------  ----------------------
/opt/airflow/dags/hello_world.py               3321  0.00s             1           0  0.09s           2026-04-02T10:57:46                      12
/opt/airflow/dags/keycloak/setup_keycloak.py                           1           0  0.08s           2026-04-02T10:58:11                      10
================================================================================
[2026-04-02T10:58:46.900+0000] {manager.py:997} INFO - 
================================================================================
DAG File Processing Stats

File Path                                       PID  Runtime      # DAGs    # Errors  Last Runtime    Last Run               Last # of DB Queries
--------------------------------------------  -----  ---------  --------  ----------  --------------  -------------------  ----------------------
/opt/airflow/dags/hello_world.py               3331  0.00s             1           0  0.11s           2026-04-02T10:58:16                      12
/opt/airflow/dags/keycloak/setup_keycloak.py                           1           0  0.09s           2026-04-02T10:58:41                      10
================================================================================
[2026-04-02T10:59:17.179+0000] {manager.py:997} INFO - 
================================================================================
DAG File Processing Stats

File Path                                       PID  Runtime      # DAGs    # Errors  Last Runtime    Last Run               Last # of DB Queries
--------------------------------------------  -----  ---------  --------  ----------  --------------  -------------------  ----------------------
/opt/airflow/dags/hello_world.py               3341  0.00s             1           0  0.10s           2026-04-02T10:58:46                      12
/opt/airflow/dags/keycloak/setup_keycloak.py                           1           0  0.08s           2026-04-02T10:59:12                      10
================================================================================
[2026-04-02T10:59:47.475+0000] {manager.py:997} INFO - 
================================================================================
DAG File Processing Stats

File Path                                       PID  Runtime      # DAGs    # Errors  Last Runtime    Last Run               Last # of DB Queries
--------------------------------------------  -----  ---------  --------  ----------  --------------  -------------------  ----------------------
/opt/airflow/dags/hello_world.py               3351  0.00s             1           0  0.08s           2026-04-02T10:59:17                      12
/opt/airflow/dags/keycloak/setup_keycloak.py                           1           0  0.08s           2026-04-02T10:59:42                      10
================================================================================
[2026-04-02T11:00:02.645+0000] {manager.py:821} INFO - Searching for files in /opt/airflow/dags
[2026-04-02T11:00:02.649+0000] {manager.py:824} INFO - There are 2 files in /opt/airflow/dags
[2026-04-02T11:00:17.767+0000] {manager.py:997} INFO - 
================================================================================
DAG File Processing Stats

File Path                                       PID  Runtime      # DAGs    # Errors  Last Runtime    Last Run               Last # of DB Queries
--------------------------------------------  -----  ---------  --------  ----------  --------------  -------------------  ----------------------
/opt/airflow/dags/keycloak/setup_keycloak.py                           1           0  0.10s           2026-04-02T11:00:12                      10
/opt/airflow/dags/hello_world.py               3361  0.00s             1           0  0.09s           2026-04-02T10:59:47                      12
================================================================================
[2026-04-02T11:00:48.086+0000] {manager.py:997} INFO - 
================================================================================
DAG File Processing Stats

File Path                                       PID  Runtime      # DAGs    # Errors  Last Runtime    Last Run               Last # of DB Queries
--------------------------------------------  -----  ---------  --------  ----------  --------------  -------------------  ----------------------
/opt/airflow/dags/keycloak/setup_keycloak.py                           1           0  0.09s           2026-04-02T11:00:43                      10
/opt/airflow/dags/hello_world.py               3371  0.00s             1           0  0.09s           2026-04-02T11:00:17                      12
================================================================================
[2026-04-02T11:01:18.370+0000] {manager.py:997} INFO - 
================================================================================
DAG File Processing Stats

File Path                                       PID  Runtime      # DAGs    # Errors  Last Runtime    Last Run               Last # of DB Queries
--------------------------------------------  -----  ---------  --------  ----------  --------------  -------------------  ----------------------
/opt/airflow/dags/keycloak/setup_keycloak.py                           1           0  0.09s           2026-04-02T11:01:13                      10
/opt/airflow/dags/hello_world.py               3381  0.00s             1           0  0.09s           2026-04-02T11:00:48                      12
================================================================================
[2026-04-02T11:01:48.674+0000] {manager.py:997} INFO - 
================================================================================
DAG File Processing Stats

File Path                                       PID  Runtime      # DAGs    # Errors  Last Runtime    Last Run               Last # of DB Queries
--------------------------------------------  -----  ---------  --------  ----------  --------------  -------------------  ----------------------
/opt/airflow/dags/keycloak/setup_keycloak.py                           1           0  0.10s           2026-04-02T11:01:43                      10
/opt/airflow/dags/hello_world.py               3391  0.00s             1           0  0.09s           2026-04-02T11:01:18                      12
================================================================================
[2026-04-02T11:02:18.925+0000] {manager.py:997} INFO - 
================================================================================
DAG File Processing Stats

File Path                                       PID  Runtime      # DAGs    # Errors  Last Runtime    Last Run               Last # of DB Queries
--------------------------------------------  -----  ---------  --------  ----------  --------------  -------------------  ----------------------
/opt/airflow/dags/keycloak/setup_keycloak.py                           1           0  0.10s           2026-04-02T11:02:13                      10
/opt/airflow/dags/hello_world.py               3401  0.00s             1           0  0.09s           2026-04-02T11:01:48                      12
================================================================================
[2026-04-02T11:02:49.209+0000] {manager.py:997} INFO - 
================================================================================
DAG File Processing Stats

File Path                                       PID  Runtime      # DAGs    # Errors  Last Runtime    Last Run               Last # of DB Queries
--------------------------------------------  -----  ---------  --------  ----------  --------------  -------------------  ----------------------
/opt/airflow/dags/hello_world.py               3411  0.00s             1           0  0.09s           2026-04-02T11:02:19                      12
/opt/airflow/dags/keycloak/setup_keycloak.py                           1           0  0.09s           2026-04-02T11:02:44                      10
================================================================================
[2026-04-02T11:03:19.531+0000] {manager.py:997} INFO - 
================================================================================
DAG File Processing Stats

File Path                                       PID  Runtime      # DAGs    # Errors  Last Runtime    Last Run               Last # of DB Queries
--------------------------------------------  -----  ---------  --------  ----------  --------------  -------------------  ----------------------
/opt/airflow/dags/hello_world.py               3421  0.00s             1           0  0.09s           2026-04-02T11:02:49                      12
/opt/airflow/dags/keycloak/setup_keycloak.py                           1           0  0.08s           2026-04-02T11:03:14                      10
================================================================================
[2026-04-02T11:03:49.796+0000] {manager.py:997} INFO - 
================================================================================
DAG File Processing Stats

File Path                                       PID  Runtime      # DAGs    # Errors  Last Runtime    Last Run               Last # of DB Queries
--------------------------------------------  -----  ---------  --------  ----------  --------------  -------------------  ----------------------
/opt/airflow/dags/hello_world.py               3431  0.00s             1           0  0.08s           2026-04-02T11:03:19                      12
/opt/airflow/dags/keycloak/setup_keycloak.py                           1           0  0.08s           2026-04-02T11:03:44                      10
================================================================================
[2026-04-02T11:04:20.066+0000] {manager.py:997} INFO - 
================================================================================
DAG File Processing Stats

File Path                                       PID  Runtime      # DAGs    # Errors  Last Runtime    Last Run               Last # of DB Queries
--------------------------------------------  -----  ---------  --------  ----------  --------------  -------------------  ----------------------
/opt/airflow/dags/hello_world.py               3441  0.00s             1           0  0.10s           2026-04-02T11:03:49                      12
/opt/airflow/dags/keycloak/setup_keycloak.py                           1           0  0.10s           2026-04-02T11:04:15                      10
================================================================================
[2026-04-02T11:04:50.371+0000] {manager.py:997} INFO - 
================================================================================
DAG File Processing Stats

File Path                                       PID  Runtime      # DAGs    # Errors  Last Runtime    Last Run               Last # of DB Queries
--------------------------------------------  -----  ---------  --------  ----------  --------------  -------------------  ----------------------
/opt/airflow/dags/hello_world.py               3451  0.00s             1           0  0.10s           2026-04-02T11:04:20                      12
/opt/airflow/dags/keycloak/setup_keycloak.py                           1           0  0.08s           2026-04-02T11:04:45                      10
================================================================================
[2026-04-02T11:05:03.533+0000] {manager.py:821} INFO - Searching for files in /opt/airflow/dags
[2026-04-02T11:05:03.557+0000] {manager.py:824} INFO - There are 2 files in /opt/airflow/dags
[2026-04-02T11:05:20.715+0000] {manager.py:997} INFO - 
================================================================================
DAG File Processing Stats

File Path                                       PID  Runtime      # DAGs    # Errors  Last Runtime    Last Run               Last # of DB Queries
--------------------------------------------  -----  ---------  --------  ----------  --------------  -------------------  ----------------------
/opt/airflow/dags/hello_world.py               3461  0.00s             1           0  0.10s           2026-04-02T11:04:50                      12
/opt/airflow/dags/keycloak/setup_keycloak.py                           1           0  0.08s           2026-04-02T11:05:15                      10
================================================================================
[2026-04-02T11:05:50.986+0000] {manager.py:997} INFO - 
================================================================================
DAG File Processing Stats

File Path                                       PID  Runtime      # DAGs    # Errors  Last Runtime    Last Run               Last # of DB Queries
--------------------------------------------  -----  ---------  --------  ----------  --------------  -------------------  ----------------------
/opt/airflow/dags/hello_world.py               3471  0.00s             1           0  0.08s           2026-04-02T11:05:20                      12
/opt/airflow/dags/keycloak/setup_keycloak.py                           1           0  0.08s           2026-04-02T11:05:46                      10
================================================================================
[2026-04-02T11:06:21.252+0000] {manager.py:997} INFO - 
================================================================================
DAG File Processing Stats

File Path                                       PID  Runtime      # DAGs    # Errors  Last Runtime    Last Run               Last # of DB Queries
--------------------------------------------  -----  ---------  --------  ----------  --------------  -------------------  ----------------------
/opt/airflow/dags/keycloak/setup_keycloak.py                           1           0  0.09s           2026-04-02T11:06:16                      10
/opt/airflow/dags/hello_world.py               3481  0.00s             1           0  0.09s           2026-04-02T11:05:51                      12
================================================================================
[2026-04-02T11:06:51.536+0000] {manager.py:997} INFO - 
================================================================================
DAG File Processing Stats

File Path                                       PID  Runtime      # DAGs    # Errors  Last Runtime    Last Run               Last # of DB Queries
--------------------------------------------  -----  ---------  --------  ----------  --------------  -------------------  ----------------------
/opt/airflow/dags/hello_world.py               3491  0.00s             1           0  0.10s           2026-04-02T11:06:21                      12
/opt/airflow/dags/keycloak/setup_keycloak.py                           1           0  0.08s           2026-04-02T11:06:46                      10
================================================================================
[2026-04-02T11:07:21.817+0000] {manager.py:997} INFO - 
================================================================================
DAG File Processing Stats

File Path                                       PID  Runtime      # DAGs    # Errors  Last Runtime    Last Run               Last # of DB Queries
--------------------------------------------  -----  ---------  --------  ----------  --------------  -------------------  ----------------------
/opt/airflow/dags/hello_world.py               3501  0.00s             1           0  0.09s           2026-04-02T11:06:51                      12
/opt/airflow/dags/keycloak/setup_keycloak.py                           1           0  0.09s           2026-04-02T11:07:16                      10
================================================================================
[2026-04-02T11:07:52.113+0000] {manager.py:997} INFO - 
================================================================================
DAG File Processing Stats

File Path                                       PID  Runtime      # DAGs    # Errors  Last Runtime    Last Run               Last # of DB Queries
--------------------------------------------  -----  ---------  --------  ----------  --------------  -------------------  ----------------------
/opt/airflow/dags/hello_world.py               3511  0.00s             1           0  0.10s           2026-04-02T11:07:21                      12
/opt/airflow/dags/keycloak/setup_keycloak.py                           1           0  0.08s           2026-04-02T11:07:47                      10
================================================================================
[2026-04-02T11:08:22.398+0000] {manager.py:997} INFO - 
================================================================================
DAG File Processing Stats

File Path                                       PID  Runtime      # DAGs    # Errors  Last Runtime    Last Run               Last # of DB Queries
--------------------------------------------  -----  ---------  --------  ----------  --------------  -------------------  ----------------------
/opt/airflow/dags/hello_world.py               3521  0.00s             1           0  0.10s           2026-04-02T11:07:52                      12
/opt/airflow/dags/keycloak/setup_keycloak.py                           1           0  0.09s           2026-04-02T11:08:17                      10
================================================================================
[2026-04-02T11:08:52.650+0000] {manager.py:997} INFO - 
================================================================================
DAG File Processing Stats

File Path                                       PID  Runtime      # DAGs    # Errors  Last Runtime    Last Run               Last # of DB Queries
--------------------------------------------  -----  ---------  --------  ----------  --------------  -------------------  ----------------------
/opt/airflow/dags/hello_world.py               3531  0.00s             1           0  0.08s           2026-04-02T11:08:22                      12
/opt/airflow/dags/keycloak/setup_keycloak.py                           1           0  0.08s           2026-04-02T11:08:47                      10
================================================================================
[2026-04-02T11:09:22.936+0000] {manager.py:997} INFO - 
================================================================================
DAG File Processing Stats

File Path                                       PID  Runtime      # DAGs    # Errors  Last Runtime    Last Run               Last # of DB Queries
--------------------------------------------  -----  ---------  --------  ----------  --------------  -------------------  ----------------------
/opt/airflow/dags/hello_world.py               3541  0.00s             1           0  0.11s           2026-04-02T11:08:52                      12
/opt/airflow/dags/keycloak/setup_keycloak.py                           1           0  0.08s           2026-04-02T11:09:17                      10
================================================================================
[2026-04-02T11:09:53.188+0000] {manager.py:997} INFO - 
================================================================================
DAG File Processing Stats

File Path                                       PID  Runtime      # DAGs    # Errors  Last Runtime    Last Run               Last # of DB Queries
--------------------------------------------  -----  ---------  --------  ----------  --------------  -------------------  ----------------------
/opt/airflow/dags/hello_world.py               3551  0.00s             1           0  0.10s           2026-04-02T11:09:23                      12
/opt/airflow/dags/keycloak/setup_keycloak.py                           1           0  0.08s           2026-04-02T11:09:48                      10
================================================================================
[2026-04-02T11:10:04.329+0000] {manager.py:821} INFO - Searching for files in /opt/airflow/dags
[2026-04-02T11:10:04.351+0000] {manager.py:824} INFO - There are 2 files in /opt/airflow/dags
[2026-04-02T11:10:23.507+0000] {manager.py:997} INFO - 
================================================================================
DAG File Processing Stats

File Path                                       PID  Runtime      # DAGs    # Errors  Last Runtime    Last Run               Last # of DB Queries
--------------------------------------------  -----  ---------  --------  ----------  --------------  -------------------  ----------------------
/opt/airflow/dags/hello_world.py               3561  0.00s             1           0  0.09s           2026-04-02T11:09:53                      12
/opt/airflow/dags/keycloak/setup_keycloak.py                           1           0  0.08s           2026-04-02T11:10:18                      10
================================================================================
[2026-04-02T11:10:53.810+0000] {manager.py:997} INFO - 
================================================================================
DAG File Processing Stats

File Path                                       PID  Runtime      # DAGs    # Errors  Last Runtime    Last Run               Last # of DB Queries
--------------------------------------------  -----  ---------  --------  ----------  --------------  -------------------  ----------------------
/opt/airflow/dags/hello_world.py               3571  0.00s             1           0  0.10s           2026-04-02T11:10:23                      12
/opt/airflow/dags/keycloak/setup_keycloak.py                           1           0  0.09s           2026-04-02T11:10:48                      10
================================================================================
[2026-04-02T11:11:24.114+0000] {manager.py:997} INFO - 
================================================================================
DAG File Processing Stats

File Path                                       PID  Runtime      # DAGs    # Errors  Last Runtime    Last Run               Last # of DB Queries
--------------------------------------------  -----  ---------  --------  ----------  --------------  -------------------  ----------------------
/opt/airflow/dags/hello_world.py               3581  0.00s             1           0  0.09s           2026-04-02T11:10:53                      12
/opt/airflow/dags/keycloak/setup_keycloak.py                           1           0  0.08s           2026-04-02T11:11:19                      10
================================================================================
[2026-04-02T11:11:54.393+0000] {manager.py:997} INFO - 
================================================================================
DAG File Processing Stats

File Path                                       PID  Runtime      # DAGs    # Errors  Last Runtime    Last Run               Last # of DB Queries
--------------------------------------------  -----  ---------  --------  ----------  --------------  -------------------  ----------------------
/opt/airflow/dags/hello_world.py               3591  0.00s             1           0  0.10s           2026-04-02T11:11:24                      12
/opt/airflow/dags/keycloak/setup_keycloak.py                           1           0  0.08s           2026-04-02T11:11:49                      10
================================================================================
[2026-04-02T11:12:24.694+0000] {manager.py:997} INFO - 
================================================================================
DAG File Processing Stats

File Path                                       PID  Runtime      # DAGs    # Errors  Last Runtime    Last Run               Last # of DB Queries
--------------------------------------------  -----  ---------  --------  ----------  --------------  -------------------  ----------------------
/opt/airflow/dags/keycloak/setup_keycloak.py                           1           0  0.10s           2026-04-02T11:12:19                      10
/opt/airflow/dags/hello_world.py               3601  0.00s             1           0  0.10s           2026-04-02T11:11:54                      12
================================================================================
[2026-04-02T11:12:54.962+0000] {manager.py:997} INFO - 
================================================================================
DAG File Processing Stats

File Path                                       PID  Runtime      # DAGs    # Errors  Last Runtime    Last Run               Last # of DB Queries
--------------------------------------------  -----  ---------  --------  ----------  --------------  -------------------  ----------------------
/opt/airflow/dags/hello_world.py               3611  0.00s             1           0  0.08s           2026-04-02T11:12:24                      12
/opt/airflow/dags/keycloak/setup_keycloak.py                           1           0  0.08s           2026-04-02T11:12:49                      10
================================================================================
[2026-04-02T11:13:25.192+0000] {manager.py:997} INFO - 
================================================================================
DAG File Processing Stats

File Path                                       PID  Runtime      # DAGs    # Errors  Last Runtime    Last Run               Last # of DB Queries
--------------------------------------------  -----  ---------  --------  ----------  --------------  -------------------  ----------------------
/opt/airflow/dags/keycloak/setup_keycloak.py                           1           0  0.09s           2026-04-02T11:13:20                      10
/opt/airflow/dags/hello_world.py               3621  0.00s             1           0  0.09s           2026-04-02T11:12:55                      12
================================================================================
[2026-04-02T11:13:55.487+0000] {manager.py:997} INFO - 
================================================================================
DAG File Processing Stats

File Path                                       PID  Runtime      # DAGs    # Errors  Last Runtime    Last Run               Last # of DB Queries
--------------------------------------------  -----  ---------  --------  ----------  --------------  -------------------  ----------------------
/opt/airflow/dags/hello_world.py               3631  0.00s             1           0  0.09s           2026-04-02T11:13:25                      12
/opt/airflow/dags/keycloak/setup_keycloak.py                           1           0  0.08s           2026-04-02T11:13:50                      10
================================================================================
[2026-04-02T11:14:25.747+0000] {manager.py:997} INFO - 
================================================================================
DAG File Processing Stats

File Path                                       PID  Runtime      # DAGs    # Errors  Last Runtime    Last Run               Last # of DB Queries
--------------------------------------------  -----  ---------  --------  ----------  --------------  -------------------  ----------------------
/opt/airflow/dags/hello_world.py               3641  0.00s             1           0  0.11s           2026-04-02T11:13:55                      12
/opt/airflow/dags/keycloak/setup_keycloak.py                           1           0  0.10s           2026-04-02T11:14:20                      10
================================================================================
[2026-04-02T11:14:56.019+0000] {manager.py:997} INFO - 
================================================================================
DAG File Processing Stats

File Path                                       PID  Runtime      # DAGs    # Errors  Last Runtime    Last Run               Last # of DB Queries
--------------------------------------------  -----  ---------  --------  ----------  --------------  -------------------  ----------------------
/opt/airflow/dags/keycloak/setup_keycloak.py                           1           0  0.09s           2026-04-02T11:14:51                      10
/opt/airflow/dags/hello_world.py               3651  0.00s             1           0  0.09s           2026-04-02T11:14:25                      12
================================================================================
[2026-04-02T11:15:05.154+0000] {manager.py:821} INFO - Searching for files in /opt/airflow/dags
[2026-04-02T11:15:05.157+0000] {manager.py:824} INFO - There are 2 files in /opt/airflow/dags
[2026-04-02T11:15:26.300+0000] {manager.py:997} INFO - 
================================================================================
DAG File Processing Stats

File Path                                       PID  Runtime      # DAGs    # Errors  Last Runtime    Last Run               Last # of DB Queries
--------------------------------------------  -----  ---------  --------  ----------  --------------  -------------------  ----------------------
/opt/airflow/dags/hello_world.py               3661  0.00s             1           0  0.10s           2026-04-02T11:14:56                      12
/opt/airflow/dags/keycloak/setup_keycloak.py                           1           0  0.09s           2026-04-02T11:15:21                      10
================================================================================
[2026-04-02T11:15:56.609+0000] {manager.py:997} INFO - 
================================================================================
DAG File Processing Stats

File Path                                       PID  Runtime      # DAGs    # Errors  Last Runtime    Last Run               Last # of DB Queries
--------------------------------------------  -----  ---------  --------  ----------  --------------  -------------------  ----------------------
/opt/airflow/dags/hello_world.py               3671  0.00s             1           0  0.08s           2026-04-02T11:15:26                      12
/opt/airflow/dags/keycloak/setup_keycloak.py                           1           0  0.08s           2026-04-02T11:15:51                      10
================================================================================
[2026-04-02T11:16:26.904+0000] {manager.py:997} INFO - 
================================================================================
DAG File Processing Stats

File Path                                       PID  Runtime      # DAGs    # Errors  Last Runtime    Last Run               Last # of DB Queries
--------------------------------------------  -----  ---------  --------  ----------  --------------  -------------------  ----------------------
/opt/airflow/dags/hello_world.py               3681  0.00s             1           0  0.09s           2026-04-02T11:15:56                      12
/opt/airflow/dags/keycloak/setup_keycloak.py                           1           0  0.08s           2026-04-02T11:16:21                      10
================================================================================
[2026-04-02T11:16:57.176+0000] {manager.py:997} INFO - 
================================================================================
DAG File Processing Stats

File Path                                       PID  Runtime      # DAGs    # Errors  Last Runtime    Last Run               Last # of DB Queries
--------------------------------------------  -----  ---------  --------  ----------  --------------  -------------------  ----------------------
/opt/airflow/dags/hello_world.py               3691  0.00s             1           0  0.08s           2026-04-02T11:16:26                      12
/opt/airflow/dags/keycloak/setup_keycloak.py                           1           0  0.08s           2026-04-02T11:16:52                      10
================================================================================
[2026-04-02T11:17:27.463+0000] {manager.py:997} INFO - 
================================================================================
DAG File Processing Stats

File Path                                       PID  Runtime      # DAGs    # Errors  Last Runtime    Last Run               Last # of DB Queries
--------------------------------------------  -----  ---------  --------  ----------  --------------  -------------------  ----------------------
/opt/airflow/dags/keycloak/setup_keycloak.py                           1           0  0.10s           2026-04-02T11:17:22                      10
/opt/airflow/dags/hello_world.py               3701  0.00s             1           0  0.09s           2026-04-02T11:16:57                      12
================================================================================
[2026-04-02T11:17:57.768+0000] {manager.py:997} INFO - 
================================================================================
DAG File Processing Stats

File Path                                       PID  Runtime      # DAGs    # Errors  Last Runtime    Last Run               Last # of DB Queries
--------------------------------------------  -----  ---------  --------  ----------  --------------  -------------------  ----------------------
/opt/airflow/dags/hello_world.py               3711  0.00s             1           0  0.09s           2026-04-02T11:17:27                      12
/opt/airflow/dags/keycloak/setup_keycloak.py                           1           0  0.09s           2026-04-02T11:17:52                      10
================================================================================
[2026-04-02T11:18:28.084+0000] {manager.py:997} INFO - 
================================================================================
DAG File Processing Stats

File Path                                       PID  Runtime      # DAGs    # Errors  Last Runtime    Last Run               Last # of DB Queries
--------------------------------------------  -----  ---------  --------  ----------  --------------  -------------------  ----------------------
/opt/airflow/dags/keycloak/setup_keycloak.py                           1           0  0.12s           2026-04-02T11:18:23                      10
/opt/airflow/dags/hello_world.py               3721  0.00s             1           0  0.11s           2026-04-02T11:17:57                      12
================================================================================
[2026-04-02T11:18:58.360+0000] {manager.py:997} INFO - 
================================================================================
DAG File Processing Stats

File Path                                       PID  Runtime      # DAGs    # Errors  Last Runtime    Last Run               Last # of DB Queries
--------------------------------------------  -----  ---------  --------  ----------  --------------  -------------------  ----------------------
/opt/airflow/dags/keycloak/setup_keycloak.py                           1           0  0.10s           2026-04-02T11:18:53                      10
/opt/airflow/dags/hello_world.py               3731  0.00s             1           0  0.09s           2026-04-02T11:18:28                      12
================================================================================
[2026-04-02T11:19:28.683+0000] {manager.py:997} INFO - 
================================================================================
DAG File Processing Stats

File Path                                       PID  Runtime      # DAGs    # Errors  Last Runtime    Last Run               Last # of DB Queries
--------------------------------------------  -----  ---------  --------  ----------  --------------  -------------------  ----------------------
/opt/airflow/dags/hello_world.py               3741  0.00s             1           0  0.09s           2026-04-02T11:18:58                      12
/opt/airflow/dags/keycloak/setup_keycloak.py                           1           0  0.08s           2026-04-02T11:19:23                      10
================================================================================
[2026-04-02T11:19:58.964+0000] {manager.py:997} INFO - 
================================================================================
DAG File Processing Stats

File Path                                       PID  Runtime      # DAGs    # Errors  Last Runtime    Last Run               Last # of DB Queries
--------------------------------------------  -----  ---------  --------  ----------  --------------  -------------------  ----------------------
/opt/airflow/dags/hello_world.py               3751  0.00s             1           0  0.09s           2026-04-02T11:19:28                      12
/opt/airflow/dags/keycloak/setup_keycloak.py                           1           0  0.08s           2026-04-02T11:19:53                      10
================================================================================
[2026-04-02T11:20:06.075+0000] {manager.py:821} INFO - Searching for files in /opt/airflow/dags
[2026-04-02T11:20:06.096+0000] {manager.py:824} INFO - There are 2 files in /opt/airflow/dags
[2026-04-02T11:20:29.264+0000] {manager.py:997} INFO - 
================================================================================
DAG File Processing Stats

File Path                                       PID  Runtime      # DAGs    # Errors  Last Runtime    Last Run               Last # of DB Queries
--------------------------------------------  -----  ---------  --------  ----------  --------------  -------------------  ----------------------
/opt/airflow/dags/keycloak/setup_keycloak.py                           1           0  0.11s           2026-04-02T11:20:24                      10
/opt/airflow/dags/hello_world.py               3761  0.00s             1           0  0.10s           2026-04-02T11:19:59                      12
================================================================================
[2026-04-02T11:20:59.463+0000] {manager.py:997} INFO - 
================================================================================
DAG File Processing Stats

File Path                                       PID  Runtime      # DAGs    # Errors  Last Runtime    Last Run               Last # of DB Queries
--------------------------------------------  -----  ---------  --------  ----------  --------------  -------------------  ----------------------
/opt/airflow/dags/hello_world.py               3771  0.00s             1           0  0.10s           2026-04-02T11:20:29                      12
/opt/airflow/dags/keycloak/setup_keycloak.py                           1           0  0.08s           2026-04-02T11:20:54                      10
================================================================================
[2026-04-02T11:21:29.803+0000] {manager.py:997} INFO - 
================================================================================
DAG File Processing Stats

File Path                                       PID  Runtime      # DAGs    # Errors  Last Runtime    Last Run               Last # of DB Queries
--------------------------------------------  -----  ---------  --------  ----------  --------------  -------------------  ----------------------
/opt/airflow/dags/keycloak/setup_keycloak.py                           1           0  0.09s           2026-04-02T11:21:24                      10
/opt/airflow/dags/hello_world.py               3781  0.00s             1           0  0.09s           2026-04-02T11:20:59                      12
================================================================================
[2026-04-02T11:22:00.071+0000] {manager.py:997} INFO - 
================================================================================
DAG File Processing Stats

File Path                                       PID  Runtime      # DAGs    # Errors  Last Runtime    Last Run               Last # of DB Queries
--------------------------------------------  -----  ---------  --------  ----------  --------------  -------------------  ----------------------
/opt/airflow/dags/hello_world.py               3791  0.00s             1           0  0.09s           2026-04-02T11:21:29                      12
/opt/airflow/dags/keycloak/setup_keycloak.py                           1           0  0.08s           2026-04-02T11:21:55                      10
================================================================================
[2026-04-02T11:22:30.350+0000] {manager.py:997} INFO - 
================================================================================
DAG File Processing Stats

File Path                                       PID  Runtime      # DAGs    # Errors  Last Runtime    Last Run               Last # of DB Queries
--------------------------------------------  -----  ---------  --------  ----------  --------------  -------------------  ----------------------
/opt/airflow/dags/hello_world.py               3801  0.00s             1           0  0.09s           2026-04-02T11:22:00                      12
/opt/airflow/dags/keycloak/setup_keycloak.py                           1           0  0.09s           2026-04-02T11:22:25                      10
================================================================================
[2026-04-02T11:23:00.662+0000] {manager.py:997} INFO - 
================================================================================
DAG File Processing Stats

File Path                                       PID  Runtime      # DAGs    # Errors  Last Runtime    Last Run               Last # of DB Queries
--------------------------------------------  -----  ---------  --------  ----------  --------------  -------------------  ----------------------
/opt/airflow/dags/keycloak/setup_keycloak.py                           1           0  0.10s           2026-04-02T11:22:55                      10
/opt/airflow/dags/hello_world.py               3811  0.00s             1           0  0.09s           2026-04-02T11:22:30                      12
================================================================================
[2026-04-02T11:23:30.940+0000] {manager.py:997} INFO - 
================================================================================
DAG File Processing Stats

File Path                                       PID  Runtime      # DAGs    # Errors  Last Runtime    Last Run               Last # of DB Queries
--------------------------------------------  -----  ---------  --------  ----------  --------------  -------------------  ----------------------
/opt/airflow/dags/hello_world.py               3821  0.00s             1           0  0.11s           2026-04-02T11:23:00                      12
/opt/airflow/dags/keycloak/setup_keycloak.py                           1           0  0.08s           2026-04-02T11:23:25                      10
================================================================================
[2026-04-02T11:24:01.196+0000] {manager.py:997} INFO - 
================================================================================
DAG File Processing Stats

File Path                                       PID  Runtime      # DAGs    # Errors  Last Runtime    Last Run               Last # of DB Queries
--------------------------------------------  -----  ---------  --------  ----------  --------------  -------------------  ----------------------
/opt/airflow/dags/keycloak/setup_keycloak.py                           1           0  0.09s           2026-04-02T11:23:56                      10
/opt/airflow/dags/hello_world.py               3831  0.00s             1           0  0.08s           2026-04-02T11:23:31                      12
================================================================================
[2026-04-02T11:24:31.476+0000] {manager.py:997} INFO - 
================================================================================
DAG File Processing Stats

File Path                                       PID  Runtime      # DAGs    # Errors  Last Runtime    Last Run               Last # of DB Queries
--------------------------------------------  -----  ---------  --------  ----------  --------------  -------------------  ----------------------
/opt/airflow/dags/keycloak/setup_keycloak.py                           1           0  0.10s           2026-04-02T11:24:26                      10
/opt/airflow/dags/hello_world.py               3841  0.00s             1           0  0.09s           2026-04-02T11:24:01                      12
================================================================================
[2026-04-02T11:25:01.744+0000] {manager.py:997} INFO - 
================================================================================
DAG File Processing Stats

File Path                                       PID  Runtime      # DAGs    # Errors  Last Runtime    Last Run               Last # of DB Queries
--------------------------------------------  -----  ---------  --------  ----------  --------------  -------------------  ----------------------
/opt/airflow/dags/hello_world.py               3851  0.00s             1           0  0.09s           2026-04-02T11:24:31                      12
/opt/airflow/dags/keycloak/setup_keycloak.py                           1           0  0.08s           2026-04-02T11:24:56                      10
================================================================================
[2026-04-02T11:25:06.814+0000] {manager.py:821} INFO - Searching for files in /opt/airflow/dags
[2026-04-02T11:25:06.819+0000] {manager.py:824} INFO - There are 2 files in /opt/airflow/dags
[2026-04-02T11:25:32.004+0000] {manager.py:997} INFO - 
================================================================================
DAG File Processing Stats

File Path                                       PID  Runtime      # DAGs    # Errors  Last Runtime    Last Run               Last # of DB Queries
--------------------------------------------  -----  ---------  --------  ----------  --------------  -------------------  ----------------------
/opt/airflow/dags/keycloak/setup_keycloak.py                           1           0  0.10s           2026-04-02T11:25:27                      10
/opt/airflow/dags/hello_world.py               3861  0.00s             1           0  0.09s           2026-04-02T11:25:01                      12
================================================================================
[2026-04-02T11:26:02.292+0000] {manager.py:997} INFO - 
================================================================================
DAG File Processing Stats

File Path                                       PID  Runtime      # DAGs    # Errors  Last Runtime    Last Run               Last # of DB Queries
--------------------------------------------  -----  ---------  --------  ----------  --------------  -------------------  ----------------------
/opt/airflow/dags/keycloak/setup_keycloak.py                           1           0  0.09s           2026-04-02T11:25:57                      10
/opt/airflow/dags/hello_world.py               3871  0.00s             1           0  0.09s           2026-04-02T11:25:32                      12
================================================================================
[2026-04-02T11:26:32.615+0000] {manager.py:997} INFO - 
================================================================================
DAG File Processing Stats

File Path                                       PID  Runtime      # DAGs    # Errors  Last Runtime    Last Run               Last # of DB Queries
--------------------------------------------  -----  ---------  --------  ----------  --------------  -------------------  ----------------------
/opt/airflow/dags/hello_world.py               3881  0.00s             1           0  0.10s           2026-04-02T11:26:02                      12
/opt/airflow/dags/keycloak/setup_keycloak.py                           1           0  0.08s           2026-04-02T11:26:27                      10
================================================================================
[2026-04-02T11:27:02.906+0000] {manager.py:997} INFO - 
================================================================================
DAG File Processing Stats

File Path                                       PID  Runtime      # DAGs    # Errors  Last Runtime    Last Run               Last # of DB Queries
--------------------------------------------  -----  ---------  --------  ----------  --------------  -------------------  ----------------------
/opt/airflow/dags/hello_world.py               3891  0.00s             1           0  0.09s           2026-04-02T11:26:32                      12
/opt/airflow/dags/keycloak/setup_keycloak.py                           1           0  0.08s           2026-04-02T11:26:57                      10
================================================================================
[2026-04-02T11:27:33.204+0000] {manager.py:997} INFO - 
================================================================================
DAG File Processing Stats

File Path                                       PID  Runtime      # DAGs    # Errors  Last Runtime    Last Run               Last # of DB Queries
--------------------------------------------  -----  ---------  --------  ----------  --------------  -------------------  ----------------------
/opt/airflow/dags/keycloak/setup_keycloak.py                           1           0  0.09s           2026-04-02T11:27:28                      10
/opt/airflow/dags/hello_world.py               3901  0.00s             1           0  0.09s           2026-04-02T11:27:02                      12
================================================================================
[2026-04-02T11:28:03.493+0000] {manager.py:997} INFO - 
================================================================================
DAG File Processing Stats

File Path                                       PID  Runtime      # DAGs    # Errors  Last Runtime    Last Run               Last # of DB Queries
--------------------------------------------  -----  ---------  --------  ----------  --------------  -------------------  ----------------------
/opt/airflow/dags/hello_world.py               3911  0.00s             1           0  0.10s           2026-04-02T11:27:33                      12
/opt/airflow/dags/keycloak/setup_keycloak.py                           1           0  0.08s           2026-04-02T11:27:58                      10
================================================================================
[2026-04-02T11:28:33.768+0000] {manager.py:997} INFO - 
================================================================================
DAG File Processing Stats

File Path                                       PID  Runtime      # DAGs    # Errors  Last Runtime    Last Run               Last # of DB Queries
--------------------------------------------  -----  ---------  --------  ----------  --------------  -------------------  ----------------------
/opt/airflow/dags/hello_world.py               3921  0.00s             1           0  0.10s           2026-04-02T11:28:03                      12
/opt/airflow/dags/keycloak/setup_keycloak.py                           1           0  0.09s           2026-04-02T11:28:28                      10
================================================================================
[2026-04-02T11:29:04.063+0000] {manager.py:997} INFO - 
================================================================================
DAG File Processing Stats

File Path                                       PID  Runtime      # DAGs    # Errors  Last Runtime    Last Run               Last # of DB Queries
--------------------------------------------  -----  ---------  --------  ----------  --------------  -------------------  ----------------------
/opt/airflow/dags/hello_world.py               3931  0.00s             1           0  0.08s           2026-04-02T11:28:33                      12
/opt/airflow/dags/keycloak/setup_keycloak.py                           1           0  0.08s           2026-04-02T11:28:59                      10
================================================================================
[2026-04-02T11:29:34.355+0000] {manager.py:997} INFO - 
================================================================================
DAG File Processing Stats

File Path                                       PID  Runtime      # DAGs    # Errors  Last Runtime    Last Run               Last # of DB Queries
--------------------------------------------  -----  ---------  --------  ----------  --------------  -------------------  ----------------------
/opt/airflow/dags/hello_world.py               3941  0.00s             1           0  0.10s           2026-04-02T11:29:04                      12
/opt/airflow/dags/keycloak/setup_keycloak.py                           1           0  0.09s           2026-04-02T11:29:29                      10
================================================================================
[2026-04-02T11:30:04.652+0000] {manager.py:997} INFO - 
================================================================================
DAG File Processing Stats

File Path                                       PID  Runtime      # DAGs    # Errors  Last Runtime    Last Run               Last # of DB Queries
--------------------------------------------  -----  ---------  --------  ----------  --------------  -------------------  ----------------------
/opt/airflow/dags/hello_world.py               3951  0.00s             1           0  0.08s           2026-04-02T11:29:34                      12
/opt/airflow/dags/keycloak/setup_keycloak.py                           1           0  0.08s           2026-04-02T11:29:59                      10
================================================================================
[2026-04-02T11:30:07.733+0000] {manager.py:821} INFO - Searching for files in /opt/airflow/dags
[2026-04-02T11:30:07.738+0000] {manager.py:824} INFO - There are 2 files in /opt/airflow/dags
[2026-04-02T11:30:34.947+0000] {manager.py:997} INFO - 
================================================================================
DAG File Processing Stats

File Path                                       PID  Runtime      # DAGs    # Errors  Last Runtime    Last Run               Last # of DB Queries
--------------------------------------------  -----  ---------  --------  ----------  --------------  -------------------  ----------------------
/opt/airflow/dags/hello_world.py               3961  0.00s             1           0  0.10s           2026-04-02T11:30:04                      12
/opt/airflow/dags/keycloak/setup_keycloak.py                           1           0  0.10s           2026-04-02T11:30:29                      10
================================================================================
[2026-04-02T11:31:05.213+0000] {manager.py:997} INFO - 
================================================================================
DAG File Processing Stats

File Path                                       PID  Runtime      # DAGs    # Errors  Last Runtime    Last Run               Last # of DB Queries
--------------------------------------------  -----  ---------  --------  ----------  --------------  -------------------  ----------------------
/opt/airflow/dags/hello_world.py               3971  0.00s             1           0  0.09s           2026-04-02T11:30:35                      12
/opt/airflow/dags/keycloak/setup_keycloak.py                           1           0  0.08s           2026-04-02T11:31:00                      10
================================================================================
[2026-04-02T11:31:35.505+0000] {manager.py:997} INFO - 
================================================================================
DAG File Processing Stats

File Path                                       PID  Runtime      # DAGs    # Errors  Last Runtime    Last Run               Last # of DB Queries
--------------------------------------------  -----  ---------  --------  ----------  --------------  -------------------  ----------------------
/opt/airflow/dags/keycloak/setup_keycloak.py                           1           0  0.10s           2026-04-02T11:31:30                      10
/opt/airflow/dags/hello_world.py               3981  0.00s             1           0  0.09s           2026-04-02T11:31:05                      12
================================================================================
[2026-04-02T11:32:05.825+0000] {manager.py:997} INFO - 
================================================================================
DAG File Processing Stats

File Path                                       PID  Runtime      # DAGs    # Errors  Last Runtime    Last Run               Last # of DB Queries
--------------------------------------------  -----  ---------  --------  ----------  --------------  -------------------  ----------------------
/opt/airflow/dags/hello_world.py               3991  0.00s             1           0  0.13s           2026-04-02T11:31:35                      12
/opt/airflow/dags/keycloak/setup_keycloak.py                           1           0  0.08s           2026-04-02T11:32:00                      10
================================================================================
[2026-04-02T11:32:36.081+0000] {manager.py:997} INFO - 
================================================================================
DAG File Processing Stats

File Path                                       PID  Runtime      # DAGs    # Errors  Last Runtime    Last Run               Last # of DB Queries
--------------------------------------------  -----  ---------  --------  ----------  --------------  -------------------  ----------------------
/opt/airflow/dags/hello_world.py               4001  0.00s             1           0  0.10s           2026-04-02T11:32:05                      12
/opt/airflow/dags/keycloak/setup_keycloak.py                           1           0  0.09s           2026-04-02T11:32:31                      10
================================================================================
[2026-04-02T11:33:06.358+0000] {manager.py:997} INFO - 
================================================================================
DAG File Processing Stats

File Path                                       PID  Runtime      # DAGs    # Errors  Last Runtime    Last Run               Last # of DB Queries
--------------------------------------------  -----  ---------  --------  ----------  --------------  -------------------  ----------------------
/opt/airflow/dags/hello_world.py               4011  0.00s             1           0  0.09s           2026-04-02T11:32:36                      12
/opt/airflow/dags/keycloak/setup_keycloak.py                           1           0  0.07s           2026-04-02T11:33:01                      10
================================================================================
[2026-04-02T11:33:36.643+0000] {manager.py:997} INFO - 
================================================================================
DAG File Processing Stats

File Path                                       PID  Runtime      # DAGs    # Errors  Last Runtime    Last Run               Last # of DB Queries
--------------------------------------------  -----  ---------  --------  ----------  --------------  -------------------  ----------------------
/opt/airflow/dags/keycloak/setup_keycloak.py                           1           0  0.09s           2026-04-02T11:33:31                      10
/opt/airflow/dags/hello_world.py               4021  0.00s             1           0  0.08s           2026-04-02T11:33:06                      12
================================================================================
[2026-04-02T11:34:06.918+0000] {manager.py:997} INFO - 
================================================================================
DAG File Processing Stats

File Path                                       PID  Runtime      # DAGs    # Errors  Last Runtime    Last Run               Last # of DB Queries
--------------------------------------------  -----  ---------  --------  ----------  --------------  -------------------  ----------------------
/opt/airflow/dags/hello_world.py               4031  0.00s             1           0  0.09s           2026-04-02T11:33:36                      12
/opt/airflow/dags/keycloak/setup_keycloak.py                           1           0  0.09s           2026-04-02T11:34:01                      10
================================================================================
[2026-04-02T11:34:37.211+0000] {manager.py:997} INFO - 
================================================================================
DAG File Processing Stats

File Path                                       PID  Runtime      # DAGs    # Errors  Last Runtime    Last Run               Last # of DB Queries
--------------------------------------------  -----  ---------  --------  ----------  --------------  -------------------  ----------------------
/opt/airflow/dags/keycloak/setup_keycloak.py                           1           0  0.09s           2026-04-02T11:34:32                      10
/opt/airflow/dags/hello_world.py               4042  0.00s             1           0  0.09s           2026-04-02T11:34:07                      12
================================================================================
[2026-04-02T11:35:07.494+0000] {manager.py:997} INFO - 
================================================================================
DAG File Processing Stats

File Path                                       PID  Runtime      # DAGs    # Errors  Last Runtime    Last Run               Last # of DB Queries
--------------------------------------------  -----  ---------  --------  ----------  --------------  -------------------  ----------------------
/opt/airflow/dags/hello_world.py               4052  0.00s             1           0  0.08s           2026-04-02T11:34:37                      12
/opt/airflow/dags/keycloak/setup_keycloak.py                           1           0  0.08s           2026-04-02T11:35:02                      10
================================================================================
[2026-04-02T11:35:08.563+0000] {manager.py:821} INFO - Searching for files in /opt/airflow/dags
[2026-04-02T11:35:08.567+0000] {manager.py:824} INFO - There are 2 files in /opt/airflow/dags
[2026-04-02T11:35:37.782+0000] {manager.py:997} INFO - 
================================================================================
DAG File Processing Stats

File Path                                       PID  Runtime      # DAGs    # Errors  Last Runtime    Last Run               Last # of DB Queries
--------------------------------------------  -----  ---------  --------  ----------  --------------  -------------------  ----------------------
/opt/airflow/dags/hello_world.py               4062  0.00s             1           0  0.10s           2026-04-02T11:35:07                      12
/opt/airflow/dags/keycloak/setup_keycloak.py                           1           0  0.09s           2026-04-02T11:35:32                      10
================================================================================
[2026-04-02T11:36:08.044+0000] {manager.py:997} INFO - 
================================================================================
DAG File Processing Stats

File Path                                       PID  Runtime      # DAGs    # Errors  Last Runtime    Last Run               Last # of DB Queries
--------------------------------------------  -----  ---------  --------  ----------  --------------  -------------------  ----------------------
/opt/airflow/dags/hello_world.py               4072  0.00s             1           0  0.09s           2026-04-02T11:35:37                      12
/opt/airflow/dags/keycloak/setup_keycloak.py                           1           0  0.08s           2026-04-02T11:36:03                      10
================================================================================
[2026-04-02T11:36:38.336+0000] {manager.py:997} INFO - 
================================================================================
DAG File Processing Stats

File Path                                       PID  Runtime      # DAGs    # Errors  Last Runtime    Last Run               Last # of DB Queries
--------------------------------------------  -----  ---------  --------  ----------  --------------  -------------------  ----------------------
/opt/airflow/dags/hello_world.py               4082  0.00s             1           0  0.09s           2026-04-02T11:36:08                      12
/opt/airflow/dags/keycloak/setup_keycloak.py                           1           0  0.08s           2026-04-02T11:36:33                      10
================================================================================
[2026-04-02T11:37:08.632+0000] {manager.py:997} INFO - 
================================================================================
DAG File Processing Stats

File Path                                       PID  Runtime      # DAGs    # Errors  Last Runtime    Last Run               Last # of DB Queries
--------------------------------------------  -----  ---------  --------  ----------  --------------  -------------------  ----------------------
/opt/airflow/dags/hello_world.py               4092  0.00s             1           0  0.09s           2026-04-02T11:36:38                      12
/opt/airflow/dags/keycloak/setup_keycloak.py                           1           0  0.08s           2026-04-02T11:37:03                      10
================================================================================
[2026-04-02T11:37:38.912+0000] {manager.py:997} INFO - 
================================================================================
DAG File Processing Stats

File Path                                       PID  Runtime      # DAGs    # Errors  Last Runtime    Last Run               Last # of DB Queries
--------------------------------------------  -----  ---------  --------  ----------  --------------  -------------------  ----------------------
/opt/airflow/dags/hello_world.py               4102  0.00s             1           0  0.11s           2026-04-02T11:37:08                      12
/opt/airflow/dags/keycloak/setup_keycloak.py                           1           0  0.10s           2026-04-02T11:37:33                      10
================================================================================
[2026-04-02T11:38:09.199+0000] {manager.py:997} INFO - 
================================================================================
DAG File Processing Stats

File Path                                       PID  Runtime      # DAGs    # Errors  Last Runtime    Last Run               Last # of DB Queries
--------------------------------------------  -----  ---------  --------  ----------  --------------  -------------------  ----------------------
/opt/airflow/dags/hello_world.py               4112  0.00s             1           0  0.09s           2026-04-02T11:37:38                      12
/opt/airflow/dags/keycloak/setup_keycloak.py                           1           0  0.08s           2026-04-02T11:38:04                      10
================================================================================
[2026-04-02T11:38:39.485+0000] {manager.py:997} INFO - 
================================================================================
DAG File Processing Stats

File Path                                       PID  Runtime      # DAGs    # Errors  Last Runtime    Last Run               Last # of DB Queries
--------------------------------------------  -----  ---------  --------  ----------  --------------  -------------------  ----------------------
/opt/airflow/dags/hello_world.py               4122  0.00s             1           0  0.09s           2026-04-02T11:38:09                      12
/opt/airflow/dags/keycloak/setup_keycloak.py                           1           0  0.09s           2026-04-02T11:38:34                      10
================================================================================
[2026-04-02T11:39:09.763+0000] {manager.py:997} INFO - 
================================================================================
DAG File Processing Stats

File Path                                       PID  Runtime      # DAGs    # Errors  Last Runtime    Last Run               Last # of DB Queries
--------------------------------------------  -----  ---------  --------  ----------  --------------  -------------------  ----------------------
/opt/airflow/dags/hello_world.py               4132  0.00s             1           0  0.08s           2026-04-02T11:38:39                      12
/opt/airflow/dags/keycloak/setup_keycloak.py                           1           0  0.08s           2026-04-02T11:39:04                      10
================================================================================
[2026-04-02T11:39:40.072+0000] {manager.py:997} INFO - 
================================================================================
DAG File Processing Stats

File Path                                       PID  Runtime      # DAGs    # Errors  Last Runtime    Last Run               Last # of DB Queries
--------------------------------------------  -----  ---------  --------  ----------  --------------  -------------------  ----------------------
/opt/airflow/dags/keycloak/setup_keycloak.py                           1           0  0.10s           2026-04-02T11:39:35                      10
/opt/airflow/dags/hello_world.py               4142  0.00s             1           0  0.09s           2026-04-02T11:39:09                      12
================================================================================
[2026-04-02T11:40:09.340+0000] {manager.py:821} INFO - Searching for files in /opt/airflow/dags
[2026-04-02T11:40:09.361+0000] {manager.py:824} INFO - There are 2 files in /opt/airflow/dags
[2026-04-02T11:40:10.374+0000] {manager.py:997} INFO - 
================================================================================
DAG File Processing Stats

File Path                                       PID  Runtime      # DAGs    # Errors  Last Runtime    Last Run               Last # of DB Queries
--------------------------------------------  -----  ---------  --------  ----------  --------------  -------------------  ----------------------
/opt/airflow/dags/hello_world.py               4152  0.00s             1           0  0.11s           2026-04-02T11:39:40                      12
/opt/airflow/dags/keycloak/setup_keycloak.py                           1           0  0.08s           2026-04-02T11:40:05                      10
================================================================================
[2026-04-02T11:40:40.680+0000] {manager.py:997} INFO - 
================================================================================
DAG File Processing Stats

File Path                                       PID  Runtime      # DAGs    # Errors  Last Runtime    Last Run               Last # of DB Queries
--------------------------------------------  -----  ---------  --------  ----------  --------------  -------------------  ----------------------
/opt/airflow/dags/keycloak/setup_keycloak.py                           1           0  0.14s           2026-04-02T11:40:35                      10
/opt/airflow/dags/hello_world.py               4162  0.00s             1           0  0.09s           2026-04-02T11:40:10                      12
================================================================================
[2026-04-02T11:41:10.937+0000] {manager.py:997} INFO - 
================================================================================
DAG File Processing Stats

File Path                                       PID  Runtime      # DAGs    # Errors  Last Runtime    Last Run               Last # of DB Queries
--------------------------------------------  -----  ---------  --------  ----------  --------------  -------------------  ----------------------
/opt/airflow/dags/hello_world.py               4172  0.00s             1           0  0.09s           2026-04-02T11:40:40                      12
/opt/airflow/dags/keycloak/setup_keycloak.py                           1           0  0.08s           2026-04-02T11:41:05                      10
================================================================================
[2026-04-02T11:41:41.189+0000] {manager.py:997} INFO - 
================================================================================
DAG File Processing Stats

File Path                                       PID  Runtime      # DAGs    # Errors  Last Runtime    Last Run               Last # of DB Queries
--------------------------------------------  -----  ---------  --------  ----------  --------------  -------------------  ----------------------
/opt/airflow/dags/hello_world.py               4182  0.00s             1           0  0.09s           2026-04-02T11:41:11                      12
/opt/airflow/dags/keycloak/setup_keycloak.py                           1           0  0.09s           2026-04-02T11:41:36                      10
================================================================================
[2026-04-02T11:42:11.443+0000] {manager.py:997} INFO - 
================================================================================
DAG File Processing Stats

File Path                                       PID  Runtime      # DAGs    # Errors  Last Runtime    Last Run               Last # of DB Queries
--------------------------------------------  -----  ---------  --------  ----------  --------------  -------------------  ----------------------
/opt/airflow/dags/hello_world.py               4192  0.00s             1           0  0.08s           2026-04-02T11:41:41                      12
/opt/airflow/dags/keycloak/setup_keycloak.py                           1           0  0.07s           2026-04-02T11:42:06                      10
================================================================================
[2026-04-02T11:42:41.725+0000] {manager.py:997} INFO - 
================================================================================
DAG File Processing Stats

File Path                                       PID  Runtime      # DAGs    # Errors  Last Runtime    Last Run               Last # of DB Queries
--------------------------------------------  -----  ---------  --------  ----------  --------------  -------------------  ----------------------
/opt/airflow/dags/hello_world.py               4202  0.00s             1           0  0.09s           2026-04-02T11:42:11                      12
/opt/airflow/dags/keycloak/setup_keycloak.py                           1           0  0.08s           2026-04-02T11:42:36                      10
================================================================================
[2026-04-02T11:43:12.008+0000] {manager.py:997} INFO - 
================================================================================
DAG File Processing Stats

File Path                                       PID  Runtime      # DAGs    # Errors  Last Runtime    Last Run               Last # of DB Queries
--------------------------------------------  -----  ---------  --------  ----------  --------------  -------------------  ----------------------
/opt/airflow/dags/hello_world.py               4212  0.00s             1           0  0.08s           2026-04-02T11:42:41                      12
/opt/airflow/dags/keycloak/setup_keycloak.py                           1           0  0.08s           2026-04-02T11:43:07                      10
================================================================================
[2026-04-02T11:43:42.271+0000] {manager.py:997} INFO - 
================================================================================
DAG File Processing Stats

File Path                                       PID  Runtime      # DAGs    # Errors  Last Runtime    Last Run               Last # of DB Queries
--------------------------------------------  -----  ---------  --------  ----------  --------------  -------------------  ----------------------
/opt/airflow/dags/hello_world.py               4222  0.00s             1           0  0.10s           2026-04-02T11:43:12                      12
/opt/airflow/dags/keycloak/setup_keycloak.py                           1           0  0.10s           2026-04-02T11:43:37                      10
================================================================================
[2026-04-02T11:44:12.552+0000] {manager.py:997} INFO - 
================================================================================
DAG File Processing Stats

File Path                                       PID  Runtime      # DAGs    # Errors  Last Runtime    Last Run               Last # of DB Queries
--------------------------------------------  -----  ---------  --------  ----------  --------------  -------------------  ----------------------
/opt/airflow/dags/keycloak/setup_keycloak.py                           1           0  0.09s           2026-04-02T11:44:07                      10
/opt/airflow/dags/hello_world.py               4232  0.00s             1           0  0.09s           2026-04-02T11:43:42                      12
================================================================================
[2026-04-02T11:44:42.836+0000] {manager.py:997} INFO - 
================================================================================
DAG File Processing Stats

File Path                                       PID  Runtime      # DAGs    # Errors  Last Runtime    Last Run               Last # of DB Queries
--------------------------------------------  -----  ---------  --------  ----------  --------------  -------------------  ----------------------
/opt/airflow/dags/keycloak/setup_keycloak.py                           1           0  0.11s           2026-04-02T11:44:37                      10
/opt/airflow/dags/hello_world.py               4242  0.00s             1           0  0.10s           2026-04-02T11:44:12                      12
================================================================================
[2026-04-02T11:45:10.054+0000] {manager.py:821} INFO - Searching for files in /opt/airflow/dags
[2026-04-02T11:45:10.058+0000] {manager.py:824} INFO - There are 2 files in /opt/airflow/dags
[2026-04-02T11:45:13.091+0000] {manager.py:997} INFO - 
================================================================================
DAG File Processing Stats

File Path                                       PID  Runtime      # DAGs    # Errors  Last Runtime    Last Run               Last # of DB Queries
--------------------------------------------  -----  ---------  --------  ----------  --------------  -------------------  ----------------------
/opt/airflow/dags/hello_world.py               4252  0.00s             1           0  0.09s           2026-04-02T11:44:42                      12
/opt/airflow/dags/keycloak/setup_keycloak.py                           1           0  0.08s           2026-04-02T11:45:08                      10
================================================================================
[2026-04-02T11:45:43.392+0000] {manager.py:997} INFO - 
================================================================================
DAG File Processing Stats

File Path                                       PID  Runtime      # DAGs    # Errors  Last Runtime    Last Run               Last # of DB Queries
--------------------------------------------  -----  ---------  --------  ----------  --------------  -------------------  ----------------------
/opt/airflow/dags/hello_world.py               4262  0.00s             1           0  0.10s           2026-04-02T11:45:13                      12
/opt/airflow/dags/keycloak/setup_keycloak.py                           1           0  0.09s           2026-04-02T11:45:38                      10
================================================================================
[2026-04-02T11:46:13.683+0000] {manager.py:997} INFO - 
================================================================================
DAG File Processing Stats

File Path                                       PID  Runtime      # DAGs    # Errors  Last Runtime    Last Run               Last # of DB Queries
--------------------------------------------  -----  ---------  --------  ----------  --------------  -------------------  ----------------------
/opt/airflow/dags/hello_world.py               4272  0.00s             1           0  0.09s           2026-04-02T11:45:43                      12
/opt/airflow/dags/keycloak/setup_keycloak.py                           1           0  0.08s           2026-04-02T11:46:08                      10
================================================================================
[2026-04-02T11:46:44.014+0000] {manager.py:997} INFO - 
================================================================================
DAG File Processing Stats

File Path                                       PID  Runtime      # DAGs    # Errors  Last Runtime    Last Run               Last # of DB Queries
--------------------------------------------  -----  ---------  --------  ----------  --------------  -------------------  ----------------------
/opt/airflow/dags/hello_world.py               4282  0.00s             1           0  0.11s           2026-04-02T11:46:13                      12
/opt/airflow/dags/keycloak/setup_keycloak.py                           1           0  0.11s           2026-04-02T11:46:39                      10
================================================================================
[2026-04-02T11:47:14.277+0000] {manager.py:997} INFO - 
================================================================================
DAG File Processing Stats

File Path                                       PID  Runtime      # DAGs    # Errors  Last Runtime    Last Run               Last # of DB Queries
--------------------------------------------  -----  ---------  --------  ----------  --------------  -------------------  ----------------------
/opt/airflow/dags/hello_world.py               4292  0.00s             1           0  0.11s           2026-04-02T11:46:44                      12
/opt/airflow/dags/keycloak/setup_keycloak.py                           1           0  0.08s           2026-04-02T11:47:09                      10
================================================================================
[2026-04-02T11:47:44.586+0000] {manager.py:997} INFO - 
================================================================================
DAG File Processing Stats

File Path                                       PID  Runtime      # DAGs    # Errors  Last Runtime    Last Run               Last # of DB Queries
--------------------------------------------  -----  ---------  --------  ----------  --------------  -------------------  ----------------------
/opt/airflow/dags/keycloak/setup_keycloak.py                           1           0  0.09s           2026-04-02T11:47:39                      10
/opt/airflow/dags/hello_world.py               4302  0.00s             1           0  0.08s           2026-04-02T11:47:14                      12
================================================================================
[2026-04-02T11:48:14.894+0000] {manager.py:997} INFO - 
================================================================================
DAG File Processing Stats

File Path                                       PID  Runtime      # DAGs    # Errors  Last Runtime    Last Run               Last # of DB Queries
--------------------------------------------  -----  ---------  --------  ----------  --------------  -------------------  ----------------------
/opt/airflow/dags/hello_world.py               4312  0.00s             1           0  0.09s           2026-04-02T11:47:44                      12
/opt/airflow/dags/keycloak/setup_keycloak.py                           1           0  0.08s           2026-04-02T11:48:09                      10
================================================================================
[2026-04-02T11:48:45.204+0000] {manager.py:997} INFO - 
================================================================================
DAG File Processing Stats

File Path                                       PID  Runtime      # DAGs    # Errors  Last Runtime    Last Run               Last # of DB Queries
--------------------------------------------  -----  ---------  --------  ----------  --------------  -------------------  ----------------------
/opt/airflow/dags/keycloak/setup_keycloak.py                           1           0  0.09s           2026-04-02T11:48:40                      10
/opt/airflow/dags/hello_world.py               4322  0.00s             1           0  0.09s           2026-04-02T11:48:14                      12
================================================================================
[2026-04-02T11:49:15.478+0000] {manager.py:997} INFO - 
================================================================================
DAG File Processing Stats

File Path                                       PID  Runtime      # DAGs    # Errors  Last Runtime    Last Run               Last # of DB Queries
--------------------------------------------  -----  ---------  --------  ----------  --------------  -------------------  ----------------------
/opt/airflow/dags/hello_world.py               4332  0.00s             1           0  0.09s           2026-04-02T11:48:45                      12
/opt/airflow/dags/keycloak/setup_keycloak.py                           1           0  0.08s           2026-04-02T11:49:10                      10
================================================================================
[2026-04-02T11:49:45.743+0000] {manager.py:997} INFO - 
================================================================================
DAG File Processing Stats

File Path                                       PID  Runtime      # DAGs    # Errors  Last Runtime    Last Run               Last # of DB Queries
--------------------------------------------  -----  ---------  --------  ----------  --------------  -------------------  ----------------------
/opt/airflow/dags/hello_world.py               4342  0.00s             1           0  0.10s           2026-04-02T11:49:15                      12
/opt/airflow/dags/keycloak/setup_keycloak.py                           1           0  0.08s           2026-04-02T11:49:40                      10
================================================================================
[2026-04-02T11:50:10.956+0000] {manager.py:821} INFO - Searching for files in /opt/airflow/dags
[2026-04-02T11:50:10.964+0000] {manager.py:824} INFO - There are 2 files in /opt/airflow/dags
[2026-04-02T11:50:16.014+0000] {manager.py:997} INFO - 
================================================================================
DAG File Processing Stats

File Path                                       PID  Runtime      # DAGs    # Errors  Last Runtime    Last Run               Last # of DB Queries
--------------------------------------------  -----  ---------  --------  ----------  --------------  -------------------  ----------------------
/opt/airflow/dags/hello_world.py               4352  0.00s             1           0  0.09s           2026-04-02T11:49:45                      12
/opt/airflow/dags/keycloak/setup_keycloak.py                           1           0  0.08s           2026-04-02T11:50:11                      10
================================================================================
[2026-04-02T11:50:46.279+0000] {manager.py:997} INFO - 
================================================================================
DAG File Processing Stats

File Path                                       PID  Runtime      # DAGs    # Errors  Last Runtime    Last Run               Last # of DB Queries
--------------------------------------------  -----  ---------  --------  ----------  --------------  -------------------  ----------------------
/opt/airflow/dags/keycloak/setup_keycloak.py                           1           0  0.09s           2026-04-02T11:50:41                      10
/opt/airflow/dags/hello_world.py               4362  0.00s             1           0  0.09s           2026-04-02T11:50:16                      12
================================================================================
[2026-04-02T11:51:16.578+0000] {manager.py:997} INFO - 
================================================================================
DAG File Processing Stats

File Path                                       PID  Runtime      # DAGs    # Errors  Last Runtime    Last Run               Last # of DB Queries
--------------------------------------------  -----  ---------  --------  ----------  --------------  -------------------  ----------------------
/opt/airflow/dags/hello_world.py               4372  0.00s             1           0  0.08s           2026-04-02T11:50:46                      12
/opt/airflow/dags/keycloak/setup_keycloak.py                           1           0  0.08s           2026-04-02T11:51:11                      10
================================================================================
[2026-04-02T11:51:46.858+0000] {manager.py:997} INFO - 
================================================================================
DAG File Processing Stats

File Path                                       PID  Runtime      # DAGs    # Errors  Last Runtime    Last Run               Last # of DB Queries
--------------------------------------------  -----  ---------  --------  ----------  --------------  -------------------  ----------------------
/opt/airflow/dags/keycloak/setup_keycloak.py                           1           0  0.11s           2026-04-02T11:51:41                      10
/opt/airflow/dags/hello_world.py               4382  0.00s             1           0  0.09s           2026-04-02T11:51:16                      12
================================================================================
[2026-04-02T11:52:17.148+0000] {manager.py:997} INFO - 
================================================================================
DAG File Processing Stats

File Path                                       PID  Runtime      # DAGs    # Errors  Last Runtime    Last Run               Last # of DB Queries
--------------------------------------------  -----  ---------  --------  ----------  --------------  -------------------  ----------------------
/opt/airflow/dags/hello_world.py               4392  0.00s             1           0  0.09s           2026-04-02T11:51:46                      12
/opt/airflow/dags/keycloak/setup_keycloak.py                           1           0  0.08s           2026-04-02T11:52:12                      10
================================================================================
[2026-04-02T11:52:47.444+0000] {manager.py:997} INFO - 
================================================================================
DAG File Processing Stats

File Path                                       PID  Runtime      # DAGs    # Errors  Last Runtime    Last Run               Last # of DB Queries
--------------------------------------------  -----  ---------  --------  ----------  --------------  -------------------  ----------------------
/opt/airflow/dags/hello_world.py               4402  0.00s             1           0  0.11s           2026-04-02T11:52:17                      12
/opt/airflow/dags/keycloak/setup_keycloak.py                           1           0  0.09s           2026-04-02T11:52:42                      10
================================================================================
[2026-04-02T11:53:17.734+0000] {manager.py:997} INFO - 
================================================================================
DAG File Processing Stats

File Path                                       PID  Runtime      # DAGs    # Errors  Last Runtime    Last Run               Last # of DB Queries
--------------------------------------------  -----  ---------  --------  ----------  --------------  -------------------  ----------------------
/opt/airflow/dags/hello_world.py               4412  0.00s             1           0  0.09s           2026-04-02T11:52:47                      12
/opt/airflow/dags/keycloak/setup_keycloak.py                           1           0  0.08s           2026-04-02T11:53:12                      10
================================================================================
[2026-04-02T11:53:48.027+0000] {manager.py:997} INFO - 
================================================================================
DAG File Processing Stats

File Path                                       PID  Runtime      # DAGs    # Errors  Last Runtime    Last Run               Last # of DB Queries
--------------------------------------------  -----  ---------  --------  ----------  --------------  -------------------  ----------------------
/opt/airflow/dags/hello_world.py               4422  0.00s             1           0  0.08s           2026-04-02T11:53:17                      12
/opt/airflow/dags/keycloak/setup_keycloak.py                           1           0  0.08s           2026-04-02T11:53:43                      10
================================================================================
[2026-04-02T11:54:18.285+0000] {manager.py:997} INFO - 
================================================================================
DAG File Processing Stats

File Path                                       PID  Runtime      # DAGs    # Errors  Last Runtime    Last Run               Last # of DB Queries
--------------------------------------------  -----  ---------  --------  ----------  --------------  -------------------  ----------------------
/opt/airflow/dags/hello_world.py               4432  0.00s             1           0  0.09s           2026-04-02T11:53:48                      12
/opt/airflow/dags/keycloak/setup_keycloak.py                           1           0  0.08s           2026-04-02T11:54:13                      10
================================================================================
[2026-04-02T11:54:48.601+0000] {manager.py:997} INFO - 
================================================================================
DAG File Processing Stats

File Path                                       PID  Runtime      # DAGs    # Errors  Last Runtime    Last Run               Last # of DB Queries
--------------------------------------------  -----  ---------  --------  ----------  --------------  -------------------  ----------------------
/opt/airflow/dags/keycloak/setup_keycloak.py                           1           0  0.10s           2026-04-02T11:54:43                      10
/opt/airflow/dags/hello_world.py               4442  0.00s             1           0  0.10s           2026-04-02T11:54:18                      12
================================================================================
[2026-04-02T11:55:11.844+0000] {manager.py:821} INFO - Searching for files in /opt/airflow/dags
[2026-04-02T11:55:11.872+0000] {manager.py:824} INFO - There are 2 files in /opt/airflow/dags
[2026-04-02T11:55:18.945+0000] {manager.py:997} INFO - 
================================================================================
DAG File Processing Stats

File Path                                       PID  Runtime      # DAGs    # Errors  Last Runtime    Last Run               Last # of DB Queries
--------------------------------------------  -----  ---------  --------  ----------  --------------  -------------------  ----------------------
/opt/airflow/dags/hello_world.py               4452  0.00s             1           0  0.09s           2026-04-02T11:54:48                      12
/opt/airflow/dags/keycloak/setup_keycloak.py                           1           0  0.08s           2026-04-02T11:55:13                      10
================================================================================
[2026-04-02T11:55:49.205+0000] {manager.py:997} INFO - 
================================================================================
DAG File Processing Stats

File Path                                       PID  Runtime      # DAGs    # Errors  Last Runtime    Last Run               Last # of DB Queries
--------------------------------------------  -----  ---------  --------  ----------  --------------  -------------------  ----------------------
/opt/airflow/dags/hello_world.py               4462  0.00s             1           0  0.09s           2026-04-02T11:55:19                      12
/opt/airflow/dags/keycloak/setup_keycloak.py                           1           0  0.08s           2026-04-02T11:55:44                      10
================================================================================
[2026-04-02T11:56:19.493+0000] {manager.py:997} INFO - 
================================================================================
DAG File Processing Stats

File Path                                       PID  Runtime      # DAGs    # Errors  Last Runtime    Last Run               Last # of DB Queries
--------------------------------------------  -----  ---------  --------  ----------  --------------  -------------------  ----------------------
/opt/airflow/dags/hello_world.py               4472  0.00s             1           0  0.09s           2026-04-02T11:55:49                      12
/opt/airflow/dags/keycloak/setup_keycloak.py                           1           0  0.08s           2026-04-02T11:56:14                      10
================================================================================
[2026-04-02T11:56:49.781+0000] {manager.py:997} INFO - 
================================================================================
DAG File Processing Stats

File Path                                       PID  Runtime      # DAGs    # Errors  Last Runtime    Last Run               Last # of DB Queries
--------------------------------------------  -----  ---------  --------  ----------  --------------  -------------------  ----------------------
/opt/airflow/dags/hello_world.py               4482  0.00s             1           0  0.09s           2026-04-02T11:56:19                      12
/opt/airflow/dags/keycloak/setup_keycloak.py                           1           0  0.08s           2026-04-02T11:56:44                      10
================================================================================
[2026-04-02T11:57:20.045+0000] {manager.py:997} INFO - 
================================================================================
DAG File Processing Stats

File Path                                       PID  Runtime      # DAGs    # Errors  Last Runtime    Last Run               Last # of DB Queries
--------------------------------------------  -----  ---------  --------  ----------  --------------  -------------------  ----------------------
/opt/airflow/dags/hello_world.py               4492  0.00s             1           0  0.09s           2026-04-02T11:56:49                      12
/opt/airflow/dags/keycloak/setup_keycloak.py                           1           0  0.08s           2026-04-02T11:57:15                      10
================================================================================
[2026-04-02T11:57:50.312+0000] {manager.py:997} INFO - 
================================================================================
DAG File Processing Stats

File Path                                       PID  Runtime      # DAGs    # Errors  Last Runtime    Last Run               Last # of DB Queries
--------------------------------------------  -----  ---------  --------  ----------  --------------  -------------------  ----------------------
/opt/airflow/dags/hello_world.py               4502  0.00s             1           0  0.10s           2026-04-02T11:57:20                      12
/opt/airflow/dags/keycloak/setup_keycloak.py                           1           0  0.08s           2026-04-02T11:57:45                      10
================================================================================
[2026-04-02T11:58:20.621+0000] {manager.py:997} INFO - 
================================================================================
DAG File Processing Stats

File Path                                       PID  Runtime      # DAGs    # Errors  Last Runtime    Last Run               Last # of DB Queries
--------------------------------------------  -----  ---------  --------  ----------  --------------  -------------------  ----------------------
/opt/airflow/dags/hello_world.py               4512  0.00s             1           0  0.08s           2026-04-02T11:57:50                      12
/opt/airflow/dags/keycloak/setup_keycloak.py                           1           0  0.08s           2026-04-02T11:58:15                      10
================================================================================
[2026-04-02T11:58:50.901+0000] {manager.py:997} INFO - 
================================================================================
DAG File Processing Stats

File Path                                       PID  Runtime      # DAGs    # Errors  Last Runtime    Last Run               Last # of DB Queries
--------------------------------------------  -----  ---------  --------  ----------  --------------  -------------------  ----------------------
/opt/airflow/dags/keycloak/setup_keycloak.py                           1           0  0.10s           2026-04-02T11:58:45                      10
/opt/airflow/dags/hello_world.py               4522  0.00s             1           0  0.09s           2026-04-02T11:58:20                      12
================================================================================
[2026-04-02T11:59:21.195+0000] {manager.py:997} INFO - 
================================================================================
DAG File Processing Stats

File Path                                       PID  Runtime      # DAGs    # Errors  Last Runtime    Last Run               Last # of DB Queries
--------------------------------------------  -----  ---------  --------  ----------  --------------  -------------------  ----------------------
/opt/airflow/dags/hello_world.py               4532  0.00s             1           0  0.09s           2026-04-02T11:58:50                      12
/opt/airflow/dags/keycloak/setup_keycloak.py                           1           0  0.08s           2026-04-02T11:59:16                      10
================================================================================
[2026-04-02T11:59:51.475+0000] {manager.py:997} INFO - 
================================================================================
DAG File Processing Stats

File Path                                       PID  Runtime      # DAGs    # Errors  Last Runtime    Last Run               Last # of DB Queries
--------------------------------------------  -----  ---------  --------  ----------  --------------  -------------------  ----------------------
/opt/airflow/dags/hello_world.py               4542  0.00s             1           0  0.10s           2026-04-02T11:59:21                      12
/opt/airflow/dags/keycloak/setup_keycloak.py                           1           0  0.07s           2026-04-02T11:59:46                      10
================================================================================
[2026-04-02T12:00:12.664+0000] {manager.py:821} INFO - Searching for files in /opt/airflow/dags
[2026-04-02T12:00:12.686+0000] {manager.py:824} INFO - There are 2 files in /opt/airflow/dags
[2026-04-02T12:00:21.769+0000] {manager.py:997} INFO - 
================================================================================
DAG File Processing Stats

File Path                                       PID  Runtime      # DAGs    # Errors  Last Runtime    Last Run               Last # of DB Queries
--------------------------------------------  -----  ---------  --------  ----------  --------------  -------------------  ----------------------
/opt/airflow/dags/keycloak/setup_keycloak.py                           1           0  0.08s           2026-04-02T12:00:16                      10
/opt/airflow/dags/hello_world.py               4552  0.00s             1           0  0.08s           2026-04-02T11:59:51                      12
================================================================================
[2026-04-02T12:00:52.042+0000] {manager.py:997} INFO - 
================================================================================
DAG File Processing Stats

File Path                                       PID  Runtime      # DAGs    # Errors  Last Runtime    Last Run               Last # of DB Queries
--------------------------------------------  -----  ---------  --------  ----------  --------------  -------------------  ----------------------
/opt/airflow/dags/hello_world.py               4562  0.00s             1           0  0.08s           2026-04-02T12:00:21                      12
/opt/airflow/dags/keycloak/setup_keycloak.py                           1           0  0.08s           2026-04-02T12:00:47                      10
================================================================================
[2026-04-02T12:01:22.296+0000] {manager.py:997} INFO - 
================================================================================
DAG File Processing Stats

File Path                                       PID  Runtime      # DAGs    # Errors  Last Runtime    Last Run               Last # of DB Queries
--------------------------------------------  -----  ---------  --------  ----------  --------------  -------------------  ----------------------
/opt/airflow/dags/hello_world.py               4572  0.00s             1           0  0.08s           2026-04-02T12:00:52                      12
/opt/airflow/dags/keycloak/setup_keycloak.py                           1           0  0.08s           2026-04-02T12:01:17                      10
================================================================================
[2026-04-02T12:01:52.627+0000] {manager.py:997} INFO - 
================================================================================
DAG File Processing Stats

File Path                                       PID  Runtime      # DAGs    # Errors  Last Runtime    Last Run               Last # of DB Queries
--------------------------------------------  -----  ---------  --------  ----------  --------------  -------------------  ----------------------
/opt/airflow/dags/hello_world.py               4582  0.00s             1           0  0.10s           2026-04-02T12:01:22                      12
/opt/airflow/dags/keycloak/setup_keycloak.py                           1           0  0.08s           2026-04-02T12:01:47                      10
================================================================================
[2026-04-02T12:02:22.930+0000] {manager.py:997} INFO - 
================================================================================
DAG File Processing Stats

File Path                                       PID  Runtime      # DAGs    # Errors  Last Runtime    Last Run               Last # of DB Queries
--------------------------------------------  -----  ---------  --------  ----------  --------------  -------------------  ----------------------
/opt/airflow/dags/keycloak/setup_keycloak.py                           1           0  0.09s           2026-04-02T12:02:17                      10
/opt/airflow/dags/hello_world.py               4592  0.00s             1           0  0.09s           2026-04-02T12:01:52                      12
================================================================================
[2026-04-02T12:02:53.202+0000] {manager.py:997} INFO - 
================================================================================
DAG File Processing Stats

File Path                                       PID  Runtime      # DAGs    # Errors  Last Runtime    Last Run               Last # of DB Queries
--------------------------------------------  -----  ---------  --------  ----------  --------------  -------------------  ----------------------
/opt/airflow/dags/keycloak/setup_keycloak.py                           1           0  0.12s           2026-04-02T12:02:48                      10
/opt/airflow/dags/hello_world.py               4602  0.00s             1           0  0.11s           2026-04-02T12:02:23                      12
================================================================================
[2026-04-02T12:03:23.466+0000] {manager.py:997} INFO - 
================================================================================
DAG File Processing Stats

File Path                                       PID  Runtime      # DAGs    # Errors  Last Runtime    Last Run               Last # of DB Queries
--------------------------------------------  -----  ---------  --------  ----------  --------------  -------------------  ----------------------
/opt/airflow/dags/hello_world.py               4612  0.00s             1           0  0.09s           2026-04-02T12:02:53                      12
/opt/airflow/dags/keycloak/setup_keycloak.py                           1           0  0.08s           2026-04-02T12:03:18                      10
================================================================================
[2026-04-02T12:03:53.730+0000] {manager.py:997} INFO - 
================================================================================
DAG File Processing Stats

File Path                                       PID  Runtime      # DAGs    # Errors  Last Runtime    Last Run               Last # of DB Queries
--------------------------------------------  -----  ---------  --------  ----------  --------------  -------------------  ----------------------
/opt/airflow/dags/hello_world.py               4622  0.00s             1           0  0.09s           2026-04-02T12:03:23                      12
/opt/airflow/dags/keycloak/setup_keycloak.py                           1           0  0.08s           2026-04-02T12:03:48                      10
================================================================================
[2026-04-02T12:04:23.990+0000] {manager.py:997} INFO - 
================================================================================
DAG File Processing Stats

File Path                                       PID  Runtime      # DAGs    # Errors  Last Runtime    Last Run               Last # of DB Queries
--------------------------------------------  -----  ---------  --------  ----------  --------------  -------------------  ----------------------
/opt/airflow/dags/hello_world.py               4632  0.00s             1           0  0.08s           2026-04-02T12:03:53                      12
/opt/airflow/dags/keycloak/setup_keycloak.py                           1           0  0.08s           2026-04-02T12:04:19                      10
================================================================================
[2026-04-02T12:04:54.276+0000] {manager.py:997} INFO - 
================================================================================
DAG File Processing Stats

File Path                                       PID  Runtime      # DAGs    # Errors  Last Runtime    Last Run               Last # of DB Queries
--------------------------------------------  -----  ---------  --------  ----------  --------------  -------------------  ----------------------
/opt/airflow/dags/hello_world.py               4642  0.00s             1           0  0.09s           2026-04-02T12:04:24                      12
/opt/airflow/dags/keycloak/setup_keycloak.py                           1           0  0.08s           2026-04-02T12:04:49                      10
================================================================================
[2026-04-02T12:05:13.479+0000] {manager.py:821} INFO - Searching for files in /opt/airflow/dags
[2026-04-02T12:05:13.484+0000] {manager.py:824} INFO - There are 2 files in /opt/airflow/dags
[2026-04-02T12:05:24.585+0000] {manager.py:997} INFO - 
================================================================================
DAG File Processing Stats

File Path                                       PID  Runtime      # DAGs    # Errors  Last Runtime    Last Run               Last # of DB Queries
--------------------------------------------  -----  ---------  --------  ----------  --------------  -------------------  ----------------------
/opt/airflow/dags/keycloak/setup_keycloak.py                           1           0  0.09s           2026-04-02T12:05:19                      10
/opt/airflow/dags/hello_world.py               4652  0.00s             1           0  0.08s           2026-04-02T12:04:54                      12
================================================================================
[2026-04-02T12:05:54.866+0000] {manager.py:997} INFO - 
================================================================================
DAG File Processing Stats

File Path                                       PID  Runtime      # DAGs    # Errors  Last Runtime    Last Run               Last # of DB Queries
--------------------------------------------  -----  ---------  --------  ----------  --------------  -------------------  ----------------------
/opt/airflow/dags/hello_world.py               4662  0.00s             1           0  0.09s           2026-04-02T12:05:24                      12
/opt/airflow/dags/keycloak/setup_keycloak.py                           1           0  0.08s           2026-04-02T12:05:49                      10
================================================================================
[2026-04-02T12:06:25.154+0000] {manager.py:997} INFO - 
================================================================================
DAG File Processing Stats

File Path                                       PID  Runtime      # DAGs    # Errors  Last Runtime    Last Run               Last # of DB Queries
--------------------------------------------  -----  ---------  --------  ----------  --------------  -------------------  ----------------------
/opt/airflow/dags/keycloak/setup_keycloak.py                           1           0  0.10s           2026-04-02T12:06:20                      10
/opt/airflow/dags/hello_world.py               4672  0.00s             1           0  0.08s           2026-04-02T12:05:54                      12
================================================================================
[2026-04-02T12:06:55.408+0000] {manager.py:997} INFO - 
================================================================================
DAG File Processing Stats

File Path                                       PID  Runtime      # DAGs    # Errors  Last Runtime    Last Run               Last # of DB Queries
--------------------------------------------  -----  ---------  --------  ----------  --------------  -------------------  ----------------------
/opt/airflow/dags/keycloak/setup_keycloak.py                           1           0  0.10s           2026-04-02T12:06:50                      10
/opt/airflow/dags/hello_world.py               4682  0.00s             1           0  0.09s           2026-04-02T12:06:25                      12
================================================================================
[2026-04-02T12:07:25.692+0000] {manager.py:997} INFO - 
================================================================================
DAG File Processing Stats

File Path                                       PID  Runtime      # DAGs    # Errors  Last Runtime    Last Run               Last # of DB Queries
--------------------------------------------  -----  ---------  --------  ----------  --------------  -------------------  ----------------------
/opt/airflow/dags/keycloak/setup_keycloak.py                           1           0  0.09s           2026-04-02T12:07:20                      10
/opt/airflow/dags/hello_world.py               4692  0.01s             1           0  0.08s           2026-04-02T12:06:55                      12
================================================================================
[2026-04-02T12:07:56.027+0000] {manager.py:997} INFO - 
================================================================================
DAG File Processing Stats

File Path                                       PID  Runtime      # DAGs    # Errors  Last Runtime    Last Run               Last # of DB Queries
--------------------------------------------  -----  ---------  --------  ----------  --------------  -------------------  ----------------------
/opt/airflow/dags/hello_world.py               4702  0.00s             1           0  0.17s           2026-04-02T12:07:25                      12
/opt/airflow/dags/keycloak/setup_keycloak.py                           1           0  0.10s           2026-04-02T12:07:51                      10
================================================================================
[2026-04-02T12:08:26.242+0000] {manager.py:997} INFO - 
================================================================================
DAG File Processing Stats

File Path                                       PID  Runtime      # DAGs    # Errors  Last Runtime    Last Run               Last # of DB Queries
--------------------------------------------  -----  ---------  --------  ----------  --------------  -------------------  ----------------------
/opt/airflow/dags/keycloak/setup_keycloak.py                           1           0  0.09s           2026-04-02T12:08:21                      10
/opt/airflow/dags/hello_world.py               4712  0.00s             1           0  0.09s           2026-04-02T12:07:56                      12
================================================================================
[2026-04-02T12:08:56.534+0000] {manager.py:997} INFO - 
================================================================================
DAG File Processing Stats

File Path                                       PID  Runtime      # DAGs    # Errors  Last Runtime    Last Run               Last # of DB Queries
--------------------------------------------  -----  ---------  --------  ----------  --------------  -------------------  ----------------------
/opt/airflow/dags/hello_world.py               4722  0.00s             1           0  0.11s           2026-04-02T12:08:26                      12
/opt/airflow/dags/keycloak/setup_keycloak.py                           1           0  0.08s           2026-04-02T12:08:51                      10
================================================================================
[2026-04-02T12:09:26.802+0000] {manager.py:997} INFO - 
================================================================================
DAG File Processing Stats

File Path                                       PID  Runtime      # DAGs    # Errors  Last Runtime    Last Run               Last # of DB Queries
--------------------------------------------  -----  ---------  --------  ----------  --------------  -------------------  ----------------------
/opt/airflow/dags/keycloak/setup_keycloak.py                           1           0  0.09s           2026-04-02T12:09:21                      10
/opt/airflow/dags/hello_world.py               4732  0.00s             1           0  0.08s           2026-04-02T12:08:56                      12
================================================================================
[2026-04-02T12:09:57.049+0000] {manager.py:997} INFO - 
================================================================================
DAG File Processing Stats

File Path                                       PID  Runtime      # DAGs    # Errors  Last Runtime    Last Run               Last # of DB Queries
--------------------------------------------  -----  ---------  --------  ----------  --------------  -------------------  ----------------------
/opt/airflow/dags/hello_world.py               4742  0.00s             1           0  0.09s           2026-04-02T12:09:26                      12
/opt/airflow/dags/keycloak/setup_keycloak.py                           1           0  0.08s           2026-04-02T12:09:52                      10
================================================================================
[2026-04-02T12:10:14.220+0000] {manager.py:821} INFO - Searching for files in /opt/airflow/dags
[2026-04-02T12:10:14.242+0000] {manager.py:824} INFO - There are 2 files in /opt/airflow/dags
[2026-04-02T12:10:27.394+0000] {manager.py:997} INFO - 
================================================================================
DAG File Processing Stats

File Path                                       PID  Runtime      # DAGs    # Errors  Last Runtime    Last Run               Last # of DB Queries
--------------------------------------------  -----  ---------  --------  ----------  --------------  -------------------  ----------------------
/opt/airflow/dags/keycloak/setup_keycloak.py                           1           0  0.09s           2026-04-02T12:10:22                      10
/opt/airflow/dags/hello_world.py               4752  0.00s             1           0  0.08s           2026-04-02T12:09:57                      12
================================================================================
[2026-04-02T12:10:57.677+0000] {manager.py:997} INFO - 
================================================================================
DAG File Processing Stats

File Path                                       PID  Runtime      # DAGs    # Errors  Last Runtime    Last Run               Last # of DB Queries
--------------------------------------------  -----  ---------  --------  ----------  --------------  -------------------  ----------------------
/opt/airflow/dags/hello_world.py               4762  0.00s             1           0  0.09s           2026-04-02T12:10:27                      12
/opt/airflow/dags/keycloak/setup_keycloak.py                           1           0  0.08s           2026-04-02T12:10:52                      10
================================================================================
[2026-04-02T12:11:27.963+0000] {manager.py:997} INFO - 
================================================================================
DAG File Processing Stats

File Path                                       PID  Runtime      # DAGs    # Errors  Last Runtime    Last Run               Last # of DB Queries
--------------------------------------------  -----  ---------  --------  ----------  --------------  -------------------  ----------------------
/opt/airflow/dags/hello_world.py               4772  0.00s             1           0  0.11s           2026-04-02T12:10:57                      12
/opt/airflow/dags/keycloak/setup_keycloak.py                           1           0  0.08s           2026-04-02T12:11:22                      10
================================================================================
[2026-04-02T12:11:58.250+0000] {manager.py:997} INFO - 
================================================================================
DAG File Processing Stats

File Path                                       PID  Runtime      # DAGs    # Errors  Last Runtime    Last Run               Last # of DB Queries
--------------------------------------------  -----  ---------  --------  ----------  --------------  -------------------  ----------------------
/opt/airflow/dags/keycloak/setup_keycloak.py                           1           0  0.09s           2026-04-02T12:11:53                      10
/opt/airflow/dags/hello_world.py               4782  0.00s             1           0  0.09s           2026-04-02T12:11:28                      12
================================================================================
[2026-04-02T12:12:28.561+0000] {manager.py:997} INFO - 
================================================================================
DAG File Processing Stats

File Path                                       PID  Runtime      # DAGs    # Errors  Last Runtime    Last Run               Last # of DB Queries
--------------------------------------------  -----  ---------  --------  ----------  --------------  -------------------  ----------------------
/opt/airflow/dags/keycloak/setup_keycloak.py                           1           0  0.09s           2026-04-02T12:12:23                      10
/opt/airflow/dags/hello_world.py               4792  0.00s             1           0  0.08s           2026-04-02T12:11:58                      12
================================================================================
[2026-04-02T12:12:58.834+0000] {manager.py:997} INFO - 
================================================================================
DAG File Processing Stats

File Path                                       PID  Runtime      # DAGs    # Errors  Last Runtime    Last Run               Last # of DB Queries
--------------------------------------------  -----  ---------  --------  ----------  --------------  -------------------  ----------------------
/opt/airflow/dags/hello_world.py               4802  0.00s             1           0  0.08s           2026-04-02T12:12:28                      12
/opt/airflow/dags/keycloak/setup_keycloak.py                           1           0  0.08s           2026-04-02T12:12:53                      10
================================================================================
[2026-04-02T12:13:29.115+0000] {manager.py:997} INFO - 
================================================================================
DAG File Processing Stats

File Path                                       PID  Runtime      # DAGs    # Errors  Last Runtime    Last Run               Last # of DB Queries
--------------------------------------------  -----  ---------  --------  ----------  --------------  -------------------  ----------------------
/opt/airflow/dags/hello_world.py               4812  0.00s             1           0  0.08s           2026-04-02T12:12:58                      12
/opt/airflow/dags/keycloak/setup_keycloak.py                           1           0  0.08s           2026-04-02T12:13:24                      10
================================================================================
[2026-04-02T12:13:59.390+0000] {manager.py:997} INFO - 
================================================================================
DAG File Processing Stats

File Path                                       PID  Runtime      # DAGs    # Errors  Last Runtime    Last Run               Last # of DB Queries
--------------------------------------------  -----  ---------  --------  ----------  --------------  -------------------  ----------------------
/opt/airflow/dags/hello_world.py               4822  0.00s             1           0  0.09s           2026-04-02T12:13:29                      12
/opt/airflow/dags/keycloak/setup_keycloak.py                           1           0  0.09s           2026-04-02T12:13:54                      10
================================================================================
[2026-04-02T12:14:29.680+0000] {manager.py:997} INFO - 
================================================================================
DAG File Processing Stats

File Path                                       PID  Runtime      # DAGs    # Errors  Last Runtime    Last Run               Last # of DB Queries
--------------------------------------------  -----  ---------  --------  ----------  --------------  -------------------  ----------------------
/opt/airflow/dags/hello_world.py               4832  0.00s             1           0  0.09s           2026-04-02T12:13:59                      12
/opt/airflow/dags/keycloak/setup_keycloak.py                           1           0  0.08s           2026-04-02T12:14:24                      10
================================================================================
[2026-04-02T12:14:59.963+0000] {manager.py:997} INFO - 
================================================================================
DAG File Processing Stats

File Path                                       PID  Runtime      # DAGs    # Errors  Last Runtime    Last Run               Last # of DB Queries
--------------------------------------------  -----  ---------  --------  ----------  --------------  -------------------  ----------------------
/opt/airflow/dags/hello_world.py               4842  0.00s             1           0  0.10s           2026-04-02T12:14:29                      12
/opt/airflow/dags/keycloak/setup_keycloak.py                           1           0  0.08s           2026-04-02T12:14:54                      10
================================================================================
[2026-04-02T12:15:15.110+0000] {manager.py:821} INFO - Searching for files in /opt/airflow/dags
[2026-04-02T12:15:15.114+0000] {manager.py:824} INFO - There are 2 files in /opt/airflow/dags
[2026-04-02T12:15:30.230+0000] {manager.py:997} INFO - 
================================================================================
DAG File Processing Stats

File Path                                       PID  Runtime      # DAGs    # Errors  Last Runtime    Last Run               Last # of DB Queries
--------------------------------------------  -----  ---------  --------  ----------  --------------  -------------------  ----------------------
/opt/airflow/dags/hello_world.py               4852  0.00s             1           0  0.09s           2026-04-02T12:15:00                      12
/opt/airflow/dags/keycloak/setup_keycloak.py                           1           0  0.08s           2026-04-02T12:15:25                      10
================================================================================
[2026-04-02T12:16:00.529+0000] {manager.py:997} INFO - 
================================================================================
DAG File Processing Stats

File Path                                       PID  Runtime      # DAGs    # Errors  Last Runtime    Last Run               Last # of DB Queries
--------------------------------------------  -----  ---------  --------  ----------  --------------  -------------------  ----------------------
/opt/airflow/dags/keycloak/setup_keycloak.py                           1           0  0.10s           2026-04-02T12:15:55                      10
/opt/airflow/dags/hello_world.py               4862  0.00s             1           0  0.08s           2026-04-02T12:15:30                      12
================================================================================
[2026-04-02T12:16:30.776+0000] {manager.py:997} INFO - 
================================================================================
DAG File Processing Stats

File Path                                       PID  Runtime      # DAGs    # Errors  Last Runtime    Last Run               Last # of DB Queries
--------------------------------------------  -----  ---------  --------  ----------  --------------  -------------------  ----------------------
/opt/airflow/dags/hello_world.py               4872  0.00s             1           0  0.09s           2026-04-02T12:16:00                      12
/opt/airflow/dags/keycloak/setup_keycloak.py                           1           0  0.08s           2026-04-02T12:16:25                      10
================================================================================
[2026-04-02T12:17:01.026+0000] {manager.py:997} INFO - 
================================================================================
DAG File Processing Stats

File Path                                       PID  Runtime      # DAGs    # Errors  Last Runtime    Last Run               Last # of DB Queries
--------------------------------------------  -----  ---------  --------  ----------  --------------  -------------------  ----------------------
/opt/airflow/dags/keycloak/setup_keycloak.py                           1           0  0.09s           2026-04-02T12:16:56                      10
/opt/airflow/dags/hello_world.py               4882  0.00s             1           0  0.09s           2026-04-02T12:16:30                      12
================================================================================
[2026-04-02T12:17:31.281+0000] {manager.py:997} INFO - 
================================================================================
DAG File Processing Stats

File Path                                       PID  Runtime      # DAGs    # Errors  Last Runtime    Last Run               Last # of DB Queries
--------------------------------------------  -----  ---------  --------  ----------  --------------  -------------------  ----------------------
/opt/airflow/dags/keycloak/setup_keycloak.py                           1           0  0.14s           2026-04-02T12:17:26                      10
/opt/airflow/dags/hello_world.py               4892  0.00s             1           0  0.09s           2026-04-02T12:17:01                      12
================================================================================
[2026-04-02T12:18:01.573+0000] {manager.py:997} INFO - 
================================================================================
DAG File Processing Stats

File Path                                       PID  Runtime      # DAGs    # Errors  Last Runtime    Last Run               Last # of DB Queries
--------------------------------------------  -----  ---------  --------  ----------  --------------  -------------------  ----------------------
/opt/airflow/dags/hello_world.py               4902  0.00s             1           0  0.09s           2026-04-02T12:17:31                      12
/opt/airflow/dags/keycloak/setup_keycloak.py                           1           0  0.08s           2026-04-02T12:17:56                      10
================================================================================
[2026-04-02T12:18:31.850+0000] {manager.py:997} INFO - 
================================================================================
DAG File Processing Stats

File Path                                       PID  Runtime      # DAGs    # Errors  Last Runtime    Last Run               Last # of DB Queries
--------------------------------------------  -----  ---------  --------  ----------  --------------  -------------------  ----------------------
/opt/airflow/dags/hello_world.py               4912  0.00s             1           0  0.08s           2026-04-02T12:18:01                      12
/opt/airflow/dags/keycloak/setup_keycloak.py                           1           0  0.08s           2026-04-02T12:18:26                      10
================================================================================
[2026-04-02T12:19:02.117+0000] {manager.py:997} INFO - 
================================================================================
DAG File Processing Stats

File Path                                       PID  Runtime      # DAGs    # Errors  Last Runtime    Last Run               Last # of DB Queries
--------------------------------------------  -----  ---------  --------  ----------  --------------  -------------------  ----------------------
/opt/airflow/dags/keycloak/setup_keycloak.py                           1           0  0.09s           2026-04-02T12:18:57                      10
/opt/airflow/dags/hello_world.py               4922  0.00s             1           0  0.08s           2026-04-02T12:18:31                      12
================================================================================
[2026-04-02T12:19:32.374+0000] {manager.py:997} INFO - 
================================================================================
DAG File Processing Stats

File Path                                       PID  Runtime      # DAGs    # Errors  Last Runtime    Last Run               Last # of DB Queries
--------------------------------------------  -----  ---------  --------  ----------  --------------  -------------------  ----------------------
/opt/airflow/dags/hello_world.py               4932  0.01s             1           0  0.08s           2026-04-02T12:19:02                      12
/opt/airflow/dags/keycloak/setup_keycloak.py                           1           0  0.07s           2026-04-02T12:19:27                      10
================================================================================
[2026-04-02T12:20:02.647+0000] {manager.py:997} INFO - 
================================================================================
DAG File Processing Stats

File Path                                       PID  Runtime      # DAGs    # Errors  Last Runtime    Last Run               Last # of DB Queries
--------------------------------------------  -----  ---------  --------  ----------  --------------  -------------------  ----------------------
/opt/airflow/dags/hello_world.py               4942  0.00s             1           0  0.11s           2026-04-02T12:19:32                      12
/opt/airflow/dags/keycloak/setup_keycloak.py                           1           0  0.08s           2026-04-02T12:19:57                      10
================================================================================
[2026-04-02T12:20:15.794+0000] {manager.py:821} INFO - Searching for files in /opt/airflow/dags
[2026-04-02T12:20:15.795+0000] {manager.py:824} INFO - There are 2 files in /opt/airflow/dags
[2026-04-02T12:20:32.947+0000] {manager.py:997} INFO - 
================================================================================
DAG File Processing Stats

File Path                                       PID  Runtime      # DAGs    # Errors  Last Runtime    Last Run               Last # of DB Queries
--------------------------------------------  -----  ---------  --------  ----------  --------------  -------------------  ----------------------
/opt/airflow/dags/keycloak/setup_keycloak.py                           1           0  0.09s           2026-04-02T12:20:27                      10
/opt/airflow/dags/hello_world.py               4952  0.00s             1           0  0.09s           2026-04-02T12:20:02                      12
================================================================================
[2026-04-02T12:21:03.249+0000] {manager.py:997} INFO - 
================================================================================
DAG File Processing Stats

File Path                                       PID  Runtime      # DAGs    # Errors  Last Runtime    Last Run               Last # of DB Queries
--------------------------------------------  -----  ---------  --------  ----------  --------------  -------------------  ----------------------
/opt/airflow/dags/keycloak/setup_keycloak.py                           1           0  0.09s           2026-04-02T12:20:58                      10
/opt/airflow/dags/hello_world.py               4962  0.00s             1           0  0.09s           2026-04-02T12:20:33                      12
================================================================================
[2026-04-02T12:21:33.579+0000] {manager.py:997} INFO - 
================================================================================
DAG File Processing Stats

File Path                                       PID  Runtime      # DAGs    # Errors  Last Runtime    Last Run               Last # of DB Queries
--------------------------------------------  -----  ---------  --------  ----------  --------------  -------------------  ----------------------
/opt/airflow/dags/hello_world.py               4972  0.00s             1           0  0.09s           2026-04-02T12:21:03                      12
/opt/airflow/dags/keycloak/setup_keycloak.py                           1           0  0.08s           2026-04-02T12:21:28                      10
================================================================================
[2026-04-02T12:22:03.846+0000] {manager.py:997} INFO - 
================================================================================
DAG File Processing Stats

File Path                                       PID  Runtime      # DAGs    # Errors  Last Runtime    Last Run               Last # of DB Queries
--------------------------------------------  -----  ---------  --------  ----------  --------------  -------------------  ----------------------
/opt/airflow/dags/hello_world.py               4982  0.00s             1           0  0.10s           2026-04-02T12:21:33                      12
/opt/airflow/dags/keycloak/setup_keycloak.py                           1           0  0.09s           2026-04-02T12:21:58                      10
================================================================================
[2026-04-02T12:22:34.136+0000] {manager.py:997} INFO - 
================================================================================
DAG File Processing Stats

File Path                                       PID  Runtime      # DAGs    # Errors  Last Runtime    Last Run               Last # of DB Queries
--------------------------------------------  -----  ---------  --------  ----------  --------------  -------------------  ----------------------
/opt/airflow/dags/hello_world.py               4992  0.00s             1           0  0.09s           2026-04-02T12:22:03                      12
/opt/airflow/dags/keycloak/setup_keycloak.py                           1           0  0.08s           2026-04-02T12:22:29                      10
================================================================================
[2026-04-02T12:23:04.410+0000] {manager.py:997} INFO - 
================================================================================
DAG File Processing Stats

File Path                                       PID  Runtime      # DAGs    # Errors  Last Runtime    Last Run               Last # of DB Queries
--------------------------------------------  -----  ---------  --------  ----------  --------------  -------------------  ----------------------
/opt/airflow/dags/hello_world.py               5002  0.00s             1           0  0.09s           2026-04-02T12:22:34                      12
/opt/airflow/dags/keycloak/setup_keycloak.py                           1           0  0.08s           2026-04-02T12:22:59                      10
================================================================================
[2026-04-02T12:23:34.660+0000] {manager.py:997} INFO - 
================================================================================
DAG File Processing Stats

File Path                                       PID  Runtime      # DAGs    # Errors  Last Runtime    Last Run               Last # of DB Queries
--------------------------------------------  -----  ---------  --------  ----------  --------------  -------------------  ----------------------
/opt/airflow/dags/hello_world.py               5012  0.00s             1           0  0.08s           2026-04-02T12:23:04                      12
/opt/airflow/dags/keycloak/setup_keycloak.py                           1           0  0.08s           2026-04-02T12:23:29                      10
================================================================================
[2026-04-02T12:24:04.917+0000] {manager.py:997} INFO - 
================================================================================
DAG File Processing Stats

File Path                                       PID  Runtime      # DAGs    # Errors  Last Runtime    Last Run               Last # of DB Queries
--------------------------------------------  -----  ---------  --------  ----------  --------------  -------------------  ----------------------
/opt/airflow/dags/hello_world.py               5022  0.00s             1           0  0.09s           2026-04-02T12:23:34                      12
/opt/airflow/dags/keycloak/setup_keycloak.py                           1           0  0.08s           2026-04-02T12:23:59                      10
================================================================================
[2026-04-02T12:24:35.192+0000] {manager.py:997} INFO - 
================================================================================
DAG File Processing Stats

File Path                                       PID  Runtime      # DAGs    # Errors  Last Runtime    Last Run               Last # of DB Queries
--------------------------------------------  -----  ---------  --------  ----------  --------------  -------------------  ----------------------
/opt/airflow/dags/keycloak/setup_keycloak.py                           1           0  0.09s           2026-04-02T12:24:30                      10
/opt/airflow/dags/hello_world.py               5032  0.00s             1           0  0.09s           2026-04-02T12:24:04                      12
================================================================================
[2026-04-02T12:25:05.501+0000] {manager.py:997} INFO - 
================================================================================
DAG File Processing Stats

File Path                                       PID  Runtime      # DAGs    # Errors  Last Runtime    Last Run               Last # of DB Queries
--------------------------------------------  -----  ---------  --------  ----------  --------------  -------------------  ----------------------
/opt/airflow/dags/hello_world.py               5042  0.00s             1           0  0.09s           2026-04-02T12:24:35                      12
/opt/airflow/dags/keycloak/setup_keycloak.py                           1           0  0.08s           2026-04-02T12:25:00                      10
================================================================================
[2026-04-02T12:25:16.631+0000] {manager.py:821} INFO - Searching for files in /opt/airflow/dags
[2026-04-02T12:25:16.651+0000] {manager.py:824} INFO - There are 2 files in /opt/airflow/dags
[2026-04-02T12:25:35.800+0000] {manager.py:997} INFO - 
================================================================================
DAG File Processing Stats

File Path                                       PID  Runtime      # DAGs    # Errors  Last Runtime    Last Run               Last # of DB Queries
--------------------------------------------  -----  ---------  --------  ----------  --------------  -------------------  ----------------------
/opt/airflow/dags/hello_world.py               5052  0.01s             1           0  0.11s           2026-04-02T12:25:05                      12
/opt/airflow/dags/keycloak/setup_keycloak.py                           1           0  0.09s           2026-04-02T12:25:30                      10
================================================================================
[2026-04-02T12:26:06.109+0000] {manager.py:997} INFO - 
================================================================================
DAG File Processing Stats

File Path                                       PID  Runtime      # DAGs    # Errors  Last Runtime    Last Run               Last # of DB Queries
--------------------------------------------  -----  ---------  --------  ----------  --------------  -------------------  ----------------------
/opt/airflow/dags/hello_world.py               5062  0.00s             1           0  0.13s           2026-04-02T12:25:35                      12
/opt/airflow/dags/keycloak/setup_keycloak.py                           1           0  0.10s           2026-04-02T12:26:01                      10
================================================================================
[2026-04-02T12:26:36.388+0000] {manager.py:997} INFO - 
================================================================================
DAG File Processing Stats

File Path                                       PID  Runtime      # DAGs    # Errors  Last Runtime    Last Run               Last # of DB Queries
--------------------------------------------  -----  ---------  --------  ----------  --------------  -------------------  ----------------------
/opt/airflow/dags/hello_world.py               5072  0.00s             1           0  0.09s           2026-04-02T12:26:06                      12
/opt/airflow/dags/keycloak/setup_keycloak.py                           1           0  0.08s           2026-04-02T12:26:31                      10
================================================================================
[2026-04-02T12:27:06.664+0000] {manager.py:997} INFO - 
================================================================================
DAG File Processing Stats

File Path                                       PID  Runtime      # DAGs    # Errors  Last Runtime    Last Run               Last # of DB Queries
--------------------------------------------  -----  ---------  --------  ----------  --------------  -------------------  ----------------------
/opt/airflow/dags/keycloak/setup_keycloak.py                           1           0  0.10s           2026-04-02T12:27:01                      10
/opt/airflow/dags/hello_world.py               5082  0.00s             1           0  0.08s           2026-04-02T12:26:36                      12
================================================================================
[2026-04-02T12:27:36.919+0000] {manager.py:997} INFO - 
================================================================================
DAG File Processing Stats

File Path                                       PID  Runtime      # DAGs    # Errors  Last Runtime    Last Run               Last # of DB Queries
--------------------------------------------  -----  ---------  --------  ----------  --------------  -------------------  ----------------------
/opt/airflow/dags/hello_world.py               5092  0.00s             1           0  0.10s           2026-04-02T12:27:06                      12
/opt/airflow/dags/keycloak/setup_keycloak.py                           1           0  0.09s           2026-04-02T12:27:31                      10
================================================================================
[2026-04-02T12:28:07.205+0000] {manager.py:997} INFO - 
================================================================================
DAG File Processing Stats

File Path                                       PID  Runtime      # DAGs    # Errors  Last Runtime    Last Run               Last # of DB Queries
--------------------------------------------  -----  ---------  --------  ----------  --------------  -------------------  ----------------------
/opt/airflow/dags/hello_world.py               5102  0.00s             1           0  0.11s           2026-04-02T12:27:37                      12
/opt/airflow/dags/keycloak/setup_keycloak.py                           1           0  0.08s           2026-04-02T12:28:02                      10
================================================================================
[2026-04-02T12:28:37.494+0000] {manager.py:997} INFO - 
================================================================================
DAG File Processing Stats

File Path                                       PID  Runtime      # DAGs    # Errors  Last Runtime    Last Run               Last # of DB Queries
--------------------------------------------  -----  ---------  --------  ----------  --------------  -------------------  ----------------------
/opt/airflow/dags/keycloak/setup_keycloak.py                           1           0  0.09s           2026-04-02T12:28:32                      10
/opt/airflow/dags/hello_world.py               5112  0.00s             1           0  0.08s           2026-04-02T12:28:07                      12
================================================================================
[2026-04-02T12:29:07.758+0000] {manager.py:997} INFO - 
================================================================================
DAG File Processing Stats

File Path                                       PID  Runtime      # DAGs    # Errors  Last Runtime    Last Run               Last # of DB Queries
--------------------------------------------  -----  ---------  --------  ----------  --------------  -------------------  ----------------------
/opt/airflow/dags/hello_world.py               5122  0.00s             1           0  0.09s           2026-04-02T12:28:37                      12
/opt/airflow/dags/keycloak/setup_keycloak.py                           1           0  0.08s           2026-04-02T12:29:02                      10
================================================================================
[2026-04-02T12:29:38.018+0000] {manager.py:997} INFO - 
================================================================================
DAG File Processing Stats

File Path                                       PID  Runtime      # DAGs    # Errors  Last Runtime    Last Run               Last # of DB Queries
--------------------------------------------  -----  ---------  --------  ----------  --------------  -------------------  ----------------------
/opt/airflow/dags/hello_world.py               5132  0.00s             1           0  0.11s           2026-04-02T12:29:07                      12
/opt/airflow/dags/keycloak/setup_keycloak.py                           1           0  0.08s           2026-04-02T12:29:33                      10
================================================================================
[2026-04-02T12:30:08.278+0000] {manager.py:997} INFO - 
================================================================================
DAG File Processing Stats

File Path                                       PID  Runtime      # DAGs    # Errors  Last Runtime    Last Run               Last # of DB Queries
--------------------------------------------  -----  ---------  --------  ----------  --------------  -------------------  ----------------------
/opt/airflow/dags/hello_world.py               5142  0.00s             1           0  0.11s           2026-04-02T12:29:38                      12
/opt/airflow/dags/keycloak/setup_keycloak.py                           1           0  0.10s           2026-04-02T12:30:03                      10
================================================================================
[2026-04-02T12:30:17.409+0000] {manager.py:821} INFO - Searching for files in /opt/airflow/dags
[2026-04-02T12:30:17.412+0000] {manager.py:824} INFO - There are 2 files in /opt/airflow/dags
[2026-04-02T12:30:38.575+0000] {manager.py:997} INFO - 
================================================================================
DAG File Processing Stats

File Path                                       PID  Runtime      # DAGs    # Errors  Last Runtime    Last Run               Last # of DB Queries
--------------------------------------------  -----  ---------  --------  ----------  --------------  -------------------  ----------------------
/opt/airflow/dags/hello_world.py               5152  0.00s             1           0  0.09s           2026-04-02T12:30:08                      12
/opt/airflow/dags/keycloak/setup_keycloak.py                           1           0  0.08s           2026-04-02T12:30:33                      10
================================================================================
[2026-04-02T12:31:08.834+0000] {manager.py:997} INFO - 
================================================================================
DAG File Processing Stats

File Path                                       PID  Runtime      # DAGs    # Errors  Last Runtime    Last Run               Last # of DB Queries
--------------------------------------------  -----  ---------  --------  ----------  --------------  -------------------  ----------------------
/opt/airflow/dags/keycloak/setup_keycloak.py                           1           0  0.09s           2026-04-02T12:31:03                      10
/opt/airflow/dags/hello_world.py               5162  0.00s             1           0  0.08s           2026-04-02T12:30:38                      12
================================================================================
[2026-04-02T12:31:39.112+0000] {manager.py:997} INFO - 
================================================================================
DAG File Processing Stats

File Path                                       PID  Runtime      # DAGs    # Errors  Last Runtime    Last Run               Last # of DB Queries
--------------------------------------------  -----  ---------  --------  ----------  --------------  -------------------  ----------------------
/opt/airflow/dags/hello_world.py               5172  0.01s             1           0  0.10s           2026-04-02T12:31:08                      12
/opt/airflow/dags/keycloak/setup_keycloak.py                           1           0  0.09s           2026-04-02T12:31:34                      10
================================================================================
[2026-04-02T12:32:09.419+0000] {manager.py:997} INFO - 
================================================================================
DAG File Processing Stats

File Path                                       PID  Runtime      # DAGs    # Errors  Last Runtime    Last Run               Last # of DB Queries
--------------------------------------------  -----  ---------  --------  ----------  --------------  -------------------  ----------------------
/opt/airflow/dags/hello_world.py               5182  0.00s             1           0  0.10s           2026-04-02T12:31:39                      12
/opt/airflow/dags/keycloak/setup_keycloak.py                           1           0  0.08s           2026-04-02T12:32:04                      10
================================================================================
[2026-04-02T12:32:39.696+0000] {manager.py:997} INFO - 
================================================================================
DAG File Processing Stats

File Path                                       PID  Runtime      # DAGs    # Errors  Last Runtime    Last Run               Last # of DB Queries
--------------------------------------------  -----  ---------  --------  ----------  --------------  -------------------  ----------------------
/opt/airflow/dags/keycloak/setup_keycloak.py                           1           0  0.10s           2026-04-02T12:32:34                      10
/opt/airflow/dags/hello_world.py               5192  0.00s             1           0  0.08s           2026-04-02T12:32:09                      12
================================================================================
[2026-04-02T12:33:09.990+0000] {manager.py:997} INFO - 
================================================================================
DAG File Processing Stats

File Path                                       PID  Runtime      # DAGs    # Errors  Last Runtime    Last Run               Last # of DB Queries
--------------------------------------------  -----  ---------  --------  ----------  --------------  -------------------  ----------------------
/opt/airflow/dags/keycloak/setup_keycloak.py                           1           0  0.10s           2026-04-02T12:33:05                      10
/opt/airflow/dags/hello_world.py               5202  0.00s             1           0  0.09s           2026-04-02T12:32:39                      12
================================================================================
[2026-04-02T12:33:40.265+0000] {manager.py:997} INFO - 
================================================================================
DAG File Processing Stats

File Path                                       PID  Runtime      # DAGs    # Errors  Last Runtime    Last Run               Last # of DB Queries
--------------------------------------------  -----  ---------  --------  ----------  --------------  -------------------  ----------------------
/opt/airflow/dags/keycloak/setup_keycloak.py                           1           0  0.09s           2026-04-02T12:33:35                      10
/opt/airflow/dags/hello_world.py               5212  0.00s             1           0  0.09s           2026-04-02T12:33:10                      12
================================================================================
[2026-04-02T12:34:10.573+0000] {manager.py:997} INFO - 
================================================================================
DAG File Processing Stats

File Path                                       PID  Runtime      # DAGs    # Errors  Last Runtime    Last Run               Last # of DB Queries
--------------------------------------------  -----  ---------  --------  ----------  --------------  -------------------  ----------------------
/opt/airflow/dags/keycloak/setup_keycloak.py                           1           0  0.10s           2026-04-02T12:34:05                      10
/opt/airflow/dags/hello_world.py               5222  0.00s             1           0  0.09s           2026-04-02T12:33:40                      12
================================================================================
[2026-04-02T12:34:40.877+0000] {manager.py:997} INFO - 
================================================================================
DAG File Processing Stats

File Path                                       PID  Runtime      # DAGs    # Errors  Last Runtime    Last Run               Last # of DB Queries
--------------------------------------------  -----  ---------  --------  ----------  --------------  -------------------  ----------------------
/opt/airflow/dags/keycloak/setup_keycloak.py                           1           0  0.14s           2026-04-02T12:34:35                      10
/opt/airflow/dags/hello_world.py               5232  0.00s             1           0  0.08s           2026-04-02T12:34:10                      12
================================================================================
[2026-04-02T12:35:11.122+0000] {manager.py:997} INFO - 
================================================================================
DAG File Processing Stats

File Path                                       PID  Runtime      # DAGs    # Errors  Last Runtime    Last Run               Last # of DB Queries
--------------------------------------------  -----  ---------  --------  ----------  --------------  -------------------  ----------------------
/opt/airflow/dags/keycloak/setup_keycloak.py                           1           0  0.09s           2026-04-02T12:35:06                      10
/opt/airflow/dags/hello_world.py               5242  0.00s             1           0  0.09s           2026-04-02T12:34:40                      12
================================================================================
[2026-04-02T12:35:18.241+0000] {manager.py:821} INFO - Searching for files in /opt/airflow/dags
[2026-04-02T12:35:18.246+0000] {manager.py:824} INFO - There are 2 files in /opt/airflow/dags
[2026-04-02T12:35:41.420+0000] {manager.py:997} INFO - 
================================================================================
DAG File Processing Stats

File Path                                       PID  Runtime      # DAGs    # Errors  Last Runtime    Last Run               Last # of DB Queries
--------------------------------------------  -----  ---------  --------  ----------  --------------  -------------------  ----------------------
/opt/airflow/dags/hello_world.py               5252  0.00s             1           0  0.09s           2026-04-02T12:35:11                      12
/opt/airflow/dags/keycloak/setup_keycloak.py                           1           0  0.09s           2026-04-02T12:35:36                      10
================================================================================
[2026-04-02T12:36:11.717+0000] {manager.py:997} INFO - 
================================================================================
DAG File Processing Stats

File Path                                       PID  Runtime      # DAGs    # Errors  Last Runtime    Last Run               Last # of DB Queries
--------------------------------------------  -----  ---------  --------  ----------  --------------  -------------------  ----------------------
/opt/airflow/dags/keycloak/setup_keycloak.py                           1           0  0.09s           2026-04-02T12:36:06                      10
/opt/airflow/dags/hello_world.py               5262  0.00s             1           0  0.08s           2026-04-02T12:35:41                      12
================================================================================
[2026-04-02T12:36:42.008+0000] {manager.py:997} INFO - 
================================================================================
DAG File Processing Stats

File Path                                       PID  Runtime      # DAGs    # Errors  Last Runtime    Last Run               Last # of DB Queries
--------------------------------------------  -----  ---------  --------  ----------  --------------  -------------------  ----------------------
/opt/airflow/dags/hello_world.py               5272  0.00s             1           0  0.08s           2026-04-02T12:36:11                      12
/opt/airflow/dags/keycloak/setup_keycloak.py                           1           0  0.08s           2026-04-02T12:36:37                      10
================================================================================
[2026-04-02T12:37:12.266+0000] {manager.py:997} INFO - 
================================================================================
DAG File Processing Stats

File Path                                       PID  Runtime      # DAGs    # Errors  Last Runtime    Last Run               Last # of DB Queries
--------------------------------------------  -----  ---------  --------  ----------  --------------  -------------------  ----------------------
/opt/airflow/dags/hello_world.py               5282  0.00s             1           0  0.10s           2026-04-02T12:36:42                      12
/opt/airflow/dags/keycloak/setup_keycloak.py                           1           0  0.10s           2026-04-02T12:37:07                      10
================================================================================
[2026-04-02T12:37:42.517+0000] {manager.py:997} INFO - 
================================================================================
DAG File Processing Stats

File Path                                       PID  Runtime      # DAGs    # Errors  Last Runtime    Last Run               Last # of DB Queries
--------------------------------------------  -----  ---------  --------  ----------  --------------  -------------------  ----------------------
/opt/airflow/dags/hello_world.py               5292  0.00s             1           0  0.08s           2026-04-02T12:37:12                      12
/opt/airflow/dags/keycloak/setup_keycloak.py                           1           0  0.08s           2026-04-02T12:37:37                      10
================================================================================
[2026-04-02T12:38:12.778+0000] {manager.py:997} INFO - 
================================================================================
DAG File Processing Stats

File Path                                       PID  Runtime      # DAGs    # Errors  Last Runtime    Last Run               Last # of DB Queries
--------------------------------------------  -----  ---------  --------  ----------  --------------  -------------------  ----------------------
/opt/airflow/dags/hello_world.py               5302  0.00s             1           0  0.11s           2026-04-02T12:37:42                      12
/opt/airflow/dags/keycloak/setup_keycloak.py                           1           0  0.09s           2026-04-02T12:38:07                      10
================================================================================
[2026-04-02T12:38:43.023+0000] {manager.py:997} INFO - 
================================================================================
DAG File Processing Stats

File Path                                       PID  Runtime      # DAGs    # Errors  Last Runtime    Last Run               Last # of DB Queries
--------------------------------------------  -----  ---------  --------  ----------  --------------  -------------------  ----------------------
/opt/airflow/dags/hello_world.py               5312  0.00s             1           0  0.09s           2026-04-02T12:38:12                      12
/opt/airflow/dags/keycloak/setup_keycloak.py                           1           0  0.08s           2026-04-02T12:38:38                      10
================================================================================
[2026-04-02T12:39:13.268+0000] {manager.py:997} INFO - 
================================================================================
DAG File Processing Stats

File Path                                       PID  Runtime      # DAGs    # Errors  Last Runtime    Last Run               Last # of DB Queries
--------------------------------------------  -----  ---------  --------  ----------  --------------  -------------------  ----------------------
/opt/airflow/dags/hello_world.py               5322  0.00s             1           0  0.11s           2026-04-02T12:38:43                      12
/opt/airflow/dags/keycloak/setup_keycloak.py                           1           0  0.10s           2026-04-02T12:39:08                      10
================================================================================
[2026-04-02T12:39:43.552+0000] {manager.py:997} INFO - 
================================================================================
DAG File Processing Stats

File Path                                       PID  Runtime      # DAGs    # Errors  Last Runtime    Last Run               Last # of DB Queries
--------------------------------------------  -----  ---------  --------  ----------  --------------  -------------------  ----------------------
/opt/airflow/dags/hello_world.py               5332  0.00s             1           0  0.08s           2026-04-02T12:39:13                      12
/opt/airflow/dags/keycloak/setup_keycloak.py                           1           0  0.08s           2026-04-02T12:39:38                      10
================================================================================
[2026-04-02T12:40:13.746+0000] {manager.py:997} INFO - 
================================================================================
DAG File Processing Stats

File Path                                       PID  Runtime      # DAGs    # Errors  Last Runtime    Last Run               Last # of DB Queries
--------------------------------------------  -----  ---------  --------  ----------  --------------  -------------------  ----------------------
/opt/airflow/dags/hello_world.py               5342  0.00s             1           0  0.09s           2026-04-02T12:39:43                      12
/opt/airflow/dags/keycloak/setup_keycloak.py                           1           0  0.08s           2026-04-02T12:40:08                      10
================================================================================
[2026-04-02T12:40:18.839+0000] {manager.py:821} INFO - Searching for files in /opt/airflow/dags
[2026-04-02T12:40:18.844+0000] {manager.py:824} INFO - There are 2 files in /opt/airflow/dags
[2026-04-02T12:40:44.038+0000] {manager.py:997} INFO - 
================================================================================
DAG File Processing Stats

File Path                                       PID  Runtime      # DAGs    # Errors  Last Runtime    Last Run               Last # of DB Queries
--------------------------------------------  -----  ---------  --------  ----------  --------------  -------------------  ----------------------
/opt/airflow/dags/keycloak/setup_keycloak.py                           1           0  0.11s           2026-04-02T12:40:39                      10
/opt/airflow/dags/hello_world.py               5352  0.00s             1           0  0.09s           2026-04-02T12:40:13                      12
================================================================================
[2026-04-02T12:41:14.339+0000] {manager.py:997} INFO - 
================================================================================
DAG File Processing Stats

File Path                                       PID  Runtime      # DAGs    # Errors  Last Runtime    Last Run               Last # of DB Queries
--------------------------------------------  -----  ---------  --------  ----------  --------------  -------------------  ----------------------
/opt/airflow/dags/hello_world.py               5362  0.00s             1           0  0.11s           2026-04-02T12:40:44                      12
/opt/airflow/dags/keycloak/setup_keycloak.py                           1           0  0.08s           2026-04-02T12:41:09                      10
================================================================================
[2026-04-02T12:41:44.672+0000] {manager.py:997} INFO - 
================================================================================
DAG File Processing Stats

File Path                                       PID  Runtime      # DAGs    # Errors  Last Runtime    Last Run               Last # of DB Queries
--------------------------------------------  -----  ---------  --------  ----------  --------------  -------------------  ----------------------
/opt/airflow/dags/keycloak/setup_keycloak.py                           1           0  0.09s           2026-04-02T12:41:39                      10
/opt/airflow/dags/hello_world.py               5372  0.00s             1           0  0.08s           2026-04-02T12:41:14                      12
================================================================================
[2026-04-02T12:42:14.950+0000] {manager.py:997} INFO - 
================================================================================
DAG File Processing Stats

File Path                                       PID  Runtime      # DAGs    # Errors  Last Runtime    Last Run               Last # of DB Queries
--------------------------------------------  -----  ---------  --------  ----------  --------------  -------------------  ----------------------
/opt/airflow/dags/keycloak/setup_keycloak.py                           1           0  0.15s           2026-04-02T12:42:10                      10
/opt/airflow/dags/hello_world.py               5382  0.01s             1           0  0.09s           2026-04-02T12:41:44                      12
================================================================================
[2026-04-02T12:42:45.225+0000] {manager.py:997} INFO - 
================================================================================
DAG File Processing Stats

File Path                                       PID  Runtime      # DAGs    # Errors  Last Runtime    Last Run               Last # of DB Queries
--------------------------------------------  -----  ---------  --------  ----------  --------------  -------------------  ----------------------
/opt/airflow/dags/hello_world.py               5392  0.00s             1           0  0.12s           2026-04-02T12:42:15                      12
/opt/airflow/dags/keycloak/setup_keycloak.py                           1           0  0.11s           2026-04-02T12:42:40                      10
================================================================================
[2026-04-02T12:43:15.497+0000] {manager.py:997} INFO - 
================================================================================
DAG File Processing Stats

File Path                                       PID  Runtime      # DAGs    # Errors  Last Runtime    Last Run               Last # of DB Queries
--------------------------------------------  -----  ---------  --------  ----------  --------------  -------------------  ----------------------
/opt/airflow/dags/hello_world.py               5402  0.00s             1           0  0.10s           2026-04-02T12:42:45                      12
/opt/airflow/dags/keycloak/setup_keycloak.py                           1           0  0.09s           2026-04-02T12:43:10                      10
================================================================================
[2026-04-02T12:43:45.761+0000] {manager.py:997} INFO - 
================================================================================
DAG File Processing Stats

File Path                                       PID  Runtime      # DAGs    # Errors  Last Runtime    Last Run               Last # of DB Queries
--------------------------------------------  -----  ---------  --------  ----------  --------------  -------------------  ----------------------
/opt/airflow/dags/hello_world.py               5412  0.00s             1           0  0.10s           2026-04-02T12:43:15                      12
/opt/airflow/dags/keycloak/setup_keycloak.py                           1           0  0.09s           2026-04-02T12:43:40                      10
================================================================================
[2026-04-02T12:44:16.066+0000] {manager.py:997} INFO - 
================================================================================
DAG File Processing Stats

File Path                                       PID  Runtime      # DAGs    # Errors  Last Runtime    Last Run               Last # of DB Queries
--------------------------------------------  -----  ---------  --------  ----------  --------------  -------------------  ----------------------
/opt/airflow/dags/hello_world.py               5422  0.00s             1           0  0.16s           2026-04-02T12:43:45                      12
/opt/airflow/dags/keycloak/setup_keycloak.py                           1           0  0.12s           2026-04-02T12:44:11                      10
================================================================================
[2026-04-02T12:44:46.323+0000] {manager.py:997} INFO - 
================================================================================
DAG File Processing Stats

File Path                                       PID  Runtime      # DAGs    # Errors  Last Runtime    Last Run               Last # of DB Queries
--------------------------------------------  -----  ---------  --------  ----------  --------------  -------------------  ----------------------
/opt/airflow/dags/keycloak/setup_keycloak.py                           1           0  0.11s           2026-04-02T12:44:28                      10
/opt/airflow/dags/hello_world.py               5432  0.00s             1           0  0.10s           2026-04-02T12:44:16                      12
================================================================================
[2026-04-02T12:45:16.597+0000] {manager.py:997} INFO - 
================================================================================
DAG File Processing Stats

File Path                                       PID  Runtime      # DAGs    # Errors  Last Runtime    Last Run               Last # of DB Queries
--------------------------------------------  -----  ---------  --------  ----------  --------------  -------------------  ----------------------
/opt/airflow/dags/keycloak/setup_keycloak.py                           1           0  0.11s           2026-04-02T12:44:58                      10
/opt/airflow/dags/hello_world.py               5442  0.00s             1           0  0.10s           2026-04-02T12:44:46                      12
================================================================================
[2026-04-02T12:45:19.626+0000] {manager.py:821} INFO - Searching for files in /opt/airflow/dags
[2026-04-02T12:45:19.631+0000] {manager.py:824} INFO - There are 2 files in /opt/airflow/dags
[2026-04-02T12:45:46.918+0000] {manager.py:997} INFO - 
================================================================================
DAG File Processing Stats

File Path                                       PID  Runtime      # DAGs    # Errors  Last Runtime    Last Run               Last # of DB Queries
--------------------------------------------  -----  ---------  --------  ----------  --------------  -------------------  ----------------------
/opt/airflow/dags/hello_world.py               5452  0.00s             1           0  0.14s           2026-04-02T12:45:16                      12
/opt/airflow/dags/keycloak/setup_keycloak.py                           1           0  0.13s           2026-04-02T12:45:28                      10
================================================================================
[2026-04-02T12:46:17.224+0000] {manager.py:997} INFO - 
================================================================================
DAG File Processing Stats

File Path                                       PID  Runtime      # DAGs    # Errors  Last Runtime    Last Run               Last # of DB Queries
--------------------------------------------  -----  ---------  --------  ----------  --------------  -------------------  ----------------------
/opt/airflow/dags/hello_world.py               5462  0.00s             1           0  0.14s           2026-04-02T12:45:47                      12
/opt/airflow/dags/keycloak/setup_keycloak.py                           1           0  0.11s           2026-04-02T12:45:59                      10
================================================================================
[2026-04-02T12:46:47.480+0000] {manager.py:997} INFO - 
================================================================================
DAG File Processing Stats

File Path                                       PID  Runtime      # DAGs    # Errors  Last Runtime    Last Run               Last # of DB Queries
--------------------------------------------  -----  ---------  --------  ----------  --------------  -------------------  ----------------------
/opt/airflow/dags/keycloak/setup_keycloak.py                           1           0  0.10s           2026-04-02T12:46:29                      10
/opt/airflow/dags/hello_world.py               5472  0.00s             1           0  0.09s           2026-04-02T12:46:17                      12
================================================================================
[2026-04-02T12:47:17.752+0000] {manager.py:997} INFO - 
================================================================================
DAG File Processing Stats

File Path                                       PID  Runtime      # DAGs    # Errors  Last Runtime    Last Run               Last # of DB Queries
--------------------------------------------  -----  ---------  --------  ----------  --------------  -------------------  ----------------------
/opt/airflow/dags/hello_world.py               5482  0.00s             1           0  0.11s           2026-04-02T12:46:47                      12
/opt/airflow/dags/keycloak/setup_keycloak.py                           1           0  0.10s           2026-04-02T12:46:59                      10
================================================================================
[2026-04-02T12:47:48.015+0000] {manager.py:997} INFO - 
================================================================================
DAG File Processing Stats

File Path                                       PID  Runtime      # DAGs    # Errors  Last Runtime    Last Run               Last # of DB Queries
--------------------------------------------  -----  ---------  --------  ----------  --------------  -------------------  ----------------------
/opt/airflow/dags/hello_world.py               5492  0.00s             1           0  0.12s           2026-04-02T12:47:17                      12
/opt/airflow/dags/keycloak/setup_keycloak.py                           1           0  0.10s           2026-04-02T12:47:29                      10
================================================================================
[2026-04-02T12:48:18.215+0000] {manager.py:997} INFO - 
================================================================================
DAG File Processing Stats

File Path                                       PID  Runtime      # DAGs    # Errors  Last Runtime    Last Run               Last # of DB Queries
--------------------------------------------  -----  ---------  --------  ----------  --------------  -------------------  ----------------------
/opt/airflow/dags/hello_world.py               5502  0.00s             1           0  0.11s           2026-04-02T12:47:48                      12
/opt/airflow/dags/keycloak/setup_keycloak.py                           1           0  0.09s           2026-04-02T12:48:00                      10
================================================================================
[2026-04-02T12:48:48.480+0000] {manager.py:997} INFO - 
================================================================================
DAG File Processing Stats

File Path                                       PID  Runtime      # DAGs    # Errors  Last Runtime    Last Run               Last # of DB Queries
--------------------------------------------  -----  ---------  --------  ----------  --------------  -------------------  ----------------------
/opt/airflow/dags/hello_world.py               5512  0.00s             1           0  0.10s           2026-04-02T12:48:18                      12
/opt/airflow/dags/keycloak/setup_keycloak.py                           1           0  0.09s           2026-04-02T12:48:30                      10
================================================================================
[2026-04-02T12:49:18.731+0000] {manager.py:997} INFO - 
================================================================================
DAG File Processing Stats

File Path                                       PID  Runtime      # DAGs    # Errors  Last Runtime    Last Run               Last # of DB Queries
--------------------------------------------  -----  ---------  --------  ----------  --------------  -------------------  ----------------------
/opt/airflow/dags/keycloak/setup_keycloak.py                           1           0  0.20s           2026-04-02T12:48:59                      32
/opt/airflow/dags/hello_world.py               5522  0.00s             1           0  0.10s           2026-04-02T12:48:48                      12
================================================================================
[2026-04-02T12:49:48.993+0000] {manager.py:997} INFO - 
================================================================================
DAG File Processing Stats

File Path                                       PID  Runtime      # DAGs    # Errors  Last Runtime    Last Run               Last # of DB Queries
--------------------------------------------  -----  ---------  --------  ----------  --------------  -------------------  ----------------------
/opt/airflow/dags/keycloak/setup_keycloak.py                           1           0  0.15s           2026-04-02T12:49:29                      10
/opt/airflow/dags/hello_world.py               5532  0.01s             1           0  0.09s           2026-04-02T12:49:18                      12
================================================================================
[2026-04-02T12:50:19.276+0000] {manager.py:997} INFO - 
================================================================================
DAG File Processing Stats

File Path                                       PID  Runtime      # DAGs    # Errors  Last Runtime    Last Run               Last # of DB Queries
--------------------------------------------  -----  ---------  --------  ----------  --------------  -------------------  ----------------------
/opt/airflow/dags/hello_world.py               5542  0.00s             1           0  0.13s           2026-04-02T12:49:49                      12
/opt/airflow/dags/keycloak/setup_keycloak.py                           1           0  0.10s           2026-04-02T12:50:00                      10
================================================================================
[2026-04-02T12:50:20.290+0000] {manager.py:821} INFO - Searching for files in /opt/airflow/dags
[2026-04-02T12:50:20.291+0000] {manager.py:824} INFO - There are 2 files in /opt/airflow/dags
[2026-04-02T12:50:49.577+0000] {manager.py:997} INFO - 
================================================================================
DAG File Processing Stats

File Path                                       PID  Runtime      # DAGs    # Errors  Last Runtime    Last Run               Last # of DB Queries
--------------------------------------------  -----  ---------  --------  ----------  --------------  -------------------  ----------------------
/opt/airflow/dags/hello_world.py               5570  0.00s             1           0  0.11s           2026-04-02T12:50:19                      12
/opt/airflow/dags/keycloak/setup_keycloak.py                           1           0  0.10s           2026-04-02T12:50:30                      10
================================================================================
[2026-04-02T12:51:19.870+0000] {manager.py:997} INFO - 
================================================================================
DAG File Processing Stats

File Path                                       PID  Runtime      # DAGs    # Errors  Last Runtime    Last Run               Last # of DB Queries
--------------------------------------------  -----  ---------  --------  ----------  --------------  -------------------  ----------------------
/opt/airflow/dags/hello_world.py               5598  0.00s             1           0  0.11s           2026-04-02T12:50:49                      12
/opt/airflow/dags/keycloak/setup_keycloak.py                           1           0  0.10s           2026-04-02T12:51:00                      10
================================================================================
[2026-04-02T12:51:50.130+0000] {manager.py:997} INFO - 
================================================================================
DAG File Processing Stats

File Path                                       PID  Runtime      # DAGs    # Errors  Last Runtime    Last Run               Last # of DB Queries
--------------------------------------------  -----  ---------  --------  ----------  --------------  -------------------  ----------------------
/opt/airflow/dags/hello_world.py               5608  0.00s             1           0  0.11s           2026-04-02T12:51:19                      12
/opt/airflow/dags/keycloak/setup_keycloak.py                           1           0  0.09s           2026-04-02T12:51:31                      10
================================================================================
[2026-04-02T12:52:20.362+0000] {manager.py:997} INFO - 
================================================================================
DAG File Processing Stats

File Path                                       PID  Runtime      # DAGs    # Errors  Last Runtime    Last Run               Last # of DB Queries
--------------------------------------------  -----  ---------  --------  ----------  --------------  -------------------  ----------------------
/opt/airflow/dags/keycloak/setup_keycloak.py                           1           0  0.09s           2026-04-02T12:52:01                      10
/opt/airflow/dags/hello_world.py               5618  0.00s             1           0  0.08s           2026-04-02T12:51:50                      12
================================================================================
[2026-04-02T12:52:50.615+0000] {manager.py:997} INFO - 
================================================================================
DAG File Processing Stats

File Path                                       PID  Runtime      # DAGs    # Errors  Last Runtime    Last Run               Last # of DB Queries
--------------------------------------------  -----  ---------  --------  ----------  --------------  -------------------  ----------------------
/opt/airflow/dags/keycloak/setup_keycloak.py                           1           0  0.11s           2026-04-02T12:52:31                      10
/opt/airflow/dags/hello_world.py               5628  0.00s             1           0  0.09s           2026-04-02T12:52:20                      12
================================================================================
[2026-04-02T12:53:20.829+0000] {manager.py:997} INFO - 
================================================================================
DAG File Processing Stats

File Path                                       PID  Runtime      # DAGs    # Errors  Last Runtime    Last Run               Last # of DB Queries
--------------------------------------------  -----  ---------  --------  ----------  --------------  -------------------  ----------------------
/opt/airflow/dags/hello_world.py               5638  0.01s             1           0  0.16s           2026-04-02T12:52:50                      12
/opt/airflow/dags/keycloak/setup_keycloak.py                           1           0  0.09s           2026-04-02T12:53:01                      10
================================================================================
[2026-04-02T12:53:51.364+0000] {manager.py:997} INFO - 
================================================================================
DAG File Processing Stats

File Path                                       PID  Runtime      # DAGs    # Errors  Last Runtime    Last Run               Last # of DB Queries
--------------------------------------------  -----  ---------  --------  ----------  --------------  -------------------  ----------------------
/opt/airflow/dags/keycloak/setup_keycloak.py                           1           0  0.28s           2026-04-02T12:53:32                      10
/opt/airflow/dags/hello_world.py               5648  0.01s             1           0  0.23s           2026-04-02T12:53:21                      12
================================================================================
[2026-04-02T12:54:21.832+0000] {manager.py:997} INFO - 
================================================================================
DAG File Processing Stats

File Path                                       PID  Runtime      # DAGs    # Errors  Last Runtime    Last Run               Last # of DB Queries
--------------------------------------------  -----  ---------  --------  ----------  --------------  -------------------  ----------------------
/opt/airflow/dags/keycloak/setup_keycloak.py                           1           0  0.30s           2026-04-02T12:54:02                      10
/opt/airflow/dags/hello_world.py               5658  0.01s             1           0  0.20s           2026-04-02T12:53:51                      12
================================================================================
[2026-04-02T12:54:52.066+0000] {manager.py:997} INFO - 
================================================================================
DAG File Processing Stats

File Path                                       PID  Runtime      # DAGs    # Errors  Last Runtime    Last Run               Last # of DB Queries
--------------------------------------------  -----  ---------  --------  ----------  --------------  -------------------  ----------------------
/opt/airflow/dags/hello_world.py               5668  0.01s             1           0  0.20s           2026-04-02T12:54:22                      12
/opt/airflow/dags/keycloak/setup_keycloak.py                           1           0  0.17s           2026-04-02T12:54:33                      10
================================================================================
[2026-04-02T12:55:20.442+0000] {manager.py:821} INFO - Searching for files in /opt/airflow/dags
[2026-04-02T12:55:20.444+0000] {manager.py:824} INFO - There are 2 files in /opt/airflow/dags
[2026-04-02T12:55:22.472+0000] {manager.py:997} INFO - 
================================================================================
DAG File Processing Stats

File Path                                       PID  Runtime      # DAGs    # Errors  Last Runtime    Last Run               Last # of DB Queries
--------------------------------------------  -----  ---------  --------  ----------  --------------  -------------------  ----------------------
/opt/airflow/dags/hello_world.py               5683  0.00s             1           0  0.19s           2026-04-02T12:54:52                      12
/opt/airflow/dags/keycloak/setup_keycloak.py                           0           1  0.07s           2026-04-02T12:55:19                       3
================================================================================
[2026-04-02T12:55:52.764+0000] {manager.py:997} INFO - 
================================================================================
DAG File Processing Stats

File Path                                       PID  Runtime      # DAGs    # Errors  Last Runtime    Last Run               Last # of DB Queries
--------------------------------------------  -----  ---------  --------  ----------  --------------  -------------------  ----------------------
/opt/airflow/dags/hello_world.py               5693  0.00s             1           0  0.13s           2026-04-02T12:55:22                      12
/opt/airflow/dags/keycloak/setup_keycloak.py                           0           1  0.07s           2026-04-02T12:55:49                       5
================================================================================
[2026-04-02T12:56:23.020+0000] {manager.py:997} INFO - 
================================================================================
DAG File Processing Stats

File Path                                       PID  Runtime      # DAGs    # Errors  Last Runtime    Last Run               Last # of DB Queries
--------------------------------------------  -----  ---------  --------  ----------  --------------  -------------------  ----------------------
/opt/airflow/dags/hello_world.py               5703  0.00s             1           0  0.09s           2026-04-02T12:55:52                      12
/opt/airflow/dags/keycloak/setup_keycloak.py                           0           1  0.05s           2026-04-02T12:56:19                       5
================================================================================
[2026-04-02T12:56:53.222+0000] {manager.py:997} INFO - 
================================================================================
DAG File Processing Stats

File Path                                       PID  Runtime      # DAGs    # Errors  Last Runtime    Last Run               Last # of DB Queries
--------------------------------------------  -----  ---------  --------  ----------  --------------  -------------------  ----------------------
/opt/airflow/dags/hello_world.py               5713  0.00s             1           0  0.10s           2026-04-02T12:56:23                      12
/opt/airflow/dags/keycloak/setup_keycloak.py                           0           1  0.05s           2026-04-02T12:56:50                       5
================================================================================
[2026-04-02T12:57:23.467+0000] {manager.py:997} INFO - 
================================================================================
DAG File Processing Stats

File Path                                       PID  Runtime      # DAGs    # Errors  Last Runtime    Last Run               Last # of DB Queries
--------------------------------------------  -----  ---------  --------  ----------  --------------  -------------------  ----------------------
/opt/airflow/dags/hello_world.py               5723  0.00s             1           0  0.09s           2026-04-02T12:56:53                      12
/opt/airflow/dags/keycloak/setup_keycloak.py                           0           1  0.04s           2026-04-02T12:57:20                       5
================================================================================
[2026-04-02T12:57:53.692+0000] {manager.py:997} INFO - 
================================================================================
DAG File Processing Stats

File Path                                       PID  Runtime      # DAGs    # Errors  Last Runtime    Last Run               Last # of DB Queries
--------------------------------------------  -----  ---------  --------  ----------  --------------  -------------------  ----------------------
/opt/airflow/dags/hello_world.py               5733  0.00s             1           0  0.09s           2026-04-02T12:57:23                      12
/opt/airflow/dags/keycloak/setup_keycloak.py                           0           1  0.05s           2026-04-02T12:57:50                       5
================================================================================
[2026-04-02T12:58:23.893+0000] {manager.py:997} INFO - 
================================================================================
DAG File Processing Stats

File Path                                       PID  Runtime      # DAGs    # Errors  Last Runtime    Last Run               Last # of DB Queries
--------------------------------------------  -----  ---------  --------  ----------  --------------  -------------------  ----------------------
/opt/airflow/dags/hello_world.py               5743  0.00s             1           0  0.11s           2026-04-02T12:57:53                      12
/opt/airflow/dags/keycloak/setup_keycloak.py                           0           1  0.04s           2026-04-02T12:58:20                       5
================================================================================
[2026-04-02T12:58:54.167+0000] {manager.py:997} INFO - 
================================================================================
DAG File Processing Stats

File Path                                       PID  Runtime      # DAGs    # Errors  Last Runtime    Last Run               Last # of DB Queries
--------------------------------------------  -----  ---------  --------  ----------  --------------  -------------------  ----------------------
/opt/airflow/dags/hello_world.py               5753  0.00s             1           0  0.11s           2026-04-02T12:58:23                      12
/opt/airflow/dags/keycloak/setup_keycloak.py                           0           1  0.05s           2026-04-02T12:58:51                       5
================================================================================
[2026-04-02T12:59:24.406+0000] {manager.py:997} INFO - 
================================================================================
DAG File Processing Stats

File Path                                       PID  Runtime      # DAGs    # Errors  Last Runtime    Last Run               Last # of DB Queries
--------------------------------------------  -----  ---------  --------  ----------  --------------  -------------------  ----------------------
/opt/airflow/dags/hello_world.py               5763  0.00s             1           0  0.09s           2026-04-02T12:58:54                      12
/opt/airflow/dags/keycloak/setup_keycloak.py                           0           1  0.05s           2026-04-02T12:59:21                       5
================================================================================
[2026-04-02T12:59:54.601+0000] {manager.py:997} INFO - 
================================================================================
DAG File Processing Stats

File Path                                       PID  Runtime      # DAGs    # Errors  Last Runtime    Last Run               Last # of DB Queries
--------------------------------------------  -----  ---------  --------  ----------  --------------  -------------------  ----------------------
/opt/airflow/dags/hello_world.py               5773  0.00s             1           0  0.10s           2026-04-02T12:59:24                      12
/opt/airflow/dags/keycloak/setup_keycloak.py                           0           1  0.05s           2026-04-02T12:59:51                       5
================================================================================
[2026-04-02T13:00:20.772+0000] {manager.py:821} INFO - Searching for files in /opt/airflow/dags
[2026-04-02T13:00:20.774+0000] {manager.py:824} INFO - There are 2 files in /opt/airflow/dags
[2026-04-02T13:00:24.829+0000] {manager.py:997} INFO - 
================================================================================
DAG File Processing Stats

File Path                                       PID  Runtime      # DAGs    # Errors  Last Runtime    Last Run               Last # of DB Queries
--------------------------------------------  -----  ---------  --------  ----------  --------------  -------------------  ----------------------
/opt/airflow/dags/hello_world.py               5783  0.00s             1           0  0.09s           2026-04-02T12:59:54                      12
/opt/airflow/dags/keycloak/setup_keycloak.py                           0           1  0.05s           2026-04-02T13:00:21                       5
================================================================================
[2026-04-02T13:00:55.071+0000] {manager.py:997} INFO - 
================================================================================
DAG File Processing Stats

File Path                                       PID  Runtime      # DAGs    # Errors  Last Runtime    Last Run               Last # of DB Queries
--------------------------------------------  -----  ---------  --------  ----------  --------------  -------------------  ----------------------
/opt/airflow/dags/hello_world.py               5793  0.00s             1           0  0.10s           2026-04-02T13:00:24                      12
/opt/airflow/dags/keycloak/setup_keycloak.py                           0           1  0.05s           2026-04-02T13:00:52                       5
================================================================================
[2026-04-02T13:01:25.491+0000] {manager.py:997} INFO - 
================================================================================
DAG File Processing Stats

File Path                                       PID  Runtime      # DAGs    # Errors  Last Runtime    Last Run               Last # of DB Queries
--------------------------------------------  -----  ---------  --------  ----------  --------------  -------------------  ----------------------
/opt/airflow/dags/keycloak/setup_keycloak.py                           1           0  0.19s           2026-04-02T13:00:59                      32
/opt/airflow/dags/hello_world.py               5803  0.01s             1           0  0.15s           2026-04-02T13:00:55                      12
================================================================================
[2026-04-02T13:01:55.969+0000] {manager.py:997} INFO - 
================================================================================
DAG File Processing Stats

File Path                                       PID  Runtime      # DAGs    # Errors  Last Runtime    Last Run               Last # of DB Queries
--------------------------------------------  -----  ---------  --------  ----------  --------------  -------------------  ----------------------
/opt/airflow/dags/keycloak/setup_keycloak.py                           1           0  0.32s           2026-04-02T13:01:29                      10
/opt/airflow/dags/hello_world.py               5840  0.01s             1           0  0.20s           2026-04-02T13:01:25                      12
================================================================================
[2026-04-02T13:02:26.518+0000] {manager.py:997} INFO - 
================================================================================
DAG File Processing Stats

File Path                                       PID  Runtime      # DAGs    # Errors  Last Runtime    Last Run               Last # of DB Queries
--------------------------------------------  -----  ---------  --------  ----------  --------------  -------------------  ----------------------
/opt/airflow/dags/hello_world.py               5856  0.00s             1           0  0.28s           2026-04-02T13:01:56                      12
/opt/airflow/dags/keycloak/setup_keycloak.py                           1           0  0.19s           2026-04-02T13:02:00                      10
================================================================================
[2026-04-02T13:02:56.899+0000] {manager.py:997} INFO - 
================================================================================
DAG File Processing Stats

File Path                                       PID  Runtime      # DAGs    # Errors  Last Runtime    Last Run               Last # of DB Queries
--------------------------------------------  -----  ---------  --------  ----------  --------------  -------------------  ----------------------
/opt/airflow/dags/hello_world.py               5866  0.01s             1           0  0.10s           2026-04-02T13:02:26                      12
/opt/airflow/dags/keycloak/setup_keycloak.py                           1           0  0.10s           2026-04-02T13:02:30                      10
================================================================================
[2026-04-02T13:03:27.441+0000] {manager.py:997} INFO - 
================================================================================
DAG File Processing Stats

File Path                                       PID  Runtime      # DAGs    # Errors  Last Runtime    Last Run               Last # of DB Queries
--------------------------------------------  -----  ---------  --------  ----------  --------------  -------------------  ----------------------
/opt/airflow/dags/hello_world.py               5876  0.01s             1           0  0.26s           2026-04-02T13:02:57                      12
/opt/airflow/dags/keycloak/setup_keycloak.py                           1           0  0.26s           2026-04-02T13:03:01                      10
================================================================================
[2026-04-02T13:03:57.957+0000] {manager.py:997} INFO - 
================================================================================
DAG File Processing Stats

File Path                                       PID  Runtime      # DAGs    # Errors  Last Runtime    Last Run               Last # of DB Queries
--------------------------------------------  -----  ---------  --------  ----------  --------------  -------------------  ----------------------
/opt/airflow/dags/keycloak/setup_keycloak.py                           1           0  0.27s           2026-04-02T13:03:31                      10
/opt/airflow/dags/hello_world.py               5886  0.01s             1           0  0.24s           2026-04-02T13:03:27                      12
================================================================================
[2026-04-02T13:04:28.389+0000] {manager.py:997} INFO - 
================================================================================
DAG File Processing Stats

File Path                                       PID  Runtime      # DAGs    # Errors  Last Runtime    Last Run               Last # of DB Queries
--------------------------------------------  -----  ---------  --------  ----------  --------------  -------------------  ----------------------
/opt/airflow/dags/keycloak/setup_keycloak.py                           1           0  0.19s           2026-04-02T13:04:02                      10
/opt/airflow/dags/hello_world.py               5896  0.01s             1           0  0.14s           2026-04-02T13:03:58                      12
================================================================================
[2026-04-02T13:04:58.957+0000] {manager.py:997} INFO - 
================================================================================
DAG File Processing Stats

File Path                                       PID  Runtime      # DAGs    # Errors  Last Runtime    Last Run               Last # of DB Queries
--------------------------------------------  -----  ---------  --------  ----------  --------------  -------------------  ----------------------
/opt/airflow/dags/hello_world.py               5906  0.01s             1           0  0.27s           2026-04-02T13:04:28                      12
/opt/airflow/dags/keycloak/setup_keycloak.py                           1           0  0.18s           2026-04-02T13:04:32                      10
================================================================================
[2026-04-02T13:05:21.172+0000] {manager.py:821} INFO - Searching for files in /opt/airflow/dags
[2026-04-02T13:05:21.176+0000] {manager.py:824} INFO - There are 2 files in /opt/airflow/dags
[2026-04-02T13:05:29.292+0000] {manager.py:997} INFO - 
================================================================================
DAG File Processing Stats

File Path                                       PID  Runtime      # DAGs    # Errors  Last Runtime    Last Run               Last # of DB Queries
--------------------------------------------  -----  ---------  --------  ----------  --------------  -------------------  ----------------------
/opt/airflow/dags/hello_world.py               5916  0.01s             1           0  0.33s           2026-04-02T13:04:59                      12
/opt/airflow/dags/keycloak/setup_keycloak.py                           1           0  0.22s           2026-04-02T13:05:03                      10
================================================================================
[2026-04-02T13:05:59.771+0000] {manager.py:997} INFO - 
================================================================================
DAG File Processing Stats

File Path                                       PID  Runtime      # DAGs    # Errors  Last Runtime    Last Run               Last # of DB Queries
--------------------------------------------  -----  ---------  --------  ----------  --------------  -------------------  ----------------------
/opt/airflow/dags/keycloak/setup_keycloak.py                           1           0  0.29s           2026-04-02T13:05:33                      10
/opt/airflow/dags/hello_world.py               5926  0.01s             1           0  0.20s           2026-04-02T13:05:29                      12
================================================================================
[2026-04-02T13:06:30.369+0000] {manager.py:997} INFO - 
================================================================================
DAG File Processing Stats

File Path                                       PID  Runtime      # DAGs    # Errors  Last Runtime    Last Run               Last # of DB Queries
--------------------------------------------  -----  ---------  --------  ----------  --------------  -------------------  ----------------------
/opt/airflow/dags/hello_world.py               5936  0.01s             1           0  0.29s           2026-04-02T13:06:00                      12
/opt/airflow/dags/keycloak/setup_keycloak.py                           1           0  0.20s           2026-04-02T13:06:04                      10
================================================================================
[2026-04-02T13:07:00.836+0000] {manager.py:997} INFO - 
================================================================================
DAG File Processing Stats

File Path                                       PID  Runtime      # DAGs    # Errors  Last Runtime    Last Run               Last # of DB Queries
--------------------------------------------  -----  ---------  --------  ----------  --------------  -------------------  ----------------------
/opt/airflow/dags/keycloak/setup_keycloak.py                           1           0  0.23s           2026-04-02T13:06:34                      10
/opt/airflow/dags/hello_world.py               5946  0.01s             1           0  0.18s           2026-04-02T13:06:30                      12
================================================================================
[2026-04-02T13:07:31.335+0000] {manager.py:997} INFO - 
================================================================================
DAG File Processing Stats

File Path                                       PID  Runtime      # DAGs    # Errors  Last Runtime    Last Run               Last # of DB Queries
--------------------------------------------  -----  ---------  --------  ----------  --------------  -------------------  ----------------------
/opt/airflow/dags/keycloak/setup_keycloak.py                           1           0  0.25s           2026-04-02T13:07:05                      10
/opt/airflow/dags/hello_world.py               5956  0.01s             1           0  0.22s           2026-04-02T13:07:01                      12
================================================================================
[2026-04-02T13:08:01.893+0000] {manager.py:997} INFO - 
================================================================================
DAG File Processing Stats

File Path                                       PID  Runtime      # DAGs    # Errors  Last Runtime    Last Run               Last # of DB Queries
--------------------------------------------  -----  ---------  --------  ----------  --------------  -------------------  ----------------------
/opt/airflow/dags/keycloak/setup_keycloak.py                           1           0  0.28s           2026-04-02T13:07:35                      10
/opt/airflow/dags/hello_world.py               5966  0.01s             1           0  0.25s           2026-04-02T13:07:31                      12
================================================================================
[2026-04-02T13:08:32.547+0000] {manager.py:997} INFO - 
================================================================================
DAG File Processing Stats

File Path                                       PID  Runtime      # DAGs    # Errors  Last Runtime    Last Run               Last # of DB Queries
--------------------------------------------  -----  ---------  --------  ----------  --------------  -------------------  ----------------------
/opt/airflow/dags/hello_world.py               5976  0.01s             1           0  0.30s           2026-04-02T13:08:02                      12
/opt/airflow/dags/keycloak/setup_keycloak.py                           1           0  0.19s           2026-04-02T13:08:06                      10
================================================================================
[2026-04-02T13:09:03.180+0000] {manager.py:997} INFO - 
================================================================================
DAG File Processing Stats

File Path                                       PID  Runtime      # DAGs    # Errors  Last Runtime    Last Run               Last # of DB Queries
--------------------------------------------  -----  ---------  --------  ----------  --------------  -------------------  ----------------------
/opt/airflow/dags/hello_world.py               5986  0.01s             1           0  0.27s           2026-04-02T13:08:32                      12
/opt/airflow/dags/keycloak/setup_keycloak.py                           1           0  0.24s           2026-04-02T13:08:36                      10
================================================================================
[2026-04-02T13:09:33.789+0000] {manager.py:997} INFO - 
================================================================================
DAG File Processing Stats

File Path                                       PID  Runtime      # DAGs    # Errors  Last Runtime    Last Run               Last # of DB Queries
--------------------------------------------  -----  ---------  --------  ----------  --------------  -------------------  ----------------------
/opt/airflow/dags/keycloak/setup_keycloak.py                           1           0  0.48s           2026-04-02T13:09:30                      32
/opt/airflow/dags/hello_world.py               6001  0.00s             1           0  0.26s           2026-04-02T13:09:03                      12
================================================================================
[2026-04-02T13:10:04.070+0000] {manager.py:997} INFO - 
================================================================================
DAG File Processing Stats

File Path                                       PID  Runtime      # DAGs    # Errors  Last Runtime    Last Run               Last # of DB Queries
--------------------------------------------  -----  ---------  --------  ----------  --------------  -------------------  ----------------------
/opt/airflow/dags/hello_world.py               6038  0.00s             1           0  0.13s           2026-04-02T13:09:33                      12
/opt/airflow/dags/keycloak/setup_keycloak.py                           1           0  0.10s           2026-04-02T13:10:00                      10
================================================================================
[2026-04-02T13:10:21.312+0000] {manager.py:821} INFO - Searching for files in /opt/airflow/dags
[2026-04-02T13:10:21.317+0000] {manager.py:824} INFO - There are 2 files in /opt/airflow/dags
[2026-04-02T13:10:34.503+0000] {manager.py:997} INFO - 
================================================================================
DAG File Processing Stats

File Path                                       PID  Runtime      # DAGs    # Errors  Last Runtime    Last Run               Last # of DB Queries
--------------------------------------------  -----  ---------  --------  ----------  --------------  -------------------  ----------------------
/opt/airflow/dags/keycloak/setup_keycloak.py                           1           0  0.12s           2026-04-02T13:10:30                      10
/opt/airflow/dags/hello_world.py               6057  0.00s             1           0  0.10s           2026-04-02T13:10:04                      12
================================================================================
[2026-04-02T13:11:04.953+0000] {manager.py:997} INFO - 
================================================================================
DAG File Processing Stats

File Path                                       PID  Runtime      # DAGs    # Errors  Last Runtime    Last Run               Last # of DB Queries
--------------------------------------------  -----  ---------  --------  ----------  --------------  -------------------  ----------------------
/opt/airflow/dags/keycloak/setup_keycloak.py                           1           0  0.11s           2026-04-02T13:11:00                      10
/opt/airflow/dags/hello_world.py               6067  0.01s             1           0  0.11s           2026-04-02T13:10:34                      12
================================================================================
[2026-04-02T13:11:35.334+0000] {manager.py:997} INFO - 
================================================================================
DAG File Processing Stats

File Path                                       PID  Runtime      # DAGs    # Errors  Last Runtime    Last Run               Last # of DB Queries
--------------------------------------------  -----  ---------  --------  ----------  --------------  -------------------  ----------------------
/opt/airflow/dags/hello_world.py               6077  0.00s             1           0  0.13s           2026-04-02T13:11:05                      12
/opt/airflow/dags/keycloak/setup_keycloak.py                           1           0  0.10s           2026-04-02T13:11:31                      10
================================================================================
[2026-04-02T13:12:05.716+0000] {manager.py:997} INFO - 
================================================================================
DAG File Processing Stats

File Path                                       PID  Runtime      # DAGs    # Errors  Last Runtime    Last Run               Last # of DB Queries
--------------------------------------------  -----  ---------  --------  ----------  --------------  -------------------  ----------------------
/opt/airflow/dags/hello_world.py               6087  0.01s             1           0  0.10s           2026-04-02T13:11:35                      12
/opt/airflow/dags/keycloak/setup_keycloak.py                           1           0  0.09s           2026-04-02T13:12:01                      10
================================================================================
[2026-04-02T13:12:36.156+0000] {manager.py:997} INFO - 
================================================================================
DAG File Processing Stats

File Path                                       PID  Runtime      # DAGs    # Errors  Last Runtime    Last Run               Last # of DB Queries
--------------------------------------------  -----  ---------  --------  ----------  --------------  -------------------  ----------------------
/opt/airflow/dags/keycloak/setup_keycloak.py                           1           0  0.18s           2026-04-02T13:12:32                      10
/opt/airflow/dags/hello_world.py               6097  0.01s             1           0  0.12s           2026-04-02T13:12:05                      12
================================================================================
[2026-04-02T13:13:06.655+0000] {manager.py:997} INFO - 
================================================================================
DAG File Processing Stats

File Path                                       PID  Runtime      # DAGs    # Errors  Last Runtime    Last Run               Last # of DB Queries
--------------------------------------------  -----  ---------  --------  ----------  --------------  -------------------  ----------------------
/opt/airflow/dags/keycloak/setup_keycloak.py                           1           0  0.28s           2026-04-02T13:13:02                      10
/opt/airflow/dags/hello_world.py               6107  0.01s             1           0  0.17s           2026-04-02T13:12:36                      12
================================================================================
[2026-04-02T13:13:37.278+0000] {manager.py:997} INFO - 
================================================================================
DAG File Processing Stats

File Path                                       PID  Runtime      # DAGs    # Errors  Last Runtime    Last Run               Last # of DB Queries
--------------------------------------------  -----  ---------  --------  ----------  --------------  -------------------  ----------------------
/opt/airflow/dags/hello_world.py               6117  0.01s             1           0  0.28s           2026-04-02T13:13:06                      12
/opt/airflow/dags/keycloak/setup_keycloak.py                           1           0  0.28s           2026-04-02T13:13:33                      10
================================================================================
[2026-04-02T13:14:07.832+0000] {manager.py:997} INFO - 
================================================================================
DAG File Processing Stats

File Path                                       PID  Runtime      # DAGs    # Errors  Last Runtime    Last Run               Last # of DB Queries
--------------------------------------------  -----  ---------  --------  ----------  --------------  -------------------  ----------------------
/opt/airflow/dags/hello_world.py               6127  0.00s             1           0  0.27s           2026-04-02T13:13:37                      12
/opt/airflow/dags/keycloak/setup_keycloak.py                           1           0  0.27s           2026-04-02T13:14:04                      10
================================================================================
[2026-04-02T13:14:38.179+0000] {manager.py:997} INFO - 
================================================================================
DAG File Processing Stats

File Path                                       PID  Runtime      # DAGs    # Errors  Last Runtime    Last Run               Last # of DB Queries
--------------------------------------------  -----  ---------  --------  ----------  --------------  -------------------  ----------------------
/opt/airflow/dags/keycloak/setup_keycloak.py                           1           0  0.29s           2026-04-02T13:14:34                      10
/opt/airflow/dags/hello_world.py               6138  0.00s             1           0  0.11s           2026-04-02T13:14:07                      12
================================================================================
[2026-04-02T13:15:08.554+0000] {manager.py:997} INFO - 
================================================================================
DAG File Processing Stats

File Path                                       PID  Runtime      # DAGs    # Errors  Last Runtime    Last Run               Last # of DB Queries
--------------------------------------------  -----  ---------  --------  ----------  --------------  -------------------  ----------------------
/opt/airflow/dags/hello_world.py               6148  0.01s             1           0  0.10s           2026-04-02T13:14:38                      12
/opt/airflow/dags/keycloak/setup_keycloak.py                           1           0  0.10s           2026-04-02T13:15:04                      10
================================================================================
[2026-04-02T13:15:21.681+0000] {manager.py:821} INFO - Searching for files in /opt/airflow/dags
[2026-04-02T13:15:21.683+0000] {manager.py:824} INFO - There are 2 files in /opt/airflow/dags
[2026-04-02T13:15:39.022+0000] {manager.py:997} INFO - 
================================================================================
DAG File Processing Stats

File Path                                       PID  Runtime      # DAGs    # Errors  Last Runtime    Last Run               Last # of DB Queries
--------------------------------------------  -----  ---------  --------  ----------  --------------  -------------------  ----------------------
/opt/airflow/dags/hello_world.py               6158  0.02s             1           0  0.21s           2026-04-02T13:15:08                      12
/opt/airflow/dags/keycloak/setup_keycloak.py                           1           0  0.18s           2026-04-02T13:15:34                      10
================================================================================
[2026-04-02T13:16:09.361+0000] {manager.py:997} INFO - 
================================================================================
DAG File Processing Stats

File Path                                       PID  Runtime      # DAGs    # Errors  Last Runtime    Last Run               Last # of DB Queries
--------------------------------------------  -----  ---------  --------  ----------  --------------  -------------------  ----------------------
/opt/airflow/dags/hello_world.py               6168  0.01s             1           0  0.31s           2026-04-02T13:15:39                      12
/opt/airflow/dags/keycloak/setup_keycloak.py                           1           0  0.18s           2026-04-02T13:16:05                      10
================================================================================
[2026-04-02T13:16:39.550+0000] {manager.py:997} INFO - 
================================================================================
DAG File Processing Stats

File Path                                     PID    Runtime      # DAGs    # Errors  Last Runtime    Last Run               Last # of DB Queries
--------------------------------------------  -----  ---------  --------  ----------  --------------  -------------------  ----------------------
/opt/airflow/dags/keycloak/setup_keycloak.py                           1           0  0.27s           2026-04-02T13:16:36                      10
/opt/airflow/dags/hello_world.py                                       1           0  0.21s           2026-04-02T13:16:09                      12
================================================================================
[2026-04-02T13:17:09.958+0000] {manager.py:997} INFO - 
================================================================================
DAG File Processing Stats

File Path                                     PID    Runtime      # DAGs    # Errors  Last Runtime    Last Run               Last # of DB Queries
--------------------------------------------  -----  ---------  --------  ----------  --------------  -------------------  ----------------------
/opt/airflow/dags/hello_world.py                                       1           0  0.36s           2026-04-02T13:16:40                      12
/opt/airflow/dags/keycloak/setup_keycloak.py                           1           0  0.21s           2026-04-02T13:17:07                      10
================================================================================
[2026-04-02T13:17:40.407+0000] {manager.py:997} INFO - 
================================================================================
DAG File Processing Stats

File Path                                     PID    Runtime      # DAGs    # Errors  Last Runtime    Last Run               Last # of DB Queries
--------------------------------------------  -----  ---------  --------  ----------  --------------  -------------------  ----------------------
/opt/airflow/dags/hello_world.py                                       1           0  0.19s           2026-04-02T13:17:11                      12
/opt/airflow/dags/keycloak/setup_keycloak.py                           1           0  0.09s           2026-04-02T13:17:37                      10
================================================================================
[2026-04-02T13:18:10.763+0000] {manager.py:997} INFO - 
================================================================================
DAG File Processing Stats

File Path                                     PID    Runtime      # DAGs    # Errors  Last Runtime    Last Run               Last # of DB Queries
--------------------------------------------  -----  ---------  --------  ----------  --------------  -------------------  ----------------------
/opt/airflow/dags/keycloak/setup_keycloak.py                           1           0  0.19s           2026-04-02T13:18:07                      10
/opt/airflow/dags/hello_world.py                                       1           0  0.10s           2026-04-02T13:17:41                      12
================================================================================
[2026-04-02T13:18:41.331+0000] {manager.py:997} INFO - 
================================================================================
DAG File Processing Stats

File Path                                     PID    Runtime      # DAGs    # Errors  Last Runtime    Last Run               Last # of DB Queries
--------------------------------------------  -----  ---------  --------  ----------  --------------  -------------------  ----------------------
/opt/airflow/dags/hello_world.py                                       1           0  0.30s           2026-04-02T13:18:12                      12
/opt/airflow/dags/keycloak/setup_keycloak.py                           1           0  0.12s           2026-04-02T13:18:38                      10
================================================================================
[2026-04-02T13:19:11.709+0000] {manager.py:997} INFO - 
================================================================================
DAG File Processing Stats

File Path                                     PID    Runtime      # DAGs    # Errors  Last Runtime    Last Run               Last # of DB Queries
--------------------------------------------  -----  ---------  --------  ----------  --------------  -------------------  ----------------------
/opt/airflow/dags/keycloak/setup_keycloak.py                           1           0  0.24s           2026-04-02T13:19:08                      10
/opt/airflow/dags/hello_world.py                                       1           0  0.11s           2026-04-02T13:18:42                      12
================================================================================
[2026-04-02T13:19:42.189+0000] {manager.py:997} INFO - 
================================================================================
DAG File Processing Stats

File Path                                     PID    Runtime      # DAGs    # Errors  Last Runtime    Last Run               Last # of DB Queries
--------------------------------------------  -----  ---------  --------  ----------  --------------  -------------------  ----------------------
/opt/airflow/dags/keycloak/setup_keycloak.py                           1           0  0.27s           2026-04-02T13:19:39                      10
/opt/airflow/dags/hello_world.py                                       1           0  0.19s           2026-04-02T13:19:12                      12
================================================================================
[2026-04-02T13:20:12.752+0000] {manager.py:997} INFO - 
================================================================================
DAG File Processing Stats

File Path                                     PID    Runtime      # DAGs    # Errors  Last Runtime    Last Run               Last # of DB Queries
--------------------------------------------  -----  ---------  --------  ----------  --------------  -------------------  ----------------------
/opt/airflow/dags/hello_world.py                                       1           0  0.30s           2026-04-02T13:19:43                      12
/opt/airflow/dags/keycloak/setup_keycloak.py                           1           0  0.11s           2026-04-02T13:20:09                      10
================================================================================
[2026-04-02T13:20:21.889+0000] {manager.py:821} INFO - Searching for files in /opt/airflow/dags
[2026-04-02T13:20:21.893+0000] {manager.py:824} INFO - There are 2 files in /opt/airflow/dags
[2026-04-02T13:20:43.146+0000] {manager.py:997} INFO - 
================================================================================
DAG File Processing Stats

File Path                                     PID    Runtime      # DAGs    # Errors  Last Runtime    Last Run               Last # of DB Queries
--------------------------------------------  -----  ---------  --------  ----------  --------------  -------------------  ----------------------
/opt/airflow/dags/keycloak/setup_keycloak.py                           1           0  0.15s           2026-04-02T13:20:40                      10
/opt/airflow/dags/hello_world.py                                       1           0  0.13s           2026-04-02T13:20:13                      12
================================================================================
[2026-04-02T13:21:13.536+0000] {manager.py:997} INFO - 
================================================================================
DAG File Processing Stats

File Path                                     PID    Runtime      # DAGs    # Errors  Last Runtime    Last Run               Last # of DB Queries
--------------------------------------------  -----  ---------  --------  ----------  --------------  -------------------  ----------------------
/opt/airflow/dags/hello_world.py                                       1           0  0.27s           2026-04-02T13:20:44                      12
/opt/airflow/dags/keycloak/setup_keycloak.py                           1           0  0.10s           2026-04-02T13:21:10                      10
================================================================================
[2026-04-02T13:21:43.944+0000] {manager.py:997} INFO - 
================================================================================
DAG File Processing Stats

File Path                                     PID    Runtime      # DAGs    # Errors  Last Runtime    Last Run               Last # of DB Queries
--------------------------------------------  -----  ---------  --------  ----------  --------------  -------------------  ----------------------
/opt/airflow/dags/keycloak/setup_keycloak.py                           1           0  0.31s           2026-04-02T13:21:41                      10
/opt/airflow/dags/hello_world.py                                       1           0  0.11s           2026-04-02T13:21:14                      12
================================================================================
[2026-04-02T13:22:14.255+0000] {manager.py:997} INFO - 
================================================================================
DAG File Processing Stats

File Path                                     PID    Runtime      # DAGs    # Errors  Last Runtime    Last Run               Last # of DB Queries
--------------------------------------------  -----  ---------  --------  ----------  --------------  -------------------  ----------------------
/opt/airflow/dags/hello_world.py                                       1           0  0.23s           2026-04-02T13:21:45                      12
/opt/airflow/dags/keycloak/setup_keycloak.py                           1           0  0.11s           2026-04-02T13:22:11                      10
================================================================================
[2026-04-02T13:22:44.625+0000] {manager.py:997} INFO - 
================================================================================
DAG File Processing Stats

File Path                                     PID    Runtime      # DAGs    # Errors  Last Runtime    Last Run               Last # of DB Queries
--------------------------------------------  -----  ---------  --------  ----------  --------------  -------------------  ----------------------
/opt/airflow/dags/keycloak/setup_keycloak.py                           1           0  0.13s           2026-04-02T13:22:41                      10
/opt/airflow/dags/hello_world.py                                       1           0  0.13s           2026-04-02T13:22:15                      12
================================================================================
[2026-04-02T13:23:15.060+0000] {manager.py:997} INFO - 
================================================================================
DAG File Processing Stats

File Path                                     PID    Runtime      # DAGs    # Errors  Last Runtime    Last Run               Last # of DB Queries
--------------------------------------------  -----  ---------  --------  ----------  --------------  -------------------  ----------------------
/opt/airflow/dags/keycloak/setup_keycloak.py                           1           0  0.29s           2026-04-02T13:23:12                      10
/opt/airflow/dags/hello_world.py                                       1           0  0.17s           2026-04-02T13:22:45                      12
================================================================================
[2026-04-02T13:23:45.630+0000] {manager.py:997} INFO - 
================================================================================
DAG File Processing Stats

File Path                                     PID    Runtime      # DAGs    # Errors  Last Runtime    Last Run               Last # of DB Queries
--------------------------------------------  -----  ---------  --------  ----------  --------------  -------------------  ----------------------
/opt/airflow/dags/hello_world.py                                       1           0  0.32s           2026-04-02T13:23:16                      12
/opt/airflow/dags/keycloak/setup_keycloak.py                           1           0  0.12s           2026-04-02T13:23:42                      10
================================================================================
[2026-04-02T13:24:16.014+0000] {manager.py:997} INFO - 
================================================================================
DAG File Processing Stats

File Path                                     PID    Runtime      # DAGs    # Errors  Last Runtime    Last Run               Last # of DB Queries
--------------------------------------------  -----  ---------  --------  ----------  --------------  -------------------  ----------------------
/opt/airflow/dags/hello_world.py                                       1           0  0.13s           2026-04-02T13:23:46                      12
/opt/airflow/dags/keycloak/setup_keycloak.py                           1           0  0.11s           2026-04-02T13:24:13                      10
================================================================================
[2026-04-02T13:24:46.378+0000] {manager.py:997} INFO - 
================================================================================
DAG File Processing Stats

File Path                                     PID    Runtime      # DAGs    # Errors  Last Runtime    Last Run               Last # of DB Queries
--------------------------------------------  -----  ---------  --------  ----------  --------------  -------------------  ----------------------
/opt/airflow/dags/keycloak/setup_keycloak.py                           1           0  0.17s           2026-04-02T13:24:43                      10
/opt/airflow/dags/hello_world.py                                       1           0  0.12s           2026-04-02T13:24:17                      12
================================================================================
[2026-04-02T13:25:16.858+0000] {manager.py:997} INFO - 
================================================================================
DAG File Processing Stats

File Path                                     PID    Runtime      # DAGs    # Errors  Last Runtime    Last Run               Last # of DB Queries
--------------------------------------------  -----  ---------  --------  ----------  --------------  -------------------  ----------------------
/opt/airflow/dags/keycloak/setup_keycloak.py                           1           0  0.29s           2026-04-02T13:25:14                      10
/opt/airflow/dags/hello_world.py                                       1           0  0.23s           2026-04-02T13:24:47                      12
================================================================================
[2026-04-02T13:25:21.906+0000] {manager.py:821} INFO - Searching for files in /opt/airflow/dags
[2026-04-02T13:25:21.908+0000] {manager.py:824} INFO - There are 2 files in /opt/airflow/dags
[2026-04-02T13:25:47.320+0000] {manager.py:997} INFO - 
================================================================================
DAG File Processing Stats

File Path                                     PID    Runtime      # DAGs    # Errors  Last Runtime    Last Run               Last # of DB Queries
--------------------------------------------  -----  ---------  --------  ----------  --------------  -------------------  ----------------------
/opt/airflow/dags/keycloak/setup_keycloak.py                           1           0  0.29s           2026-04-02T13:25:44                      10
/opt/airflow/dags/hello_world.py                                       1           0  0.21s           2026-04-02T13:25:18                      12
================================================================================
[2026-04-02T13:26:17.699+0000] {manager.py:997} INFO - 
================================================================================
DAG File Processing Stats

File Path                                     PID    Runtime      # DAGs    # Errors  Last Runtime    Last Run               Last # of DB Queries
--------------------------------------------  -----  ---------  --------  ----------  --------------  -------------------  ----------------------
/opt/airflow/dags/hello_world.py                                       1           0  0.14s           2026-04-02T13:25:48                      12
/opt/airflow/dags/keycloak/setup_keycloak.py                           1           0  0.12s           2026-04-02T13:26:14                      10
================================================================================
[2026-04-02T13:26:48.069+0000] {manager.py:997} INFO - 
================================================================================
DAG File Processing Stats

File Path                                     PID    Runtime      # DAGs    # Errors  Last Runtime    Last Run               Last # of DB Queries
--------------------------------------------  -----  ---------  --------  ----------  --------------  -------------------  ----------------------
/opt/airflow/dags/hello_world.py                                       1           0  0.12s           2026-04-02T13:26:18                      12
/opt/airflow/dags/keycloak/setup_keycloak.py                           1           0  0.10s           2026-04-02T13:26:45                      10
================================================================================
[2026-04-02T13:27:18.486+0000] {manager.py:997} INFO - 
================================================================================
DAG File Processing Stats

File Path                                     PID    Runtime      # DAGs    # Errors  Last Runtime    Last Run               Last # of DB Queries
--------------------------------------------  -----  ---------  --------  ----------  --------------  -------------------  ----------------------
/opt/airflow/dags/hello_world.py                                       1           0  0.18s           2026-04-02T13:26:49                      12
/opt/airflow/dags/keycloak/setup_keycloak.py                           1           0  0.18s           2026-04-02T13:27:15                      10
================================================================================
[2026-04-02T13:27:48.944+0000] {manager.py:997} INFO - 
================================================================================
DAG File Processing Stats

File Path                                     PID    Runtime      # DAGs    # Errors  Last Runtime    Last Run               Last # of DB Queries
--------------------------------------------  -----  ---------  --------  ----------  --------------  -------------------  ----------------------
/opt/airflow/dags/keycloak/setup_keycloak.py                           1           0  0.29s           2026-04-02T13:27:46                      10
/opt/airflow/dags/hello_world.py                                       1           0  0.16s           2026-04-02T13:27:19                      12
================================================================================
[2026-04-02T13:28:19.220+0000] {manager.py:997} INFO - 
================================================================================
DAG File Processing Stats

File Path                                     PID    Runtime      # DAGs    # Errors  Last Runtime    Last Run               Last # of DB Queries
--------------------------------------------  -----  ---------  --------  ----------  --------------  -------------------  ----------------------
/opt/airflow/dags/hello_world.py                                       1           0  0.18s           2026-04-02T13:27:50                      12
/opt/airflow/dags/keycloak/setup_keycloak.py                           1           0  0.14s           2026-04-02T13:28:16                      10
================================================================================
[2026-04-02T13:28:49.622+0000] {manager.py:997} INFO - 
================================================================================
DAG File Processing Stats

File Path                                     PID    Runtime      # DAGs    # Errors  Last Runtime    Last Run               Last # of DB Queries
--------------------------------------------  -----  ---------  --------  ----------  --------------  -------------------  ----------------------
/opt/airflow/dags/hello_world.py                                       1           0  0.17s           2026-04-02T13:28:20                      12
/opt/airflow/dags/keycloak/setup_keycloak.py                           1           0  0.15s           2026-04-02T13:28:46                      10
================================================================================
[2026-04-02T13:29:20.064+0000] {manager.py:997} INFO - 
================================================================================
DAG File Processing Stats

File Path                                     PID    Runtime      # DAGs    # Errors  Last Runtime    Last Run               Last # of DB Queries
--------------------------------------------  -----  ---------  --------  ----------  --------------  -------------------  ----------------------
/opt/airflow/dags/keycloak/setup_keycloak.py                           1           0  0.30s           2026-04-02T13:29:17                      10
/opt/airflow/dags/hello_world.py                                       1           0  0.17s           2026-04-02T13:28:50                      12
================================================================================
[2026-04-02T13:29:50.600+0000] {manager.py:997} INFO - 
================================================================================
DAG File Processing Stats

File Path                                     PID    Runtime      # DAGs    # Errors  Last Runtime    Last Run               Last # of DB Queries
--------------------------------------------  -----  ---------  --------  ----------  --------------  -------------------  ----------------------
/opt/airflow/dags/hello_world.py                                       1           0  0.28s           2026-04-02T13:29:21                      12
/opt/airflow/dags/keycloak/setup_keycloak.py                           1           0  0.12s           2026-04-02T13:29:47                      10
================================================================================
[2026-04-02T13:30:21.044+0000] {manager.py:997} INFO - 
================================================================================
DAG File Processing Stats

File Path                                     PID    Runtime      # DAGs    # Errors  Last Runtime    Last Run               Last # of DB Queries
--------------------------------------------  -----  ---------  --------  ----------  --------------  -------------------  ----------------------
/opt/airflow/dags/hello_world.py                                       1           0  0.19s           2026-04-02T13:29:51                      12
/opt/airflow/dags/keycloak/setup_keycloak.py                           1           0  0.13s           2026-04-02T13:30:18                      10
================================================================================
[2026-04-02T13:30:22.050+0000] {manager.py:821} INFO - Searching for files in /opt/airflow/dags
[2026-04-02T13:30:22.052+0000] {manager.py:824} INFO - There are 2 files in /opt/airflow/dags
[2026-04-02T13:30:51.439+0000] {manager.py:997} INFO - 
================================================================================
DAG File Processing Stats

File Path                                     PID    Runtime      # DAGs    # Errors  Last Runtime    Last Run               Last # of DB Queries
--------------------------------------------  -----  ---------  --------  ----------  --------------  -------------------  ----------------------
/opt/airflow/dags/keycloak/setup_keycloak.py                           1           0  0.26s           2026-04-02T13:30:48                      10
/opt/airflow/dags/hello_world.py                                       1           0  0.15s           2026-04-02T13:30:22                      12
================================================================================
[2026-04-02T13:31:21.978+0000] {manager.py:997} INFO - 
================================================================================
DAG File Processing Stats

File Path                                     PID    Runtime      # DAGs    # Errors  Last Runtime    Last Run               Last # of DB Queries
--------------------------------------------  -----  ---------  --------  ----------  --------------  -------------------  ----------------------
/opt/airflow/dags/hello_world.py                                       1           0  0.28s           2026-04-02T13:30:52                      12
/opt/airflow/dags/keycloak/setup_keycloak.py                           1           0  0.14s           2026-04-02T13:31:18                      10
================================================================================
[2026-04-02T13:31:52.382+0000] {manager.py:997} INFO - 
================================================================================
DAG File Processing Stats

File Path                                     PID    Runtime      # DAGs    # Errors  Last Runtime    Last Run               Last # of DB Queries
--------------------------------------------  -----  ---------  --------  ----------  --------------  -------------------  ----------------------
/opt/airflow/dags/hello_world.py                                       1           0  0.14s           2026-04-02T13:31:23                      12
/opt/airflow/dags/keycloak/setup_keycloak.py                           1           0  0.10s           2026-04-02T13:31:49                      10
================================================================================
[2026-04-02T13:32:22.736+0000] {manager.py:997} INFO - 
================================================================================
DAG File Processing Stats

File Path                                     PID    Runtime      # DAGs    # Errors  Last Runtime    Last Run               Last # of DB Queries
--------------------------------------------  -----  ---------  --------  ----------  --------------  -------------------  ----------------------
/opt/airflow/dags/keycloak/setup_keycloak.py                           1           0  0.14s           2026-04-02T13:32:19                      10
/opt/airflow/dags/hello_world.py                                       1           0  0.10s           2026-04-02T13:31:53                      12
================================================================================
[2026-04-02T13:32:53.041+0000] {manager.py:997} INFO - 
================================================================================
DAG File Processing Stats

File Path                                     PID    Runtime      # DAGs    # Errors  Last Runtime    Last Run               Last # of DB Queries
--------------------------------------------  -----  ---------  --------  ----------  --------------  -------------------  ----------------------
/opt/airflow/dags/hello_world.py                                       1           0  0.20s           2026-04-02T13:32:23                      12
/opt/airflow/dags/keycloak/setup_keycloak.py                           1           0  0.10s           2026-04-02T13:32:50                      10
================================================================================
[2026-04-02T13:33:23.330+0000] {manager.py:997} INFO - 
================================================================================
DAG File Processing Stats

File Path                                     PID    Runtime      # DAGs    # Errors  Last Runtime    Last Run               Last # of DB Queries
--------------------------------------------  -----  ---------  --------  ----------  --------------  -------------------  ----------------------
/opt/airflow/dags/hello_world.py                                       1           0  0.11s           2026-04-02T13:32:54                      12
/opt/airflow/dags/keycloak/setup_keycloak.py                           1           0  0.10s           2026-04-02T13:33:20                      10
================================================================================
[2026-04-02T13:33:53.620+0000] {manager.py:997} INFO - 
================================================================================
DAG File Processing Stats

File Path                                     PID    Runtime      # DAGs    # Errors  Last Runtime    Last Run               Last # of DB Queries
--------------------------------------------  -----  ---------  --------  ----------  --------------  -------------------  ----------------------
/opt/airflow/dags/hello_world.py                                       1           0  0.12s           2026-04-02T13:33:24                      12
/opt/airflow/dags/keycloak/setup_keycloak.py                           1           0  0.11s           2026-04-02T13:33:50                      10
================================================================================
[2026-04-02T13:34:23.889+0000] {manager.py:997} INFO - 
================================================================================
DAG File Processing Stats

File Path                                     PID    Runtime      # DAGs    # Errors  Last Runtime    Last Run               Last # of DB Queries
--------------------------------------------  -----  ---------  --------  ----------  --------------  -------------------  ----------------------
/opt/airflow/dags/hello_world.py                                       1           0  0.12s           2026-04-02T13:33:54                      12
/opt/airflow/dags/keycloak/setup_keycloak.py                           1           0  0.08s           2026-04-02T13:34:20                      10
================================================================================
[2026-04-02T13:34:54.166+0000] {manager.py:997} INFO - 
================================================================================
DAG File Processing Stats

File Path                                     PID    Runtime      # DAGs    # Errors  Last Runtime    Last Run               Last # of DB Queries
--------------------------------------------  -----  ---------  --------  ----------  --------------  -------------------  ----------------------
/opt/airflow/dags/hello_world.py                                       1           0  0.09s           2026-04-02T13:34:24                      12
/opt/airflow/dags/keycloak/setup_keycloak.py                           1           0  0.08s           2026-04-02T13:34:51                      10
================================================================================
[2026-04-02T13:35:22.394+0000] {manager.py:821} INFO - Searching for files in /opt/airflow/dags
[2026-04-02T13:35:22.395+0000] {manager.py:824} INFO - There are 2 files in /opt/airflow/dags
[2026-04-02T13:35:24.415+0000] {manager.py:997} INFO - 
================================================================================
DAG File Processing Stats

File Path                                     PID    Runtime      # DAGs    # Errors  Last Runtime    Last Run               Last # of DB Queries
--------------------------------------------  -----  ---------  --------  ----------  --------------  -------------------  ----------------------
/opt/airflow/dags/keycloak/setup_keycloak.py                           1           0  0.10s           2026-04-02T13:35:21                      10
/opt/airflow/dags/hello_world.py                                       1           0  0.09s           2026-04-02T13:34:55                      12
================================================================================
[2026-04-02T13:35:54.712+0000] {manager.py:997} INFO - 
================================================================================
DAG File Processing Stats

File Path                                     PID    Runtime      # DAGs    # Errors  Last Runtime    Last Run               Last # of DB Queries
--------------------------------------------  -----  ---------  --------  ----------  --------------  -------------------  ----------------------
/opt/airflow/dags/hello_world.py                                       1           0  0.14s           2026-04-02T13:35:25                      12
/opt/airflow/dags/keycloak/setup_keycloak.py                           1           0  0.12s           2026-04-02T13:35:51                      10
================================================================================
[2026-04-02T13:36:24.997+0000] {manager.py:997} INFO - 
================================================================================
DAG File Processing Stats

File Path                                     PID    Runtime      # DAGs    # Errors  Last Runtime    Last Run               Last # of DB Queries
--------------------------------------------  -----  ---------  --------  ----------  --------------  -------------------  ----------------------
/opt/airflow/dags/hello_world.py                                       1           0  0.13s           2026-04-02T13:35:55                      12
/opt/airflow/dags/keycloak/setup_keycloak.py                           1           0  0.08s           2026-04-02T13:36:22                      10
================================================================================
[2026-04-02T13:36:55.242+0000] {manager.py:997} INFO - 
================================================================================
DAG File Processing Stats

File Path                                     PID    Runtime      # DAGs    # Errors  Last Runtime    Last Run               Last # of DB Queries
--------------------------------------------  -----  ---------  --------  ----------  --------------  -------------------  ----------------------
/opt/airflow/dags/hello_world.py                                       1           0  0.09s           2026-04-02T13:36:26                      12
/opt/airflow/dags/keycloak/setup_keycloak.py                           1           0  0.08s           2026-04-02T13:36:52                      10
================================================================================
[2026-04-02T13:37:25.510+0000] {manager.py:997} INFO - 
================================================================================
DAG File Processing Stats

File Path                                     PID    Runtime      # DAGs    # Errors  Last Runtime    Last Run               Last # of DB Queries
--------------------------------------------  -----  ---------  --------  ----------  --------------  -------------------  ----------------------
/opt/airflow/dags/hello_world.py                                       1           0  0.10s           2026-04-02T13:36:56                      12
/opt/airflow/dags/keycloak/setup_keycloak.py                           1           0  0.09s           2026-04-02T13:37:22                      10
================================================================================
[2026-04-02T13:37:55.778+0000] {manager.py:997} INFO - 
================================================================================
DAG File Processing Stats

File Path                                     PID    Runtime      # DAGs    # Errors  Last Runtime    Last Run               Last # of DB Queries
--------------------------------------------  -----  ---------  --------  ----------  --------------  -------------------  ----------------------
/opt/airflow/dags/keycloak/setup_keycloak.py                           1           0  0.11s           2026-04-02T13:37:52                      10
/opt/airflow/dags/hello_world.py                                       1           0  0.09s           2026-04-02T13:37:26                      12
================================================================================
[2026-04-02T13:38:26.074+0000] {manager.py:997} INFO - 
================================================================================
DAG File Processing Stats

File Path                                     PID    Runtime      # DAGs    # Errors  Last Runtime    Last Run               Last # of DB Queries
--------------------------------------------  -----  ---------  --------  ----------  --------------  -------------------  ----------------------
/opt/airflow/dags/keycloak/setup_keycloak.py                           1           0  0.15s           2026-04-02T13:38:23                      10
/opt/airflow/dags/hello_world.py                                       1           0  0.11s           2026-04-02T13:37:56                      12
================================================================================
[2026-04-02T13:38:56.315+0000] {manager.py:997} INFO - 
================================================================================
DAG File Processing Stats

File Path                                     PID    Runtime      # DAGs    # Errors  Last Runtime    Last Run               Last # of DB Queries
--------------------------------------------  -----  ---------  --------  ----------  --------------  -------------------  ----------------------
/opt/airflow/dags/keycloak/setup_keycloak.py                           1           0  0.09s           2026-04-02T13:38:53                      10
/opt/airflow/dags/hello_world.py                                       1           0  0.09s           2026-04-02T13:38:27                      12
================================================================================
[2026-04-02T13:39:26.594+0000] {manager.py:997} INFO - 
================================================================================
DAG File Processing Stats

File Path                                     PID    Runtime      # DAGs    # Errors  Last Runtime    Last Run               Last # of DB Queries
--------------------------------------------  -----  ---------  --------  ----------  --------------  -------------------  ----------------------
/opt/airflow/dags/hello_world.py                                       1           0  0.10s           2026-04-02T13:38:57                      12
/opt/airflow/dags/keycloak/setup_keycloak.py                           1           0  0.08s           2026-04-02T13:39:23                      10
================================================================================
[2026-04-02T13:39:56.842+0000] {manager.py:997} INFO - 
================================================================================
DAG File Processing Stats

File Path                                     PID    Runtime      # DAGs    # Errors  Last Runtime    Last Run               Last # of DB Queries
--------------------------------------------  -----  ---------  --------  ----------  --------------  -------------------  ----------------------
/opt/airflow/dags/keycloak/setup_keycloak.py                           1           0  0.11s           2026-04-02T13:39:53                      10
/opt/airflow/dags/hello_world.py                                       1           0  0.09s           2026-04-02T13:39:27                      12
================================================================================
[2026-04-02T13:40:23.036+0000] {manager.py:821} INFO - Searching for files in /opt/airflow/dags
[2026-04-02T13:40:23.038+0000] {manager.py:824} INFO - There are 2 files in /opt/airflow/dags
[2026-04-02T13:40:27.133+0000] {manager.py:997} INFO - 
================================================================================
DAG File Processing Stats

File Path                                     PID    Runtime      # DAGs    # Errors  Last Runtime    Last Run               Last # of DB Queries
--------------------------------------------  -----  ---------  --------  ----------  --------------  -------------------  ----------------------
/opt/airflow/dags/keycloak/setup_keycloak.py                           1           0  0.14s           2026-04-02T13:40:24                      10
/opt/airflow/dags/hello_world.py                                       1           0  0.13s           2026-04-02T13:39:57                      12
================================================================================
[2026-04-02T13:40:57.405+0000] {manager.py:997} INFO - 
================================================================================
DAG File Processing Stats

File Path                                     PID    Runtime      # DAGs    # Errors  Last Runtime    Last Run               Last # of DB Queries
--------------------------------------------  -----  ---------  --------  ----------  --------------  -------------------  ----------------------
/opt/airflow/dags/hello_world.py                                       1           0  0.10s           2026-04-02T13:40:28                      12
/opt/airflow/dags/keycloak/setup_keycloak.py                           1           0  0.08s           2026-04-02T13:40:54                      10
================================================================================
[2026-04-02T13:41:27.682+0000] {manager.py:997} INFO - 
================================================================================
DAG File Processing Stats

File Path                                     PID    Runtime      # DAGs    # Errors  Last Runtime    Last Run               Last # of DB Queries
--------------------------------------------  -----  ---------  --------  ----------  --------------  -------------------  ----------------------
/opt/airflow/dags/hello_world.py                                       1           0  0.11s           2026-04-02T13:40:58                      12
/opt/airflow/dags/keycloak/setup_keycloak.py                           1           0  0.09s           2026-04-02T13:41:24                      10
================================================================================
[2026-04-02T13:41:57.974+0000] {manager.py:997} INFO - 
================================================================================
DAG File Processing Stats

File Path                                     PID    Runtime      # DAGs    # Errors  Last Runtime    Last Run               Last # of DB Queries
--------------------------------------------  -----  ---------  --------  ----------  --------------  -------------------  ----------------------
/opt/airflow/dags/hello_world.py                                       1           0  0.10s           2026-04-02T13:41:28                      12
/opt/airflow/dags/keycloak/setup_keycloak.py                           1           0  0.09s           2026-04-02T13:41:55                      10
================================================================================
[2026-04-02T13:42:28.306+0000] {manager.py:997} INFO - 
================================================================================
DAG File Processing Stats

File Path                                     PID    Runtime      # DAGs    # Errors  Last Runtime    Last Run               Last # of DB Queries
--------------------------------------------  -----  ---------  --------  ----------  --------------  -------------------  ----------------------
/opt/airflow/dags/hello_world.py                                       1           0  0.13s           2026-04-02T13:41:59                      12
/opt/airflow/dags/keycloak/setup_keycloak.py                           1           0  0.10s           2026-04-02T13:42:25                      10
================================================================================
[2026-04-02T13:42:58.568+0000] {manager.py:997} INFO - 
================================================================================
DAG File Processing Stats

File Path                                     PID    Runtime      # DAGs    # Errors  Last Runtime    Last Run               Last # of DB Queries
--------------------------------------------  -----  ---------  --------  ----------  --------------  -------------------  ----------------------
/opt/airflow/dags/hello_world.py                                       1           0  0.10s           2026-04-02T13:42:29                      12
/opt/airflow/dags/keycloak/setup_keycloak.py                           1           0  0.08s           2026-04-02T13:42:55                      10
================================================================================
[2026-04-02T13:43:28.855+0000] {manager.py:997} INFO - 
================================================================================
DAG File Processing Stats

File Path                                     PID    Runtime      # DAGs    # Errors  Last Runtime    Last Run               Last # of DB Queries
--------------------------------------------  -----  ---------  --------  ----------  --------------  -------------------  ----------------------
/opt/airflow/dags/keycloak/setup_keycloak.py                           1           0  0.11s           2026-04-02T13:43:25                      10
/opt/airflow/dags/hello_world.py                                       1           0  0.11s           2026-04-02T13:42:59                      12
================================================================================
[2026-04-02T13:43:59.117+0000] {manager.py:997} INFO - 
================================================================================
DAG File Processing Stats

File Path                                     PID    Runtime      # DAGs    # Errors  Last Runtime    Last Run               Last # of DB Queries
--------------------------------------------  -----  ---------  --------  ----------  --------------  -------------------  ----------------------
/opt/airflow/dags/keycloak/setup_keycloak.py                           1           0  0.09s           2026-04-02T13:43:56                      10
/opt/airflow/dags/hello_world.py                                       1           0  0.09s           2026-04-02T13:43:29                      12
================================================================================
[2026-04-02T13:44:29.377+0000] {manager.py:997} INFO - 
================================================================================
DAG File Processing Stats

File Path                                     PID    Runtime      # DAGs    # Errors  Last Runtime    Last Run               Last # of DB Queries
--------------------------------------------  -----  ---------  --------  ----------  --------------  -------------------  ----------------------
/opt/airflow/dags/hello_world.py                                       1           0  0.11s           2026-04-02T13:44:00                      12
/opt/airflow/dags/keycloak/setup_keycloak.py                           1           0  0.09s           2026-04-02T13:44:26                      10
================================================================================
[2026-04-02T13:44:59.613+0000] {manager.py:997} INFO - 
================================================================================
DAG File Processing Stats

File Path                                     PID    Runtime      # DAGs    # Errors  Last Runtime    Last Run               Last # of DB Queries
--------------------------------------------  -----  ---------  --------  ----------  --------------  -------------------  ----------------------
/opt/airflow/dags/keycloak/setup_keycloak.py                           1           0  0.12s           2026-04-02T13:44:56                      10
/opt/airflow/dags/hello_world.py                                       1           0  0.08s           2026-04-02T13:44:30                      12
================================================================================
[2026-04-02T13:45:23.818+0000] {manager.py:821} INFO - Searching for files in /opt/airflow/dags
[2026-04-02T13:45:23.820+0000] {manager.py:824} INFO - There are 2 files in /opt/airflow/dags
[2026-04-02T13:45:29.873+0000] {manager.py:997} INFO - 
================================================================================
DAG File Processing Stats

File Path                                     PID    Runtime      # DAGs    # Errors  Last Runtime    Last Run               Last # of DB Queries
--------------------------------------------  -----  ---------  --------  ----------  --------------  -------------------  ----------------------
/opt/airflow/dags/keycloak/setup_keycloak.py                           1           0  0.09s           2026-04-02T13:45:26                      10
/opt/airflow/dags/hello_world.py                                       1           0  0.09s           2026-04-02T13:45:00                      12
================================================================================
[2026-04-02T13:46:00.160+0000] {manager.py:997} INFO - 
================================================================================
DAG File Processing Stats

File Path                                     PID    Runtime      # DAGs    # Errors  Last Runtime    Last Run               Last # of DB Queries
--------------------------------------------  -----  ---------  --------  ----------  --------------  -------------------  ----------------------
/opt/airflow/dags/hello_world.py                                       1           0  0.10s           2026-04-02T13:45:30                      12
/opt/airflow/dags/keycloak/setup_keycloak.py                           1           0  0.08s           2026-04-02T13:45:57                      10
================================================================================
[2026-04-02T13:46:30.411+0000] {manager.py:997} INFO - 
================================================================================
DAG File Processing Stats

File Path                                     PID    Runtime      # DAGs    # Errors  Last Runtime    Last Run               Last # of DB Queries
--------------------------------------------  -----  ---------  --------  ----------  --------------  -------------------  ----------------------
/opt/airflow/dags/hello_world.py                                       1           0  0.09s           2026-04-02T13:46:01                      12
/opt/airflow/dags/keycloak/setup_keycloak.py                           1           0  0.09s           2026-04-02T13:46:27                      10
================================================================================
[2026-04-02T13:47:00.690+0000] {manager.py:997} INFO - 
================================================================================
DAG File Processing Stats

File Path                                     PID    Runtime      # DAGs    # Errors  Last Runtime    Last Run               Last # of DB Queries
--------------------------------------------  -----  ---------  --------  ----------  --------------  -------------------  ----------------------
/opt/airflow/dags/keycloak/setup_keycloak.py                           1           0  0.12s           2026-04-02T13:46:57                      10
/opt/airflow/dags/hello_world.py                                       1           0  0.12s           2026-04-02T13:46:31                      12
================================================================================
[2026-04-02T13:47:30.975+0000] {manager.py:997} INFO - 
================================================================================
DAG File Processing Stats

File Path                                     PID    Runtime      # DAGs    # Errors  Last Runtime    Last Run               Last # of DB Queries
--------------------------------------------  -----  ---------  --------  ----------  --------------  -------------------  ----------------------
/opt/airflow/dags/hello_world.py                                       1           0  0.10s           2026-04-02T13:47:01                      12
/opt/airflow/dags/keycloak/setup_keycloak.py                           1           0  0.09s           2026-04-02T13:47:27                      10
================================================================================
[2026-04-02T13:48:01.306+0000] {manager.py:997} INFO - 
================================================================================
DAG File Processing Stats

File Path                                     PID    Runtime      # DAGs    # Errors  Last Runtime    Last Run               Last # of DB Queries
--------------------------------------------  -----  ---------  --------  ----------  --------------  -------------------  ----------------------
/opt/airflow/dags/keycloak/setup_keycloak.py                           1           0  0.11s           2026-04-02T13:47:58                      10
/opt/airflow/dags/hello_world.py                                       1           0  0.09s           2026-04-02T13:47:32                      12
================================================================================
[2026-04-02T13:48:31.647+0000] {manager.py:997} INFO - 
================================================================================
DAG File Processing Stats

File Path                                     PID    Runtime      # DAGs    # Errors  Last Runtime    Last Run               Last # of DB Queries
--------------------------------------------  -----  ---------  --------  ----------  --------------  -------------------  ----------------------
/opt/airflow/dags/hello_world.py                                       1           0  0.16s           2026-04-02T13:48:02                      12
/opt/airflow/dags/keycloak/setup_keycloak.py                           1           0  0.14s           2026-04-02T13:48:28                      10
================================================================================
[2026-04-02T13:49:01.966+0000] {manager.py:997} INFO - 
================================================================================
DAG File Processing Stats

File Path                                     PID    Runtime      # DAGs    # Errors  Last Runtime    Last Run               Last # of DB Queries
--------------------------------------------  -----  ---------  --------  ----------  --------------  -------------------  ----------------------
/opt/airflow/dags/hello_world.py                                       1           0  0.16s           2026-04-02T13:48:32                      12
/opt/airflow/dags/keycloak/setup_keycloak.py                           1           0  0.09s           2026-04-02T13:48:58                      10
================================================================================
[2026-04-02T13:49:32.216+0000] {manager.py:997} INFO - 
================================================================================
DAG File Processing Stats

File Path                                     PID    Runtime      # DAGs    # Errors  Last Runtime    Last Run               Last # of DB Queries
--------------------------------------------  -----  ---------  --------  ----------  --------------  -------------------  ----------------------
/opt/airflow/dags/keycloak/setup_keycloak.py                           1           0  0.11s           2026-04-02T13:49:29                      10
/opt/airflow/dags/hello_world.py                                       1           0  0.10s           2026-04-02T13:49:03                      12
================================================================================
[2026-04-02T13:50:02.480+0000] {manager.py:997} INFO - 
================================================================================
DAG File Processing Stats

File Path                                     PID    Runtime      # DAGs    # Errors  Last Runtime    Last Run               Last # of DB Queries
--------------------------------------------  -----  ---------  --------  ----------  --------------  -------------------  ----------------------
/opt/airflow/dags/hello_world.py                                       1           0  0.10s           2026-04-02T13:49:33                      12
/opt/airflow/dags/keycloak/setup_keycloak.py                           1           0  0.09s           2026-04-02T13:49:59                      10
================================================================================
[2026-04-02T13:50:24.692+0000] {manager.py:821} INFO - Searching for files in /opt/airflow/dags
[2026-04-02T13:50:24.694+0000] {manager.py:824} INFO - There are 2 files in /opt/airflow/dags
[2026-04-02T13:50:32.755+0000] {manager.py:997} INFO - 
================================================================================
DAG File Processing Stats

File Path                                     PID    Runtime      # DAGs    # Errors  Last Runtime    Last Run               Last # of DB Queries
--------------------------------------------  -----  ---------  --------  ----------  --------------  -------------------  ----------------------
/opt/airflow/dags/hello_world.py                                       1           0  0.11s           2026-04-02T13:50:03                      12
/opt/airflow/dags/keycloak/setup_keycloak.py                           1           0  0.08s           2026-04-02T13:50:29                      10
================================================================================
[2026-04-02T13:51:03.074+0000] {manager.py:997} INFO - 
================================================================================
DAG File Processing Stats

File Path                                     PID    Runtime      # DAGs    # Errors  Last Runtime    Last Run               Last # of DB Queries
--------------------------------------------  -----  ---------  --------  ----------  --------------  -------------------  ----------------------
/opt/airflow/dags/hello_world.py                                       1           0  0.16s           2026-04-02T13:50:33                      12
/opt/airflow/dags/keycloak/setup_keycloak.py                           1           0  0.10s           2026-04-02T13:51:00                      10
================================================================================
[2026-04-02T13:51:33.338+0000] {manager.py:997} INFO - 
================================================================================
DAG File Processing Stats

File Path                                     PID    Runtime      # DAGs    # Errors  Last Runtime    Last Run               Last # of DB Queries
--------------------------------------------  -----  ---------  --------  ----------  --------------  -------------------  ----------------------
/opt/airflow/dags/hello_world.py                                       1           0  0.12s           2026-04-02T13:51:04                      12
/opt/airflow/dags/keycloak/setup_keycloak.py                           1           0  0.09s           2026-04-02T13:51:30                      10
================================================================================
[2026-04-02T13:52:03.599+0000] {manager.py:997} INFO - 
================================================================================
DAG File Processing Stats

File Path                                     PID    Runtime      # DAGs    # Errors  Last Runtime    Last Run               Last # of DB Queries
--------------------------------------------  -----  ---------  --------  ----------  --------------  -------------------  ----------------------
/opt/airflow/dags/keycloak/setup_keycloak.py                           1           0  0.12s           2026-04-02T13:52:00                      10
/opt/airflow/dags/hello_world.py                                       1           0  0.10s           2026-04-02T13:51:34                      12
================================================================================
[2026-04-02T13:52:33.866+0000] {manager.py:997} INFO - 
================================================================================
DAG File Processing Stats

File Path                                     PID    Runtime      # DAGs    # Errors  Last Runtime    Last Run               Last # of DB Queries
--------------------------------------------  -----  ---------  --------  ----------  --------------  -------------------  ----------------------
/opt/airflow/dags/hello_world.py                                       1           0  0.12s           2026-04-02T13:52:04                      12
/opt/airflow/dags/keycloak/setup_keycloak.py                           1           0  0.10s           2026-04-02T13:52:30                      10
================================================================================
[2026-04-02T13:53:04.106+0000] {manager.py:997} INFO - 
================================================================================
DAG File Processing Stats

File Path                                     PID    Runtime      # DAGs    # Errors  Last Runtime    Last Run               Last # of DB Queries
--------------------------------------------  -----  ---------  --------  ----------  --------------  -------------------  ----------------------
/opt/airflow/dags/hello_world.py                                       1           0  0.10s           2026-04-02T13:52:34                      12
/opt/airflow/dags/keycloak/setup_keycloak.py                           1           0  0.08s           2026-04-02T13:53:01                      10
================================================================================
[2026-04-02T13:53:34.374+0000] {manager.py:997} INFO - 
================================================================================
DAG File Processing Stats

File Path                                     PID    Runtime      # DAGs    # Errors  Last Runtime    Last Run               Last # of DB Queries
--------------------------------------------  -----  ---------  --------  ----------  --------------  -------------------  ----------------------
/opt/airflow/dags/keycloak/setup_keycloak.py                           1           0  0.11s           2026-04-02T13:53:31                      10
/opt/airflow/dags/hello_world.py                                       1           0  0.11s           2026-04-02T13:53:05                      12
================================================================================
[2026-04-02T13:54:04.642+0000] {manager.py:997} INFO - 
================================================================================
DAG File Processing Stats

File Path                                     PID    Runtime      # DAGs    # Errors  Last Runtime    Last Run               Last # of DB Queries
--------------------------------------------  -----  ---------  --------  ----------  --------------  -------------------  ----------------------
/opt/airflow/dags/keycloak/setup_keycloak.py                           1           0  0.09s           2026-04-02T13:54:01                      10
/opt/airflow/dags/hello_world.py                                       1           0  0.09s           2026-04-02T13:53:35                      12
================================================================================
[2026-04-02T13:54:34.913+0000] {manager.py:997} INFO - 
================================================================================
DAG File Processing Stats

File Path                                     PID    Runtime      # DAGs    # Errors  Last Runtime    Last Run               Last # of DB Queries
--------------------------------------------  -----  ---------  --------  ----------  --------------  -------------------  ----------------------
/opt/airflow/dags/keycloak/setup_keycloak.py                           1           0  0.11s           2026-04-02T13:54:31                      10
/opt/airflow/dags/hello_world.py                                       1           0  0.09s           2026-04-02T13:54:05                      12
================================================================================
[2026-04-02T13:55:05.199+0000] {manager.py:997} INFO - 
================================================================================
DAG File Processing Stats

File Path                                     PID    Runtime      # DAGs    # Errors  Last Runtime    Last Run               Last # of DB Queries
--------------------------------------------  -----  ---------  --------  ----------  --------------  -------------------  ----------------------
/opt/airflow/dags/hello_world.py                                       1           0  0.11s           2026-04-02T13:54:36                      12
/opt/airflow/dags/keycloak/setup_keycloak.py                           1           0  0.09s           2026-04-02T13:55:02                      10
================================================================================
[2026-04-02T13:55:25.395+0000] {manager.py:821} INFO - Searching for files in /opt/airflow/dags
[2026-04-02T13:55:25.397+0000] {manager.py:824} INFO - There are 2 files in /opt/airflow/dags
[2026-04-02T13:55:35.489+0000] {manager.py:997} INFO - 
================================================================================
DAG File Processing Stats

File Path                                     PID    Runtime      # DAGs    # Errors  Last Runtime    Last Run               Last # of DB Queries
--------------------------------------------  -----  ---------  --------  ----------  --------------  -------------------  ----------------------
/opt/airflow/dags/keycloak/setup_keycloak.py                           1           0  0.14s           2026-04-02T13:55:32                      10
/opt/airflow/dags/hello_world.py                                       1           0  0.11s           2026-04-02T13:55:06                      12
================================================================================
[2026-04-02T13:56:05.877+0000] {manager.py:997} INFO - 
================================================================================
DAG File Processing Stats

File Path                                     PID    Runtime      # DAGs    # Errors  Last Runtime    Last Run               Last # of DB Queries
--------------------------------------------  -----  ---------  --------  ----------  --------------  -------------------  ----------------------
/opt/airflow/dags/hello_world.py                                       1           0  0.21s           2026-04-02T13:55:36                      12
/opt/airflow/dags/keycloak/setup_keycloak.py                           1           0  0.09s           2026-04-02T13:56:02                      10
================================================================================
[2026-04-02T13:56:36.147+0000] {manager.py:997} INFO - 
================================================================================
DAG File Processing Stats

File Path                                     PID    Runtime      # DAGs    # Errors  Last Runtime    Last Run               Last # of DB Queries
--------------------------------------------  -----  ---------  --------  ----------  --------------  -------------------  ----------------------
/opt/airflow/dags/hello_world.py                                       1           0  0.11s           2026-04-02T13:56:06                      12
/opt/airflow/dags/keycloak/setup_keycloak.py                           1           0  0.08s           2026-04-02T13:56:33                      10
================================================================================
[2026-04-02T13:57:06.389+0000] {manager.py:997} INFO - 
================================================================================
DAG File Processing Stats

File Path                                     PID    Runtime      # DAGs    # Errors  Last Runtime    Last Run               Last # of DB Queries
--------------------------------------------  -----  ---------  --------  ----------  --------------  -------------------  ----------------------
/opt/airflow/dags/hello_world.py                                       1           0  0.09s           2026-04-02T13:56:37                      12
/opt/airflow/dags/keycloak/setup_keycloak.py                           1           0  0.08s           2026-04-02T13:57:03                      10
================================================================================
[2026-04-02T13:57:36.627+0000] {manager.py:997} INFO - 
================================================================================
DAG File Processing Stats

File Path                                     PID    Runtime      # DAGs    # Errors  Last Runtime    Last Run               Last # of DB Queries
--------------------------------------------  -----  ---------  --------  ----------  --------------  -------------------  ----------------------
/opt/airflow/dags/hello_world.py                                       1           0  0.10s           2026-04-02T13:57:07                      12
/opt/airflow/dags/keycloak/setup_keycloak.py                           1           0  0.09s           2026-04-02T13:57:33                      10
================================================================================
[2026-04-02T13:58:06.872+0000] {manager.py:997} INFO - 
================================================================================
DAG File Processing Stats

File Path                                     PID    Runtime      # DAGs    # Errors  Last Runtime    Last Run               Last # of DB Queries
--------------------------------------------  -----  ---------  --------  ----------  --------------  -------------------  ----------------------
/opt/airflow/dags/hello_world.py                                       1           0  0.10s           2026-04-02T13:57:37                      12
/opt/airflow/dags/keycloak/setup_keycloak.py                           1           0  0.09s           2026-04-02T13:58:03                      10
================================================================================
[2026-04-02T13:58:37.193+0000] {manager.py:997} INFO - 
================================================================================
DAG File Processing Stats

File Path                                     PID    Runtime      # DAGs    # Errors  Last Runtime    Last Run               Last # of DB Queries
--------------------------------------------  -----  ---------  --------  ----------  --------------  -------------------  ----------------------
/opt/airflow/dags/hello_world.py                                       1           0  0.16s           2026-04-02T13:58:08                      12
/opt/airflow/dags/keycloak/setup_keycloak.py                           1           0  0.14s           2026-04-02T13:58:34                      10
================================================================================
[2026-04-02T13:59:07.466+0000] {manager.py:997} INFO - 
================================================================================
DAG File Processing Stats

File Path                                     PID    Runtime      # DAGs    # Errors  Last Runtime    Last Run               Last # of DB Queries
--------------------------------------------  -----  ---------  --------  ----------  --------------  -------------------  ----------------------
/opt/airflow/dags/hello_world.py                                       1           0  0.13s           2026-04-02T13:58:38                      12
/opt/airflow/dags/keycloak/setup_keycloak.py                           1           0  0.08s           2026-04-02T13:59:04                      10
================================================================================
[2026-04-02T13:59:37.712+0000] {manager.py:997} INFO - 
================================================================================
DAG File Processing Stats

File Path                                     PID    Runtime      # DAGs    # Errors  Last Runtime    Last Run               Last # of DB Queries
--------------------------------------------  -----  ---------  --------  ----------  --------------  -------------------  ----------------------
/opt/airflow/dags/keycloak/setup_keycloak.py                           1           0  0.14s           2026-04-02T13:59:34                      10
/opt/airflow/dags/hello_world.py                                       1           0  0.10s           2026-04-02T13:59:08                      12
================================================================================
[2026-04-02T14:00:08.004+0000] {manager.py:997} INFO - 
================================================================================
DAG File Processing Stats

File Path                                     PID    Runtime      # DAGs    # Errors  Last Runtime    Last Run               Last # of DB Queries
--------------------------------------------  -----  ---------  --------  ----------  --------------  -------------------  ----------------------
/opt/airflow/dags/keycloak/setup_keycloak.py                           1           0  0.26s           2026-04-02T13:59:39                      32
/opt/airflow/dags/hello_world.py                                       1           0  0.10s           2026-04-02T13:59:38                      12
================================================================================
[2026-04-02T14:00:25.454+0000] {manager.py:821} INFO - Searching for files in /opt/airflow/dags
[2026-04-02T14:00:25.462+0000] {manager.py:824} INFO - There are 2 files in /opt/airflow/dags
[2026-04-02T14:00:38.450+0000] {manager.py:997} INFO - 
================================================================================
DAG File Processing Stats

File Path                                     PID    Runtime      # DAGs    # Errors  Last Runtime    Last Run               Last # of DB Queries
--------------------------------------------  -----  ---------  --------  ----------  --------------  -------------------  ----------------------
/opt/airflow/dags/hello_world.py                                       1           0  0.18s           2026-04-02T14:00:09                      12
/opt/airflow/dags/keycloak/setup_keycloak.py                           1           0  0.18s           2026-04-02T14:00:10                      10
================================================================================
[2026-04-02T14:01:08.839+0000] {manager.py:997} INFO - 
================================================================================
DAG File Processing Stats

File Path                                     PID    Runtime      # DAGs    # Errors  Last Runtime    Last Run               Last # of DB Queries
--------------------------------------------  -----  ---------  --------  ----------  --------------  -------------------  ----------------------
/opt/airflow/dags/hello_world.py                                       1           0  0.20s           2026-04-02T14:00:39                      12
/opt/airflow/dags/keycloak/setup_keycloak.py                           1           0  0.16s           2026-04-02T14:00:40                      10
================================================================================
[2026-04-02T14:01:39.167+0000] {manager.py:997} INFO - 
================================================================================
DAG File Processing Stats

File Path                                     PID    Runtime      # DAGs    # Errors  Last Runtime    Last Run               Last # of DB Queries
--------------------------------------------  -----  ---------  --------  ----------  --------------  -------------------  ----------------------
/opt/airflow/dags/hello_world.py                                       1           0  0.14s           2026-04-02T14:01:09                      12
/opt/airflow/dags/keycloak/setup_keycloak.py                           1           0  0.12s           2026-04-02T14:01:11                      10
================================================================================
[2026-04-02T14:02:09.507+0000] {manager.py:997} INFO - 
================================================================================
DAG File Processing Stats

File Path                                     PID    Runtime      # DAGs    # Errors  Last Runtime    Last Run               Last # of DB Queries
--------------------------------------------  -----  ---------  --------  ----------  --------------  -------------------  ----------------------
/opt/airflow/dags/keycloak/setup_keycloak.py                           1           0  0.14s           2026-04-02T14:01:41                      10
/opt/airflow/dags/hello_world.py                                       1           0  0.09s           2026-04-02T14:01:40                      12
================================================================================
[2026-04-02T14:02:39.784+0000] {manager.py:997} INFO - 
================================================================================
DAG File Processing Stats

File Path                                     PID    Runtime      # DAGs    # Errors  Last Runtime    Last Run               Last # of DB Queries
--------------------------------------------  -----  ---------  --------  ----------  --------------  -------------------  ----------------------
/opt/airflow/dags/keycloak/setup_keycloak.py                           1           0  0.12s           2026-04-02T14:02:11                      10
/opt/airflow/dags/hello_world.py                                       1           0  0.10s           2026-04-02T14:02:10                      12
================================================================================
[2026-04-02T14:03:10.121+0000] {manager.py:997} INFO - 
================================================================================
DAG File Processing Stats

File Path                                     PID    Runtime      # DAGs    # Errors  Last Runtime    Last Run               Last # of DB Queries
--------------------------------------------  -----  ---------  --------  ----------  --------------  -------------------  ----------------------
/opt/airflow/dags/keycloak/setup_keycloak.py                           1           0  0.20s           2026-04-02T14:02:47                      32
/opt/airflow/dags/hello_world.py                                       1           0  0.16s           2026-04-02T14:02:40                      12
================================================================================
[2026-04-02T14:03:40.451+0000] {manager.py:997} INFO - 
================================================================================
DAG File Processing Stats

File Path                                     PID    Runtime      # DAGs    # Errors  Last Runtime    Last Run               Last # of DB Queries
--------------------------------------------  -----  ---------  --------  ----------  --------------  -------------------  ----------------------
/opt/airflow/dags/hello_world.py                                       1           0  0.12s           2026-04-02T14:03:11                      12
/opt/airflow/dags/keycloak/setup_keycloak.py                           1           0  0.12s           2026-04-02T14:03:17                      10
================================================================================
[2026-04-02T14:04:10.743+0000] {manager.py:997} INFO - 
================================================================================
DAG File Processing Stats

File Path                                     PID    Runtime      # DAGs    # Errors  Last Runtime    Last Run               Last # of DB Queries
--------------------------------------------  -----  ---------  --------  ----------  --------------  -------------------  ----------------------
/opt/airflow/dags/hello_world.py                                       1           0  0.12s           2026-04-02T14:03:41                      12
/opt/airflow/dags/keycloak/setup_keycloak.py                           1           0  0.08s           2026-04-02T14:03:47                      10
================================================================================
[2026-04-02T14:04:40.936+0000] {manager.py:997} INFO - 
================================================================================
DAG File Processing Stats

File Path                                     PID    Runtime      # DAGs    # Errors  Last Runtime    Last Run               Last # of DB Queries
--------------------------------------------  -----  ---------  --------  ----------  --------------  -------------------  ----------------------
/opt/airflow/dags/hello_world.py                                       1           0  0.20s           2026-04-02T14:04:11                      12
/opt/airflow/dags/keycloak/setup_keycloak.py                           1           0  0.09s           2026-04-02T14:04:17                      10
================================================================================
[2026-04-02T14:05:11.254+0000] {manager.py:997} INFO - 
================================================================================
DAG File Processing Stats

File Path                                     PID    Runtime      # DAGs    # Errors  Last Runtime    Last Run               Last # of DB Queries
--------------------------------------------  -----  ---------  --------  ----------  --------------  -------------------  ----------------------
/opt/airflow/dags/hello_world.py                                       1           0  0.09s           2026-04-02T14:04:42                      12
/opt/airflow/dags/keycloak/setup_keycloak.py                           1           0  0.08s           2026-04-02T14:04:48                      10
================================================================================
[2026-04-02T14:05:25.458+0000] {manager.py:821} INFO - Searching for files in /opt/airflow/dags
[2026-04-02T14:05:25.460+0000] {manager.py:824} INFO - There are 2 files in /opt/airflow/dags
[2026-04-02T14:05:41.528+0000] {manager.py:997} INFO - 
================================================================================
DAG File Processing Stats

File Path                                     PID    Runtime      # DAGs    # Errors  Last Runtime    Last Run               Last # of DB Queries
--------------------------------------------  -----  ---------  --------  ----------  --------------  -------------------  ----------------------
/opt/airflow/dags/keycloak/setup_keycloak.py                           1           0  0.12s           2026-04-02T14:05:18                      10
/opt/airflow/dags/hello_world.py                                       1           0  0.09s           2026-04-02T14:05:12                      12
================================================================================
[2026-04-02T14:06:11.744+0000] {manager.py:997} INFO - 
================================================================================
DAG File Processing Stats

File Path                                     PID    Runtime      # DAGs    # Errors  Last Runtime    Last Run               Last # of DB Queries
--------------------------------------------  -----  ---------  --------  ----------  --------------  -------------------  ----------------------
/opt/airflow/dags/hello_world.py                                       1           0  0.17s           2026-04-02T14:05:42                      12
/opt/airflow/dags/keycloak/setup_keycloak.py                           0           1  0.06s           2026-04-02T14:06:09                       4
================================================================================
[2026-04-02T14:06:41.961+0000] {manager.py:997} INFO - 
================================================================================
DAG File Processing Stats

File Path                                     PID    Runtime      # DAGs    # Errors  Last Runtime    Last Run               Last # of DB Queries
--------------------------------------------  -----  ---------  --------  ----------  --------------  -------------------  ----------------------
/opt/airflow/dags/hello_world.py                                       1           0  0.14s           2026-04-02T14:06:12                      12
/opt/airflow/dags/keycloak/setup_keycloak.py                           0           1  0.06s           2026-04-02T14:06:40                       6
================================================================================
[2026-04-02T14:07:12.199+0000] {manager.py:997} INFO - 
================================================================================
DAG File Processing Stats

File Path                                     PID    Runtime      # DAGs    # Errors  Last Runtime    Last Run               Last # of DB Queries
--------------------------------------------  -----  ---------  --------  ----------  --------------  -------------------  ----------------------
/opt/airflow/dags/hello_world.py                                       1           0  0.09s           2026-04-02T14:06:43                      12
/opt/airflow/dags/keycloak/setup_keycloak.py                           0           1  0.05s           2026-04-02T14:07:10                       8
================================================================================
[2026-04-02T14:07:42.477+0000] {manager.py:997} INFO - 
================================================================================
DAG File Processing Stats

File Path                                     PID    Runtime      # DAGs    # Errors  Last Runtime    Last Run               Last # of DB Queries
--------------------------------------------  -----  ---------  --------  ----------  --------------  -------------------  ----------------------
/opt/airflow/dags/keycloak/setup_keycloak.py                           1           0  0.20s           2026-04-02T14:07:40                      35
/opt/airflow/dags/hello_world.py                                       1           0  0.13s           2026-04-02T14:07:13                      12
================================================================================
[2026-04-02T14:08:12.734+0000] {manager.py:997} INFO - 
================================================================================
DAG File Processing Stats

File Path                                     PID    Runtime      # DAGs    # Errors  Last Runtime    Last Run               Last # of DB Queries
--------------------------------------------  -----  ---------  --------  ----------  --------------  -------------------  ----------------------
/opt/airflow/dags/keycloak/setup_keycloak.py                           1           0  0.09s           2026-04-02T14:08:10                      13
/opt/airflow/dags/hello_world.py                                       1           0  0.09s           2026-04-02T14:07:43                      12
================================================================================
[2026-04-02T14:08:43.029+0000] {manager.py:997} INFO - 
================================================================================
DAG File Processing Stats

File Path                                     PID    Runtime      # DAGs    # Errors  Last Runtime    Last Run               Last # of DB Queries
--------------------------------------------  -----  ---------  --------  ----------  --------------  -------------------  ----------------------
/opt/airflow/dags/hello_world.py                                       1           0  0.24s           2026-04-02T14:08:13                      12
/opt/airflow/dags/keycloak/setup_keycloak.py                           1           0  0.16s           2026-04-02T14:08:41                      13
================================================================================
[2026-04-02T14:09:13.347+0000] {manager.py:997} INFO - 
================================================================================
DAG File Processing Stats

File Path                                     PID    Runtime      # DAGs    # Errors  Last Runtime    Last Run               Last # of DB Queries
--------------------------------------------  -----  ---------  --------  ----------  --------------  -------------------  ----------------------
/opt/airflow/dags/keycloak/setup_keycloak.py                           1           0  0.23s           2026-04-02T14:09:11                      13
/opt/airflow/dags/hello_world.py                                       1           0  0.14s           2026-04-02T14:08:44                      12
================================================================================
[2026-04-02T14:09:43.684+0000] {manager.py:997} INFO - 
================================================================================
DAG File Processing Stats

File Path                                     PID    Runtime      # DAGs    # Errors  Last Runtime    Last Run               Last # of DB Queries
--------------------------------------------  -----  ---------  --------  ----------  --------------  -------------------  ----------------------
/opt/airflow/dags/hello_world.py                                       1           0  0.17s           2026-04-02T14:09:14                      12
/opt/airflow/dags/keycloak/setup_keycloak.py                           1           0  0.09s           2026-04-02T14:09:41                      13
================================================================================
[2026-04-02T14:10:13.958+0000] {manager.py:997} INFO - 
================================================================================
DAG File Processing Stats

File Path                                     PID    Runtime      # DAGs    # Errors  Last Runtime    Last Run               Last # of DB Queries
--------------------------------------------  -----  ---------  --------  ----------  --------------  -------------------  ----------------------
/opt/airflow/dags/hello_world.py                                       1           0  0.11s           2026-04-02T14:09:44                      12
/opt/airflow/dags/keycloak/setup_keycloak.py                           1           0  0.10s           2026-04-02T14:10:12                      13
================================================================================
[2026-04-02T14:10:26.087+0000] {manager.py:821} INFO - Searching for files in /opt/airflow/dags
[2026-04-02T14:10:26.088+0000] {manager.py:824} INFO - There are 2 files in /opt/airflow/dags
[2026-04-02T14:10:44.204+0000] {manager.py:997} INFO - 
================================================================================
DAG File Processing Stats

File Path                                     PID    Runtime      # DAGs    # Errors  Last Runtime    Last Run               Last # of DB Queries
--------------------------------------------  -----  ---------  --------  ----------  --------------  -------------------  ----------------------
/opt/airflow/dags/hello_world.py                                       1           0  0.10s           2026-04-02T14:10:15                      12
/opt/airflow/dags/keycloak/setup_keycloak.py                           1           0  0.09s           2026-04-02T14:10:42                      13
================================================================================
[2026-04-02T14:11:14.475+0000] {manager.py:997} INFO - 
================================================================================
DAG File Processing Stats

File Path                                     PID    Runtime      # DAGs    # Errors  Last Runtime    Last Run               Last # of DB Queries
--------------------------------------------  -----  ---------  --------  ----------  --------------  -------------------  ----------------------
/opt/airflow/dags/hello_world.py                                       1           0  0.09s           2026-04-02T14:10:45                      12
/opt/airflow/dags/keycloak/setup_keycloak.py                           1           0  0.09s           2026-04-02T14:11:12                      13
================================================================================
