[2026-04-02T08:29:45.119+0000] {processor.py:186} INFO - Started process (PID=375) to work on /opt/airflow/dags/keycloak/setup_keycloak.py
[2026-04-02T08:29:45.120+0000] {processor.py:914} INFO - Processing file /opt/airflow/dags/keycloak/setup_keycloak.py for tasks to queue
[2026-04-02T08:29:45.121+0000] {logging_mixin.py:190} INFO - [2026-04-02T08:29:45.121+0000] {dagbag.py:588} INFO - Filling up the DagBag from /opt/airflow/dags/keycloak/setup_keycloak.py
[2026-04-02T08:29:45.134+0000] {processor.py:925} INFO - DAG(s) 'keycloak_setup' retrieved from /opt/airflow/dags/keycloak/setup_keycloak.py
[2026-04-02T08:29:45.270+0000] {logging_mixin.py:190} INFO - [2026-04-02T08:29:45.269+0000] {override.py:1900} INFO - Created Permission View: can edit on DAG:keycloak_setup
[2026-04-02T08:29:45.278+0000] {logging_mixin.py:190} INFO - [2026-04-02T08:29:45.278+0000] {override.py:1900} INFO - Created Permission View: can read on DAG:keycloak_setup
[2026-04-02T08:29:45.282+0000] {logging_mixin.py:190} INFO - [2026-04-02T08:29:45.282+0000] {override.py:1900} INFO - Created Permission View: can delete on DAG:keycloak_setup
[2026-04-02T08:29:45.287+0000] {logging_mixin.py:190} INFO - [2026-04-02T08:29:45.287+0000] {override.py:1900} INFO - Created Permission View: can read on DAG Run:keycloak_setup
[2026-04-02T08:29:45.291+0000] {logging_mixin.py:190} INFO - [2026-04-02T08:29:45.291+0000] {override.py:1900} INFO - Created Permission View: menu access on DAG Run:keycloak_setup
[2026-04-02T08:29:45.295+0000] {logging_mixin.py:190} INFO - [2026-04-02T08:29:45.295+0000] {override.py:1900} INFO - Created Permission View: can create on DAG Run:keycloak_setup
[2026-04-02T08:29:45.299+0000] {logging_mixin.py:190} INFO - [2026-04-02T08:29:45.298+0000] {override.py:1900} INFO - Created Permission View: can delete on DAG Run:keycloak_setup
[2026-04-02T08:29:45.299+0000] {logging_mixin.py:190} INFO - [2026-04-02T08:29:45.299+0000] {dag.py:3239} INFO - Sync 1 DAGs
[2026-04-02T08:29:45.309+0000] {logging_mixin.py:190} INFO - [2026-04-02T08:29:45.309+0000] {dag.py:3262} INFO - Creating ORM DAG for keycloak_setup
[2026-04-02T08:29:45.310+0000] {logging_mixin.py:190} INFO - [2026-04-02T08:29:45.310+0000] {dag.py:4180} INFO - Setting next_dagrun for keycloak_setup to None, run_after=None
[2026-04-02T08:29:45.325+0000] {processor.py:208} INFO - Processing /opt/airflow/dags/keycloak/setup_keycloak.py took 0.210 seconds
[2026-04-02T08:30:15.372+0000] {processor.py:186} INFO - Started process (PID=385) to work on /opt/airflow/dags/keycloak/setup_keycloak.py
[2026-04-02T08:30:15.374+0000] {processor.py:914} INFO - Processing file /opt/airflow/dags/keycloak/setup_keycloak.py for tasks to queue
[2026-04-02T08:30:15.376+0000] {logging_mixin.py:190} INFO - [2026-04-02T08:30:15.375+0000] {dagbag.py:588} INFO - Filling up the DagBag from /opt/airflow/dags/keycloak/setup_keycloak.py
[2026-04-02T08:30:15.383+0000] {processor.py:925} INFO - DAG(s) 'keycloak_setup' retrieved from /opt/airflow/dags/keycloak/setup_keycloak.py
[2026-04-02T08:30:15.405+0000] {logging_mixin.py:190} INFO - [2026-04-02T08:30:15.404+0000] {dag.py:3239} INFO - Sync 1 DAGs
[2026-04-02T08:30:15.414+0000] {logging_mixin.py:190} INFO - [2026-04-02T08:30:15.414+0000] {dag.py:4180} INFO - Setting next_dagrun for keycloak_setup to None, run_after=None
[2026-04-02T08:30:15.431+0000] {processor.py:208} INFO - Processing /opt/airflow/dags/keycloak/setup_keycloak.py took 0.064 seconds
[2026-04-02T08:30:45.630+0000] {processor.py:186} INFO - Started process (PID=395) to work on /opt/airflow/dags/keycloak/setup_keycloak.py
[2026-04-02T08:30:45.632+0000] {processor.py:914} INFO - Processing file /opt/airflow/dags/keycloak/setup_keycloak.py for tasks to queue
[2026-04-02T08:30:45.633+0000] {logging_mixin.py:190} INFO - [2026-04-02T08:30:45.633+0000] {dagbag.py:588} INFO - Filling up the DagBag from /opt/airflow/dags/keycloak/setup_keycloak.py
[2026-04-02T08:30:45.641+0000] {processor.py:925} INFO - DAG(s) 'keycloak_setup' retrieved from /opt/airflow/dags/keycloak/setup_keycloak.py
[2026-04-02T08:30:45.663+0000] {logging_mixin.py:190} INFO - [2026-04-02T08:30:45.663+0000] {dag.py:3239} INFO - Sync 1 DAGs
[2026-04-02T08:30:45.675+0000] {logging_mixin.py:190} INFO - [2026-04-02T08:30:45.675+0000] {dag.py:4180} INFO - Setting next_dagrun for keycloak_setup to None, run_after=None
[2026-04-02T08:30:45.689+0000] {processor.py:208} INFO - Processing /opt/airflow/dags/keycloak/setup_keycloak.py took 0.063 seconds
[2026-04-02T08:31:15.877+0000] {processor.py:186} INFO - Started process (PID=405) to work on /opt/airflow/dags/keycloak/setup_keycloak.py
[2026-04-02T08:31:15.878+0000] {processor.py:914} INFO - Processing file /opt/airflow/dags/keycloak/setup_keycloak.py for tasks to queue
[2026-04-02T08:31:15.879+0000] {logging_mixin.py:190} INFO - [2026-04-02T08:31:15.879+0000] {dagbag.py:588} INFO - Filling up the DagBag from /opt/airflow/dags/keycloak/setup_keycloak.py
[2026-04-02T08:31:15.887+0000] {processor.py:925} INFO - DAG(s) 'keycloak_setup' retrieved from /opt/airflow/dags/keycloak/setup_keycloak.py
[2026-04-02T08:31:15.909+0000] {logging_mixin.py:190} INFO - [2026-04-02T08:31:15.909+0000] {dag.py:3239} INFO - Sync 1 DAGs
[2026-04-02T08:31:15.921+0000] {logging_mixin.py:190} INFO - [2026-04-02T08:31:15.920+0000] {dag.py:4180} INFO - Setting next_dagrun for keycloak_setup to None, run_after=None
[2026-04-02T08:31:15.935+0000] {processor.py:208} INFO - Processing /opt/airflow/dags/keycloak/setup_keycloak.py took 0.063 seconds
[2026-04-02T08:31:46.126+0000] {processor.py:186} INFO - Started process (PID=415) to work on /opt/airflow/dags/keycloak/setup_keycloak.py
[2026-04-02T08:31:46.143+0000] {processor.py:914} INFO - Processing file /opt/airflow/dags/keycloak/setup_keycloak.py for tasks to queue
[2026-04-02T08:31:46.145+0000] {logging_mixin.py:190} INFO - [2026-04-02T08:31:46.145+0000] {dagbag.py:588} INFO - Filling up the DagBag from /opt/airflow/dags/keycloak/setup_keycloak.py
[2026-04-02T08:31:46.154+0000] {processor.py:925} INFO - DAG(s) 'keycloak_setup' retrieved from /opt/airflow/dags/keycloak/setup_keycloak.py
[2026-04-02T08:31:46.178+0000] {logging_mixin.py:190} INFO - [2026-04-02T08:31:46.177+0000] {dag.py:3239} INFO - Sync 1 DAGs
[2026-04-02T08:31:46.189+0000] {logging_mixin.py:190} INFO - [2026-04-02T08:31:46.188+0000] {dag.py:4180} INFO - Setting next_dagrun for keycloak_setup to None, run_after=None
[2026-04-02T08:31:46.203+0000] {processor.py:208} INFO - Processing /opt/airflow/dags/keycloak/setup_keycloak.py took 0.082 seconds
[2026-04-02T08:32:16.409+0000] {processor.py:186} INFO - Started process (PID=425) to work on /opt/airflow/dags/keycloak/setup_keycloak.py
[2026-04-02T08:32:16.410+0000] {processor.py:914} INFO - Processing file /opt/airflow/dags/keycloak/setup_keycloak.py for tasks to queue
[2026-04-02T08:32:16.411+0000] {logging_mixin.py:190} INFO - [2026-04-02T08:32:16.411+0000] {dagbag.py:588} INFO - Filling up the DagBag from /opt/airflow/dags/keycloak/setup_keycloak.py
[2026-04-02T08:32:16.418+0000] {processor.py:925} INFO - DAG(s) 'keycloak_setup' retrieved from /opt/airflow/dags/keycloak/setup_keycloak.py
[2026-04-02T08:32:16.439+0000] {logging_mixin.py:190} INFO - [2026-04-02T08:32:16.439+0000] {dag.py:3239} INFO - Sync 1 DAGs
[2026-04-02T08:32:16.450+0000] {logging_mixin.py:190} INFO - [2026-04-02T08:32:16.450+0000] {dag.py:4180} INFO - Setting next_dagrun for keycloak_setup to None, run_after=None
[2026-04-02T08:32:16.464+0000] {processor.py:208} INFO - Processing /opt/airflow/dags/keycloak/setup_keycloak.py took 0.060 seconds
[2026-04-02T08:32:46.644+0000] {processor.py:186} INFO - Started process (PID=435) to work on /opt/airflow/dags/keycloak/setup_keycloak.py
[2026-04-02T08:32:46.646+0000] {processor.py:914} INFO - Processing file /opt/airflow/dags/keycloak/setup_keycloak.py for tasks to queue
[2026-04-02T08:32:46.647+0000] {logging_mixin.py:190} INFO - [2026-04-02T08:32:46.647+0000] {dagbag.py:588} INFO - Filling up the DagBag from /opt/airflow/dags/keycloak/setup_keycloak.py
[2026-04-02T08:32:46.654+0000] {processor.py:925} INFO - DAG(s) 'keycloak_setup' retrieved from /opt/airflow/dags/keycloak/setup_keycloak.py
[2026-04-02T08:32:46.679+0000] {logging_mixin.py:190} INFO - [2026-04-02T08:32:46.679+0000] {dag.py:3239} INFO - Sync 1 DAGs
[2026-04-02T08:32:46.693+0000] {logging_mixin.py:190} INFO - [2026-04-02T08:32:46.692+0000] {dag.py:4180} INFO - Setting next_dagrun for keycloak_setup to None, run_after=None
[2026-04-02T08:32:46.710+0000] {processor.py:208} INFO - Processing /opt/airflow/dags/keycloak/setup_keycloak.py took 0.069 seconds
[2026-04-02T08:33:16.899+0000] {processor.py:186} INFO - Started process (PID=445) to work on /opt/airflow/dags/keycloak/setup_keycloak.py
[2026-04-02T08:33:16.901+0000] {processor.py:914} INFO - Processing file /opt/airflow/dags/keycloak/setup_keycloak.py for tasks to queue
[2026-04-02T08:33:16.902+0000] {logging_mixin.py:190} INFO - [2026-04-02T08:33:16.902+0000] {dagbag.py:588} INFO - Filling up the DagBag from /opt/airflow/dags/keycloak/setup_keycloak.py
[2026-04-02T08:33:16.910+0000] {processor.py:925} INFO - DAG(s) 'keycloak_setup' retrieved from /opt/airflow/dags/keycloak/setup_keycloak.py
[2026-04-02T08:33:16.933+0000] {logging_mixin.py:190} INFO - [2026-04-02T08:33:16.933+0000] {dag.py:3239} INFO - Sync 1 DAGs
[2026-04-02T08:33:16.945+0000] {logging_mixin.py:190} INFO - [2026-04-02T08:33:16.945+0000] {dag.py:4180} INFO - Setting next_dagrun for keycloak_setup to None, run_after=None
[2026-04-02T08:33:16.960+0000] {processor.py:208} INFO - Processing /opt/airflow/dags/keycloak/setup_keycloak.py took 0.064 seconds
[2026-04-02T08:33:47.154+0000] {processor.py:186} INFO - Started process (PID=455) to work on /opt/airflow/dags/keycloak/setup_keycloak.py
[2026-04-02T08:33:47.155+0000] {processor.py:914} INFO - Processing file /opt/airflow/dags/keycloak/setup_keycloak.py for tasks to queue
[2026-04-02T08:33:47.157+0000] {logging_mixin.py:190} INFO - [2026-04-02T08:33:47.157+0000] {dagbag.py:588} INFO - Filling up the DagBag from /opt/airflow/dags/keycloak/setup_keycloak.py
[2026-04-02T08:33:47.165+0000] {processor.py:925} INFO - DAG(s) 'keycloak_setup' retrieved from /opt/airflow/dags/keycloak/setup_keycloak.py
[2026-04-02T08:33:47.189+0000] {logging_mixin.py:190} INFO - [2026-04-02T08:33:47.189+0000] {dag.py:3239} INFO - Sync 1 DAGs
[2026-04-02T08:33:47.201+0000] {logging_mixin.py:190} INFO - [2026-04-02T08:33:47.200+0000] {dag.py:4180} INFO - Setting next_dagrun for keycloak_setup to None, run_after=None
[2026-04-02T08:33:47.218+0000] {processor.py:208} INFO - Processing /opt/airflow/dags/keycloak/setup_keycloak.py took 0.068 seconds
[2026-04-02T08:34:17.410+0000] {processor.py:186} INFO - Started process (PID=465) to work on /opt/airflow/dags/keycloak/setup_keycloak.py
[2026-04-02T08:34:17.411+0000] {processor.py:914} INFO - Processing file /opt/airflow/dags/keycloak/setup_keycloak.py for tasks to queue
[2026-04-02T08:34:17.413+0000] {logging_mixin.py:190} INFO - [2026-04-02T08:34:17.412+0000] {dagbag.py:588} INFO - Filling up the DagBag from /opt/airflow/dags/keycloak/setup_keycloak.py
[2026-04-02T08:34:17.420+0000] {processor.py:925} INFO - DAG(s) 'keycloak_setup' retrieved from /opt/airflow/dags/keycloak/setup_keycloak.py
[2026-04-02T08:34:17.440+0000] {logging_mixin.py:190} INFO - [2026-04-02T08:34:17.440+0000] {dag.py:3239} INFO - Sync 1 DAGs
[2026-04-02T08:34:17.451+0000] {logging_mixin.py:190} INFO - [2026-04-02T08:34:17.451+0000] {dag.py:4180} INFO - Setting next_dagrun for keycloak_setup to None, run_after=None
[2026-04-02T08:34:17.468+0000] {processor.py:208} INFO - Processing /opt/airflow/dags/keycloak/setup_keycloak.py took 0.062 seconds
[2026-04-02T08:34:47.677+0000] {processor.py:186} INFO - Started process (PID=475) to work on /opt/airflow/dags/keycloak/setup_keycloak.py
[2026-04-02T08:34:47.678+0000] {processor.py:914} INFO - Processing file /opt/airflow/dags/keycloak/setup_keycloak.py for tasks to queue
[2026-04-02T08:34:47.680+0000] {logging_mixin.py:190} INFO - [2026-04-02T08:34:47.680+0000] {dagbag.py:588} INFO - Filling up the DagBag from /opt/airflow/dags/keycloak/setup_keycloak.py
[2026-04-02T08:34:47.688+0000] {processor.py:925} INFO - DAG(s) 'keycloak_setup' retrieved from /opt/airflow/dags/keycloak/setup_keycloak.py
[2026-04-02T08:34:47.714+0000] {logging_mixin.py:190} INFO - [2026-04-02T08:34:47.714+0000] {dag.py:3239} INFO - Sync 1 DAGs
[2026-04-02T08:34:47.729+0000] {logging_mixin.py:190} INFO - [2026-04-02T08:34:47.728+0000] {dag.py:4180} INFO - Setting next_dagrun for keycloak_setup to None, run_after=None
[2026-04-02T08:34:47.745+0000] {processor.py:208} INFO - Processing /opt/airflow/dags/keycloak/setup_keycloak.py took 0.072 seconds
[2026-04-02T08:35:17.939+0000] {processor.py:186} INFO - Started process (PID=485) to work on /opt/airflow/dags/keycloak/setup_keycloak.py
[2026-04-02T08:35:17.940+0000] {processor.py:914} INFO - Processing file /opt/airflow/dags/keycloak/setup_keycloak.py for tasks to queue
[2026-04-02T08:35:17.942+0000] {logging_mixin.py:190} INFO - [2026-04-02T08:35:17.942+0000] {dagbag.py:588} INFO - Filling up the DagBag from /opt/airflow/dags/keycloak/setup_keycloak.py
[2026-04-02T08:35:17.949+0000] {processor.py:925} INFO - DAG(s) 'keycloak_setup' retrieved from /opt/airflow/dags/keycloak/setup_keycloak.py
[2026-04-02T08:35:17.972+0000] {logging_mixin.py:190} INFO - [2026-04-02T08:35:17.972+0000] {dag.py:3239} INFO - Sync 1 DAGs
[2026-04-02T08:35:17.984+0000] {logging_mixin.py:190} INFO - [2026-04-02T08:35:17.984+0000] {dag.py:4180} INFO - Setting next_dagrun for keycloak_setup to None, run_after=None
[2026-04-02T08:35:18.000+0000] {processor.py:208} INFO - Processing /opt/airflow/dags/keycloak/setup_keycloak.py took 0.065 seconds
[2026-04-02T08:35:48.186+0000] {processor.py:186} INFO - Started process (PID=495) to work on /opt/airflow/dags/keycloak/setup_keycloak.py
[2026-04-02T08:35:48.187+0000] {processor.py:914} INFO - Processing file /opt/airflow/dags/keycloak/setup_keycloak.py for tasks to queue
[2026-04-02T08:35:48.189+0000] {logging_mixin.py:190} INFO - [2026-04-02T08:35:48.189+0000] {dagbag.py:588} INFO - Filling up the DagBag from /opt/airflow/dags/keycloak/setup_keycloak.py
[2026-04-02T08:35:48.196+0000] {processor.py:925} INFO - DAG(s) 'keycloak_setup' retrieved from /opt/airflow/dags/keycloak/setup_keycloak.py
[2026-04-02T08:35:48.220+0000] {logging_mixin.py:190} INFO - [2026-04-02T08:35:48.220+0000] {dag.py:3239} INFO - Sync 1 DAGs
[2026-04-02T08:35:48.231+0000] {logging_mixin.py:190} INFO - [2026-04-02T08:35:48.231+0000] {dag.py:4180} INFO - Setting next_dagrun for keycloak_setup to None, run_after=None
[2026-04-02T08:35:48.246+0000] {processor.py:208} INFO - Processing /opt/airflow/dags/keycloak/setup_keycloak.py took 0.064 seconds
[2026-04-02T08:36:18.442+0000] {processor.py:186} INFO - Started process (PID=505) to work on /opt/airflow/dags/keycloak/setup_keycloak.py
[2026-04-02T08:36:18.459+0000] {processor.py:914} INFO - Processing file /opt/airflow/dags/keycloak/setup_keycloak.py for tasks to queue
[2026-04-02T08:36:18.461+0000] {logging_mixin.py:190} INFO - [2026-04-02T08:36:18.461+0000] {dagbag.py:588} INFO - Filling up the DagBag from /opt/airflow/dags/keycloak/setup_keycloak.py
[2026-04-02T08:36:18.470+0000] {processor.py:925} INFO - DAG(s) 'keycloak_setup' retrieved from /opt/airflow/dags/keycloak/setup_keycloak.py
[2026-04-02T08:36:18.497+0000] {logging_mixin.py:190} INFO - [2026-04-02T08:36:18.497+0000] {dag.py:3239} INFO - Sync 1 DAGs
[2026-04-02T08:36:18.509+0000] {logging_mixin.py:190} INFO - [2026-04-02T08:36:18.508+0000] {dag.py:4180} INFO - Setting next_dagrun for keycloak_setup to None, run_after=None
[2026-04-02T08:36:18.524+0000] {processor.py:208} INFO - Processing /opt/airflow/dags/keycloak/setup_keycloak.py took 0.087 seconds
[2026-04-02T08:36:48.748+0000] {processor.py:186} INFO - Started process (PID=515) to work on /opt/airflow/dags/keycloak/setup_keycloak.py
[2026-04-02T08:36:48.750+0000] {processor.py:914} INFO - Processing file /opt/airflow/dags/keycloak/setup_keycloak.py for tasks to queue
[2026-04-02T08:36:48.754+0000] {logging_mixin.py:190} INFO - [2026-04-02T08:36:48.753+0000] {dagbag.py:588} INFO - Filling up the DagBag from /opt/airflow/dags/keycloak/setup_keycloak.py
[2026-04-02T08:36:48.774+0000] {processor.py:925} INFO - DAG(s) 'keycloak_setup' retrieved from /opt/airflow/dags/keycloak/setup_keycloak.py
[2026-04-02T08:36:48.828+0000] {logging_mixin.py:190} INFO - [2026-04-02T08:36:48.827+0000] {dag.py:3239} INFO - Sync 1 DAGs
[2026-04-02T08:36:48.863+0000] {logging_mixin.py:190} INFO - [2026-04-02T08:36:48.862+0000] {dag.py:4180} INFO - Setting next_dagrun for keycloak_setup to None, run_after=None
[2026-04-02T08:36:48.901+0000] {processor.py:208} INFO - Processing /opt/airflow/dags/keycloak/setup_keycloak.py took 0.162 seconds
[2026-04-02T08:37:18.952+0000] {processor.py:186} INFO - Started process (PID=525) to work on /opt/airflow/dags/keycloak/setup_keycloak.py
[2026-04-02T08:37:18.969+0000] {processor.py:914} INFO - Processing file /opt/airflow/dags/keycloak/setup_keycloak.py for tasks to queue
[2026-04-02T08:37:18.971+0000] {logging_mixin.py:190} INFO - [2026-04-02T08:37:18.971+0000] {dagbag.py:588} INFO - Filling up the DagBag from /opt/airflow/dags/keycloak/setup_keycloak.py
[2026-04-02T08:37:18.985+0000] {processor.py:925} INFO - DAG(s) 'keycloak_setup' retrieved from /opt/airflow/dags/keycloak/setup_keycloak.py
[2026-04-02T08:37:19.012+0000] {logging_mixin.py:190} INFO - [2026-04-02T08:37:19.012+0000] {dag.py:3239} INFO - Sync 1 DAGs
[2026-04-02T08:37:19.025+0000] {logging_mixin.py:190} INFO - [2026-04-02T08:37:19.025+0000] {dag.py:4180} INFO - Setting next_dagrun for keycloak_setup to None, run_after=None
[2026-04-02T08:37:19.041+0000] {processor.py:208} INFO - Processing /opt/airflow/dags/keycloak/setup_keycloak.py took 0.093 seconds
[2026-04-02T08:37:49.245+0000] {processor.py:186} INFO - Started process (PID=535) to work on /opt/airflow/dags/keycloak/setup_keycloak.py
[2026-04-02T08:37:49.246+0000] {processor.py:914} INFO - Processing file /opt/airflow/dags/keycloak/setup_keycloak.py for tasks to queue
[2026-04-02T08:37:49.248+0000] {logging_mixin.py:190} INFO - [2026-04-02T08:37:49.247+0000] {dagbag.py:588} INFO - Filling up the DagBag from /opt/airflow/dags/keycloak/setup_keycloak.py
[2026-04-02T08:37:49.257+0000] {processor.py:925} INFO - DAG(s) 'keycloak_setup' retrieved from /opt/airflow/dags/keycloak/setup_keycloak.py
[2026-04-02T08:37:49.281+0000] {logging_mixin.py:190} INFO - [2026-04-02T08:37:49.281+0000] {dag.py:3239} INFO - Sync 1 DAGs
[2026-04-02T08:37:49.292+0000] {logging_mixin.py:190} INFO - [2026-04-02T08:37:49.292+0000] {dag.py:4180} INFO - Setting next_dagrun for keycloak_setup to None, run_after=None
[2026-04-02T08:37:49.306+0000] {processor.py:208} INFO - Processing /opt/airflow/dags/keycloak/setup_keycloak.py took 0.065 seconds
[2026-04-02T08:38:19.541+0000] {processor.py:186} INFO - Started process (PID=545) to work on /opt/airflow/dags/keycloak/setup_keycloak.py
[2026-04-02T08:38:19.542+0000] {processor.py:914} INFO - Processing file /opt/airflow/dags/keycloak/setup_keycloak.py for tasks to queue
[2026-04-02T08:38:19.544+0000] {logging_mixin.py:190} INFO - [2026-04-02T08:38:19.543+0000] {dagbag.py:588} INFO - Filling up the DagBag from /opt/airflow/dags/keycloak/setup_keycloak.py
[2026-04-02T08:38:19.550+0000] {processor.py:925} INFO - DAG(s) 'keycloak_setup' retrieved from /opt/airflow/dags/keycloak/setup_keycloak.py
[2026-04-02T08:38:19.575+0000] {logging_mixin.py:190} INFO - [2026-04-02T08:38:19.574+0000] {dag.py:3239} INFO - Sync 1 DAGs
[2026-04-02T08:38:19.585+0000] {logging_mixin.py:190} INFO - [2026-04-02T08:38:19.585+0000] {dag.py:4180} INFO - Setting next_dagrun for keycloak_setup to None, run_after=None
[2026-04-02T08:38:19.600+0000] {processor.py:208} INFO - Processing /opt/airflow/dags/keycloak/setup_keycloak.py took 0.064 seconds
[2026-04-02T08:38:49.831+0000] {processor.py:186} INFO - Started process (PID=555) to work on /opt/airflow/dags/keycloak/setup_keycloak.py
[2026-04-02T08:38:49.832+0000] {processor.py:914} INFO - Processing file /opt/airflow/dags/keycloak/setup_keycloak.py for tasks to queue
[2026-04-02T08:38:49.834+0000] {logging_mixin.py:190} INFO - [2026-04-02T08:38:49.833+0000] {dagbag.py:588} INFO - Filling up the DagBag from /opt/airflow/dags/keycloak/setup_keycloak.py
[2026-04-02T08:38:49.842+0000] {processor.py:925} INFO - DAG(s) 'keycloak_setup' retrieved from /opt/airflow/dags/keycloak/setup_keycloak.py
[2026-04-02T08:38:49.864+0000] {logging_mixin.py:190} INFO - [2026-04-02T08:38:49.863+0000] {dag.py:3239} INFO - Sync 1 DAGs
[2026-04-02T08:38:49.874+0000] {logging_mixin.py:190} INFO - [2026-04-02T08:38:49.873+0000] {dag.py:4180} INFO - Setting next_dagrun for keycloak_setup to None, run_after=None
[2026-04-02T08:38:49.888+0000] {processor.py:208} INFO - Processing /opt/airflow/dags/keycloak/setup_keycloak.py took 0.061 seconds
[2026-04-02T08:39:20.108+0000] {processor.py:186} INFO - Started process (PID=565) to work on /opt/airflow/dags/keycloak/setup_keycloak.py
[2026-04-02T08:39:20.109+0000] {processor.py:914} INFO - Processing file /opt/airflow/dags/keycloak/setup_keycloak.py for tasks to queue
[2026-04-02T08:39:20.110+0000] {logging_mixin.py:190} INFO - [2026-04-02T08:39:20.110+0000] {dagbag.py:588} INFO - Filling up the DagBag from /opt/airflow/dags/keycloak/setup_keycloak.py
[2026-04-02T08:39:20.124+0000] {processor.py:925} INFO - DAG(s) 'keycloak_setup' retrieved from /opt/airflow/dags/keycloak/setup_keycloak.py
[2026-04-02T08:39:20.155+0000] {logging_mixin.py:190} INFO - [2026-04-02T08:39:20.155+0000] {dag.py:3239} INFO - Sync 1 DAGs
[2026-04-02T08:39:20.165+0000] {logging_mixin.py:190} INFO - [2026-04-02T08:39:20.164+0000] {dag.py:4180} INFO - Setting next_dagrun for keycloak_setup to None, run_after=None
[2026-04-02T08:39:20.179+0000] {processor.py:208} INFO - Processing /opt/airflow/dags/keycloak/setup_keycloak.py took 0.076 seconds
[2026-04-02T08:39:50.417+0000] {processor.py:186} INFO - Started process (PID=575) to work on /opt/airflow/dags/keycloak/setup_keycloak.py
[2026-04-02T08:39:50.418+0000] {processor.py:914} INFO - Processing file /opt/airflow/dags/keycloak/setup_keycloak.py for tasks to queue
[2026-04-02T08:39:50.420+0000] {logging_mixin.py:190} INFO - [2026-04-02T08:39:50.419+0000] {dagbag.py:588} INFO - Filling up the DagBag from /opt/airflow/dags/keycloak/setup_keycloak.py
[2026-04-02T08:39:50.427+0000] {processor.py:925} INFO - DAG(s) 'keycloak_setup' retrieved from /opt/airflow/dags/keycloak/setup_keycloak.py
[2026-04-02T08:39:50.449+0000] {logging_mixin.py:190} INFO - [2026-04-02T08:39:50.448+0000] {dag.py:3239} INFO - Sync 1 DAGs
[2026-04-02T08:39:50.458+0000] {logging_mixin.py:190} INFO - [2026-04-02T08:39:50.458+0000] {dag.py:4180} INFO - Setting next_dagrun for keycloak_setup to None, run_after=None
[2026-04-02T08:39:50.472+0000] {processor.py:208} INFO - Processing /opt/airflow/dags/keycloak/setup_keycloak.py took 0.059 seconds
[2026-04-02T08:40:20.657+0000] {processor.py:186} INFO - Started process (PID=585) to work on /opt/airflow/dags/keycloak/setup_keycloak.py
[2026-04-02T08:40:20.658+0000] {processor.py:914} INFO - Processing file /opt/airflow/dags/keycloak/setup_keycloak.py for tasks to queue
[2026-04-02T08:40:20.660+0000] {logging_mixin.py:190} INFO - [2026-04-02T08:40:20.660+0000] {dagbag.py:588} INFO - Filling up the DagBag from /opt/airflow/dags/keycloak/setup_keycloak.py
[2026-04-02T08:40:20.667+0000] {processor.py:925} INFO - DAG(s) 'keycloak_setup' retrieved from /opt/airflow/dags/keycloak/setup_keycloak.py
[2026-04-02T08:40:20.689+0000] {logging_mixin.py:190} INFO - [2026-04-02T08:40:20.688+0000] {dag.py:3239} INFO - Sync 1 DAGs
[2026-04-02T08:40:20.698+0000] {logging_mixin.py:190} INFO - [2026-04-02T08:40:20.698+0000] {dag.py:4180} INFO - Setting next_dagrun for keycloak_setup to None, run_after=None
[2026-04-02T08:40:20.712+0000] {processor.py:208} INFO - Processing /opt/airflow/dags/keycloak/setup_keycloak.py took 0.058 seconds
[2026-04-02T08:40:50.913+0000] {processor.py:186} INFO - Started process (PID=595) to work on /opt/airflow/dags/keycloak/setup_keycloak.py
[2026-04-02T08:40:50.914+0000] {processor.py:914} INFO - Processing file /opt/airflow/dags/keycloak/setup_keycloak.py for tasks to queue
[2026-04-02T08:40:50.917+0000] {logging_mixin.py:190} INFO - [2026-04-02T08:40:50.917+0000] {dagbag.py:588} INFO - Filling up the DagBag from /opt/airflow/dags/keycloak/setup_keycloak.py
[2026-04-02T08:40:50.928+0000] {processor.py:925} INFO - DAG(s) 'keycloak_setup' retrieved from /opt/airflow/dags/keycloak/setup_keycloak.py
[2026-04-02T08:40:50.950+0000] {logging_mixin.py:190} INFO - [2026-04-02T08:40:50.949+0000] {dag.py:3239} INFO - Sync 1 DAGs
[2026-04-02T08:40:50.960+0000] {logging_mixin.py:190} INFO - [2026-04-02T08:40:50.960+0000] {dag.py:4180} INFO - Setting next_dagrun for keycloak_setup to None, run_after=None
[2026-04-02T08:40:50.974+0000] {processor.py:208} INFO - Processing /opt/airflow/dags/keycloak/setup_keycloak.py took 0.066 seconds
[2026-04-02T08:41:21.199+0000] {processor.py:186} INFO - Started process (PID=605) to work on /opt/airflow/dags/keycloak/setup_keycloak.py
[2026-04-02T08:41:21.217+0000] {processor.py:914} INFO - Processing file /opt/airflow/dags/keycloak/setup_keycloak.py for tasks to queue
[2026-04-02T08:41:21.219+0000] {logging_mixin.py:190} INFO - [2026-04-02T08:41:21.218+0000] {dagbag.py:588} INFO - Filling up the DagBag from /opt/airflow/dags/keycloak/setup_keycloak.py
[2026-04-02T08:41:21.226+0000] {processor.py:925} INFO - DAG(s) 'keycloak_setup' retrieved from /opt/airflow/dags/keycloak/setup_keycloak.py
[2026-04-02T08:41:21.250+0000] {logging_mixin.py:190} INFO - [2026-04-02T08:41:21.250+0000] {dag.py:3239} INFO - Sync 1 DAGs
[2026-04-02T08:41:21.261+0000] {logging_mixin.py:190} INFO - [2026-04-02T08:41:21.261+0000] {dag.py:4180} INFO - Setting next_dagrun for keycloak_setup to None, run_after=None
[2026-04-02T08:41:21.275+0000] {processor.py:208} INFO - Processing /opt/airflow/dags/keycloak/setup_keycloak.py took 0.080 seconds
[2026-04-02T08:41:51.489+0000] {processor.py:186} INFO - Started process (PID=615) to work on /opt/airflow/dags/keycloak/setup_keycloak.py
[2026-04-02T08:41:51.491+0000] {processor.py:914} INFO - Processing file /opt/airflow/dags/keycloak/setup_keycloak.py for tasks to queue
[2026-04-02T08:41:51.493+0000] {logging_mixin.py:190} INFO - [2026-04-02T08:41:51.493+0000] {dagbag.py:588} INFO - Filling up the DagBag from /opt/airflow/dags/keycloak/setup_keycloak.py
[2026-04-02T08:41:51.503+0000] {processor.py:925} INFO - DAG(s) 'keycloak_setup' retrieved from /opt/airflow/dags/keycloak/setup_keycloak.py
[2026-04-02T08:41:51.525+0000] {logging_mixin.py:190} INFO - [2026-04-02T08:41:51.525+0000] {dag.py:3239} INFO - Sync 1 DAGs
[2026-04-02T08:41:51.539+0000] {logging_mixin.py:190} INFO - [2026-04-02T08:41:51.539+0000] {dag.py:4180} INFO - Setting next_dagrun for keycloak_setup to None, run_after=None
[2026-04-02T08:41:51.557+0000] {processor.py:208} INFO - Processing /opt/airflow/dags/keycloak/setup_keycloak.py took 0.073 seconds
[2026-04-02T08:42:21.753+0000] {processor.py:186} INFO - Started process (PID=625) to work on /opt/airflow/dags/keycloak/setup_keycloak.py
[2026-04-02T08:42:21.754+0000] {processor.py:914} INFO - Processing file /opt/airflow/dags/keycloak/setup_keycloak.py for tasks to queue
[2026-04-02T08:42:21.756+0000] {logging_mixin.py:190} INFO - [2026-04-02T08:42:21.756+0000] {dagbag.py:588} INFO - Filling up the DagBag from /opt/airflow/dags/keycloak/setup_keycloak.py
[2026-04-02T08:42:21.769+0000] {processor.py:925} INFO - DAG(s) 'keycloak_setup' retrieved from /opt/airflow/dags/keycloak/setup_keycloak.py
[2026-04-02T08:42:21.802+0000] {logging_mixin.py:190} INFO - [2026-04-02T08:42:21.802+0000] {dag.py:3239} INFO - Sync 1 DAGs
[2026-04-02T08:42:21.814+0000] {logging_mixin.py:190} INFO - [2026-04-02T08:42:21.813+0000] {dag.py:4180} INFO - Setting next_dagrun for keycloak_setup to None, run_after=None
[2026-04-02T08:42:21.830+0000] {processor.py:208} INFO - Processing /opt/airflow/dags/keycloak/setup_keycloak.py took 0.082 seconds
[2026-04-02T08:42:52.035+0000] {processor.py:186} INFO - Started process (PID=635) to work on /opt/airflow/dags/keycloak/setup_keycloak.py
[2026-04-02T08:42:52.036+0000] {processor.py:914} INFO - Processing file /opt/airflow/dags/keycloak/setup_keycloak.py for tasks to queue
[2026-04-02T08:42:52.038+0000] {logging_mixin.py:190} INFO - [2026-04-02T08:42:52.037+0000] {dagbag.py:588} INFO - Filling up the DagBag from /opt/airflow/dags/keycloak/setup_keycloak.py
[2026-04-02T08:42:52.045+0000] {processor.py:925} INFO - DAG(s) 'keycloak_setup' retrieved from /opt/airflow/dags/keycloak/setup_keycloak.py
[2026-04-02T08:42:52.066+0000] {logging_mixin.py:190} INFO - [2026-04-02T08:42:52.066+0000] {dag.py:3239} INFO - Sync 1 DAGs
[2026-04-02T08:42:52.077+0000] {logging_mixin.py:190} INFO - [2026-04-02T08:42:52.076+0000] {dag.py:4180} INFO - Setting next_dagrun for keycloak_setup to None, run_after=None
[2026-04-02T08:42:52.091+0000] {processor.py:208} INFO - Processing /opt/airflow/dags/keycloak/setup_keycloak.py took 0.060 seconds
[2026-04-02T08:43:22.307+0000] {processor.py:186} INFO - Started process (PID=645) to work on /opt/airflow/dags/keycloak/setup_keycloak.py
[2026-04-02T08:43:22.324+0000] {processor.py:914} INFO - Processing file /opt/airflow/dags/keycloak/setup_keycloak.py for tasks to queue
[2026-04-02T08:43:22.326+0000] {logging_mixin.py:190} INFO - [2026-04-02T08:43:22.325+0000] {dagbag.py:588} INFO - Filling up the DagBag from /opt/airflow/dags/keycloak/setup_keycloak.py
[2026-04-02T08:43:22.334+0000] {processor.py:925} INFO - DAG(s) 'keycloak_setup' retrieved from /opt/airflow/dags/keycloak/setup_keycloak.py
[2026-04-02T08:43:22.356+0000] {logging_mixin.py:190} INFO - [2026-04-02T08:43:22.356+0000] {dag.py:3239} INFO - Sync 1 DAGs
[2026-04-02T08:43:22.366+0000] {logging_mixin.py:190} INFO - [2026-04-02T08:43:22.366+0000] {dag.py:4180} INFO - Setting next_dagrun for keycloak_setup to None, run_after=None
[2026-04-02T08:43:22.380+0000] {processor.py:208} INFO - Processing /opt/airflow/dags/keycloak/setup_keycloak.py took 0.079 seconds
[2026-04-02T08:43:52.601+0000] {processor.py:186} INFO - Started process (PID=655) to work on /opt/airflow/dags/keycloak/setup_keycloak.py
[2026-04-02T08:43:52.603+0000] {processor.py:914} INFO - Processing file /opt/airflow/dags/keycloak/setup_keycloak.py for tasks to queue
[2026-04-02T08:43:52.604+0000] {logging_mixin.py:190} INFO - [2026-04-02T08:43:52.604+0000] {dagbag.py:588} INFO - Filling up the DagBag from /opt/airflow/dags/keycloak/setup_keycloak.py
[2026-04-02T08:43:52.621+0000] {processor.py:925} INFO - DAG(s) 'keycloak_setup' retrieved from /opt/airflow/dags/keycloak/setup_keycloak.py
[2026-04-02T08:43:52.650+0000] {logging_mixin.py:190} INFO - [2026-04-02T08:43:52.650+0000] {dag.py:3239} INFO - Sync 1 DAGs
[2026-04-02T08:43:52.661+0000] {logging_mixin.py:190} INFO - [2026-04-02T08:43:52.661+0000] {dag.py:4180} INFO - Setting next_dagrun for keycloak_setup to None, run_after=None
[2026-04-02T08:43:52.674+0000] {processor.py:208} INFO - Processing /opt/airflow/dags/keycloak/setup_keycloak.py took 0.078 seconds
[2026-04-02T08:44:22.894+0000] {processor.py:186} INFO - Started process (PID=665) to work on /opt/airflow/dags/keycloak/setup_keycloak.py
[2026-04-02T08:44:22.911+0000] {processor.py:914} INFO - Processing file /opt/airflow/dags/keycloak/setup_keycloak.py for tasks to queue
[2026-04-02T08:44:22.913+0000] {logging_mixin.py:190} INFO - [2026-04-02T08:44:22.912+0000] {dagbag.py:588} INFO - Filling up the DagBag from /opt/airflow/dags/keycloak/setup_keycloak.py
[2026-04-02T08:44:22.920+0000] {processor.py:925} INFO - DAG(s) 'keycloak_setup' retrieved from /opt/airflow/dags/keycloak/setup_keycloak.py
[2026-04-02T08:44:22.941+0000] {logging_mixin.py:190} INFO - [2026-04-02T08:44:22.941+0000] {dag.py:3239} INFO - Sync 1 DAGs
[2026-04-02T08:44:22.952+0000] {logging_mixin.py:190} INFO - [2026-04-02T08:44:22.951+0000] {dag.py:4180} INFO - Setting next_dagrun for keycloak_setup to None, run_after=None
[2026-04-02T08:44:22.968+0000] {processor.py:208} INFO - Processing /opt/airflow/dags/keycloak/setup_keycloak.py took 0.078 seconds
[2026-04-02T08:44:53.099+0000] {processor.py:186} INFO - Started process (PID=675) to work on /opt/airflow/dags/keycloak/setup_keycloak.py
[2026-04-02T08:44:53.117+0000] {processor.py:914} INFO - Processing file /opt/airflow/dags/keycloak/setup_keycloak.py for tasks to queue
[2026-04-02T08:44:53.119+0000] {logging_mixin.py:190} INFO - [2026-04-02T08:44:53.118+0000] {dagbag.py:588} INFO - Filling up the DagBag from /opt/airflow/dags/keycloak/setup_keycloak.py
[2026-04-02T08:44:53.126+0000] {processor.py:925} INFO - DAG(s) 'keycloak_setup' retrieved from /opt/airflow/dags/keycloak/setup_keycloak.py
[2026-04-02T08:44:53.148+0000] {logging_mixin.py:190} INFO - [2026-04-02T08:44:53.148+0000] {dag.py:3239} INFO - Sync 1 DAGs
[2026-04-02T08:44:53.159+0000] {logging_mixin.py:190} INFO - [2026-04-02T08:44:53.159+0000] {dag.py:4180} INFO - Setting next_dagrun for keycloak_setup to None, run_after=None
[2026-04-02T08:44:53.174+0000] {processor.py:208} INFO - Processing /opt/airflow/dags/keycloak/setup_keycloak.py took 0.079 seconds
[2026-04-02T08:45:23.386+0000] {processor.py:186} INFO - Started process (PID=685) to work on /opt/airflow/dags/keycloak/setup_keycloak.py
[2026-04-02T08:45:23.388+0000] {processor.py:914} INFO - Processing file /opt/airflow/dags/keycloak/setup_keycloak.py for tasks to queue
[2026-04-02T08:45:23.390+0000] {logging_mixin.py:190} INFO - [2026-04-02T08:45:23.389+0000] {dagbag.py:588} INFO - Filling up the DagBag from /opt/airflow/dags/keycloak/setup_keycloak.py
[2026-04-02T08:45:23.406+0000] {processor.py:925} INFO - DAG(s) 'keycloak_setup' retrieved from /opt/airflow/dags/keycloak/setup_keycloak.py
[2026-04-02T08:45:23.440+0000] {logging_mixin.py:190} INFO - [2026-04-02T08:45:23.440+0000] {dag.py:3239} INFO - Sync 1 DAGs
[2026-04-02T08:45:23.452+0000] {logging_mixin.py:190} INFO - [2026-04-02T08:45:23.451+0000] {dag.py:4180} INFO - Setting next_dagrun for keycloak_setup to None, run_after=None
[2026-04-02T08:45:23.470+0000] {processor.py:208} INFO - Processing /opt/airflow/dags/keycloak/setup_keycloak.py took 0.089 seconds
[2026-04-02T08:45:53.682+0000] {processor.py:186} INFO - Started process (PID=695) to work on /opt/airflow/dags/keycloak/setup_keycloak.py
[2026-04-02T08:45:53.699+0000] {processor.py:914} INFO - Processing file /opt/airflow/dags/keycloak/setup_keycloak.py for tasks to queue
[2026-04-02T08:45:53.701+0000] {logging_mixin.py:190} INFO - [2026-04-02T08:45:53.701+0000] {dagbag.py:588} INFO - Filling up the DagBag from /opt/airflow/dags/keycloak/setup_keycloak.py
[2026-04-02T08:45:53.709+0000] {processor.py:925} INFO - DAG(s) 'keycloak_setup' retrieved from /opt/airflow/dags/keycloak/setup_keycloak.py
[2026-04-02T08:45:53.733+0000] {logging_mixin.py:190} INFO - [2026-04-02T08:45:53.733+0000] {dag.py:3239} INFO - Sync 1 DAGs
[2026-04-02T08:45:53.744+0000] {logging_mixin.py:190} INFO - [2026-04-02T08:45:53.744+0000] {dag.py:4180} INFO - Setting next_dagrun for keycloak_setup to None, run_after=None
[2026-04-02T08:45:53.760+0000] {processor.py:208} INFO - Processing /opt/airflow/dags/keycloak/setup_keycloak.py took 0.082 seconds
[2026-04-02T08:46:24.000+0000] {processor.py:186} INFO - Started process (PID=705) to work on /opt/airflow/dags/keycloak/setup_keycloak.py
[2026-04-02T08:46:24.017+0000] {processor.py:914} INFO - Processing file /opt/airflow/dags/keycloak/setup_keycloak.py for tasks to queue
[2026-04-02T08:46:24.019+0000] {logging_mixin.py:190} INFO - [2026-04-02T08:46:24.018+0000] {dagbag.py:588} INFO - Filling up the DagBag from /opt/airflow/dags/keycloak/setup_keycloak.py
[2026-04-02T08:46:24.026+0000] {processor.py:925} INFO - DAG(s) 'keycloak_setup' retrieved from /opt/airflow/dags/keycloak/setup_keycloak.py
[2026-04-02T08:46:24.048+0000] {logging_mixin.py:190} INFO - [2026-04-02T08:46:24.047+0000] {dag.py:3239} INFO - Sync 1 DAGs
[2026-04-02T08:46:24.059+0000] {logging_mixin.py:190} INFO - [2026-04-02T08:46:24.059+0000] {dag.py:4180} INFO - Setting next_dagrun for keycloak_setup to None, run_after=None
[2026-04-02T08:46:24.073+0000] {processor.py:208} INFO - Processing /opt/airflow/dags/keycloak/setup_keycloak.py took 0.077 seconds
[2026-04-02T08:46:54.275+0000] {processor.py:186} INFO - Started process (PID=715) to work on /opt/airflow/dags/keycloak/setup_keycloak.py
[2026-04-02T08:46:54.276+0000] {processor.py:914} INFO - Processing file /opt/airflow/dags/keycloak/setup_keycloak.py for tasks to queue
[2026-04-02T08:46:54.278+0000] {logging_mixin.py:190} INFO - [2026-04-02T08:46:54.278+0000] {dagbag.py:588} INFO - Filling up the DagBag from /opt/airflow/dags/keycloak/setup_keycloak.py
[2026-04-02T08:46:54.286+0000] {processor.py:925} INFO - DAG(s) 'keycloak_setup' retrieved from /opt/airflow/dags/keycloak/setup_keycloak.py
[2026-04-02T08:46:54.307+0000] {logging_mixin.py:190} INFO - [2026-04-02T08:46:54.307+0000] {dag.py:3239} INFO - Sync 1 DAGs
[2026-04-02T08:46:54.318+0000] {logging_mixin.py:190} INFO - [2026-04-02T08:46:54.318+0000] {dag.py:4180} INFO - Setting next_dagrun for keycloak_setup to None, run_after=None
[2026-04-02T08:46:54.330+0000] {processor.py:208} INFO - Processing /opt/airflow/dags/keycloak/setup_keycloak.py took 0.059 seconds
[2026-04-02T08:47:24.556+0000] {processor.py:186} INFO - Started process (PID=725) to work on /opt/airflow/dags/keycloak/setup_keycloak.py
[2026-04-02T08:47:24.558+0000] {processor.py:914} INFO - Processing file /opt/airflow/dags/keycloak/setup_keycloak.py for tasks to queue
[2026-04-02T08:47:24.561+0000] {logging_mixin.py:190} INFO - [2026-04-02T08:47:24.561+0000] {dagbag.py:588} INFO - Filling up the DagBag from /opt/airflow/dags/keycloak/setup_keycloak.py
[2026-04-02T08:47:24.580+0000] {processor.py:925} INFO - DAG(s) 'keycloak_setup' retrieved from /opt/airflow/dags/keycloak/setup_keycloak.py
[2026-04-02T08:47:24.618+0000] {logging_mixin.py:190} INFO - [2026-04-02T08:47:24.618+0000] {dag.py:3239} INFO - Sync 1 DAGs
[2026-04-02T08:47:24.642+0000] {logging_mixin.py:190} INFO - [2026-04-02T08:47:24.642+0000] {dag.py:4180} INFO - Setting next_dagrun for keycloak_setup to None, run_after=None
[2026-04-02T08:47:24.673+0000] {processor.py:208} INFO - Processing /opt/airflow/dags/keycloak/setup_keycloak.py took 0.126 seconds
[2026-04-02T08:47:54.750+0000] {processor.py:186} INFO - Started process (PID=735) to work on /opt/airflow/dags/keycloak/setup_keycloak.py
[2026-04-02T08:47:54.751+0000] {processor.py:914} INFO - Processing file /opt/airflow/dags/keycloak/setup_keycloak.py for tasks to queue
[2026-04-02T08:47:54.752+0000] {logging_mixin.py:190} INFO - [2026-04-02T08:47:54.752+0000] {dagbag.py:588} INFO - Filling up the DagBag from /opt/airflow/dags/keycloak/setup_keycloak.py
[2026-04-02T08:47:54.760+0000] {processor.py:925} INFO - DAG(s) 'keycloak_setup' retrieved from /opt/airflow/dags/keycloak/setup_keycloak.py
[2026-04-02T08:47:54.784+0000] {logging_mixin.py:190} INFO - [2026-04-02T08:47:54.783+0000] {dag.py:3239} INFO - Sync 1 DAGs
[2026-04-02T08:47:54.794+0000] {logging_mixin.py:190} INFO - [2026-04-02T08:47:54.794+0000] {dag.py:4180} INFO - Setting next_dagrun for keycloak_setup to None, run_after=None
[2026-04-02T08:47:54.809+0000] {processor.py:208} INFO - Processing /opt/airflow/dags/keycloak/setup_keycloak.py took 0.063 seconds
[2026-04-02T08:48:25.038+0000] {processor.py:186} INFO - Started process (PID=745) to work on /opt/airflow/dags/keycloak/setup_keycloak.py
[2026-04-02T08:48:25.039+0000] {processor.py:914} INFO - Processing file /opt/airflow/dags/keycloak/setup_keycloak.py for tasks to queue
[2026-04-02T08:48:25.041+0000] {logging_mixin.py:190} INFO - [2026-04-02T08:48:25.041+0000] {dagbag.py:588} INFO - Filling up the DagBag from /opt/airflow/dags/keycloak/setup_keycloak.py
[2026-04-02T08:48:25.055+0000] {processor.py:925} INFO - DAG(s) 'keycloak_setup' retrieved from /opt/airflow/dags/keycloak/setup_keycloak.py
[2026-04-02T08:48:25.084+0000] {logging_mixin.py:190} INFO - [2026-04-02T08:48:25.084+0000] {dag.py:3239} INFO - Sync 1 DAGs
[2026-04-02T08:48:25.095+0000] {logging_mixin.py:190} INFO - [2026-04-02T08:48:25.095+0000] {dag.py:4180} INFO - Setting next_dagrun for keycloak_setup to None, run_after=None
[2026-04-02T08:48:25.110+0000] {processor.py:208} INFO - Processing /opt/airflow/dags/keycloak/setup_keycloak.py took 0.077 seconds
[2026-04-02T08:48:55.317+0000] {processor.py:186} INFO - Started process (PID=755) to work on /opt/airflow/dags/keycloak/setup_keycloak.py
[2026-04-02T08:48:55.319+0000] {processor.py:914} INFO - Processing file /opt/airflow/dags/keycloak/setup_keycloak.py for tasks to queue
[2026-04-02T08:48:55.320+0000] {logging_mixin.py:190} INFO - [2026-04-02T08:48:55.320+0000] {dagbag.py:588} INFO - Filling up the DagBag from /opt/airflow/dags/keycloak/setup_keycloak.py
[2026-04-02T08:48:55.327+0000] {processor.py:925} INFO - DAG(s) 'keycloak_setup' retrieved from /opt/airflow/dags/keycloak/setup_keycloak.py
[2026-04-02T08:48:55.348+0000] {logging_mixin.py:190} INFO - [2026-04-02T08:48:55.348+0000] {dag.py:3239} INFO - Sync 1 DAGs
[2026-04-02T08:48:55.358+0000] {logging_mixin.py:190} INFO - [2026-04-02T08:48:55.358+0000] {dag.py:4180} INFO - Setting next_dagrun for keycloak_setup to None, run_after=None
[2026-04-02T08:48:55.371+0000] {processor.py:208} INFO - Processing /opt/airflow/dags/keycloak/setup_keycloak.py took 0.058 seconds
[2026-04-02T08:49:25.591+0000] {processor.py:186} INFO - Started process (PID=765) to work on /opt/airflow/dags/keycloak/setup_keycloak.py
[2026-04-02T08:49:25.596+0000] {processor.py:914} INFO - Processing file /opt/airflow/dags/keycloak/setup_keycloak.py for tasks to queue
[2026-04-02T08:49:25.599+0000] {logging_mixin.py:190} INFO - [2026-04-02T08:49:25.599+0000] {dagbag.py:588} INFO - Filling up the DagBag from /opt/airflow/dags/keycloak/setup_keycloak.py
[2026-04-02T08:49:25.607+0000] {processor.py:925} INFO - DAG(s) 'keycloak_setup' retrieved from /opt/airflow/dags/keycloak/setup_keycloak.py
[2026-04-02T08:49:25.630+0000] {logging_mixin.py:190} INFO - [2026-04-02T08:49:25.630+0000] {dag.py:3239} INFO - Sync 1 DAGs
[2026-04-02T08:49:25.641+0000] {logging_mixin.py:190} INFO - [2026-04-02T08:49:25.641+0000] {dag.py:4180} INFO - Setting next_dagrun for keycloak_setup to None, run_after=None
[2026-04-02T08:49:25.656+0000] {processor.py:208} INFO - Processing /opt/airflow/dags/keycloak/setup_keycloak.py took 0.070 seconds
[2026-04-02T08:49:55.872+0000] {processor.py:186} INFO - Started process (PID=775) to work on /opt/airflow/dags/keycloak/setup_keycloak.py
[2026-04-02T08:49:55.890+0000] {processor.py:914} INFO - Processing file /opt/airflow/dags/keycloak/setup_keycloak.py for tasks to queue
[2026-04-02T08:49:55.891+0000] {logging_mixin.py:190} INFO - [2026-04-02T08:49:55.891+0000] {dagbag.py:588} INFO - Filling up the DagBag from /opt/airflow/dags/keycloak/setup_keycloak.py
[2026-04-02T08:49:55.899+0000] {processor.py:925} INFO - DAG(s) 'keycloak_setup' retrieved from /opt/airflow/dags/keycloak/setup_keycloak.py
[2026-04-02T08:49:55.923+0000] {logging_mixin.py:190} INFO - [2026-04-02T08:49:55.923+0000] {dag.py:3239} INFO - Sync 1 DAGs
[2026-04-02T08:49:55.936+0000] {logging_mixin.py:190} INFO - [2026-04-02T08:49:55.935+0000] {dag.py:4180} INFO - Setting next_dagrun for keycloak_setup to None, run_after=None
[2026-04-02T08:49:55.951+0000] {processor.py:208} INFO - Processing /opt/airflow/dags/keycloak/setup_keycloak.py took 0.083 seconds
[2026-04-02T08:50:26.169+0000] {processor.py:186} INFO - Started process (PID=785) to work on /opt/airflow/dags/keycloak/setup_keycloak.py
[2026-04-02T08:50:26.170+0000] {processor.py:914} INFO - Processing file /opt/airflow/dags/keycloak/setup_keycloak.py for tasks to queue
[2026-04-02T08:50:26.172+0000] {logging_mixin.py:190} INFO - [2026-04-02T08:50:26.171+0000] {dagbag.py:588} INFO - Filling up the DagBag from /opt/airflow/dags/keycloak/setup_keycloak.py
[2026-04-02T08:50:26.179+0000] {processor.py:925} INFO - DAG(s) 'keycloak_setup' retrieved from /opt/airflow/dags/keycloak/setup_keycloak.py
[2026-04-02T08:50:26.202+0000] {logging_mixin.py:190} INFO - [2026-04-02T08:50:26.202+0000] {dag.py:3239} INFO - Sync 1 DAGs
[2026-04-02T08:50:26.214+0000] {logging_mixin.py:190} INFO - [2026-04-02T08:50:26.213+0000] {dag.py:4180} INFO - Setting next_dagrun for keycloak_setup to None, run_after=None
[2026-04-02T08:50:26.228+0000] {processor.py:208} INFO - Processing /opt/airflow/dags/keycloak/setup_keycloak.py took 0.063 seconds
[2026-04-02T08:50:56.480+0000] {processor.py:186} INFO - Started process (PID=795) to work on /opt/airflow/dags/keycloak/setup_keycloak.py
[2026-04-02T08:50:56.481+0000] {processor.py:914} INFO - Processing file /opt/airflow/dags/keycloak/setup_keycloak.py for tasks to queue
[2026-04-02T08:50:56.482+0000] {logging_mixin.py:190} INFO - [2026-04-02T08:50:56.482+0000] {dagbag.py:588} INFO - Filling up the DagBag from /opt/airflow/dags/keycloak/setup_keycloak.py
[2026-04-02T08:50:56.489+0000] {processor.py:925} INFO - DAG(s) 'keycloak_setup' retrieved from /opt/airflow/dags/keycloak/setup_keycloak.py
[2026-04-02T08:50:56.511+0000] {logging_mixin.py:190} INFO - [2026-04-02T08:50:56.511+0000] {dag.py:3239} INFO - Sync 1 DAGs
[2026-04-02T08:50:56.522+0000] {logging_mixin.py:190} INFO - [2026-04-02T08:50:56.522+0000] {dag.py:4180} INFO - Setting next_dagrun for keycloak_setup to None, run_after=None
[2026-04-02T08:50:56.537+0000] {processor.py:208} INFO - Processing /opt/airflow/dags/keycloak/setup_keycloak.py took 0.061 seconds
[2026-04-02T08:51:26.741+0000] {processor.py:186} INFO - Started process (PID=805) to work on /opt/airflow/dags/keycloak/setup_keycloak.py
[2026-04-02T08:51:26.742+0000] {processor.py:914} INFO - Processing file /opt/airflow/dags/keycloak/setup_keycloak.py for tasks to queue
[2026-04-02T08:51:26.743+0000] {logging_mixin.py:190} INFO - [2026-04-02T08:51:26.743+0000] {dagbag.py:588} INFO - Filling up the DagBag from /opt/airflow/dags/keycloak/setup_keycloak.py
[2026-04-02T08:51:26.750+0000] {processor.py:925} INFO - DAG(s) 'keycloak_setup' retrieved from /opt/airflow/dags/keycloak/setup_keycloak.py
[2026-04-02T08:51:26.773+0000] {logging_mixin.py:190} INFO - [2026-04-02T08:51:26.773+0000] {dag.py:3239} INFO - Sync 1 DAGs
[2026-04-02T08:51:26.784+0000] {logging_mixin.py:190} INFO - [2026-04-02T08:51:26.784+0000] {dag.py:4180} INFO - Setting next_dagrun for keycloak_setup to None, run_after=None
[2026-04-02T08:51:26.802+0000] {processor.py:208} INFO - Processing /opt/airflow/dags/keycloak/setup_keycloak.py took 0.065 seconds
[2026-04-02T08:51:57.023+0000] {processor.py:186} INFO - Started process (PID=815) to work on /opt/airflow/dags/keycloak/setup_keycloak.py
[2026-04-02T08:51:57.040+0000] {processor.py:914} INFO - Processing file /opt/airflow/dags/keycloak/setup_keycloak.py for tasks to queue
[2026-04-02T08:51:57.042+0000] {logging_mixin.py:190} INFO - [2026-04-02T08:51:57.042+0000] {dagbag.py:588} INFO - Filling up the DagBag from /opt/airflow/dags/keycloak/setup_keycloak.py
[2026-04-02T08:51:57.049+0000] {processor.py:925} INFO - DAG(s) 'keycloak_setup' retrieved from /opt/airflow/dags/keycloak/setup_keycloak.py
[2026-04-02T08:51:57.073+0000] {logging_mixin.py:190} INFO - [2026-04-02T08:51:57.073+0000] {dag.py:3239} INFO - Sync 1 DAGs
[2026-04-02T08:51:57.083+0000] {logging_mixin.py:190} INFO - [2026-04-02T08:51:57.083+0000] {dag.py:4180} INFO - Setting next_dagrun for keycloak_setup to None, run_after=None
[2026-04-02T08:51:57.097+0000] {processor.py:208} INFO - Processing /opt/airflow/dags/keycloak/setup_keycloak.py took 0.078 seconds
[2026-04-02T08:52:27.299+0000] {processor.py:186} INFO - Started process (PID=825) to work on /opt/airflow/dags/keycloak/setup_keycloak.py
[2026-04-02T08:52:27.300+0000] {processor.py:914} INFO - Processing file /opt/airflow/dags/keycloak/setup_keycloak.py for tasks to queue
[2026-04-02T08:52:27.302+0000] {logging_mixin.py:190} INFO - [2026-04-02T08:52:27.301+0000] {dagbag.py:588} INFO - Filling up the DagBag from /opt/airflow/dags/keycloak/setup_keycloak.py
[2026-04-02T08:52:27.314+0000] {processor.py:925} INFO - DAG(s) 'keycloak_setup' retrieved from /opt/airflow/dags/keycloak/setup_keycloak.py
[2026-04-02T08:52:27.342+0000] {logging_mixin.py:190} INFO - [2026-04-02T08:52:27.341+0000] {dag.py:3239} INFO - Sync 1 DAGs
[2026-04-02T08:52:27.352+0000] {logging_mixin.py:190} INFO - [2026-04-02T08:52:27.352+0000] {dag.py:4180} INFO - Setting next_dagrun for keycloak_setup to None, run_after=None
[2026-04-02T08:52:27.366+0000] {processor.py:208} INFO - Processing /opt/airflow/dags/keycloak/setup_keycloak.py took 0.071 seconds
[2026-04-02T08:52:57.548+0000] {processor.py:186} INFO - Started process (PID=835) to work on /opt/airflow/dags/keycloak/setup_keycloak.py
[2026-04-02T08:52:57.549+0000] {processor.py:914} INFO - Processing file /opt/airflow/dags/keycloak/setup_keycloak.py for tasks to queue
[2026-04-02T08:52:57.551+0000] {logging_mixin.py:190} INFO - [2026-04-02T08:52:57.550+0000] {dagbag.py:588} INFO - Filling up the DagBag from /opt/airflow/dags/keycloak/setup_keycloak.py
[2026-04-02T08:52:57.559+0000] {processor.py:925} INFO - DAG(s) 'keycloak_setup' retrieved from /opt/airflow/dags/keycloak/setup_keycloak.py
[2026-04-02T08:52:57.583+0000] {logging_mixin.py:190} INFO - [2026-04-02T08:52:57.582+0000] {dag.py:3239} INFO - Sync 1 DAGs
[2026-04-02T08:52:57.594+0000] {logging_mixin.py:190} INFO - [2026-04-02T08:52:57.594+0000] {dag.py:4180} INFO - Setting next_dagrun for keycloak_setup to None, run_after=None
[2026-04-02T08:52:57.609+0000] {processor.py:208} INFO - Processing /opt/airflow/dags/keycloak/setup_keycloak.py took 0.065 seconds
[2026-04-02T08:53:27.826+0000] {processor.py:186} INFO - Started process (PID=845) to work on /opt/airflow/dags/keycloak/setup_keycloak.py
[2026-04-02T08:53:27.827+0000] {processor.py:914} INFO - Processing file /opt/airflow/dags/keycloak/setup_keycloak.py for tasks to queue
[2026-04-02T08:53:27.828+0000] {logging_mixin.py:190} INFO - [2026-04-02T08:53:27.828+0000] {dagbag.py:588} INFO - Filling up the DagBag from /opt/airflow/dags/keycloak/setup_keycloak.py
[2026-04-02T08:53:27.843+0000] {processor.py:925} INFO - DAG(s) 'keycloak_setup' retrieved from /opt/airflow/dags/keycloak/setup_keycloak.py
[2026-04-02T08:53:27.875+0000] {logging_mixin.py:190} INFO - [2026-04-02T08:53:27.875+0000] {dag.py:3239} INFO - Sync 1 DAGs
[2026-04-02T08:53:27.886+0000] {logging_mixin.py:190} INFO - [2026-04-02T08:53:27.886+0000] {dag.py:4180} INFO - Setting next_dagrun for keycloak_setup to None, run_after=None
[2026-04-02T08:53:27.901+0000] {processor.py:208} INFO - Processing /opt/airflow/dags/keycloak/setup_keycloak.py took 0.080 seconds
[2026-04-02T08:53:58.123+0000] {processor.py:186} INFO - Started process (PID=855) to work on /opt/airflow/dags/keycloak/setup_keycloak.py
[2026-04-02T08:53:58.140+0000] {processor.py:914} INFO - Processing file /opt/airflow/dags/keycloak/setup_keycloak.py for tasks to queue
[2026-04-02T08:53:58.142+0000] {logging_mixin.py:190} INFO - [2026-04-02T08:53:58.142+0000] {dagbag.py:588} INFO - Filling up the DagBag from /opt/airflow/dags/keycloak/setup_keycloak.py
[2026-04-02T08:53:58.150+0000] {processor.py:925} INFO - DAG(s) 'keycloak_setup' retrieved from /opt/airflow/dags/keycloak/setup_keycloak.py
[2026-04-02T08:53:58.171+0000] {logging_mixin.py:190} INFO - [2026-04-02T08:53:58.170+0000] {dag.py:3239} INFO - Sync 1 DAGs
[2026-04-02T08:53:58.180+0000] {logging_mixin.py:190} INFO - [2026-04-02T08:53:58.180+0000] {dag.py:4180} INFO - Setting next_dagrun for keycloak_setup to None, run_after=None
[2026-04-02T08:53:58.195+0000] {processor.py:208} INFO - Processing /opt/airflow/dags/keycloak/setup_keycloak.py took 0.076 seconds
[2026-04-02T08:54:28.458+0000] {processor.py:186} INFO - Started process (PID=865) to work on /opt/airflow/dags/keycloak/setup_keycloak.py
[2026-04-02T08:54:28.459+0000] {processor.py:914} INFO - Processing file /opt/airflow/dags/keycloak/setup_keycloak.py for tasks to queue
[2026-04-02T08:54:28.461+0000] {logging_mixin.py:190} INFO - [2026-04-02T08:54:28.460+0000] {dagbag.py:588} INFO - Filling up the DagBag from /opt/airflow/dags/keycloak/setup_keycloak.py
[2026-04-02T08:54:28.497+0000] {processor.py:925} INFO - DAG(s) 'keycloak_setup' retrieved from /opt/airflow/dags/keycloak/setup_keycloak.py
[2026-04-02T08:54:28.554+0000] {logging_mixin.py:190} INFO - [2026-04-02T08:54:28.554+0000] {dag.py:3239} INFO - Sync 1 DAGs
[2026-04-02T08:54:28.565+0000] {logging_mixin.py:190} INFO - [2026-04-02T08:54:28.565+0000] {dag.py:4180} INFO - Setting next_dagrun for keycloak_setup to None, run_after=None
[2026-04-02T08:54:28.581+0000] {processor.py:208} INFO - Processing /opt/airflow/dags/keycloak/setup_keycloak.py took 0.129 seconds
[2026-04-02T08:54:58.717+0000] {processor.py:186} INFO - Started process (PID=875) to work on /opt/airflow/dags/keycloak/setup_keycloak.py
[2026-04-02T08:54:58.719+0000] {processor.py:914} INFO - Processing file /opt/airflow/dags/keycloak/setup_keycloak.py for tasks to queue
[2026-04-02T08:54:58.721+0000] {logging_mixin.py:190} INFO - [2026-04-02T08:54:58.721+0000] {dagbag.py:588} INFO - Filling up the DagBag from /opt/airflow/dags/keycloak/setup_keycloak.py
[2026-04-02T08:54:58.728+0000] {processor.py:925} INFO - DAG(s) 'keycloak_setup' retrieved from /opt/airflow/dags/keycloak/setup_keycloak.py
[2026-04-02T08:54:58.750+0000] {logging_mixin.py:190} INFO - [2026-04-02T08:54:58.749+0000] {dag.py:3239} INFO - Sync 1 DAGs
[2026-04-02T08:54:58.761+0000] {logging_mixin.py:190} INFO - [2026-04-02T08:54:58.761+0000] {dag.py:4180} INFO - Setting next_dagrun for keycloak_setup to None, run_after=None
[2026-04-02T08:54:58.776+0000] {processor.py:208} INFO - Processing /opt/airflow/dags/keycloak/setup_keycloak.py took 0.064 seconds
[2026-04-02T08:55:29.020+0000] {processor.py:186} INFO - Started process (PID=885) to work on /opt/airflow/dags/keycloak/setup_keycloak.py
[2026-04-02T08:55:29.021+0000] {processor.py:914} INFO - Processing file /opt/airflow/dags/keycloak/setup_keycloak.py for tasks to queue
[2026-04-02T08:55:29.023+0000] {logging_mixin.py:190} INFO - [2026-04-02T08:55:29.023+0000] {dagbag.py:588} INFO - Filling up the DagBag from /opt/airflow/dags/keycloak/setup_keycloak.py
[2026-04-02T08:55:29.036+0000] {processor.py:925} INFO - DAG(s) 'keycloak_setup' retrieved from /opt/airflow/dags/keycloak/setup_keycloak.py
[2026-04-02T08:55:29.068+0000] {logging_mixin.py:190} INFO - [2026-04-02T08:55:29.068+0000] {dag.py:3239} INFO - Sync 1 DAGs
[2026-04-02T08:55:29.080+0000] {logging_mixin.py:190} INFO - [2026-04-02T08:55:29.079+0000] {dag.py:4180} INFO - Setting next_dagrun for keycloak_setup to None, run_after=None
[2026-04-02T08:55:29.093+0000] {processor.py:208} INFO - Processing /opt/airflow/dags/keycloak/setup_keycloak.py took 0.078 seconds
[2026-04-02T08:55:59.290+0000] {processor.py:186} INFO - Started process (PID=895) to work on /opt/airflow/dags/keycloak/setup_keycloak.py
[2026-04-02T08:55:59.291+0000] {processor.py:914} INFO - Processing file /opt/airflow/dags/keycloak/setup_keycloak.py for tasks to queue
[2026-04-02T08:55:59.293+0000] {logging_mixin.py:190} INFO - [2026-04-02T08:55:59.292+0000] {dagbag.py:588} INFO - Filling up the DagBag from /opt/airflow/dags/keycloak/setup_keycloak.py
[2026-04-02T08:55:59.300+0000] {processor.py:925} INFO - DAG(s) 'keycloak_setup' retrieved from /opt/airflow/dags/keycloak/setup_keycloak.py
[2026-04-02T08:55:59.323+0000] {logging_mixin.py:190} INFO - [2026-04-02T08:55:59.322+0000] {dag.py:3239} INFO - Sync 1 DAGs
[2026-04-02T08:55:59.333+0000] {logging_mixin.py:190} INFO - [2026-04-02T08:55:59.333+0000] {dag.py:4180} INFO - Setting next_dagrun for keycloak_setup to None, run_after=None
[2026-04-02T08:55:59.350+0000] {processor.py:208} INFO - Processing /opt/airflow/dags/keycloak/setup_keycloak.py took 0.064 seconds
[2026-04-02T08:56:29.588+0000] {processor.py:186} INFO - Started process (PID=905) to work on /opt/airflow/dags/keycloak/setup_keycloak.py
[2026-04-02T08:56:29.589+0000] {processor.py:914} INFO - Processing file /opt/airflow/dags/keycloak/setup_keycloak.py for tasks to queue
[2026-04-02T08:56:29.591+0000] {logging_mixin.py:190} INFO - [2026-04-02T08:56:29.591+0000] {dagbag.py:588} INFO - Filling up the DagBag from /opt/airflow/dags/keycloak/setup_keycloak.py
[2026-04-02T08:56:29.606+0000] {processor.py:925} INFO - DAG(s) 'keycloak_setup' retrieved from /opt/airflow/dags/keycloak/setup_keycloak.py
[2026-04-02T08:56:29.633+0000] {logging_mixin.py:190} INFO - [2026-04-02T08:56:29.633+0000] {dag.py:3239} INFO - Sync 1 DAGs
[2026-04-02T08:56:29.644+0000] {logging_mixin.py:190} INFO - [2026-04-02T08:56:29.644+0000] {dag.py:4180} INFO - Setting next_dagrun for keycloak_setup to None, run_after=None
[2026-04-02T08:56:29.658+0000] {processor.py:208} INFO - Processing /opt/airflow/dags/keycloak/setup_keycloak.py took 0.074 seconds
[2026-04-02T08:56:59.854+0000] {processor.py:186} INFO - Started process (PID=915) to work on /opt/airflow/dags/keycloak/setup_keycloak.py
[2026-04-02T08:56:59.855+0000] {processor.py:914} INFO - Processing file /opt/airflow/dags/keycloak/setup_keycloak.py for tasks to queue
[2026-04-02T08:56:59.857+0000] {logging_mixin.py:190} INFO - [2026-04-02T08:56:59.856+0000] {dagbag.py:588} INFO - Filling up the DagBag from /opt/airflow/dags/keycloak/setup_keycloak.py
[2026-04-02T08:56:59.864+0000] {processor.py:925} INFO - DAG(s) 'keycloak_setup' retrieved from /opt/airflow/dags/keycloak/setup_keycloak.py
[2026-04-02T08:56:59.887+0000] {logging_mixin.py:190} INFO - [2026-04-02T08:56:59.886+0000] {dag.py:3239} INFO - Sync 1 DAGs
[2026-04-02T08:56:59.899+0000] {logging_mixin.py:190} INFO - [2026-04-02T08:56:59.899+0000] {dag.py:4180} INFO - Setting next_dagrun for keycloak_setup to None, run_after=None
[2026-04-02T08:56:59.914+0000] {processor.py:208} INFO - Processing /opt/airflow/dags/keycloak/setup_keycloak.py took 0.065 seconds
[2026-04-02T08:57:30.115+0000] {processor.py:186} INFO - Started process (PID=925) to work on /opt/airflow/dags/keycloak/setup_keycloak.py
[2026-04-02T08:57:30.116+0000] {processor.py:914} INFO - Processing file /opt/airflow/dags/keycloak/setup_keycloak.py for tasks to queue
[2026-04-02T08:57:30.118+0000] {logging_mixin.py:190} INFO - [2026-04-02T08:57:30.118+0000] {dagbag.py:588} INFO - Filling up the DagBag from /opt/airflow/dags/keycloak/setup_keycloak.py
[2026-04-02T08:57:30.131+0000] {processor.py:925} INFO - DAG(s) 'keycloak_setup' retrieved from /opt/airflow/dags/keycloak/setup_keycloak.py
[2026-04-02T08:57:30.160+0000] {logging_mixin.py:190} INFO - [2026-04-02T08:57:30.160+0000] {dag.py:3239} INFO - Sync 1 DAGs
[2026-04-02T08:57:30.172+0000] {logging_mixin.py:190} INFO - [2026-04-02T08:57:30.171+0000] {dag.py:4180} INFO - Setting next_dagrun for keycloak_setup to None, run_after=None
[2026-04-02T08:57:30.186+0000] {processor.py:208} INFO - Processing /opt/airflow/dags/keycloak/setup_keycloak.py took 0.076 seconds
[2026-04-02T08:58:00.393+0000] {processor.py:186} INFO - Started process (PID=935) to work on /opt/airflow/dags/keycloak/setup_keycloak.py
[2026-04-02T08:58:00.394+0000] {processor.py:914} INFO - Processing file /opt/airflow/dags/keycloak/setup_keycloak.py for tasks to queue
[2026-04-02T08:58:00.395+0000] {logging_mixin.py:190} INFO - [2026-04-02T08:58:00.395+0000] {dagbag.py:588} INFO - Filling up the DagBag from /opt/airflow/dags/keycloak/setup_keycloak.py
[2026-04-02T08:58:00.403+0000] {processor.py:925} INFO - DAG(s) 'keycloak_setup' retrieved from /opt/airflow/dags/keycloak/setup_keycloak.py
[2026-04-02T08:58:00.425+0000] {logging_mixin.py:190} INFO - [2026-04-02T08:58:00.425+0000] {dag.py:3239} INFO - Sync 1 DAGs
[2026-04-02T08:58:00.436+0000] {logging_mixin.py:190} INFO - [2026-04-02T08:58:00.435+0000] {dag.py:4180} INFO - Setting next_dagrun for keycloak_setup to None, run_after=None
[2026-04-02T08:58:00.449+0000] {processor.py:208} INFO - Processing /opt/airflow/dags/keycloak/setup_keycloak.py took 0.061 seconds
[2026-04-02T08:58:30.682+0000] {processor.py:186} INFO - Started process (PID=945) to work on /opt/airflow/dags/keycloak/setup_keycloak.py
[2026-04-02T08:58:30.683+0000] {processor.py:914} INFO - Processing file /opt/airflow/dags/keycloak/setup_keycloak.py for tasks to queue
[2026-04-02T08:58:30.685+0000] {logging_mixin.py:190} INFO - [2026-04-02T08:58:30.685+0000] {dagbag.py:588} INFO - Filling up the DagBag from /opt/airflow/dags/keycloak/setup_keycloak.py
[2026-04-02T08:58:30.698+0000] {processor.py:925} INFO - DAG(s) 'keycloak_setup' retrieved from /opt/airflow/dags/keycloak/setup_keycloak.py
[2026-04-02T08:58:30.725+0000] {logging_mixin.py:190} INFO - [2026-04-02T08:58:30.724+0000] {dag.py:3239} INFO - Sync 1 DAGs
[2026-04-02T08:58:30.735+0000] {logging_mixin.py:190} INFO - [2026-04-02T08:58:30.735+0000] {dag.py:4180} INFO - Setting next_dagrun for keycloak_setup to None, run_after=None
[2026-04-02T08:58:30.749+0000] {processor.py:208} INFO - Processing /opt/airflow/dags/keycloak/setup_keycloak.py took 0.072 seconds
[2026-04-02T08:59:00.957+0000] {processor.py:186} INFO - Started process (PID=955) to work on /opt/airflow/dags/keycloak/setup_keycloak.py
[2026-04-02T08:59:00.975+0000] {processor.py:914} INFO - Processing file /opt/airflow/dags/keycloak/setup_keycloak.py for tasks to queue
[2026-04-02T08:59:00.977+0000] {logging_mixin.py:190} INFO - [2026-04-02T08:59:00.976+0000] {dagbag.py:588} INFO - Filling up the DagBag from /opt/airflow/dags/keycloak/setup_keycloak.py
[2026-04-02T08:59:00.984+0000] {processor.py:925} INFO - DAG(s) 'keycloak_setup' retrieved from /opt/airflow/dags/keycloak/setup_keycloak.py
[2026-04-02T08:59:01.008+0000] {logging_mixin.py:190} INFO - [2026-04-02T08:59:01.008+0000] {dag.py:3239} INFO - Sync 1 DAGs
[2026-04-02T08:59:01.020+0000] {logging_mixin.py:190} INFO - [2026-04-02T08:59:01.020+0000] {dag.py:4180} INFO - Setting next_dagrun for keycloak_setup to None, run_after=None
[2026-04-02T08:59:01.035+0000] {processor.py:208} INFO - Processing /opt/airflow/dags/keycloak/setup_keycloak.py took 0.081 seconds
[2026-04-02T08:59:31.254+0000] {processor.py:186} INFO - Started process (PID=965) to work on /opt/airflow/dags/keycloak/setup_keycloak.py
[2026-04-02T08:59:31.255+0000] {processor.py:914} INFO - Processing file /opt/airflow/dags/keycloak/setup_keycloak.py for tasks to queue
[2026-04-02T08:59:31.257+0000] {logging_mixin.py:190} INFO - [2026-04-02T08:59:31.256+0000] {dagbag.py:588} INFO - Filling up the DagBag from /opt/airflow/dags/keycloak/setup_keycloak.py
[2026-04-02T08:59:31.269+0000] {processor.py:925} INFO - DAG(s) 'keycloak_setup' retrieved from /opt/airflow/dags/keycloak/setup_keycloak.py
[2026-04-02T08:59:31.297+0000] {logging_mixin.py:190} INFO - [2026-04-02T08:59:31.297+0000] {dag.py:3239} INFO - Sync 1 DAGs
[2026-04-02T08:59:31.309+0000] {logging_mixin.py:190} INFO - [2026-04-02T08:59:31.309+0000] {dag.py:4180} INFO - Setting next_dagrun for keycloak_setup to None, run_after=None
[2026-04-02T08:59:31.322+0000] {processor.py:208} INFO - Processing /opt/airflow/dags/keycloak/setup_keycloak.py took 0.073 seconds
[2026-04-02T09:00:01.573+0000] {processor.py:186} INFO - Started process (PID=975) to work on /opt/airflow/dags/keycloak/setup_keycloak.py
[2026-04-02T09:00:01.574+0000] {processor.py:914} INFO - Processing file /opt/airflow/dags/keycloak/setup_keycloak.py for tasks to queue
[2026-04-02T09:00:01.576+0000] {logging_mixin.py:190} INFO - [2026-04-02T09:00:01.576+0000] {dagbag.py:588} INFO - Filling up the DagBag from /opt/airflow/dags/keycloak/setup_keycloak.py
[2026-04-02T09:00:01.583+0000] {processor.py:925} INFO - DAG(s) 'keycloak_setup' retrieved from /opt/airflow/dags/keycloak/setup_keycloak.py
[2026-04-02T09:00:01.607+0000] {logging_mixin.py:190} INFO - [2026-04-02T09:00:01.607+0000] {dag.py:3239} INFO - Sync 1 DAGs
[2026-04-02T09:00:01.618+0000] {logging_mixin.py:190} INFO - [2026-04-02T09:00:01.617+0000] {dag.py:4180} INFO - Setting next_dagrun for keycloak_setup to None, run_after=None
[2026-04-02T09:00:01.631+0000] {processor.py:208} INFO - Processing /opt/airflow/dags/keycloak/setup_keycloak.py took 0.062 seconds
[2026-04-02T09:00:31.845+0000] {processor.py:186} INFO - Started process (PID=985) to work on /opt/airflow/dags/keycloak/setup_keycloak.py
[2026-04-02T09:00:31.846+0000] {processor.py:914} INFO - Processing file /opt/airflow/dags/keycloak/setup_keycloak.py for tasks to queue
[2026-04-02T09:00:31.848+0000] {logging_mixin.py:190} INFO - [2026-04-02T09:00:31.847+0000] {dagbag.py:588} INFO - Filling up the DagBag from /opt/airflow/dags/keycloak/setup_keycloak.py
[2026-04-02T09:00:31.856+0000] {processor.py:925} INFO - DAG(s) 'keycloak_setup' retrieved from /opt/airflow/dags/keycloak/setup_keycloak.py
[2026-04-02T09:00:31.879+0000] {logging_mixin.py:190} INFO - [2026-04-02T09:00:31.879+0000] {dag.py:3239} INFO - Sync 1 DAGs
[2026-04-02T09:00:31.892+0000] {logging_mixin.py:190} INFO - [2026-04-02T09:00:31.892+0000] {dag.py:4180} INFO - Setting next_dagrun for keycloak_setup to None, run_after=None
[2026-04-02T09:00:31.912+0000] {processor.py:208} INFO - Processing /opt/airflow/dags/keycloak/setup_keycloak.py took 0.071 seconds
[2026-04-02T09:01:02.134+0000] {processor.py:186} INFO - Started process (PID=995) to work on /opt/airflow/dags/keycloak/setup_keycloak.py
[2026-04-02T09:01:02.136+0000] {processor.py:914} INFO - Processing file /opt/airflow/dags/keycloak/setup_keycloak.py for tasks to queue
[2026-04-02T09:01:02.138+0000] {logging_mixin.py:190} INFO - [2026-04-02T09:01:02.137+0000] {dagbag.py:588} INFO - Filling up the DagBag from /opt/airflow/dags/keycloak/setup_keycloak.py
[2026-04-02T09:01:02.145+0000] {processor.py:925} INFO - DAG(s) 'keycloak_setup' retrieved from /opt/airflow/dags/keycloak/setup_keycloak.py
[2026-04-02T09:01:02.168+0000] {logging_mixin.py:190} INFO - [2026-04-02T09:01:02.168+0000] {dag.py:3239} INFO - Sync 1 DAGs
[2026-04-02T09:01:02.180+0000] {logging_mixin.py:190} INFO - [2026-04-02T09:01:02.180+0000] {dag.py:4180} INFO - Setting next_dagrun for keycloak_setup to None, run_after=None
[2026-04-02T09:01:02.195+0000] {processor.py:208} INFO - Processing /opt/airflow/dags/keycloak/setup_keycloak.py took 0.065 seconds
[2026-04-02T09:01:32.435+0000] {processor.py:186} INFO - Started process (PID=1005) to work on /opt/airflow/dags/keycloak/setup_keycloak.py
[2026-04-02T09:01:32.436+0000] {processor.py:914} INFO - Processing file /opt/airflow/dags/keycloak/setup_keycloak.py for tasks to queue
[2026-04-02T09:01:32.438+0000] {logging_mixin.py:190} INFO - [2026-04-02T09:01:32.437+0000] {dagbag.py:588} INFO - Filling up the DagBag from /opt/airflow/dags/keycloak/setup_keycloak.py
[2026-04-02T09:01:32.445+0000] {processor.py:925} INFO - DAG(s) 'keycloak_setup' retrieved from /opt/airflow/dags/keycloak/setup_keycloak.py
[2026-04-02T09:01:32.468+0000] {logging_mixin.py:190} INFO - [2026-04-02T09:01:32.467+0000] {dag.py:3239} INFO - Sync 1 DAGs
[2026-04-02T09:01:32.479+0000] {logging_mixin.py:190} INFO - [2026-04-02T09:01:32.479+0000] {dag.py:4180} INFO - Setting next_dagrun for keycloak_setup to None, run_after=None
[2026-04-02T09:01:32.493+0000] {processor.py:208} INFO - Processing /opt/airflow/dags/keycloak/setup_keycloak.py took 0.062 seconds
[2026-04-02T09:02:02.722+0000] {processor.py:186} INFO - Started process (PID=1015) to work on /opt/airflow/dags/keycloak/setup_keycloak.py
[2026-04-02T09:02:02.724+0000] {processor.py:914} INFO - Processing file /opt/airflow/dags/keycloak/setup_keycloak.py for tasks to queue
[2026-04-02T09:02:02.725+0000] {logging_mixin.py:190} INFO - [2026-04-02T09:02:02.725+0000] {dagbag.py:588} INFO - Filling up the DagBag from /opt/airflow/dags/keycloak/setup_keycloak.py
[2026-04-02T09:02:02.732+0000] {processor.py:925} INFO - DAG(s) 'keycloak_setup' retrieved from /opt/airflow/dags/keycloak/setup_keycloak.py
[2026-04-02T09:02:02.755+0000] {logging_mixin.py:190} INFO - [2026-04-02T09:02:02.754+0000] {dag.py:3239} INFO - Sync 1 DAGs
[2026-04-02T09:02:02.764+0000] {logging_mixin.py:190} INFO - [2026-04-02T09:02:02.764+0000] {dag.py:4180} INFO - Setting next_dagrun for keycloak_setup to None, run_after=None
[2026-04-02T09:02:02.777+0000] {processor.py:208} INFO - Processing /opt/airflow/dags/keycloak/setup_keycloak.py took 0.059 seconds
[2026-04-02T09:02:32.971+0000] {processor.py:186} INFO - Started process (PID=1025) to work on /opt/airflow/dags/keycloak/setup_keycloak.py
[2026-04-02T09:02:32.972+0000] {processor.py:914} INFO - Processing file /opt/airflow/dags/keycloak/setup_keycloak.py for tasks to queue
[2026-04-02T09:02:32.974+0000] {logging_mixin.py:190} INFO - [2026-04-02T09:02:32.973+0000] {dagbag.py:588} INFO - Filling up the DagBag from /opt/airflow/dags/keycloak/setup_keycloak.py
[2026-04-02T09:02:32.980+0000] {processor.py:925} INFO - DAG(s) 'keycloak_setup' retrieved from /opt/airflow/dags/keycloak/setup_keycloak.py
[2026-04-02T09:02:33.003+0000] {logging_mixin.py:190} INFO - [2026-04-02T09:02:33.003+0000] {dag.py:3239} INFO - Sync 1 DAGs
[2026-04-02T09:02:33.014+0000] {logging_mixin.py:190} INFO - [2026-04-02T09:02:33.014+0000] {dag.py:4180} INFO - Setting next_dagrun for keycloak_setup to None, run_after=None
[2026-04-02T09:02:33.029+0000] {processor.py:208} INFO - Processing /opt/airflow/dags/keycloak/setup_keycloak.py took 0.062 seconds
[2026-04-02T09:03:03.243+0000] {processor.py:186} INFO - Started process (PID=1035) to work on /opt/airflow/dags/keycloak/setup_keycloak.py
[2026-04-02T09:03:03.261+0000] {processor.py:914} INFO - Processing file /opt/airflow/dags/keycloak/setup_keycloak.py for tasks to queue
[2026-04-02T09:03:03.263+0000] {logging_mixin.py:190} INFO - [2026-04-02T09:03:03.263+0000] {dagbag.py:588} INFO - Filling up the DagBag from /opt/airflow/dags/keycloak/setup_keycloak.py
[2026-04-02T09:03:03.271+0000] {processor.py:925} INFO - DAG(s) 'keycloak_setup' retrieved from /opt/airflow/dags/keycloak/setup_keycloak.py
[2026-04-02T09:03:03.293+0000] {logging_mixin.py:190} INFO - [2026-04-02T09:03:03.293+0000] {dag.py:3239} INFO - Sync 1 DAGs
[2026-04-02T09:03:03.305+0000] {logging_mixin.py:190} INFO - [2026-04-02T09:03:03.304+0000] {dag.py:4180} INFO - Setting next_dagrun for keycloak_setup to None, run_after=None
[2026-04-02T09:03:03.320+0000] {processor.py:208} INFO - Processing /opt/airflow/dags/keycloak/setup_keycloak.py took 0.081 seconds
[2026-04-02T09:03:33.462+0000] {processor.py:186} INFO - Started process (PID=1045) to work on /opt/airflow/dags/keycloak/setup_keycloak.py
[2026-04-02T09:03:33.462+0000] {processor.py:914} INFO - Processing file /opt/airflow/dags/keycloak/setup_keycloak.py for tasks to queue
[2026-04-02T09:03:33.464+0000] {logging_mixin.py:190} INFO - [2026-04-02T09:03:33.463+0000] {dagbag.py:588} INFO - Filling up the DagBag from /opt/airflow/dags/keycloak/setup_keycloak.py
[2026-04-02T09:03:33.471+0000] {processor.py:925} INFO - DAG(s) 'keycloak_setup' retrieved from /opt/airflow/dags/keycloak/setup_keycloak.py
[2026-04-02T09:03:33.492+0000] {logging_mixin.py:190} INFO - [2026-04-02T09:03:33.492+0000] {dag.py:3239} INFO - Sync 1 DAGs
[2026-04-02T09:03:33.503+0000] {logging_mixin.py:190} INFO - [2026-04-02T09:03:33.503+0000] {dag.py:4180} INFO - Setting next_dagrun for keycloak_setup to None, run_after=None
[2026-04-02T09:03:33.519+0000] {processor.py:208} INFO - Processing /opt/airflow/dags/keycloak/setup_keycloak.py took 0.061 seconds
[2026-04-02T09:04:03.744+0000] {processor.py:186} INFO - Started process (PID=1055) to work on /opt/airflow/dags/keycloak/setup_keycloak.py
[2026-04-02T09:04:03.762+0000] {processor.py:914} INFO - Processing file /opt/airflow/dags/keycloak/setup_keycloak.py for tasks to queue
[2026-04-02T09:04:03.764+0000] {logging_mixin.py:190} INFO - [2026-04-02T09:04:03.764+0000] {dagbag.py:588} INFO - Filling up the DagBag from /opt/airflow/dags/keycloak/setup_keycloak.py
[2026-04-02T09:04:03.771+0000] {processor.py:925} INFO - DAG(s) 'keycloak_setup' retrieved from /opt/airflow/dags/keycloak/setup_keycloak.py
[2026-04-02T09:04:03.793+0000] {logging_mixin.py:190} INFO - [2026-04-02T09:04:03.793+0000] {dag.py:3239} INFO - Sync 1 DAGs
[2026-04-02T09:04:03.806+0000] {logging_mixin.py:190} INFO - [2026-04-02T09:04:03.805+0000] {dag.py:4180} INFO - Setting next_dagrun for keycloak_setup to None, run_after=None
[2026-04-02T09:04:03.823+0000] {processor.py:208} INFO - Processing /opt/airflow/dags/keycloak/setup_keycloak.py took 0.083 seconds
[2026-04-02T09:04:34.032+0000] {processor.py:186} INFO - Started process (PID=1065) to work on /opt/airflow/dags/keycloak/setup_keycloak.py
[2026-04-02T09:04:34.032+0000] {processor.py:914} INFO - Processing file /opt/airflow/dags/keycloak/setup_keycloak.py for tasks to queue
[2026-04-02T09:04:34.034+0000] {logging_mixin.py:190} INFO - [2026-04-02T09:04:34.034+0000] {dagbag.py:588} INFO - Filling up the DagBag from /opt/airflow/dags/keycloak/setup_keycloak.py
[2026-04-02T09:04:34.042+0000] {processor.py:925} INFO - DAG(s) 'keycloak_setup' retrieved from /opt/airflow/dags/keycloak/setup_keycloak.py
[2026-04-02T09:04:34.067+0000] {logging_mixin.py:190} INFO - [2026-04-02T09:04:34.067+0000] {dag.py:3239} INFO - Sync 1 DAGs
[2026-04-02T09:04:34.078+0000] {logging_mixin.py:190} INFO - [2026-04-02T09:04:34.077+0000] {dag.py:4180} INFO - Setting next_dagrun for keycloak_setup to None, run_after=None
[2026-04-02T09:04:34.092+0000] {processor.py:208} INFO - Processing /opt/airflow/dags/keycloak/setup_keycloak.py took 0.065 seconds
[2026-04-02T09:05:04.281+0000] {processor.py:186} INFO - Started process (PID=1075) to work on /opt/airflow/dags/keycloak/setup_keycloak.py
[2026-04-02T09:05:04.299+0000] {processor.py:914} INFO - Processing file /opt/airflow/dags/keycloak/setup_keycloak.py for tasks to queue
[2026-04-02T09:05:04.301+0000] {logging_mixin.py:190} INFO - [2026-04-02T09:05:04.300+0000] {dagbag.py:588} INFO - Filling up the DagBag from /opt/airflow/dags/keycloak/setup_keycloak.py
[2026-04-02T09:05:04.308+0000] {processor.py:925} INFO - DAG(s) 'keycloak_setup' retrieved from /opt/airflow/dags/keycloak/setup_keycloak.py
[2026-04-02T09:05:04.330+0000] {logging_mixin.py:190} INFO - [2026-04-02T09:05:04.330+0000] {dag.py:3239} INFO - Sync 1 DAGs
[2026-04-02T09:05:04.341+0000] {logging_mixin.py:190} INFO - [2026-04-02T09:05:04.341+0000] {dag.py:4180} INFO - Setting next_dagrun for keycloak_setup to None, run_after=None
[2026-04-02T09:05:04.355+0000] {processor.py:208} INFO - Processing /opt/airflow/dags/keycloak/setup_keycloak.py took 0.079 seconds
[2026-04-02T09:05:34.492+0000] {processor.py:186} INFO - Started process (PID=1085) to work on /opt/airflow/dags/keycloak/setup_keycloak.py
[2026-04-02T09:05:34.493+0000] {processor.py:914} INFO - Processing file /opt/airflow/dags/keycloak/setup_keycloak.py for tasks to queue
[2026-04-02T09:05:34.494+0000] {logging_mixin.py:190} INFO - [2026-04-02T09:05:34.494+0000] {dagbag.py:588} INFO - Filling up the DagBag from /opt/airflow/dags/keycloak/setup_keycloak.py
[2026-04-02T09:05:34.505+0000] {processor.py:925} INFO - DAG(s) 'keycloak_setup' retrieved from /opt/airflow/dags/keycloak/setup_keycloak.py
[2026-04-02T09:05:34.532+0000] {logging_mixin.py:190} INFO - [2026-04-02T09:05:34.531+0000] {dag.py:3239} INFO - Sync 1 DAGs
[2026-04-02T09:05:34.542+0000] {logging_mixin.py:190} INFO - [2026-04-02T09:05:34.542+0000] {dag.py:4180} INFO - Setting next_dagrun for keycloak_setup to None, run_after=None
[2026-04-02T09:05:34.557+0000] {processor.py:208} INFO - Processing /opt/airflow/dags/keycloak/setup_keycloak.py took 0.070 seconds
[2026-04-02T09:06:04.755+0000] {processor.py:186} INFO - Started process (PID=1095) to work on /opt/airflow/dags/keycloak/setup_keycloak.py
[2026-04-02T09:06:04.756+0000] {processor.py:914} INFO - Processing file /opt/airflow/dags/keycloak/setup_keycloak.py for tasks to queue
[2026-04-02T09:06:04.757+0000] {logging_mixin.py:190} INFO - [2026-04-02T09:06:04.757+0000] {dagbag.py:588} INFO - Filling up the DagBag from /opt/airflow/dags/keycloak/setup_keycloak.py
[2026-04-02T09:06:04.765+0000] {processor.py:925} INFO - DAG(s) 'keycloak_setup' retrieved from /opt/airflow/dags/keycloak/setup_keycloak.py
[2026-04-02T09:06:04.787+0000] {logging_mixin.py:190} INFO - [2026-04-02T09:06:04.787+0000] {dag.py:3239} INFO - Sync 1 DAGs
[2026-04-02T09:06:04.797+0000] {logging_mixin.py:190} INFO - [2026-04-02T09:06:04.797+0000] {dag.py:4180} INFO - Setting next_dagrun for keycloak_setup to None, run_after=None
[2026-04-02T09:06:04.811+0000] {processor.py:208} INFO - Processing /opt/airflow/dags/keycloak/setup_keycloak.py took 0.061 seconds
[2026-04-02T09:06:34.997+0000] {processor.py:186} INFO - Started process (PID=1105) to work on /opt/airflow/dags/keycloak/setup_keycloak.py
[2026-04-02T09:06:34.998+0000] {processor.py:914} INFO - Processing file /opt/airflow/dags/keycloak/setup_keycloak.py for tasks to queue
[2026-04-02T09:06:35.000+0000] {logging_mixin.py:190} INFO - [2026-04-02T09:06:35.000+0000] {dagbag.py:588} INFO - Filling up the DagBag from /opt/airflow/dags/keycloak/setup_keycloak.py
[2026-04-02T09:06:35.018+0000] {processor.py:925} INFO - DAG(s) 'keycloak_setup' retrieved from /opt/airflow/dags/keycloak/setup_keycloak.py
[2026-04-02T09:06:35.055+0000] {logging_mixin.py:190} INFO - [2026-04-02T09:06:35.055+0000] {dag.py:3239} INFO - Sync 1 DAGs
[2026-04-02T09:06:35.068+0000] {logging_mixin.py:190} INFO - [2026-04-02T09:06:35.067+0000] {dag.py:4180} INFO - Setting next_dagrun for keycloak_setup to None, run_after=None
[2026-04-02T09:06:35.083+0000] {processor.py:208} INFO - Processing /opt/airflow/dags/keycloak/setup_keycloak.py took 0.093 seconds
[2026-04-02T09:07:05.295+0000] {processor.py:186} INFO - Started process (PID=1115) to work on /opt/airflow/dags/keycloak/setup_keycloak.py
[2026-04-02T09:07:05.296+0000] {processor.py:914} INFO - Processing file /opt/airflow/dags/keycloak/setup_keycloak.py for tasks to queue
[2026-04-02T09:07:05.297+0000] {logging_mixin.py:190} INFO - [2026-04-02T09:07:05.297+0000] {dagbag.py:588} INFO - Filling up the DagBag from /opt/airflow/dags/keycloak/setup_keycloak.py
[2026-04-02T09:07:05.306+0000] {processor.py:925} INFO - DAG(s) 'keycloak_setup' retrieved from /opt/airflow/dags/keycloak/setup_keycloak.py
[2026-04-02T09:07:05.331+0000] {logging_mixin.py:190} INFO - [2026-04-02T09:07:05.330+0000] {dag.py:3239} INFO - Sync 1 DAGs
[2026-04-02T09:07:05.340+0000] {logging_mixin.py:190} INFO - [2026-04-02T09:07:05.340+0000] {dag.py:4180} INFO - Setting next_dagrun for keycloak_setup to None, run_after=None
[2026-04-02T09:07:05.354+0000] {processor.py:208} INFO - Processing /opt/airflow/dags/keycloak/setup_keycloak.py took 0.064 seconds
[2026-04-02T09:07:35.510+0000] {processor.py:186} INFO - Started process (PID=1125) to work on /opt/airflow/dags/keycloak/setup_keycloak.py
[2026-04-02T09:07:35.511+0000] {processor.py:914} INFO - Processing file /opt/airflow/dags/keycloak/setup_keycloak.py for tasks to queue
[2026-04-02T09:07:35.513+0000] {logging_mixin.py:190} INFO - [2026-04-02T09:07:35.512+0000] {dagbag.py:588} INFO - Filling up the DagBag from /opt/airflow/dags/keycloak/setup_keycloak.py
[2026-04-02T09:07:35.525+0000] {processor.py:925} INFO - DAG(s) 'keycloak_setup' retrieved from /opt/airflow/dags/keycloak/setup_keycloak.py
[2026-04-02T09:07:35.555+0000] {logging_mixin.py:190} INFO - [2026-04-02T09:07:35.555+0000] {dag.py:3239} INFO - Sync 1 DAGs
[2026-04-02T09:07:35.566+0000] {logging_mixin.py:190} INFO - [2026-04-02T09:07:35.566+0000] {dag.py:4180} INFO - Setting next_dagrun for keycloak_setup to None, run_after=None
[2026-04-02T09:07:35.579+0000] {processor.py:208} INFO - Processing /opt/airflow/dags/keycloak/setup_keycloak.py took 0.074 seconds
[2026-04-02T09:08:05.806+0000] {processor.py:186} INFO - Started process (PID=1135) to work on /opt/airflow/dags/keycloak/setup_keycloak.py
[2026-04-02T09:08:05.807+0000] {processor.py:914} INFO - Processing file /opt/airflow/dags/keycloak/setup_keycloak.py for tasks to queue
[2026-04-02T09:08:05.808+0000] {logging_mixin.py:190} INFO - [2026-04-02T09:08:05.808+0000] {dagbag.py:588} INFO - Filling up the DagBag from /opt/airflow/dags/keycloak/setup_keycloak.py
[2026-04-02T09:08:05.816+0000] {processor.py:925} INFO - DAG(s) 'keycloak_setup' retrieved from /opt/airflow/dags/keycloak/setup_keycloak.py
[2026-04-02T09:08:05.838+0000] {logging_mixin.py:190} INFO - [2026-04-02T09:08:05.838+0000] {dag.py:3239} INFO - Sync 1 DAGs
[2026-04-02T09:08:05.849+0000] {logging_mixin.py:190} INFO - [2026-04-02T09:08:05.849+0000] {dag.py:4180} INFO - Setting next_dagrun for keycloak_setup to None, run_after=None
[2026-04-02T09:08:05.863+0000] {processor.py:208} INFO - Processing /opt/airflow/dags/keycloak/setup_keycloak.py took 0.062 seconds
[2026-04-02T09:08:36.079+0000] {processor.py:186} INFO - Started process (PID=1145) to work on /opt/airflow/dags/keycloak/setup_keycloak.py
[2026-04-02T09:08:36.080+0000] {processor.py:914} INFO - Processing file /opt/airflow/dags/keycloak/setup_keycloak.py for tasks to queue
[2026-04-02T09:08:36.082+0000] {logging_mixin.py:190} INFO - [2026-04-02T09:08:36.081+0000] {dagbag.py:588} INFO - Filling up the DagBag from /opt/airflow/dags/keycloak/setup_keycloak.py
[2026-04-02T09:08:36.093+0000] {processor.py:925} INFO - DAG(s) 'keycloak_setup' retrieved from /opt/airflow/dags/keycloak/setup_keycloak.py
[2026-04-02T09:08:36.123+0000] {logging_mixin.py:190} INFO - [2026-04-02T09:08:36.123+0000] {dag.py:3239} INFO - Sync 1 DAGs
[2026-04-02T09:08:36.134+0000] {logging_mixin.py:190} INFO - [2026-04-02T09:08:36.134+0000] {dag.py:4180} INFO - Setting next_dagrun for keycloak_setup to None, run_after=None
[2026-04-02T09:08:36.150+0000] {processor.py:208} INFO - Processing /opt/airflow/dags/keycloak/setup_keycloak.py took 0.075 seconds
[2026-04-02T09:09:06.347+0000] {processor.py:186} INFO - Started process (PID=1155) to work on /opt/airflow/dags/keycloak/setup_keycloak.py
[2026-04-02T09:09:06.348+0000] {processor.py:914} INFO - Processing file /opt/airflow/dags/keycloak/setup_keycloak.py for tasks to queue
[2026-04-02T09:09:06.350+0000] {logging_mixin.py:190} INFO - [2026-04-02T09:09:06.350+0000] {dagbag.py:588} INFO - Filling up the DagBag from /opt/airflow/dags/keycloak/setup_keycloak.py
[2026-04-02T09:09:06.358+0000] {processor.py:925} INFO - DAG(s) 'keycloak_setup' retrieved from /opt/airflow/dags/keycloak/setup_keycloak.py
[2026-04-02T09:09:06.380+0000] {logging_mixin.py:190} INFO - [2026-04-02T09:09:06.379+0000] {dag.py:3239} INFO - Sync 1 DAGs
[2026-04-02T09:09:06.390+0000] {logging_mixin.py:190} INFO - [2026-04-02T09:09:06.390+0000] {dag.py:4180} INFO - Setting next_dagrun for keycloak_setup to None, run_after=None
[2026-04-02T09:09:06.408+0000] {processor.py:208} INFO - Processing /opt/airflow/dags/keycloak/setup_keycloak.py took 0.065 seconds
[2026-04-02T09:09:36.652+0000] {processor.py:186} INFO - Started process (PID=1165) to work on /opt/airflow/dags/keycloak/setup_keycloak.py
[2026-04-02T09:09:36.653+0000] {processor.py:914} INFO - Processing file /opt/airflow/dags/keycloak/setup_keycloak.py for tasks to queue
[2026-04-02T09:09:36.654+0000] {logging_mixin.py:190} INFO - [2026-04-02T09:09:36.654+0000] {dagbag.py:588} INFO - Filling up the DagBag from /opt/airflow/dags/keycloak/setup_keycloak.py
[2026-04-02T09:09:36.666+0000] {processor.py:925} INFO - DAG(s) 'keycloak_setup' retrieved from /opt/airflow/dags/keycloak/setup_keycloak.py
[2026-04-02T09:09:36.694+0000] {logging_mixin.py:190} INFO - [2026-04-02T09:09:36.694+0000] {dag.py:3239} INFO - Sync 1 DAGs
[2026-04-02T09:09:36.705+0000] {logging_mixin.py:190} INFO - [2026-04-02T09:09:36.705+0000] {dag.py:4180} INFO - Setting next_dagrun for keycloak_setup to None, run_after=None
[2026-04-02T09:09:36.720+0000] {processor.py:208} INFO - Processing /opt/airflow/dags/keycloak/setup_keycloak.py took 0.072 seconds
[2026-04-02T09:10:06.955+0000] {processor.py:186} INFO - Started process (PID=1175) to work on /opt/airflow/dags/keycloak/setup_keycloak.py
[2026-04-02T09:10:06.973+0000] {processor.py:914} INFO - Processing file /opt/airflow/dags/keycloak/setup_keycloak.py for tasks to queue
[2026-04-02T09:10:06.975+0000] {logging_mixin.py:190} INFO - [2026-04-02T09:10:06.974+0000] {dagbag.py:588} INFO - Filling up the DagBag from /opt/airflow/dags/keycloak/setup_keycloak.py
[2026-04-02T09:10:06.982+0000] {processor.py:925} INFO - DAG(s) 'keycloak_setup' retrieved from /opt/airflow/dags/keycloak/setup_keycloak.py
[2026-04-02T09:10:07.004+0000] {logging_mixin.py:190} INFO - [2026-04-02T09:10:07.003+0000] {dag.py:3239} INFO - Sync 1 DAGs
[2026-04-02T09:10:07.016+0000] {logging_mixin.py:190} INFO - [2026-04-02T09:10:07.016+0000] {dag.py:4180} INFO - Setting next_dagrun for keycloak_setup to None, run_after=None
[2026-04-02T09:10:07.031+0000] {processor.py:208} INFO - Processing /opt/airflow/dags/keycloak/setup_keycloak.py took 0.080 seconds
[2026-04-02T09:10:37.259+0000] {processor.py:186} INFO - Started process (PID=1185) to work on /opt/airflow/dags/keycloak/setup_keycloak.py
[2026-04-02T09:10:37.260+0000] {processor.py:914} INFO - Processing file /opt/airflow/dags/keycloak/setup_keycloak.py for tasks to queue
[2026-04-02T09:10:37.262+0000] {logging_mixin.py:190} INFO - [2026-04-02T09:10:37.262+0000] {dagbag.py:588} INFO - Filling up the DagBag from /opt/airflow/dags/keycloak/setup_keycloak.py
[2026-04-02T09:10:37.276+0000] {processor.py:925} INFO - DAG(s) 'keycloak_setup' retrieved from /opt/airflow/dags/keycloak/setup_keycloak.py
[2026-04-02T09:10:37.306+0000] {logging_mixin.py:190} INFO - [2026-04-02T09:10:37.306+0000] {dag.py:3239} INFO - Sync 1 DAGs
[2026-04-02T09:10:37.317+0000] {logging_mixin.py:190} INFO - [2026-04-02T09:10:37.317+0000] {dag.py:4180} INFO - Setting next_dagrun for keycloak_setup to None, run_after=None
[2026-04-02T09:10:37.331+0000] {processor.py:208} INFO - Processing /opt/airflow/dags/keycloak/setup_keycloak.py took 0.078 seconds
[2026-04-02T09:11:07.582+0000] {processor.py:186} INFO - Started process (PID=1195) to work on /opt/airflow/dags/keycloak/setup_keycloak.py
[2026-04-02T09:11:07.584+0000] {processor.py:914} INFO - Processing file /opt/airflow/dags/keycloak/setup_keycloak.py for tasks to queue
[2026-04-02T09:11:07.585+0000] {logging_mixin.py:190} INFO - [2026-04-02T09:11:07.585+0000] {dagbag.py:588} INFO - Filling up the DagBag from /opt/airflow/dags/keycloak/setup_keycloak.py
[2026-04-02T09:11:07.594+0000] {processor.py:925} INFO - DAG(s) 'keycloak_setup' retrieved from /opt/airflow/dags/keycloak/setup_keycloak.py
[2026-04-02T09:11:07.618+0000] {logging_mixin.py:190} INFO - [2026-04-02T09:11:07.618+0000] {dag.py:3239} INFO - Sync 1 DAGs
[2026-04-02T09:11:07.629+0000] {logging_mixin.py:190} INFO - [2026-04-02T09:11:07.629+0000] {dag.py:4180} INFO - Setting next_dagrun for keycloak_setup to None, run_after=None
[2026-04-02T09:11:07.643+0000] {processor.py:208} INFO - Processing /opt/airflow/dags/keycloak/setup_keycloak.py took 0.066 seconds
[2026-04-02T09:11:37.856+0000] {processor.py:186} INFO - Started process (PID=1205) to work on /opt/airflow/dags/keycloak/setup_keycloak.py
[2026-04-02T09:11:37.856+0000] {processor.py:914} INFO - Processing file /opt/airflow/dags/keycloak/setup_keycloak.py for tasks to queue
[2026-04-02T09:11:37.858+0000] {logging_mixin.py:190} INFO - [2026-04-02T09:11:37.858+0000] {dagbag.py:588} INFO - Filling up the DagBag from /opt/airflow/dags/keycloak/setup_keycloak.py
[2026-04-02T09:11:37.870+0000] {processor.py:925} INFO - DAG(s) 'keycloak_setup' retrieved from /opt/airflow/dags/keycloak/setup_keycloak.py
[2026-04-02T09:11:37.897+0000] {logging_mixin.py:190} INFO - [2026-04-02T09:11:37.897+0000] {dag.py:3239} INFO - Sync 1 DAGs
[2026-04-02T09:11:37.907+0000] {logging_mixin.py:190} INFO - [2026-04-02T09:11:37.907+0000] {dag.py:4180} INFO - Setting next_dagrun for keycloak_setup to None, run_after=None
[2026-04-02T09:11:37.920+0000] {processor.py:208} INFO - Processing /opt/airflow/dags/keycloak/setup_keycloak.py took 0.069 seconds
[2026-04-02T09:12:08.113+0000] {processor.py:186} INFO - Started process (PID=1215) to work on /opt/airflow/dags/keycloak/setup_keycloak.py
[2026-04-02T09:12:08.114+0000] {processor.py:914} INFO - Processing file /opt/airflow/dags/keycloak/setup_keycloak.py for tasks to queue
[2026-04-02T09:12:08.117+0000] {logging_mixin.py:190} INFO - [2026-04-02T09:12:08.116+0000] {dagbag.py:588} INFO - Filling up the DagBag from /opt/airflow/dags/keycloak/setup_keycloak.py
[2026-04-02T09:12:08.125+0000] {processor.py:925} INFO - DAG(s) 'keycloak_setup' retrieved from /opt/airflow/dags/keycloak/setup_keycloak.py
[2026-04-02T09:12:08.149+0000] {logging_mixin.py:190} INFO - [2026-04-02T09:12:08.148+0000] {dag.py:3239} INFO - Sync 1 DAGs
[2026-04-02T09:12:08.160+0000] {logging_mixin.py:190} INFO - [2026-04-02T09:12:08.160+0000] {dag.py:4180} INFO - Setting next_dagrun for keycloak_setup to None, run_after=None
[2026-04-02T09:12:08.178+0000] {processor.py:208} INFO - Processing /opt/airflow/dags/keycloak/setup_keycloak.py took 0.069 seconds
[2026-04-02T09:12:38.418+0000] {processor.py:186} INFO - Started process (PID=1225) to work on /opt/airflow/dags/keycloak/setup_keycloak.py
[2026-04-02T09:12:38.419+0000] {processor.py:914} INFO - Processing file /opt/airflow/dags/keycloak/setup_keycloak.py for tasks to queue
[2026-04-02T09:12:38.420+0000] {logging_mixin.py:190} INFO - [2026-04-02T09:12:38.420+0000] {dagbag.py:588} INFO - Filling up the DagBag from /opt/airflow/dags/keycloak/setup_keycloak.py
[2026-04-02T09:12:38.428+0000] {processor.py:925} INFO - DAG(s) 'keycloak_setup' retrieved from /opt/airflow/dags/keycloak/setup_keycloak.py
[2026-04-02T09:12:38.450+0000] {logging_mixin.py:190} INFO - [2026-04-02T09:12:38.450+0000] {dag.py:3239} INFO - Sync 1 DAGs
[2026-04-02T09:12:38.460+0000] {logging_mixin.py:190} INFO - [2026-04-02T09:12:38.460+0000] {dag.py:4180} INFO - Setting next_dagrun for keycloak_setup to None, run_after=None
[2026-04-02T09:12:38.475+0000] {processor.py:208} INFO - Processing /opt/airflow/dags/keycloak/setup_keycloak.py took 0.060 seconds
[2026-04-02T09:13:08.718+0000] {processor.py:186} INFO - Started process (PID=1235) to work on /opt/airflow/dags/keycloak/setup_keycloak.py
[2026-04-02T09:13:08.719+0000] {processor.py:914} INFO - Processing file /opt/airflow/dags/keycloak/setup_keycloak.py for tasks to queue
[2026-04-02T09:13:08.721+0000] {logging_mixin.py:190} INFO - [2026-04-02T09:13:08.721+0000] {dagbag.py:588} INFO - Filling up the DagBag from /opt/airflow/dags/keycloak/setup_keycloak.py
[2026-04-02T09:13:08.729+0000] {processor.py:925} INFO - DAG(s) 'keycloak_setup' retrieved from /opt/airflow/dags/keycloak/setup_keycloak.py
[2026-04-02T09:13:08.752+0000] {logging_mixin.py:190} INFO - [2026-04-02T09:13:08.751+0000] {dag.py:3239} INFO - Sync 1 DAGs
[2026-04-02T09:13:08.761+0000] {logging_mixin.py:190} INFO - [2026-04-02T09:13:08.761+0000] {dag.py:4180} INFO - Setting next_dagrun for keycloak_setup to None, run_after=None
[2026-04-02T09:13:08.775+0000] {processor.py:208} INFO - Processing /opt/airflow/dags/keycloak/setup_keycloak.py took 0.061 seconds
[2026-04-02T09:13:39.000+0000] {processor.py:186} INFO - Started process (PID=1245) to work on /opt/airflow/dags/keycloak/setup_keycloak.py
[2026-04-02T09:13:39.000+0000] {processor.py:914} INFO - Processing file /opt/airflow/dags/keycloak/setup_keycloak.py for tasks to queue
[2026-04-02T09:13:39.003+0000] {logging_mixin.py:190} INFO - [2026-04-02T09:13:39.002+0000] {dagbag.py:588} INFO - Filling up the DagBag from /opt/airflow/dags/keycloak/setup_keycloak.py
[2026-04-02T09:13:39.017+0000] {processor.py:925} INFO - DAG(s) 'keycloak_setup' retrieved from /opt/airflow/dags/keycloak/setup_keycloak.py
[2026-04-02T09:13:39.045+0000] {logging_mixin.py:190} INFO - [2026-04-02T09:13:39.044+0000] {dag.py:3239} INFO - Sync 1 DAGs
[2026-04-02T09:13:39.056+0000] {logging_mixin.py:190} INFO - [2026-04-02T09:13:39.056+0000] {dag.py:4180} INFO - Setting next_dagrun for keycloak_setup to None, run_after=None
[2026-04-02T09:13:39.069+0000] {processor.py:208} INFO - Processing /opt/airflow/dags/keycloak/setup_keycloak.py took 0.075 seconds
[2026-04-02T09:14:09.281+0000] {processor.py:186} INFO - Started process (PID=1255) to work on /opt/airflow/dags/keycloak/setup_keycloak.py
[2026-04-02T09:14:09.282+0000] {processor.py:914} INFO - Processing file /opt/airflow/dags/keycloak/setup_keycloak.py for tasks to queue
[2026-04-02T09:14:09.284+0000] {logging_mixin.py:190} INFO - [2026-04-02T09:14:09.284+0000] {dagbag.py:588} INFO - Filling up the DagBag from /opt/airflow/dags/keycloak/setup_keycloak.py
[2026-04-02T09:14:09.292+0000] {processor.py:925} INFO - DAG(s) 'keycloak_setup' retrieved from /opt/airflow/dags/keycloak/setup_keycloak.py
[2026-04-02T09:14:09.319+0000] {logging_mixin.py:190} INFO - [2026-04-02T09:14:09.319+0000] {dag.py:3239} INFO - Sync 1 DAGs
[2026-04-02T09:14:09.330+0000] {logging_mixin.py:190} INFO - [2026-04-02T09:14:09.330+0000] {dag.py:4180} INFO - Setting next_dagrun for keycloak_setup to None, run_after=None
[2026-04-02T09:14:09.344+0000] {processor.py:208} INFO - Processing /opt/airflow/dags/keycloak/setup_keycloak.py took 0.068 seconds
[2026-04-02T09:14:39.575+0000] {processor.py:186} INFO - Started process (PID=1265) to work on /opt/airflow/dags/keycloak/setup_keycloak.py
[2026-04-02T09:14:39.576+0000] {processor.py:914} INFO - Processing file /opt/airflow/dags/keycloak/setup_keycloak.py for tasks to queue
[2026-04-02T09:14:39.577+0000] {logging_mixin.py:190} INFO - [2026-04-02T09:14:39.577+0000] {dagbag.py:588} INFO - Filling up the DagBag from /opt/airflow/dags/keycloak/setup_keycloak.py
[2026-04-02T09:14:39.585+0000] {processor.py:925} INFO - DAG(s) 'keycloak_setup' retrieved from /opt/airflow/dags/keycloak/setup_keycloak.py
[2026-04-02T09:14:39.608+0000] {logging_mixin.py:190} INFO - [2026-04-02T09:14:39.608+0000] {dag.py:3239} INFO - Sync 1 DAGs
[2026-04-02T09:14:39.620+0000] {logging_mixin.py:190} INFO - [2026-04-02T09:14:39.619+0000] {dag.py:4180} INFO - Setting next_dagrun for keycloak_setup to None, run_after=None
[2026-04-02T09:14:39.635+0000] {processor.py:208} INFO - Processing /opt/airflow/dags/keycloak/setup_keycloak.py took 0.064 seconds
[2026-04-02T09:15:09.845+0000] {processor.py:186} INFO - Started process (PID=1275) to work on /opt/airflow/dags/keycloak/setup_keycloak.py
[2026-04-02T09:15:09.846+0000] {processor.py:914} INFO - Processing file /opt/airflow/dags/keycloak/setup_keycloak.py for tasks to queue
[2026-04-02T09:15:09.848+0000] {logging_mixin.py:190} INFO - [2026-04-02T09:15:09.847+0000] {dagbag.py:588} INFO - Filling up the DagBag from /opt/airflow/dags/keycloak/setup_keycloak.py
[2026-04-02T09:15:09.856+0000] {processor.py:925} INFO - DAG(s) 'keycloak_setup' retrieved from /opt/airflow/dags/keycloak/setup_keycloak.py
[2026-04-02T09:15:09.883+0000] {logging_mixin.py:190} INFO - [2026-04-02T09:15:09.883+0000] {dag.py:3239} INFO - Sync 1 DAGs
[2026-04-02T09:15:09.895+0000] {logging_mixin.py:190} INFO - [2026-04-02T09:15:09.895+0000] {dag.py:4180} INFO - Setting next_dagrun for keycloak_setup to None, run_after=None
[2026-04-02T09:15:09.910+0000] {processor.py:208} INFO - Processing /opt/airflow/dags/keycloak/setup_keycloak.py took 0.069 seconds
[2026-04-02T09:15:40.107+0000] {processor.py:186} INFO - Started process (PID=1285) to work on /opt/airflow/dags/keycloak/setup_keycloak.py
[2026-04-02T09:15:40.108+0000] {processor.py:914} INFO - Processing file /opt/airflow/dags/keycloak/setup_keycloak.py for tasks to queue
[2026-04-02T09:15:40.109+0000] {logging_mixin.py:190} INFO - [2026-04-02T09:15:40.109+0000] {dagbag.py:588} INFO - Filling up the DagBag from /opt/airflow/dags/keycloak/setup_keycloak.py
[2026-04-02T09:15:40.123+0000] {processor.py:925} INFO - DAG(s) 'keycloak_setup' retrieved from /opt/airflow/dags/keycloak/setup_keycloak.py
[2026-04-02T09:15:40.151+0000] {logging_mixin.py:190} INFO - [2026-04-02T09:15:40.151+0000] {dag.py:3239} INFO - Sync 1 DAGs
[2026-04-02T09:15:40.163+0000] {logging_mixin.py:190} INFO - [2026-04-02T09:15:40.163+0000] {dag.py:4180} INFO - Setting next_dagrun for keycloak_setup to None, run_after=None
[2026-04-02T09:15:40.178+0000] {processor.py:208} INFO - Processing /opt/airflow/dags/keycloak/setup_keycloak.py took 0.076 seconds
[2026-04-02T09:16:10.373+0000] {processor.py:186} INFO - Started process (PID=1295) to work on /opt/airflow/dags/keycloak/setup_keycloak.py
[2026-04-02T09:16:10.391+0000] {processor.py:914} INFO - Processing file /opt/airflow/dags/keycloak/setup_keycloak.py for tasks to queue
[2026-04-02T09:16:10.393+0000] {logging_mixin.py:190} INFO - [2026-04-02T09:16:10.393+0000] {dagbag.py:588} INFO - Filling up the DagBag from /opt/airflow/dags/keycloak/setup_keycloak.py
[2026-04-02T09:16:10.400+0000] {processor.py:925} INFO - DAG(s) 'keycloak_setup' retrieved from /opt/airflow/dags/keycloak/setup_keycloak.py
[2026-04-02T09:16:10.421+0000] {logging_mixin.py:190} INFO - [2026-04-02T09:16:10.421+0000] {dag.py:3239} INFO - Sync 1 DAGs
[2026-04-02T09:16:10.432+0000] {logging_mixin.py:190} INFO - [2026-04-02T09:16:10.431+0000] {dag.py:4180} INFO - Setting next_dagrun for keycloak_setup to None, run_after=None
[2026-04-02T09:16:10.447+0000] {processor.py:208} INFO - Processing /opt/airflow/dags/keycloak/setup_keycloak.py took 0.077 seconds
[2026-04-02T09:16:40.593+0000] {processor.py:186} INFO - Started process (PID=1305) to work on /opt/airflow/dags/keycloak/setup_keycloak.py
[2026-04-02T09:16:40.594+0000] {processor.py:914} INFO - Processing file /opt/airflow/dags/keycloak/setup_keycloak.py for tasks to queue
[2026-04-02T09:16:40.595+0000] {logging_mixin.py:190} INFO - [2026-04-02T09:16:40.595+0000] {dagbag.py:588} INFO - Filling up the DagBag from /opt/airflow/dags/keycloak/setup_keycloak.py
[2026-04-02T09:16:40.603+0000] {processor.py:925} INFO - DAG(s) 'keycloak_setup' retrieved from /opt/airflow/dags/keycloak/setup_keycloak.py
[2026-04-02T09:16:40.626+0000] {logging_mixin.py:190} INFO - [2026-04-02T09:16:40.626+0000] {dag.py:3239} INFO - Sync 1 DAGs
[2026-04-02T09:16:40.638+0000] {logging_mixin.py:190} INFO - [2026-04-02T09:16:40.638+0000] {dag.py:4180} INFO - Setting next_dagrun for keycloak_setup to None, run_after=None
[2026-04-02T09:16:40.654+0000] {processor.py:208} INFO - Processing /opt/airflow/dags/keycloak/setup_keycloak.py took 0.064 seconds
[2026-04-02T09:17:10.876+0000] {processor.py:186} INFO - Started process (PID=1315) to work on /opt/airflow/dags/keycloak/setup_keycloak.py
[2026-04-02T09:17:10.894+0000] {processor.py:914} INFO - Processing file /opt/airflow/dags/keycloak/setup_keycloak.py for tasks to queue
[2026-04-02T09:17:10.896+0000] {logging_mixin.py:190} INFO - [2026-04-02T09:17:10.896+0000] {dagbag.py:588} INFO - Filling up the DagBag from /opt/airflow/dags/keycloak/setup_keycloak.py
[2026-04-02T09:17:10.904+0000] {processor.py:925} INFO - DAG(s) 'keycloak_setup' retrieved from /opt/airflow/dags/keycloak/setup_keycloak.py
[2026-04-02T09:17:10.930+0000] {logging_mixin.py:190} INFO - [2026-04-02T09:17:10.930+0000] {dag.py:3239} INFO - Sync 1 DAGs
[2026-04-02T09:17:10.945+0000] {logging_mixin.py:190} INFO - [2026-04-02T09:17:10.944+0000] {dag.py:4180} INFO - Setting next_dagrun for keycloak_setup to None, run_after=None
[2026-04-02T09:17:10.962+0000] {processor.py:208} INFO - Processing /opt/airflow/dags/keycloak/setup_keycloak.py took 0.090 seconds
[2026-04-02T09:17:41.074+0000] {processor.py:186} INFO - Started process (PID=1325) to work on /opt/airflow/dags/keycloak/setup_keycloak.py
[2026-04-02T09:17:41.075+0000] {processor.py:914} INFO - Processing file /opt/airflow/dags/keycloak/setup_keycloak.py for tasks to queue
[2026-04-02T09:17:41.077+0000] {logging_mixin.py:190} INFO - [2026-04-02T09:17:41.076+0000] {dagbag.py:588} INFO - Filling up the DagBag from /opt/airflow/dags/keycloak/setup_keycloak.py
[2026-04-02T09:17:41.090+0000] {processor.py:925} INFO - DAG(s) 'keycloak_setup' retrieved from /opt/airflow/dags/keycloak/setup_keycloak.py
[2026-04-02T09:17:41.120+0000] {logging_mixin.py:190} INFO - [2026-04-02T09:17:41.119+0000] {dag.py:3239} INFO - Sync 1 DAGs
[2026-04-02T09:17:41.131+0000] {logging_mixin.py:190} INFO - [2026-04-02T09:17:41.131+0000] {dag.py:4180} INFO - Setting next_dagrun for keycloak_setup to None, run_after=None
[2026-04-02T09:17:41.144+0000] {processor.py:208} INFO - Processing /opt/airflow/dags/keycloak/setup_keycloak.py took 0.075 seconds
[2026-04-02T09:18:11.368+0000] {processor.py:186} INFO - Started process (PID=1335) to work on /opt/airflow/dags/keycloak/setup_keycloak.py
[2026-04-02T09:18:11.386+0000] {processor.py:914} INFO - Processing file /opt/airflow/dags/keycloak/setup_keycloak.py for tasks to queue
[2026-04-02T09:18:11.388+0000] {logging_mixin.py:190} INFO - [2026-04-02T09:18:11.388+0000] {dagbag.py:588} INFO - Filling up the DagBag from /opt/airflow/dags/keycloak/setup_keycloak.py
[2026-04-02T09:18:11.395+0000] {processor.py:925} INFO - DAG(s) 'keycloak_setup' retrieved from /opt/airflow/dags/keycloak/setup_keycloak.py
[2026-04-02T09:18:11.416+0000] {logging_mixin.py:190} INFO - [2026-04-02T09:18:11.416+0000] {dag.py:3239} INFO - Sync 1 DAGs
[2026-04-02T09:18:11.426+0000] {logging_mixin.py:190} INFO - [2026-04-02T09:18:11.426+0000] {dag.py:4180} INFO - Setting next_dagrun for keycloak_setup to None, run_after=None
[2026-04-02T09:18:11.440+0000] {processor.py:208} INFO - Processing /opt/airflow/dags/keycloak/setup_keycloak.py took 0.076 seconds
[2026-04-02T09:18:41.594+0000] {processor.py:186} INFO - Started process (PID=1345) to work on /opt/airflow/dags/keycloak/setup_keycloak.py
[2026-04-02T09:18:41.594+0000] {processor.py:914} INFO - Processing file /opt/airflow/dags/keycloak/setup_keycloak.py for tasks to queue
[2026-04-02T09:18:41.596+0000] {logging_mixin.py:190} INFO - [2026-04-02T09:18:41.596+0000] {dagbag.py:588} INFO - Filling up the DagBag from /opt/airflow/dags/keycloak/setup_keycloak.py
[2026-04-02T09:18:41.617+0000] {processor.py:925} INFO - DAG(s) 'keycloak_setup' retrieved from /opt/airflow/dags/keycloak/setup_keycloak.py
[2026-04-02T09:18:41.664+0000] {logging_mixin.py:190} INFO - [2026-04-02T09:18:41.663+0000] {dag.py:3239} INFO - Sync 1 DAGs
[2026-04-02T09:18:41.686+0000] {logging_mixin.py:190} INFO - [2026-04-02T09:18:41.686+0000] {dag.py:4180} INFO - Setting next_dagrun for keycloak_setup to None, run_after=None
[2026-04-02T09:18:41.706+0000] {processor.py:208} INFO - Processing /opt/airflow/dags/keycloak/setup_keycloak.py took 0.117 seconds
[2026-04-02T09:19:11.918+0000] {processor.py:186} INFO - Started process (PID=1355) to work on /opt/airflow/dags/keycloak/setup_keycloak.py
[2026-04-02T09:19:11.920+0000] {processor.py:914} INFO - Processing file /opt/airflow/dags/keycloak/setup_keycloak.py for tasks to queue
[2026-04-02T09:19:11.922+0000] {logging_mixin.py:190} INFO - [2026-04-02T09:19:11.922+0000] {dagbag.py:588} INFO - Filling up the DagBag from /opt/airflow/dags/keycloak/setup_keycloak.py
[2026-04-02T09:19:11.930+0000] {processor.py:925} INFO - DAG(s) 'keycloak_setup' retrieved from /opt/airflow/dags/keycloak/setup_keycloak.py
[2026-04-02T09:19:11.957+0000] {logging_mixin.py:190} INFO - [2026-04-02T09:19:11.957+0000] {dag.py:3239} INFO - Sync 1 DAGs
[2026-04-02T09:19:11.969+0000] {logging_mixin.py:190} INFO - [2026-04-02T09:19:11.969+0000] {dag.py:4180} INFO - Setting next_dagrun for keycloak_setup to None, run_after=None
[2026-04-02T09:19:11.987+0000] {processor.py:208} INFO - Processing /opt/airflow/dags/keycloak/setup_keycloak.py took 0.075 seconds
[2026-04-02T09:19:42.196+0000] {processor.py:186} INFO - Started process (PID=1365) to work on /opt/airflow/dags/keycloak/setup_keycloak.py
[2026-04-02T09:19:42.197+0000] {processor.py:914} INFO - Processing file /opt/airflow/dags/keycloak/setup_keycloak.py for tasks to queue
[2026-04-02T09:19:42.198+0000] {logging_mixin.py:190} INFO - [2026-04-02T09:19:42.198+0000] {dagbag.py:588} INFO - Filling up the DagBag from /opt/airflow/dags/keycloak/setup_keycloak.py
[2026-04-02T09:19:42.211+0000] {processor.py:925} INFO - DAG(s) 'keycloak_setup' retrieved from /opt/airflow/dags/keycloak/setup_keycloak.py
[2026-04-02T09:19:42.240+0000] {logging_mixin.py:190} INFO - [2026-04-02T09:19:42.240+0000] {dag.py:3239} INFO - Sync 1 DAGs
[2026-04-02T09:19:42.251+0000] {logging_mixin.py:190} INFO - [2026-04-02T09:19:42.251+0000] {dag.py:4180} INFO - Setting next_dagrun for keycloak_setup to None, run_after=None
[2026-04-02T09:19:42.265+0000] {processor.py:208} INFO - Processing /opt/airflow/dags/keycloak/setup_keycloak.py took 0.073 seconds
[2026-04-02T09:20:12.503+0000] {processor.py:186} INFO - Started process (PID=1375) to work on /opt/airflow/dags/keycloak/setup_keycloak.py
[2026-04-02T09:20:12.520+0000] {processor.py:914} INFO - Processing file /opt/airflow/dags/keycloak/setup_keycloak.py for tasks to queue
[2026-04-02T09:20:12.522+0000] {logging_mixin.py:190} INFO - [2026-04-02T09:20:12.522+0000] {dagbag.py:588} INFO - Filling up the DagBag from /opt/airflow/dags/keycloak/setup_keycloak.py
[2026-04-02T09:20:12.530+0000] {processor.py:925} INFO - DAG(s) 'keycloak_setup' retrieved from /opt/airflow/dags/keycloak/setup_keycloak.py
[2026-04-02T09:20:12.556+0000] {logging_mixin.py:190} INFO - [2026-04-02T09:20:12.556+0000] {dag.py:3239} INFO - Sync 1 DAGs
[2026-04-02T09:20:12.567+0000] {logging_mixin.py:190} INFO - [2026-04-02T09:20:12.567+0000] {dag.py:4180} INFO - Setting next_dagrun for keycloak_setup to None, run_after=None
[2026-04-02T09:20:12.582+0000] {processor.py:208} INFO - Processing /opt/airflow/dags/keycloak/setup_keycloak.py took 0.083 seconds
[2026-04-02T09:20:42.809+0000] {processor.py:186} INFO - Started process (PID=1385) to work on /opt/airflow/dags/keycloak/setup_keycloak.py
[2026-04-02T09:20:42.810+0000] {processor.py:914} INFO - Processing file /opt/airflow/dags/keycloak/setup_keycloak.py for tasks to queue
[2026-04-02T09:20:42.812+0000] {logging_mixin.py:190} INFO - [2026-04-02T09:20:42.811+0000] {dagbag.py:588} INFO - Filling up the DagBag from /opt/airflow/dags/keycloak/setup_keycloak.py
[2026-04-02T09:20:42.825+0000] {processor.py:925} INFO - DAG(s) 'keycloak_setup' retrieved from /opt/airflow/dags/keycloak/setup_keycloak.py
[2026-04-02T09:20:42.853+0000] {logging_mixin.py:190} INFO - [2026-04-02T09:20:42.853+0000] {dag.py:3239} INFO - Sync 1 DAGs
[2026-04-02T09:20:42.864+0000] {logging_mixin.py:190} INFO - [2026-04-02T09:20:42.864+0000] {dag.py:4180} INFO - Setting next_dagrun for keycloak_setup to None, run_after=None
[2026-04-02T09:20:42.878+0000] {processor.py:208} INFO - Processing /opt/airflow/dags/keycloak/setup_keycloak.py took 0.073 seconds
[2026-04-02T09:21:13.087+0000] {processor.py:186} INFO - Started process (PID=1395) to work on /opt/airflow/dags/keycloak/setup_keycloak.py
[2026-04-02T09:21:13.088+0000] {processor.py:914} INFO - Processing file /opt/airflow/dags/keycloak/setup_keycloak.py for tasks to queue
[2026-04-02T09:21:13.090+0000] {logging_mixin.py:190} INFO - [2026-04-02T09:21:13.090+0000] {dagbag.py:588} INFO - Filling up the DagBag from /opt/airflow/dags/keycloak/setup_keycloak.py
[2026-04-02T09:21:13.098+0000] {processor.py:925} INFO - DAG(s) 'keycloak_setup' retrieved from /opt/airflow/dags/keycloak/setup_keycloak.py
[2026-04-02T09:21:13.120+0000] {logging_mixin.py:190} INFO - [2026-04-02T09:21:13.120+0000] {dag.py:3239} INFO - Sync 1 DAGs
[2026-04-02T09:21:13.131+0000] {logging_mixin.py:190} INFO - [2026-04-02T09:21:13.131+0000] {dag.py:4180} INFO - Setting next_dagrun for keycloak_setup to None, run_after=None
[2026-04-02T09:21:13.146+0000] {processor.py:208} INFO - Processing /opt/airflow/dags/keycloak/setup_keycloak.py took 0.063 seconds
[2026-04-02T09:21:43.339+0000] {processor.py:186} INFO - Started process (PID=1405) to work on /opt/airflow/dags/keycloak/setup_keycloak.py
[2026-04-02T09:21:43.340+0000] {processor.py:914} INFO - Processing file /opt/airflow/dags/keycloak/setup_keycloak.py for tasks to queue
[2026-04-02T09:21:43.341+0000] {logging_mixin.py:190} INFO - [2026-04-02T09:21:43.341+0000] {dagbag.py:588} INFO - Filling up the DagBag from /opt/airflow/dags/keycloak/setup_keycloak.py
[2026-04-02T09:21:43.353+0000] {processor.py:925} INFO - DAG(s) 'keycloak_setup' retrieved from /opt/airflow/dags/keycloak/setup_keycloak.py
[2026-04-02T09:21:43.381+0000] {logging_mixin.py:190} INFO - [2026-04-02T09:21:43.381+0000] {dag.py:3239} INFO - Sync 1 DAGs
[2026-04-02T09:21:43.392+0000] {logging_mixin.py:190} INFO - [2026-04-02T09:21:43.392+0000] {dag.py:4180} INFO - Setting next_dagrun for keycloak_setup to None, run_after=None
[2026-04-02T09:21:43.407+0000] {processor.py:208} INFO - Processing /opt/airflow/dags/keycloak/setup_keycloak.py took 0.072 seconds
[2026-04-02T09:22:13.644+0000] {processor.py:186} INFO - Started process (PID=1415) to work on /opt/airflow/dags/keycloak/setup_keycloak.py
[2026-04-02T09:22:13.645+0000] {processor.py:914} INFO - Processing file /opt/airflow/dags/keycloak/setup_keycloak.py for tasks to queue
[2026-04-02T09:22:13.647+0000] {logging_mixin.py:190} INFO - [2026-04-02T09:22:13.647+0000] {dagbag.py:588} INFO - Filling up the DagBag from /opt/airflow/dags/keycloak/setup_keycloak.py
[2026-04-02T09:22:13.655+0000] {processor.py:925} INFO - DAG(s) 'keycloak_setup' retrieved from /opt/airflow/dags/keycloak/setup_keycloak.py
[2026-04-02T09:22:13.677+0000] {logging_mixin.py:190} INFO - [2026-04-02T09:22:13.677+0000] {dag.py:3239} INFO - Sync 1 DAGs
[2026-04-02T09:22:13.689+0000] {logging_mixin.py:190} INFO - [2026-04-02T09:22:13.689+0000] {dag.py:4180} INFO - Setting next_dagrun for keycloak_setup to None, run_after=None
[2026-04-02T09:22:13.704+0000] {processor.py:208} INFO - Processing /opt/airflow/dags/keycloak/setup_keycloak.py took 0.063 seconds
[2026-04-02T09:22:43.901+0000] {processor.py:186} INFO - Started process (PID=1425) to work on /opt/airflow/dags/keycloak/setup_keycloak.py
[2026-04-02T09:22:43.902+0000] {processor.py:914} INFO - Processing file /opt/airflow/dags/keycloak/setup_keycloak.py for tasks to queue
[2026-04-02T09:22:43.903+0000] {logging_mixin.py:190} INFO - [2026-04-02T09:22:43.903+0000] {dagbag.py:588} INFO - Filling up the DagBag from /opt/airflow/dags/keycloak/setup_keycloak.py
[2026-04-02T09:22:43.916+0000] {processor.py:925} INFO - DAG(s) 'keycloak_setup' retrieved from /opt/airflow/dags/keycloak/setup_keycloak.py
[2026-04-02T09:22:43.946+0000] {logging_mixin.py:190} INFO - [2026-04-02T09:22:43.946+0000] {dag.py:3239} INFO - Sync 1 DAGs
[2026-04-02T09:22:43.958+0000] {logging_mixin.py:190} INFO - [2026-04-02T09:22:43.957+0000] {dag.py:4180} INFO - Setting next_dagrun for keycloak_setup to None, run_after=None
[2026-04-02T09:22:43.972+0000] {processor.py:208} INFO - Processing /opt/airflow/dags/keycloak/setup_keycloak.py took 0.075 seconds
[2026-04-02T09:23:14.174+0000] {processor.py:186} INFO - Started process (PID=1435) to work on /opt/airflow/dags/keycloak/setup_keycloak.py
[2026-04-02T09:23:14.175+0000] {processor.py:914} INFO - Processing file /opt/airflow/dags/keycloak/setup_keycloak.py for tasks to queue
[2026-04-02T09:23:14.177+0000] {logging_mixin.py:190} INFO - [2026-04-02T09:23:14.177+0000] {dagbag.py:588} INFO - Filling up the DagBag from /opt/airflow/dags/keycloak/setup_keycloak.py
[2026-04-02T09:23:14.185+0000] {processor.py:925} INFO - DAG(s) 'keycloak_setup' retrieved from /opt/airflow/dags/keycloak/setup_keycloak.py
[2026-04-02T09:23:14.210+0000] {logging_mixin.py:190} INFO - [2026-04-02T09:23:14.209+0000] {dag.py:3239} INFO - Sync 1 DAGs
[2026-04-02T09:23:14.221+0000] {logging_mixin.py:190} INFO - [2026-04-02T09:23:14.220+0000] {dag.py:4180} INFO - Setting next_dagrun for keycloak_setup to None, run_after=None
[2026-04-02T09:23:14.241+0000] {processor.py:208} INFO - Processing /opt/airflow/dags/keycloak/setup_keycloak.py took 0.073 seconds
[2026-04-02T09:23:44.349+0000] {processor.py:186} INFO - Started process (PID=1445) to work on /opt/airflow/dags/keycloak/setup_keycloak.py
[2026-04-02T09:23:44.350+0000] {processor.py:914} INFO - Processing file /opt/airflow/dags/keycloak/setup_keycloak.py for tasks to queue
[2026-04-02T09:23:44.352+0000] {logging_mixin.py:190} INFO - [2026-04-02T09:23:44.352+0000] {dagbag.py:588} INFO - Filling up the DagBag from /opt/airflow/dags/keycloak/setup_keycloak.py
[2026-04-02T09:23:44.361+0000] {processor.py:925} INFO - DAG(s) 'keycloak_setup' retrieved from /opt/airflow/dags/keycloak/setup_keycloak.py
[2026-04-02T09:23:44.387+0000] {logging_mixin.py:190} INFO - [2026-04-02T09:23:44.387+0000] {dag.py:3239} INFO - Sync 1 DAGs
[2026-04-02T09:23:44.398+0000] {logging_mixin.py:190} INFO - [2026-04-02T09:23:44.397+0000] {dag.py:4180} INFO - Setting next_dagrun for keycloak_setup to None, run_after=None
[2026-04-02T09:23:44.413+0000] {processor.py:208} INFO - Processing /opt/airflow/dags/keycloak/setup_keycloak.py took 0.070 seconds
[2026-04-02T09:24:14.656+0000] {processor.py:186} INFO - Started process (PID=1455) to work on /opt/airflow/dags/keycloak/setup_keycloak.py
[2026-04-02T09:24:14.657+0000] {processor.py:914} INFO - Processing file /opt/airflow/dags/keycloak/setup_keycloak.py for tasks to queue
[2026-04-02T09:24:14.659+0000] {logging_mixin.py:190} INFO - [2026-04-02T09:24:14.658+0000] {dagbag.py:588} INFO - Filling up the DagBag from /opt/airflow/dags/keycloak/setup_keycloak.py
[2026-04-02T09:24:14.666+0000] {processor.py:925} INFO - DAG(s) 'keycloak_setup' retrieved from /opt/airflow/dags/keycloak/setup_keycloak.py
[2026-04-02T09:24:14.689+0000] {logging_mixin.py:190} INFO - [2026-04-02T09:24:14.689+0000] {dag.py:3239} INFO - Sync 1 DAGs
[2026-04-02T09:24:14.699+0000] {logging_mixin.py:190} INFO - [2026-04-02T09:24:14.699+0000] {dag.py:4180} INFO - Setting next_dagrun for keycloak_setup to None, run_after=None
[2026-04-02T09:24:14.714+0000] {processor.py:208} INFO - Processing /opt/airflow/dags/keycloak/setup_keycloak.py took 0.063 seconds
[2026-04-02T09:24:44.933+0000] {processor.py:186} INFO - Started process (PID=1465) to work on /opt/airflow/dags/keycloak/setup_keycloak.py
[2026-04-02T09:24:44.934+0000] {processor.py:914} INFO - Processing file /opt/airflow/dags/keycloak/setup_keycloak.py for tasks to queue
[2026-04-02T09:24:44.936+0000] {logging_mixin.py:190} INFO - [2026-04-02T09:24:44.936+0000] {dagbag.py:588} INFO - Filling up the DagBag from /opt/airflow/dags/keycloak/setup_keycloak.py
[2026-04-02T09:24:44.943+0000] {processor.py:925} INFO - DAG(s) 'keycloak_setup' retrieved from /opt/airflow/dags/keycloak/setup_keycloak.py
[2026-04-02T09:24:44.967+0000] {logging_mixin.py:190} INFO - [2026-04-02T09:24:44.967+0000] {dag.py:3239} INFO - Sync 1 DAGs
[2026-04-02T09:24:44.978+0000] {logging_mixin.py:190} INFO - [2026-04-02T09:24:44.978+0000] {dag.py:4180} INFO - Setting next_dagrun for keycloak_setup to None, run_after=None
[2026-04-02T09:24:44.993+0000] {processor.py:208} INFO - Processing /opt/airflow/dags/keycloak/setup_keycloak.py took 0.064 seconds
[2026-04-02T09:25:15.212+0000] {processor.py:186} INFO - Started process (PID=1475) to work on /opt/airflow/dags/keycloak/setup_keycloak.py
[2026-04-02T09:25:15.229+0000] {processor.py:914} INFO - Processing file /opt/airflow/dags/keycloak/setup_keycloak.py for tasks to queue
[2026-04-02T09:25:15.231+0000] {logging_mixin.py:190} INFO - [2026-04-02T09:25:15.231+0000] {dagbag.py:588} INFO - Filling up the DagBag from /opt/airflow/dags/keycloak/setup_keycloak.py
[2026-04-02T09:25:15.239+0000] {processor.py:925} INFO - DAG(s) 'keycloak_setup' retrieved from /opt/airflow/dags/keycloak/setup_keycloak.py
[2026-04-02T09:25:15.262+0000] {logging_mixin.py:190} INFO - [2026-04-02T09:25:15.262+0000] {dag.py:3239} INFO - Sync 1 DAGs
[2026-04-02T09:25:15.274+0000] {logging_mixin.py:190} INFO - [2026-04-02T09:25:15.274+0000] {dag.py:4180} INFO - Setting next_dagrun for keycloak_setup to None, run_after=None
[2026-04-02T09:25:15.288+0000] {processor.py:208} INFO - Processing /opt/airflow/dags/keycloak/setup_keycloak.py took 0.081 seconds
[2026-04-02T09:25:45.523+0000] {processor.py:186} INFO - Started process (PID=1485) to work on /opt/airflow/dags/keycloak/setup_keycloak.py
[2026-04-02T09:25:45.524+0000] {processor.py:914} INFO - Processing file /opt/airflow/dags/keycloak/setup_keycloak.py for tasks to queue
[2026-04-02T09:25:45.526+0000] {logging_mixin.py:190} INFO - [2026-04-02T09:25:45.525+0000] {dagbag.py:588} INFO - Filling up the DagBag from /opt/airflow/dags/keycloak/setup_keycloak.py
[2026-04-02T09:25:45.534+0000] {processor.py:925} INFO - DAG(s) 'keycloak_setup' retrieved from /opt/airflow/dags/keycloak/setup_keycloak.py
[2026-04-02T09:25:45.556+0000] {logging_mixin.py:190} INFO - [2026-04-02T09:25:45.556+0000] {dag.py:3239} INFO - Sync 1 DAGs
[2026-04-02T09:25:45.567+0000] {logging_mixin.py:190} INFO - [2026-04-02T09:25:45.567+0000] {dag.py:4180} INFO - Setting next_dagrun for keycloak_setup to None, run_after=None
[2026-04-02T09:25:45.580+0000] {processor.py:208} INFO - Processing /opt/airflow/dags/keycloak/setup_keycloak.py took 0.061 seconds
[2026-04-02T09:26:15.809+0000] {processor.py:186} INFO - Started process (PID=1495) to work on /opt/airflow/dags/keycloak/setup_keycloak.py
[2026-04-02T09:26:15.810+0000] {processor.py:914} INFO - Processing file /opt/airflow/dags/keycloak/setup_keycloak.py for tasks to queue
[2026-04-02T09:26:15.811+0000] {logging_mixin.py:190} INFO - [2026-04-02T09:26:15.811+0000] {dagbag.py:588} INFO - Filling up the DagBag from /opt/airflow/dags/keycloak/setup_keycloak.py
[2026-04-02T09:26:15.820+0000] {processor.py:925} INFO - DAG(s) 'keycloak_setup' retrieved from /opt/airflow/dags/keycloak/setup_keycloak.py
[2026-04-02T09:26:15.843+0000] {logging_mixin.py:190} INFO - [2026-04-02T09:26:15.842+0000] {dag.py:3239} INFO - Sync 1 DAGs
[2026-04-02T09:26:15.854+0000] {logging_mixin.py:190} INFO - [2026-04-02T09:26:15.853+0000] {dag.py:4180} INFO - Setting next_dagrun for keycloak_setup to None, run_after=None
[2026-04-02T09:26:15.866+0000] {processor.py:208} INFO - Processing /opt/airflow/dags/keycloak/setup_keycloak.py took 0.062 seconds
[2026-04-02T09:26:46.077+0000] {processor.py:186} INFO - Started process (PID=1505) to work on /opt/airflow/dags/keycloak/setup_keycloak.py
[2026-04-02T09:26:46.078+0000] {processor.py:914} INFO - Processing file /opt/airflow/dags/keycloak/setup_keycloak.py for tasks to queue
[2026-04-02T09:26:46.080+0000] {logging_mixin.py:190} INFO - [2026-04-02T09:26:46.079+0000] {dagbag.py:588} INFO - Filling up the DagBag from /opt/airflow/dags/keycloak/setup_keycloak.py
[2026-04-02T09:26:46.089+0000] {processor.py:925} INFO - DAG(s) 'keycloak_setup' retrieved from /opt/airflow/dags/keycloak/setup_keycloak.py
[2026-04-02T09:26:46.112+0000] {logging_mixin.py:190} INFO - [2026-04-02T09:26:46.112+0000] {dag.py:3239} INFO - Sync 1 DAGs
[2026-04-02T09:26:46.123+0000] {logging_mixin.py:190} INFO - [2026-04-02T09:26:46.123+0000] {dag.py:4180} INFO - Setting next_dagrun for keycloak_setup to None, run_after=None
[2026-04-02T09:26:46.138+0000] {processor.py:208} INFO - Processing /opt/airflow/dags/keycloak/setup_keycloak.py took 0.066 seconds
[2026-04-02T09:27:16.332+0000] {processor.py:186} INFO - Started process (PID=1515) to work on /opt/airflow/dags/keycloak/setup_keycloak.py
[2026-04-02T09:27:16.351+0000] {processor.py:914} INFO - Processing file /opt/airflow/dags/keycloak/setup_keycloak.py for tasks to queue
[2026-04-02T09:27:16.352+0000] {logging_mixin.py:190} INFO - [2026-04-02T09:27:16.352+0000] {dagbag.py:588} INFO - Filling up the DagBag from /opt/airflow/dags/keycloak/setup_keycloak.py
[2026-04-02T09:27:16.360+0000] {processor.py:925} INFO - DAG(s) 'keycloak_setup' retrieved from /opt/airflow/dags/keycloak/setup_keycloak.py
[2026-04-02T09:27:16.384+0000] {logging_mixin.py:190} INFO - [2026-04-02T09:27:16.384+0000] {dag.py:3239} INFO - Sync 1 DAGs
[2026-04-02T09:27:16.394+0000] {logging_mixin.py:190} INFO - [2026-04-02T09:27:16.394+0000] {dag.py:4180} INFO - Setting next_dagrun for keycloak_setup to None, run_after=None
[2026-04-02T09:27:16.407+0000] {processor.py:208} INFO - Processing /opt/airflow/dags/keycloak/setup_keycloak.py took 0.079 seconds
[2026-04-02T09:27:46.643+0000] {processor.py:186} INFO - Started process (PID=1525) to work on /opt/airflow/dags/keycloak/setup_keycloak.py
[2026-04-02T09:27:46.643+0000] {processor.py:914} INFO - Processing file /opt/airflow/dags/keycloak/setup_keycloak.py for tasks to queue
[2026-04-02T09:27:46.645+0000] {logging_mixin.py:190} INFO - [2026-04-02T09:27:46.645+0000] {dagbag.py:588} INFO - Filling up the DagBag from /opt/airflow/dags/keycloak/setup_keycloak.py
[2026-04-02T09:27:46.653+0000] {processor.py:925} INFO - DAG(s) 'keycloak_setup' retrieved from /opt/airflow/dags/keycloak/setup_keycloak.py
[2026-04-02T09:27:46.676+0000] {logging_mixin.py:190} INFO - [2026-04-02T09:27:46.675+0000] {dag.py:3239} INFO - Sync 1 DAGs
[2026-04-02T09:27:46.686+0000] {logging_mixin.py:190} INFO - [2026-04-02T09:27:46.686+0000] {dag.py:4180} INFO - Setting next_dagrun for keycloak_setup to None, run_after=None
[2026-04-02T09:27:46.700+0000] {processor.py:208} INFO - Processing /opt/airflow/dags/keycloak/setup_keycloak.py took 0.061 seconds
[2026-04-02T09:28:16.939+0000] {processor.py:186} INFO - Started process (PID=1535) to work on /opt/airflow/dags/keycloak/setup_keycloak.py
[2026-04-02T09:28:16.957+0000] {processor.py:914} INFO - Processing file /opt/airflow/dags/keycloak/setup_keycloak.py for tasks to queue
[2026-04-02T09:28:16.959+0000] {logging_mixin.py:190} INFO - [2026-04-02T09:28:16.959+0000] {dagbag.py:588} INFO - Filling up the DagBag from /opt/airflow/dags/keycloak/setup_keycloak.py
[2026-04-02T09:28:16.966+0000] {processor.py:925} INFO - DAG(s) 'keycloak_setup' retrieved from /opt/airflow/dags/keycloak/setup_keycloak.py
[2026-04-02T09:28:16.988+0000] {logging_mixin.py:190} INFO - [2026-04-02T09:28:16.988+0000] {dag.py:3239} INFO - Sync 1 DAGs
[2026-04-02T09:28:16.999+0000] {logging_mixin.py:190} INFO - [2026-04-02T09:28:16.999+0000] {dag.py:4180} INFO - Setting next_dagrun for keycloak_setup to None, run_after=None
[2026-04-02T09:28:17.014+0000] {processor.py:208} INFO - Processing /opt/airflow/dags/keycloak/setup_keycloak.py took 0.079 seconds
[2026-04-02T09:28:47.216+0000] {processor.py:186} INFO - Started process (PID=1545) to work on /opt/airflow/dags/keycloak/setup_keycloak.py
[2026-04-02T09:28:47.217+0000] {processor.py:914} INFO - Processing file /opt/airflow/dags/keycloak/setup_keycloak.py for tasks to queue
[2026-04-02T09:28:47.219+0000] {logging_mixin.py:190} INFO - [2026-04-02T09:28:47.219+0000] {dagbag.py:588} INFO - Filling up the DagBag from /opt/airflow/dags/keycloak/setup_keycloak.py
[2026-04-02T09:28:47.229+0000] {processor.py:925} INFO - DAG(s) 'keycloak_setup' retrieved from /opt/airflow/dags/keycloak/setup_keycloak.py
[2026-04-02T09:28:47.252+0000] {logging_mixin.py:190} INFO - [2026-04-02T09:28:47.252+0000] {dag.py:3239} INFO - Sync 1 DAGs
[2026-04-02T09:28:47.263+0000] {logging_mixin.py:190} INFO - [2026-04-02T09:28:47.263+0000] {dag.py:4180} INFO - Setting next_dagrun for keycloak_setup to None, run_after=None
[2026-04-02T09:28:47.279+0000] {processor.py:208} INFO - Processing /opt/airflow/dags/keycloak/setup_keycloak.py took 0.067 seconds
[2026-04-02T09:29:17.509+0000] {processor.py:186} INFO - Started process (PID=1555) to work on /opt/airflow/dags/keycloak/setup_keycloak.py
[2026-04-02T09:29:17.510+0000] {processor.py:914} INFO - Processing file /opt/airflow/dags/keycloak/setup_keycloak.py for tasks to queue
[2026-04-02T09:29:17.512+0000] {logging_mixin.py:190} INFO - [2026-04-02T09:29:17.511+0000] {dagbag.py:588} INFO - Filling up the DagBag from /opt/airflow/dags/keycloak/setup_keycloak.py
[2026-04-02T09:29:17.519+0000] {processor.py:925} INFO - DAG(s) 'keycloak_setup' retrieved from /opt/airflow/dags/keycloak/setup_keycloak.py
[2026-04-02T09:29:17.542+0000] {logging_mixin.py:190} INFO - [2026-04-02T09:29:17.542+0000] {dag.py:3239} INFO - Sync 1 DAGs
[2026-04-02T09:29:17.694+0000] {logging_mixin.py:190} INFO - [2026-04-02T09:29:17.694+0000] {dag.py:4180} INFO - Setting next_dagrun for keycloak_setup to None, run_after=None
[2026-04-02T09:29:17.709+0000] {processor.py:208} INFO - Processing /opt/airflow/dags/keycloak/setup_keycloak.py took 0.204 seconds
[2026-04-02T09:29:47.815+0000] {processor.py:186} INFO - Started process (PID=1565) to work on /opt/airflow/dags/keycloak/setup_keycloak.py
[2026-04-02T09:29:47.815+0000] {processor.py:914} INFO - Processing file /opt/airflow/dags/keycloak/setup_keycloak.py for tasks to queue
[2026-04-02T09:29:47.817+0000] {logging_mixin.py:190} INFO - [2026-04-02T09:29:47.817+0000] {dagbag.py:588} INFO - Filling up the DagBag from /opt/airflow/dags/keycloak/setup_keycloak.py
[2026-04-02T09:29:47.825+0000] {processor.py:925} INFO - DAG(s) 'keycloak_setup' retrieved from /opt/airflow/dags/keycloak/setup_keycloak.py
[2026-04-02T09:29:47.849+0000] {logging_mixin.py:190} INFO - [2026-04-02T09:29:47.849+0000] {dag.py:3239} INFO - Sync 1 DAGs
[2026-04-02T09:29:47.860+0000] {logging_mixin.py:190} INFO - [2026-04-02T09:29:47.860+0000] {dag.py:4180} INFO - Setting next_dagrun for keycloak_setup to None, run_after=None
[2026-04-02T09:29:47.875+0000] {processor.py:208} INFO - Processing /opt/airflow/dags/keycloak/setup_keycloak.py took 0.064 seconds
[2026-04-02T09:30:18.107+0000] {processor.py:186} INFO - Started process (PID=1575) to work on /opt/airflow/dags/keycloak/setup_keycloak.py
[2026-04-02T09:30:18.124+0000] {processor.py:914} INFO - Processing file /opt/airflow/dags/keycloak/setup_keycloak.py for tasks to queue
[2026-04-02T09:30:18.126+0000] {logging_mixin.py:190} INFO - [2026-04-02T09:30:18.126+0000] {dagbag.py:588} INFO - Filling up the DagBag from /opt/airflow/dags/keycloak/setup_keycloak.py
[2026-04-02T09:30:18.133+0000] {processor.py:925} INFO - DAG(s) 'keycloak_setup' retrieved from /opt/airflow/dags/keycloak/setup_keycloak.py
[2026-04-02T09:30:18.155+0000] {logging_mixin.py:190} INFO - [2026-04-02T09:30:18.155+0000] {dag.py:3239} INFO - Sync 1 DAGs
[2026-04-02T09:30:18.166+0000] {logging_mixin.py:190} INFO - [2026-04-02T09:30:18.166+0000] {dag.py:4180} INFO - Setting next_dagrun for keycloak_setup to None, run_after=None
[2026-04-02T09:30:18.181+0000] {processor.py:208} INFO - Processing /opt/airflow/dags/keycloak/setup_keycloak.py took 0.078 seconds
[2026-04-02T09:30:48.393+0000] {processor.py:186} INFO - Started process (PID=1585) to work on /opt/airflow/dags/keycloak/setup_keycloak.py
[2026-04-02T09:30:48.393+0000] {processor.py:914} INFO - Processing file /opt/airflow/dags/keycloak/setup_keycloak.py for tasks to queue
[2026-04-02T09:30:48.395+0000] {logging_mixin.py:190} INFO - [2026-04-02T09:30:48.394+0000] {dagbag.py:588} INFO - Filling up the DagBag from /opt/airflow/dags/keycloak/setup_keycloak.py
[2026-04-02T09:30:48.402+0000] {processor.py:925} INFO - DAG(s) 'keycloak_setup' retrieved from /opt/airflow/dags/keycloak/setup_keycloak.py
[2026-04-02T09:30:48.427+0000] {logging_mixin.py:190} INFO - [2026-04-02T09:30:48.426+0000] {dag.py:3239} INFO - Sync 1 DAGs
[2026-04-02T09:30:48.437+0000] {logging_mixin.py:190} INFO - [2026-04-02T09:30:48.437+0000] {dag.py:4180} INFO - Setting next_dagrun for keycloak_setup to None, run_after=None
[2026-04-02T09:30:48.453+0000] {processor.py:208} INFO - Processing /opt/airflow/dags/keycloak/setup_keycloak.py took 0.065 seconds
[2026-04-02T09:31:18.645+0000] {processor.py:186} INFO - Started process (PID=1595) to work on /opt/airflow/dags/keycloak/setup_keycloak.py
[2026-04-02T09:31:18.663+0000] {processor.py:914} INFO - Processing file /opt/airflow/dags/keycloak/setup_keycloak.py for tasks to queue
[2026-04-02T09:31:18.665+0000] {logging_mixin.py:190} INFO - [2026-04-02T09:31:18.664+0000] {dagbag.py:588} INFO - Filling up the DagBag from /opt/airflow/dags/keycloak/setup_keycloak.py
[2026-04-02T09:31:18.674+0000] {processor.py:925} INFO - DAG(s) 'keycloak_setup' retrieved from /opt/airflow/dags/keycloak/setup_keycloak.py
[2026-04-02T09:31:18.697+0000] {logging_mixin.py:190} INFO - [2026-04-02T09:31:18.697+0000] {dag.py:3239} INFO - Sync 1 DAGs
[2026-04-02T09:31:18.846+0000] {logging_mixin.py:190} INFO - [2026-04-02T09:31:18.845+0000] {dag.py:4180} INFO - Setting next_dagrun for keycloak_setup to None, run_after=None
[2026-04-02T09:31:18.859+0000] {processor.py:208} INFO - Processing /opt/airflow/dags/keycloak/setup_keycloak.py took 0.220 seconds
[2026-04-02T09:31:49.062+0000] {processor.py:186} INFO - Started process (PID=1605) to work on /opt/airflow/dags/keycloak/setup_keycloak.py
[2026-04-02T09:31:49.062+0000] {processor.py:914} INFO - Processing file /opt/airflow/dags/keycloak/setup_keycloak.py for tasks to queue
[2026-04-02T09:31:49.064+0000] {logging_mixin.py:190} INFO - [2026-04-02T09:31:49.064+0000] {dagbag.py:588} INFO - Filling up the DagBag from /opt/airflow/dags/keycloak/setup_keycloak.py
[2026-04-02T09:31:49.072+0000] {processor.py:925} INFO - DAG(s) 'keycloak_setup' retrieved from /opt/airflow/dags/keycloak/setup_keycloak.py
[2026-04-02T09:31:49.098+0000] {logging_mixin.py:190} INFO - [2026-04-02T09:31:49.098+0000] {dag.py:3239} INFO - Sync 1 DAGs
[2026-04-02T09:31:49.111+0000] {logging_mixin.py:190} INFO - [2026-04-02T09:31:49.111+0000] {dag.py:4180} INFO - Setting next_dagrun for keycloak_setup to None, run_after=None
[2026-04-02T09:31:49.126+0000] {processor.py:208} INFO - Processing /opt/airflow/dags/keycloak/setup_keycloak.py took 0.069 seconds
[2026-04-02T09:32:19.322+0000] {processor.py:186} INFO - Started process (PID=1615) to work on /opt/airflow/dags/keycloak/setup_keycloak.py
[2026-04-02T09:32:19.323+0000] {processor.py:914} INFO - Processing file /opt/airflow/dags/keycloak/setup_keycloak.py for tasks to queue
[2026-04-02T09:32:19.325+0000] {logging_mixin.py:190} INFO - [2026-04-02T09:32:19.325+0000] {dagbag.py:588} INFO - Filling up the DagBag from /opt/airflow/dags/keycloak/setup_keycloak.py
[2026-04-02T09:32:19.333+0000] {processor.py:925} INFO - DAG(s) 'keycloak_setup' retrieved from /opt/airflow/dags/keycloak/setup_keycloak.py
[2026-04-02T09:32:19.355+0000] {logging_mixin.py:190} INFO - [2026-04-02T09:32:19.355+0000] {dag.py:3239} INFO - Sync 1 DAGs
[2026-04-02T09:32:19.368+0000] {logging_mixin.py:190} INFO - [2026-04-02T09:32:19.367+0000] {dag.py:4180} INFO - Setting next_dagrun for keycloak_setup to None, run_after=None
[2026-04-02T09:32:19.381+0000] {processor.py:208} INFO - Processing /opt/airflow/dags/keycloak/setup_keycloak.py took 0.063 seconds
[2026-04-02T09:32:49.602+0000] {processor.py:186} INFO - Started process (PID=1625) to work on /opt/airflow/dags/keycloak/setup_keycloak.py
[2026-04-02T09:32:49.603+0000] {processor.py:914} INFO - Processing file /opt/airflow/dags/keycloak/setup_keycloak.py for tasks to queue
[2026-04-02T09:32:49.605+0000] {logging_mixin.py:190} INFO - [2026-04-02T09:32:49.604+0000] {dagbag.py:588} INFO - Filling up the DagBag from /opt/airflow/dags/keycloak/setup_keycloak.py
[2026-04-02T09:32:49.613+0000] {processor.py:925} INFO - DAG(s) 'keycloak_setup' retrieved from /opt/airflow/dags/keycloak/setup_keycloak.py
[2026-04-02T09:32:49.637+0000] {logging_mixin.py:190} INFO - [2026-04-02T09:32:49.637+0000] {dag.py:3239} INFO - Sync 1 DAGs
[2026-04-02T09:32:49.647+0000] {logging_mixin.py:190} INFO - [2026-04-02T09:32:49.647+0000] {dag.py:4180} INFO - Setting next_dagrun for keycloak_setup to None, run_after=None
[2026-04-02T09:32:49.662+0000] {processor.py:208} INFO - Processing /opt/airflow/dags/keycloak/setup_keycloak.py took 0.063 seconds
[2026-04-02T09:33:19.896+0000] {processor.py:186} INFO - Started process (PID=1635) to work on /opt/airflow/dags/keycloak/setup_keycloak.py
[2026-04-02T09:33:19.897+0000] {processor.py:914} INFO - Processing file /opt/airflow/dags/keycloak/setup_keycloak.py for tasks to queue
[2026-04-02T09:33:19.899+0000] {logging_mixin.py:190} INFO - [2026-04-02T09:33:19.899+0000] {dagbag.py:588} INFO - Filling up the DagBag from /opt/airflow/dags/keycloak/setup_keycloak.py
[2026-04-02T09:33:19.912+0000] {processor.py:925} INFO - DAG(s) 'keycloak_setup' retrieved from /opt/airflow/dags/keycloak/setup_keycloak.py
[2026-04-02T09:33:19.944+0000] {logging_mixin.py:190} INFO - [2026-04-02T09:33:19.944+0000] {dag.py:3239} INFO - Sync 1 DAGs
[2026-04-02T09:33:20.092+0000] {logging_mixin.py:190} INFO - [2026-04-02T09:33:20.092+0000] {dag.py:4180} INFO - Setting next_dagrun for keycloak_setup to None, run_after=None
[2026-04-02T09:33:20.106+0000] {processor.py:208} INFO - Processing /opt/airflow/dags/keycloak/setup_keycloak.py took 0.216 seconds
[2026-04-02T09:33:50.322+0000] {processor.py:186} INFO - Started process (PID=1645) to work on /opt/airflow/dags/keycloak/setup_keycloak.py
[2026-04-02T09:33:50.323+0000] {processor.py:914} INFO - Processing file /opt/airflow/dags/keycloak/setup_keycloak.py for tasks to queue
[2026-04-02T09:33:50.324+0000] {logging_mixin.py:190} INFO - [2026-04-02T09:33:50.324+0000] {dagbag.py:588} INFO - Filling up the DagBag from /opt/airflow/dags/keycloak/setup_keycloak.py
[2026-04-02T09:33:50.333+0000] {processor.py:925} INFO - DAG(s) 'keycloak_setup' retrieved from /opt/airflow/dags/keycloak/setup_keycloak.py
[2026-04-02T09:33:50.358+0000] {logging_mixin.py:190} INFO - [2026-04-02T09:33:50.358+0000] {dag.py:3239} INFO - Sync 1 DAGs
[2026-04-02T09:33:50.370+0000] {logging_mixin.py:190} INFO - [2026-04-02T09:33:50.370+0000] {dag.py:4180} INFO - Setting next_dagrun for keycloak_setup to None, run_after=None
[2026-04-02T09:33:50.386+0000] {processor.py:208} INFO - Processing /opt/airflow/dags/keycloak/setup_keycloak.py took 0.068 seconds
[2026-04-02T09:34:20.546+0000] {processor.py:186} INFO - Started process (PID=1655) to work on /opt/airflow/dags/keycloak/setup_keycloak.py
[2026-04-02T09:34:20.548+0000] {processor.py:914} INFO - Processing file /opt/airflow/dags/keycloak/setup_keycloak.py for tasks to queue
[2026-04-02T09:34:20.550+0000] {logging_mixin.py:190} INFO - [2026-04-02T09:34:20.549+0000] {dagbag.py:588} INFO - Filling up the DagBag from /opt/airflow/dags/keycloak/setup_keycloak.py
[2026-04-02T09:34:20.563+0000] {processor.py:925} INFO - DAG(s) 'keycloak_setup' retrieved from /opt/airflow/dags/keycloak/setup_keycloak.py
[2026-04-02T09:34:20.594+0000] {logging_mixin.py:190} INFO - [2026-04-02T09:34:20.593+0000] {dag.py:3239} INFO - Sync 1 DAGs
[2026-04-02T09:34:20.604+0000] {logging_mixin.py:190} INFO - [2026-04-02T09:34:20.604+0000] {dag.py:4180} INFO - Setting next_dagrun for keycloak_setup to None, run_after=None
[2026-04-02T09:34:20.617+0000] {processor.py:208} INFO - Processing /opt/airflow/dags/keycloak/setup_keycloak.py took 0.076 seconds
[2026-04-02T09:34:50.813+0000] {processor.py:186} INFO - Started process (PID=1665) to work on /opt/airflow/dags/keycloak/setup_keycloak.py
[2026-04-02T09:34:50.814+0000] {processor.py:914} INFO - Processing file /opt/airflow/dags/keycloak/setup_keycloak.py for tasks to queue
[2026-04-02T09:34:50.815+0000] {logging_mixin.py:190} INFO - [2026-04-02T09:34:50.815+0000] {dagbag.py:588} INFO - Filling up the DagBag from /opt/airflow/dags/keycloak/setup_keycloak.py
[2026-04-02T09:34:50.824+0000] {processor.py:925} INFO - DAG(s) 'keycloak_setup' retrieved from /opt/airflow/dags/keycloak/setup_keycloak.py
[2026-04-02T09:34:50.850+0000] {logging_mixin.py:190} INFO - [2026-04-02T09:34:50.849+0000] {dag.py:3239} INFO - Sync 1 DAGs
[2026-04-02T09:34:50.861+0000] {logging_mixin.py:190} INFO - [2026-04-02T09:34:50.861+0000] {dag.py:4180} INFO - Setting next_dagrun for keycloak_setup to None, run_after=None
[2026-04-02T09:34:50.876+0000] {processor.py:208} INFO - Processing /opt/airflow/dags/keycloak/setup_keycloak.py took 0.067 seconds
[2026-04-02T09:35:21.105+0000] {processor.py:186} INFO - Started process (PID=1675) to work on /opt/airflow/dags/keycloak/setup_keycloak.py
[2026-04-02T09:35:21.106+0000] {processor.py:914} INFO - Processing file /opt/airflow/dags/keycloak/setup_keycloak.py for tasks to queue
[2026-04-02T09:35:21.108+0000] {logging_mixin.py:190} INFO - [2026-04-02T09:35:21.107+0000] {dagbag.py:588} INFO - Filling up the DagBag from /opt/airflow/dags/keycloak/setup_keycloak.py
[2026-04-02T09:35:21.121+0000] {processor.py:925} INFO - DAG(s) 'keycloak_setup' retrieved from /opt/airflow/dags/keycloak/setup_keycloak.py
[2026-04-02T09:35:21.152+0000] {logging_mixin.py:190} INFO - [2026-04-02T09:35:21.152+0000] {dag.py:3239} INFO - Sync 1 DAGs
[2026-04-02T09:35:21.296+0000] {logging_mixin.py:190} INFO - [2026-04-02T09:35:21.296+0000] {dag.py:4180} INFO - Setting next_dagrun for keycloak_setup to None, run_after=None
[2026-04-02T09:35:21.311+0000] {processor.py:208} INFO - Processing /opt/airflow/dags/keycloak/setup_keycloak.py took 0.211 seconds
[2026-04-02T09:35:51.557+0000] {processor.py:186} INFO - Started process (PID=1685) to work on /opt/airflow/dags/keycloak/setup_keycloak.py
[2026-04-02T09:35:51.558+0000] {processor.py:914} INFO - Processing file /opt/airflow/dags/keycloak/setup_keycloak.py for tasks to queue
[2026-04-02T09:35:51.560+0000] {logging_mixin.py:190} INFO - [2026-04-02T09:35:51.560+0000] {dagbag.py:588} INFO - Filling up the DagBag from /opt/airflow/dags/keycloak/setup_keycloak.py
[2026-04-02T09:35:51.567+0000] {processor.py:925} INFO - DAG(s) 'keycloak_setup' retrieved from /opt/airflow/dags/keycloak/setup_keycloak.py
[2026-04-02T09:35:51.590+0000] {logging_mixin.py:190} INFO - [2026-04-02T09:35:51.590+0000] {dag.py:3239} INFO - Sync 1 DAGs
[2026-04-02T09:35:51.601+0000] {logging_mixin.py:190} INFO - [2026-04-02T09:35:51.601+0000] {dag.py:4180} INFO - Setting next_dagrun for keycloak_setup to None, run_after=None
[2026-04-02T09:35:51.615+0000] {processor.py:208} INFO - Processing /opt/airflow/dags/keycloak/setup_keycloak.py took 0.062 seconds
[2026-04-02T09:36:21.824+0000] {processor.py:186} INFO - Started process (PID=1695) to work on /opt/airflow/dags/keycloak/setup_keycloak.py
[2026-04-02T09:36:21.826+0000] {processor.py:914} INFO - Processing file /opt/airflow/dags/keycloak/setup_keycloak.py for tasks to queue
[2026-04-02T09:36:21.828+0000] {logging_mixin.py:190} INFO - [2026-04-02T09:36:21.827+0000] {dagbag.py:588} INFO - Filling up the DagBag from /opt/airflow/dags/keycloak/setup_keycloak.py
[2026-04-02T09:36:21.842+0000] {processor.py:925} INFO - DAG(s) 'keycloak_setup' retrieved from /opt/airflow/dags/keycloak/setup_keycloak.py
[2026-04-02T09:36:21.877+0000] {logging_mixin.py:190} INFO - [2026-04-02T09:36:21.876+0000] {dag.py:3239} INFO - Sync 1 DAGs
[2026-04-02T09:36:21.888+0000] {logging_mixin.py:190} INFO - [2026-04-02T09:36:21.888+0000] {dag.py:4180} INFO - Setting next_dagrun for keycloak_setup to None, run_after=None
[2026-04-02T09:36:21.906+0000] {processor.py:208} INFO - Processing /opt/airflow/dags/keycloak/setup_keycloak.py took 0.087 seconds
[2026-04-02T09:36:52.121+0000] {processor.py:186} INFO - Started process (PID=1705) to work on /opt/airflow/dags/keycloak/setup_keycloak.py
[2026-04-02T09:36:52.140+0000] {processor.py:914} INFO - Processing file /opt/airflow/dags/keycloak/setup_keycloak.py for tasks to queue
[2026-04-02T09:36:52.142+0000] {logging_mixin.py:190} INFO - [2026-04-02T09:36:52.141+0000] {dagbag.py:588} INFO - Filling up the DagBag from /opt/airflow/dags/keycloak/setup_keycloak.py
[2026-04-02T09:36:52.150+0000] {processor.py:925} INFO - DAG(s) 'keycloak_setup' retrieved from /opt/airflow/dags/keycloak/setup_keycloak.py
[2026-04-02T09:36:52.177+0000] {logging_mixin.py:190} INFO - [2026-04-02T09:36:52.176+0000] {dag.py:3239} INFO - Sync 1 DAGs
[2026-04-02T09:36:52.188+0000] {logging_mixin.py:190} INFO - [2026-04-02T09:36:52.187+0000] {dag.py:4180} INFO - Setting next_dagrun for keycloak_setup to None, run_after=None
[2026-04-02T09:36:52.204+0000] {processor.py:208} INFO - Processing /opt/airflow/dags/keycloak/setup_keycloak.py took 0.088 seconds
[2026-04-02T09:37:22.394+0000] {processor.py:186} INFO - Started process (PID=1715) to work on /opt/airflow/dags/keycloak/setup_keycloak.py
[2026-04-02T09:37:22.408+0000] {processor.py:914} INFO - Processing file /opt/airflow/dags/keycloak/setup_keycloak.py for tasks to queue
[2026-04-02T09:37:22.410+0000] {logging_mixin.py:190} INFO - [2026-04-02T09:37:22.409+0000] {dagbag.py:588} INFO - Filling up the DagBag from /opt/airflow/dags/keycloak/setup_keycloak.py
[2026-04-02T09:37:22.427+0000] {processor.py:925} INFO - DAG(s) 'keycloak_setup' retrieved from /opt/airflow/dags/keycloak/setup_keycloak.py
[2026-04-02T09:37:22.459+0000] {logging_mixin.py:190} INFO - [2026-04-02T09:37:22.458+0000] {dag.py:3239} INFO - Sync 1 DAGs
[2026-04-02T09:37:22.606+0000] {logging_mixin.py:190} INFO - [2026-04-02T09:37:22.606+0000] {dag.py:4180} INFO - Setting next_dagrun for keycloak_setup to None, run_after=None
[2026-04-02T09:37:22.620+0000] {processor.py:208} INFO - Processing /opt/airflow/dags/keycloak/setup_keycloak.py took 0.230 seconds
[2026-04-02T09:37:52.821+0000] {processor.py:186} INFO - Started process (PID=1725) to work on /opt/airflow/dags/keycloak/setup_keycloak.py
[2026-04-02T09:37:52.823+0000] {processor.py:914} INFO - Processing file /opt/airflow/dags/keycloak/setup_keycloak.py for tasks to queue
[2026-04-02T09:37:52.824+0000] {logging_mixin.py:190} INFO - [2026-04-02T09:37:52.824+0000] {dagbag.py:588} INFO - Filling up the DagBag from /opt/airflow/dags/keycloak/setup_keycloak.py
[2026-04-02T09:37:52.832+0000] {processor.py:925} INFO - DAG(s) 'keycloak_setup' retrieved from /opt/airflow/dags/keycloak/setup_keycloak.py
[2026-04-02T09:37:52.857+0000] {logging_mixin.py:190} INFO - [2026-04-02T09:37:52.857+0000] {dag.py:3239} INFO - Sync 1 DAGs
[2026-04-02T09:37:52.870+0000] {logging_mixin.py:190} INFO - [2026-04-02T09:37:52.870+0000] {dag.py:4180} INFO - Setting next_dagrun for keycloak_setup to None, run_after=None
[2026-04-02T09:37:52.887+0000] {processor.py:208} INFO - Processing /opt/airflow/dags/keycloak/setup_keycloak.py took 0.071 seconds
[2026-04-02T09:38:23.100+0000] {processor.py:186} INFO - Started process (PID=1735) to work on /opt/airflow/dags/keycloak/setup_keycloak.py
[2026-04-02T09:38:23.101+0000] {processor.py:914} INFO - Processing file /opt/airflow/dags/keycloak/setup_keycloak.py for tasks to queue
[2026-04-02T09:38:23.103+0000] {logging_mixin.py:190} INFO - [2026-04-02T09:38:23.102+0000] {dagbag.py:588} INFO - Filling up the DagBag from /opt/airflow/dags/keycloak/setup_keycloak.py
[2026-04-02T09:38:23.116+0000] {processor.py:925} INFO - DAG(s) 'keycloak_setup' retrieved from /opt/airflow/dags/keycloak/setup_keycloak.py
[2026-04-02T09:38:23.143+0000] {logging_mixin.py:190} INFO - [2026-04-02T09:38:23.142+0000] {dag.py:3239} INFO - Sync 1 DAGs
[2026-04-02T09:38:23.152+0000] {logging_mixin.py:190} INFO - [2026-04-02T09:38:23.152+0000] {dag.py:4180} INFO - Setting next_dagrun for keycloak_setup to None, run_after=None
[2026-04-02T09:38:23.168+0000] {processor.py:208} INFO - Processing /opt/airflow/dags/keycloak/setup_keycloak.py took 0.072 seconds
[2026-04-02T09:38:53.386+0000] {processor.py:186} INFO - Started process (PID=1745) to work on /opt/airflow/dags/keycloak/setup_keycloak.py
[2026-04-02T09:38:53.388+0000] {processor.py:914} INFO - Processing file /opt/airflow/dags/keycloak/setup_keycloak.py for tasks to queue
[2026-04-02T09:38:53.389+0000] {logging_mixin.py:190} INFO - [2026-04-02T09:38:53.389+0000] {dagbag.py:588} INFO - Filling up the DagBag from /opt/airflow/dags/keycloak/setup_keycloak.py
[2026-04-02T09:38:53.397+0000] {processor.py:925} INFO - DAG(s) 'keycloak_setup' retrieved from /opt/airflow/dags/keycloak/setup_keycloak.py
[2026-04-02T09:38:53.420+0000] {logging_mixin.py:190} INFO - [2026-04-02T09:38:53.419+0000] {dag.py:3239} INFO - Sync 1 DAGs
[2026-04-02T09:38:53.430+0000] {logging_mixin.py:190} INFO - [2026-04-02T09:38:53.430+0000] {dag.py:4180} INFO - Setting next_dagrun for keycloak_setup to None, run_after=None
[2026-04-02T09:38:53.444+0000] {processor.py:208} INFO - Processing /opt/airflow/dags/keycloak/setup_keycloak.py took 0.061 seconds
[2026-04-02T09:39:23.690+0000] {processor.py:186} INFO - Started process (PID=1755) to work on /opt/airflow/dags/keycloak/setup_keycloak.py
[2026-04-02T09:39:23.690+0000] {processor.py:914} INFO - Processing file /opt/airflow/dags/keycloak/setup_keycloak.py for tasks to queue
[2026-04-02T09:39:23.692+0000] {logging_mixin.py:190} INFO - [2026-04-02T09:39:23.692+0000] {dagbag.py:588} INFO - Filling up the DagBag from /opt/airflow/dags/keycloak/setup_keycloak.py
[2026-04-02T09:39:23.699+0000] {processor.py:925} INFO - DAG(s) 'keycloak_setup' retrieved from /opt/airflow/dags/keycloak/setup_keycloak.py
[2026-04-02T09:39:23.725+0000] {logging_mixin.py:190} INFO - [2026-04-02T09:39:23.724+0000] {dag.py:3239} INFO - Sync 1 DAGs
[2026-04-02T09:39:23.872+0000] {logging_mixin.py:190} INFO - [2026-04-02T09:39:23.871+0000] {dag.py:4180} INFO - Setting next_dagrun for keycloak_setup to None, run_after=None
[2026-04-02T09:39:23.885+0000] {processor.py:208} INFO - Processing /opt/airflow/dags/keycloak/setup_keycloak.py took 0.200 seconds
[2026-04-02T09:39:54.119+0000] {processor.py:186} INFO - Started process (PID=1765) to work on /opt/airflow/dags/keycloak/setup_keycloak.py
[2026-04-02T09:39:54.136+0000] {processor.py:914} INFO - Processing file /opt/airflow/dags/keycloak/setup_keycloak.py for tasks to queue
[2026-04-02T09:39:54.138+0000] {logging_mixin.py:190} INFO - [2026-04-02T09:39:54.138+0000] {dagbag.py:588} INFO - Filling up the DagBag from /opt/airflow/dags/keycloak/setup_keycloak.py
[2026-04-02T09:39:54.146+0000] {processor.py:925} INFO - DAG(s) 'keycloak_setup' retrieved from /opt/airflow/dags/keycloak/setup_keycloak.py
[2026-04-02T09:39:54.169+0000] {logging_mixin.py:190} INFO - [2026-04-02T09:39:54.169+0000] {dag.py:3239} INFO - Sync 1 DAGs
[2026-04-02T09:39:54.181+0000] {logging_mixin.py:190} INFO - [2026-04-02T09:39:54.180+0000] {dag.py:4180} INFO - Setting next_dagrun for keycloak_setup to None, run_after=None
[2026-04-02T09:39:54.195+0000] {processor.py:208} INFO - Processing /opt/airflow/dags/keycloak/setup_keycloak.py took 0.080 seconds
[2026-04-02T09:40:24.419+0000] {processor.py:186} INFO - Started process (PID=1775) to work on /opt/airflow/dags/keycloak/setup_keycloak.py
[2026-04-02T09:40:24.420+0000] {processor.py:914} INFO - Processing file /opt/airflow/dags/keycloak/setup_keycloak.py for tasks to queue
[2026-04-02T09:40:24.422+0000] {logging_mixin.py:190} INFO - [2026-04-02T09:40:24.422+0000] {dagbag.py:588} INFO - Filling up the DagBag from /opt/airflow/dags/keycloak/setup_keycloak.py
[2026-04-02T09:40:24.434+0000] {processor.py:925} INFO - DAG(s) 'keycloak_setup' retrieved from /opt/airflow/dags/keycloak/setup_keycloak.py
[2026-04-02T09:40:24.460+0000] {logging_mixin.py:190} INFO - [2026-04-02T09:40:24.460+0000] {dag.py:3239} INFO - Sync 1 DAGs
[2026-04-02T09:40:24.471+0000] {logging_mixin.py:190} INFO - [2026-04-02T09:40:24.470+0000] {dag.py:4180} INFO - Setting next_dagrun for keycloak_setup to None, run_after=None
[2026-04-02T09:40:24.483+0000] {processor.py:208} INFO - Processing /opt/airflow/dags/keycloak/setup_keycloak.py took 0.069 seconds
[2026-04-02T09:40:54.710+0000] {processor.py:186} INFO - Started process (PID=1785) to work on /opt/airflow/dags/keycloak/setup_keycloak.py
[2026-04-02T09:40:54.711+0000] {processor.py:914} INFO - Processing file /opt/airflow/dags/keycloak/setup_keycloak.py for tasks to queue
[2026-04-02T09:40:54.714+0000] {logging_mixin.py:190} INFO - [2026-04-02T09:40:54.713+0000] {dagbag.py:588} INFO - Filling up the DagBag from /opt/airflow/dags/keycloak/setup_keycloak.py
[2026-04-02T09:40:54.725+0000] {processor.py:925} INFO - DAG(s) 'keycloak_setup' retrieved from /opt/airflow/dags/keycloak/setup_keycloak.py
[2026-04-02T09:40:54.757+0000] {logging_mixin.py:190} INFO - [2026-04-02T09:40:54.756+0000] {dag.py:3239} INFO - Sync 1 DAGs
[2026-04-02T09:40:54.769+0000] {logging_mixin.py:190} INFO - [2026-04-02T09:40:54.769+0000] {dag.py:4180} INFO - Setting next_dagrun for keycloak_setup to None, run_after=None
[2026-04-02T09:40:54.785+0000] {processor.py:208} INFO - Processing /opt/airflow/dags/keycloak/setup_keycloak.py took 0.082 seconds
[2026-04-02T09:41:24.982+0000] {processor.py:186} INFO - Started process (PID=1795) to work on /opt/airflow/dags/keycloak/setup_keycloak.py
[2026-04-02T09:41:24.983+0000] {processor.py:914} INFO - Processing file /opt/airflow/dags/keycloak/setup_keycloak.py for tasks to queue
[2026-04-02T09:41:24.984+0000] {logging_mixin.py:190} INFO - [2026-04-02T09:41:24.984+0000] {dagbag.py:588} INFO - Filling up the DagBag from /opt/airflow/dags/keycloak/setup_keycloak.py
[2026-04-02T09:41:25.000+0000] {processor.py:925} INFO - DAG(s) 'keycloak_setup' retrieved from /opt/airflow/dags/keycloak/setup_keycloak.py
[2026-04-02T09:41:25.031+0000] {logging_mixin.py:190} INFO - [2026-04-02T09:41:25.031+0000] {dag.py:3239} INFO - Sync 1 DAGs
[2026-04-02T09:41:25.196+0000] {logging_mixin.py:190} INFO - [2026-04-02T09:41:25.196+0000] {dag.py:4180} INFO - Setting next_dagrun for keycloak_setup to None, run_after=None
[2026-04-02T09:41:25.216+0000] {processor.py:208} INFO - Processing /opt/airflow/dags/keycloak/setup_keycloak.py took 0.239 seconds
[2026-04-02T09:41:55.461+0000] {processor.py:186} INFO - Started process (PID=1805) to work on /opt/airflow/dags/keycloak/setup_keycloak.py
[2026-04-02T09:41:55.463+0000] {processor.py:914} INFO - Processing file /opt/airflow/dags/keycloak/setup_keycloak.py for tasks to queue
[2026-04-02T09:41:55.464+0000] {logging_mixin.py:190} INFO - [2026-04-02T09:41:55.464+0000] {dagbag.py:588} INFO - Filling up the DagBag from /opt/airflow/dags/keycloak/setup_keycloak.py
[2026-04-02T09:41:55.473+0000] {processor.py:925} INFO - DAG(s) 'keycloak_setup' retrieved from /opt/airflow/dags/keycloak/setup_keycloak.py
[2026-04-02T09:41:55.496+0000] {logging_mixin.py:190} INFO - [2026-04-02T09:41:55.496+0000] {dag.py:3239} INFO - Sync 1 DAGs
[2026-04-02T09:41:55.507+0000] {logging_mixin.py:190} INFO - [2026-04-02T09:41:55.506+0000] {dag.py:4180} INFO - Setting next_dagrun for keycloak_setup to None, run_after=None
[2026-04-02T09:41:55.523+0000] {processor.py:208} INFO - Processing /opt/airflow/dags/keycloak/setup_keycloak.py took 0.067 seconds
[2026-04-02T09:42:25.728+0000] {processor.py:186} INFO - Started process (PID=1815) to work on /opt/airflow/dags/keycloak/setup_keycloak.py
[2026-04-02T09:42:25.729+0000] {processor.py:914} INFO - Processing file /opt/airflow/dags/keycloak/setup_keycloak.py for tasks to queue
[2026-04-02T09:42:25.731+0000] {logging_mixin.py:190} INFO - [2026-04-02T09:42:25.731+0000] {dagbag.py:588} INFO - Filling up the DagBag from /opt/airflow/dags/keycloak/setup_keycloak.py
[2026-04-02T09:42:25.743+0000] {processor.py:925} INFO - DAG(s) 'keycloak_setup' retrieved from /opt/airflow/dags/keycloak/setup_keycloak.py
[2026-04-02T09:42:25.772+0000] {logging_mixin.py:190} INFO - [2026-04-02T09:42:25.772+0000] {dag.py:3239} INFO - Sync 1 DAGs
[2026-04-02T09:42:25.782+0000] {logging_mixin.py:190} INFO - [2026-04-02T09:42:25.782+0000] {dag.py:4180} INFO - Setting next_dagrun for keycloak_setup to None, run_after=None
[2026-04-02T09:42:25.798+0000] {processor.py:208} INFO - Processing /opt/airflow/dags/keycloak/setup_keycloak.py took 0.074 seconds
[2026-04-02T09:42:56.006+0000] {processor.py:186} INFO - Started process (PID=1825) to work on /opt/airflow/dags/keycloak/setup_keycloak.py
[2026-04-02T09:42:56.007+0000] {processor.py:914} INFO - Processing file /opt/airflow/dags/keycloak/setup_keycloak.py for tasks to queue
[2026-04-02T09:42:56.009+0000] {logging_mixin.py:190} INFO - [2026-04-02T09:42:56.008+0000] {dagbag.py:588} INFO - Filling up the DagBag from /opt/airflow/dags/keycloak/setup_keycloak.py
[2026-04-02T09:42:56.015+0000] {processor.py:925} INFO - DAG(s) 'keycloak_setup' retrieved from /opt/airflow/dags/keycloak/setup_keycloak.py
[2026-04-02T09:42:56.036+0000] {logging_mixin.py:190} INFO - [2026-04-02T09:42:56.035+0000] {dag.py:3239} INFO - Sync 1 DAGs
[2026-04-02T09:42:56.045+0000] {logging_mixin.py:190} INFO - [2026-04-02T09:42:56.045+0000] {dag.py:4180} INFO - Setting next_dagrun for keycloak_setup to None, run_after=None
[2026-04-02T09:42:56.058+0000] {processor.py:208} INFO - Processing /opt/airflow/dags/keycloak/setup_keycloak.py took 0.056 seconds
[2026-04-02T09:43:26.277+0000] {processor.py:186} INFO - Started process (PID=1835) to work on /opt/airflow/dags/keycloak/setup_keycloak.py
[2026-04-02T09:43:26.278+0000] {processor.py:914} INFO - Processing file /opt/airflow/dags/keycloak/setup_keycloak.py for tasks to queue
[2026-04-02T09:43:26.279+0000] {logging_mixin.py:190} INFO - [2026-04-02T09:43:26.279+0000] {dagbag.py:588} INFO - Filling up the DagBag from /opt/airflow/dags/keycloak/setup_keycloak.py
[2026-04-02T09:43:26.292+0000] {processor.py:925} INFO - DAG(s) 'keycloak_setup' retrieved from /opt/airflow/dags/keycloak/setup_keycloak.py
[2026-04-02T09:43:26.322+0000] {logging_mixin.py:190} INFO - [2026-04-02T09:43:26.321+0000] {dag.py:3239} INFO - Sync 1 DAGs
[2026-04-02T09:43:26.465+0000] {logging_mixin.py:190} INFO - [2026-04-02T09:43:26.465+0000] {dag.py:4180} INFO - Setting next_dagrun for keycloak_setup to None, run_after=None
[2026-04-02T09:43:26.480+0000] {processor.py:208} INFO - Processing /opt/airflow/dags/keycloak/setup_keycloak.py took 0.208 seconds
[2026-04-02T09:43:56.700+0000] {processor.py:186} INFO - Started process (PID=1845) to work on /opt/airflow/dags/keycloak/setup_keycloak.py
[2026-04-02T09:43:56.717+0000] {processor.py:914} INFO - Processing file /opt/airflow/dags/keycloak/setup_keycloak.py for tasks to queue
[2026-04-02T09:43:56.719+0000] {logging_mixin.py:190} INFO - [2026-04-02T09:43:56.718+0000] {dagbag.py:588} INFO - Filling up the DagBag from /opt/airflow/dags/keycloak/setup_keycloak.py
[2026-04-02T09:43:56.726+0000] {processor.py:925} INFO - DAG(s) 'keycloak_setup' retrieved from /opt/airflow/dags/keycloak/setup_keycloak.py
[2026-04-02T09:43:56.751+0000] {logging_mixin.py:190} INFO - [2026-04-02T09:43:56.751+0000] {dag.py:3239} INFO - Sync 1 DAGs
[2026-04-02T09:43:56.762+0000] {logging_mixin.py:190} INFO - [2026-04-02T09:43:56.762+0000] {dag.py:4180} INFO - Setting next_dagrun for keycloak_setup to None, run_after=None
[2026-04-02T09:43:56.776+0000] {processor.py:208} INFO - Processing /opt/airflow/dags/keycloak/setup_keycloak.py took 0.081 seconds
[2026-04-02T09:44:26.980+0000] {processor.py:186} INFO - Started process (PID=1855) to work on /opt/airflow/dags/keycloak/setup_keycloak.py
[2026-04-02T09:44:26.981+0000] {processor.py:914} INFO - Processing file /opt/airflow/dags/keycloak/setup_keycloak.py for tasks to queue
[2026-04-02T09:44:26.983+0000] {logging_mixin.py:190} INFO - [2026-04-02T09:44:26.982+0000] {dagbag.py:588} INFO - Filling up the DagBag from /opt/airflow/dags/keycloak/setup_keycloak.py
[2026-04-02T09:44:26.996+0000] {processor.py:925} INFO - DAG(s) 'keycloak_setup' retrieved from /opt/airflow/dags/keycloak/setup_keycloak.py
[2026-04-02T09:44:27.023+0000] {logging_mixin.py:190} INFO - [2026-04-02T09:44:27.022+0000] {dag.py:3239} INFO - Sync 1 DAGs
[2026-04-02T09:44:27.032+0000] {logging_mixin.py:190} INFO - [2026-04-02T09:44:27.032+0000] {dag.py:4180} INFO - Setting next_dagrun for keycloak_setup to None, run_after=None
[2026-04-02T09:44:27.045+0000] {processor.py:208} INFO - Processing /opt/airflow/dags/keycloak/setup_keycloak.py took 0.070 seconds
[2026-04-02T09:44:57.267+0000] {processor.py:186} INFO - Started process (PID=1865) to work on /opt/airflow/dags/keycloak/setup_keycloak.py
[2026-04-02T09:44:57.269+0000] {processor.py:914} INFO - Processing file /opt/airflow/dags/keycloak/setup_keycloak.py for tasks to queue
[2026-04-02T09:44:57.271+0000] {logging_mixin.py:190} INFO - [2026-04-02T09:44:57.270+0000] {dagbag.py:588} INFO - Filling up the DagBag from /opt/airflow/dags/keycloak/setup_keycloak.py
[2026-04-02T09:44:57.279+0000] {processor.py:925} INFO - DAG(s) 'keycloak_setup' retrieved from /opt/airflow/dags/keycloak/setup_keycloak.py
[2026-04-02T09:44:57.305+0000] {logging_mixin.py:190} INFO - [2026-04-02T09:44:57.304+0000] {dag.py:3239} INFO - Sync 1 DAGs
[2026-04-02T09:44:57.317+0000] {logging_mixin.py:190} INFO - [2026-04-02T09:44:57.317+0000] {dag.py:4180} INFO - Setting next_dagrun for keycloak_setup to None, run_after=None
[2026-04-02T09:44:57.332+0000] {processor.py:208} INFO - Processing /opt/airflow/dags/keycloak/setup_keycloak.py took 0.069 seconds
[2026-04-02T09:45:27.568+0000] {processor.py:186} INFO - Started process (PID=1875) to work on /opt/airflow/dags/keycloak/setup_keycloak.py
[2026-04-02T09:45:27.569+0000] {processor.py:914} INFO - Processing file /opt/airflow/dags/keycloak/setup_keycloak.py for tasks to queue
[2026-04-02T09:45:27.571+0000] {logging_mixin.py:190} INFO - [2026-04-02T09:45:27.571+0000] {dagbag.py:588} INFO - Filling up the DagBag from /opt/airflow/dags/keycloak/setup_keycloak.py
[2026-04-02T09:45:27.586+0000] {processor.py:925} INFO - DAG(s) 'keycloak_setup' retrieved from /opt/airflow/dags/keycloak/setup_keycloak.py
[2026-04-02T09:45:27.615+0000] {logging_mixin.py:190} INFO - [2026-04-02T09:45:27.615+0000] {dag.py:3239} INFO - Sync 1 DAGs
[2026-04-02T09:45:27.761+0000] {logging_mixin.py:190} INFO - [2026-04-02T09:45:27.760+0000] {dag.py:4180} INFO - Setting next_dagrun for keycloak_setup to None, run_after=None
[2026-04-02T09:45:27.774+0000] {processor.py:208} INFO - Processing /opt/airflow/dags/keycloak/setup_keycloak.py took 0.212 seconds
[2026-04-02T09:45:58.004+0000] {processor.py:186} INFO - Started process (PID=1885) to work on /opt/airflow/dags/keycloak/setup_keycloak.py
[2026-04-02T09:45:58.005+0000] {processor.py:914} INFO - Processing file /opt/airflow/dags/keycloak/setup_keycloak.py for tasks to queue
[2026-04-02T09:45:58.006+0000] {logging_mixin.py:190} INFO - [2026-04-02T09:45:58.006+0000] {dagbag.py:588} INFO - Filling up the DagBag from /opt/airflow/dags/keycloak/setup_keycloak.py
[2026-04-02T09:45:58.015+0000] {processor.py:925} INFO - DAG(s) 'keycloak_setup' retrieved from /opt/airflow/dags/keycloak/setup_keycloak.py
[2026-04-02T09:45:58.038+0000] {logging_mixin.py:190} INFO - [2026-04-02T09:45:58.038+0000] {dag.py:3239} INFO - Sync 1 DAGs
[2026-04-02T09:45:58.050+0000] {logging_mixin.py:190} INFO - [2026-04-02T09:45:58.050+0000] {dag.py:4180} INFO - Setting next_dagrun for keycloak_setup to None, run_after=None
[2026-04-02T09:45:58.064+0000] {processor.py:208} INFO - Processing /opt/airflow/dags/keycloak/setup_keycloak.py took 0.065 seconds
[2026-04-02T09:46:28.256+0000] {processor.py:186} INFO - Started process (PID=1895) to work on /opt/airflow/dags/keycloak/setup_keycloak.py
[2026-04-02T09:46:28.257+0000] {processor.py:914} INFO - Processing file /opt/airflow/dags/keycloak/setup_keycloak.py for tasks to queue
[2026-04-02T09:46:28.259+0000] {logging_mixin.py:190} INFO - [2026-04-02T09:46:28.259+0000] {dagbag.py:588} INFO - Filling up the DagBag from /opt/airflow/dags/keycloak/setup_keycloak.py
[2026-04-02T09:46:28.275+0000] {processor.py:925} INFO - DAG(s) 'keycloak_setup' retrieved from /opt/airflow/dags/keycloak/setup_keycloak.py
[2026-04-02T09:46:28.302+0000] {logging_mixin.py:190} INFO - [2026-04-02T09:46:28.302+0000] {dag.py:3239} INFO - Sync 1 DAGs
[2026-04-02T09:46:28.313+0000] {logging_mixin.py:190} INFO - [2026-04-02T09:46:28.313+0000] {dag.py:4180} INFO - Setting next_dagrun for keycloak_setup to None, run_after=None
[2026-04-02T09:46:28.326+0000] {processor.py:208} INFO - Processing /opt/airflow/dags/keycloak/setup_keycloak.py took 0.075 seconds
[2026-04-02T09:46:58.550+0000] {processor.py:186} INFO - Started process (PID=1905) to work on /opt/airflow/dags/keycloak/setup_keycloak.py
[2026-04-02T09:46:58.569+0000] {processor.py:914} INFO - Processing file /opt/airflow/dags/keycloak/setup_keycloak.py for tasks to queue
[2026-04-02T09:46:58.571+0000] {logging_mixin.py:190} INFO - [2026-04-02T09:46:58.571+0000] {dagbag.py:588} INFO - Filling up the DagBag from /opt/airflow/dags/keycloak/setup_keycloak.py
[2026-04-02T09:46:58.579+0000] {processor.py:925} INFO - DAG(s) 'keycloak_setup' retrieved from /opt/airflow/dags/keycloak/setup_keycloak.py
[2026-04-02T09:46:58.603+0000] {logging_mixin.py:190} INFO - [2026-04-02T09:46:58.602+0000] {dag.py:3239} INFO - Sync 1 DAGs
[2026-04-02T09:46:58.613+0000] {logging_mixin.py:190} INFO - [2026-04-02T09:46:58.613+0000] {dag.py:4180} INFO - Setting next_dagrun for keycloak_setup to None, run_after=None
[2026-04-02T09:46:58.629+0000] {processor.py:208} INFO - Processing /opt/airflow/dags/keycloak/setup_keycloak.py took 0.082 seconds
[2026-04-02T09:47:28.876+0000] {processor.py:186} INFO - Started process (PID=1915) to work on /opt/airflow/dags/keycloak/setup_keycloak.py
[2026-04-02T09:47:28.877+0000] {processor.py:914} INFO - Processing file /opt/airflow/dags/keycloak/setup_keycloak.py for tasks to queue
[2026-04-02T09:47:28.878+0000] {logging_mixin.py:190} INFO - [2026-04-02T09:47:28.878+0000] {dagbag.py:588} INFO - Filling up the DagBag from /opt/airflow/dags/keycloak/setup_keycloak.py
[2026-04-02T09:47:28.891+0000] {processor.py:925} INFO - DAG(s) 'keycloak_setup' retrieved from /opt/airflow/dags/keycloak/setup_keycloak.py
[2026-04-02T09:47:28.918+0000] {logging_mixin.py:190} INFO - [2026-04-02T09:47:28.918+0000] {dag.py:3239} INFO - Sync 1 DAGs
[2026-04-02T09:47:29.063+0000] {logging_mixin.py:190} INFO - [2026-04-02T09:47:29.063+0000] {dag.py:4180} INFO - Setting next_dagrun for keycloak_setup to None, run_after=None
[2026-04-02T09:47:29.076+0000] {processor.py:208} INFO - Processing /opt/airflow/dags/keycloak/setup_keycloak.py took 0.205 seconds
[2026-04-02T09:47:59.300+0000] {processor.py:186} INFO - Started process (PID=1925) to work on /opt/airflow/dags/keycloak/setup_keycloak.py
[2026-04-02T09:47:59.318+0000] {processor.py:914} INFO - Processing file /opt/airflow/dags/keycloak/setup_keycloak.py for tasks to queue
[2026-04-02T09:47:59.320+0000] {logging_mixin.py:190} INFO - [2026-04-02T09:47:59.320+0000] {dagbag.py:588} INFO - Filling up the DagBag from /opt/airflow/dags/keycloak/setup_keycloak.py
[2026-04-02T09:47:59.328+0000] {processor.py:925} INFO - DAG(s) 'keycloak_setup' retrieved from /opt/airflow/dags/keycloak/setup_keycloak.py
[2026-04-02T09:47:59.349+0000] {logging_mixin.py:190} INFO - [2026-04-02T09:47:59.349+0000] {dag.py:3239} INFO - Sync 1 DAGs
[2026-04-02T09:47:59.360+0000] {logging_mixin.py:190} INFO - [2026-04-02T09:47:59.359+0000] {dag.py:4180} INFO - Setting next_dagrun for keycloak_setup to None, run_after=None
[2026-04-02T09:47:59.375+0000] {processor.py:208} INFO - Processing /opt/airflow/dags/keycloak/setup_keycloak.py took 0.080 seconds
[2026-04-02T09:48:29.619+0000] {processor.py:186} INFO - Started process (PID=1935) to work on /opt/airflow/dags/keycloak/setup_keycloak.py
[2026-04-02T09:48:29.620+0000] {processor.py:914} INFO - Processing file /opt/airflow/dags/keycloak/setup_keycloak.py for tasks to queue
[2026-04-02T09:48:29.621+0000] {logging_mixin.py:190} INFO - [2026-04-02T09:48:29.621+0000] {dagbag.py:588} INFO - Filling up the DagBag from /opt/airflow/dags/keycloak/setup_keycloak.py
[2026-04-02T09:48:29.634+0000] {processor.py:925} INFO - DAG(s) 'keycloak_setup' retrieved from /opt/airflow/dags/keycloak/setup_keycloak.py
[2026-04-02T09:48:29.660+0000] {logging_mixin.py:190} INFO - [2026-04-02T09:48:29.660+0000] {dag.py:3239} INFO - Sync 1 DAGs
[2026-04-02T09:48:29.670+0000] {logging_mixin.py:190} INFO - [2026-04-02T09:48:29.670+0000] {dag.py:4180} INFO - Setting next_dagrun for keycloak_setup to None, run_after=None
[2026-04-02T09:48:29.684+0000] {processor.py:208} INFO - Processing /opt/airflow/dags/keycloak/setup_keycloak.py took 0.069 seconds
[2026-04-02T09:48:59.927+0000] {processor.py:186} INFO - Started process (PID=1945) to work on /opt/airflow/dags/keycloak/setup_keycloak.py
[2026-04-02T09:48:59.945+0000] {processor.py:914} INFO - Processing file /opt/airflow/dags/keycloak/setup_keycloak.py for tasks to queue
[2026-04-02T09:48:59.946+0000] {logging_mixin.py:190} INFO - [2026-04-02T09:48:59.946+0000] {dagbag.py:588} INFO - Filling up the DagBag from /opt/airflow/dags/keycloak/setup_keycloak.py
[2026-04-02T09:48:59.954+0000] {processor.py:925} INFO - DAG(s) 'keycloak_setup' retrieved from /opt/airflow/dags/keycloak/setup_keycloak.py
[2026-04-02T09:48:59.975+0000] {logging_mixin.py:190} INFO - [2026-04-02T09:48:59.975+0000] {dag.py:3239} INFO - Sync 1 DAGs
[2026-04-02T09:48:59.986+0000] {logging_mixin.py:190} INFO - [2026-04-02T09:48:59.985+0000] {dag.py:4180} INFO - Setting next_dagrun for keycloak_setup to None, run_after=None
[2026-04-02T09:49:00.001+0000] {processor.py:208} INFO - Processing /opt/airflow/dags/keycloak/setup_keycloak.py took 0.078 seconds
[2026-04-02T09:49:30.209+0000] {processor.py:186} INFO - Started process (PID=1955) to work on /opt/airflow/dags/keycloak/setup_keycloak.py
[2026-04-02T09:49:30.209+0000] {processor.py:914} INFO - Processing file /opt/airflow/dags/keycloak/setup_keycloak.py for tasks to queue
[2026-04-02T09:49:30.211+0000] {logging_mixin.py:190} INFO - [2026-04-02T09:49:30.211+0000] {dagbag.py:588} INFO - Filling up the DagBag from /opt/airflow/dags/keycloak/setup_keycloak.py
[2026-04-02T09:49:30.219+0000] {processor.py:925} INFO - DAG(s) 'keycloak_setup' retrieved from /opt/airflow/dags/keycloak/setup_keycloak.py
[2026-04-02T09:49:30.243+0000] {logging_mixin.py:190} INFO - [2026-04-02T09:49:30.243+0000] {dag.py:3239} INFO - Sync 1 DAGs
[2026-04-02T09:49:30.400+0000] {logging_mixin.py:190} INFO - [2026-04-02T09:49:30.399+0000] {dag.py:4180} INFO - Setting next_dagrun for keycloak_setup to None, run_after=None
[2026-04-02T09:49:30.414+0000] {processor.py:208} INFO - Processing /opt/airflow/dags/keycloak/setup_keycloak.py took 0.210 seconds
[2026-04-02T09:50:00.651+0000] {processor.py:186} INFO - Started process (PID=1965) to work on /opt/airflow/dags/keycloak/setup_keycloak.py
[2026-04-02T09:50:00.669+0000] {processor.py:914} INFO - Processing file /opt/airflow/dags/keycloak/setup_keycloak.py for tasks to queue
[2026-04-02T09:50:00.671+0000] {logging_mixin.py:190} INFO - [2026-04-02T09:50:00.671+0000] {dagbag.py:588} INFO - Filling up the DagBag from /opt/airflow/dags/keycloak/setup_keycloak.py
[2026-04-02T09:50:00.679+0000] {processor.py:925} INFO - DAG(s) 'keycloak_setup' retrieved from /opt/airflow/dags/keycloak/setup_keycloak.py
[2026-04-02T09:50:00.700+0000] {logging_mixin.py:190} INFO - [2026-04-02T09:50:00.700+0000] {dag.py:3239} INFO - Sync 1 DAGs
[2026-04-02T09:50:00.712+0000] {logging_mixin.py:190} INFO - [2026-04-02T09:50:00.711+0000] {dag.py:4180} INFO - Setting next_dagrun for keycloak_setup to None, run_after=None
[2026-04-02T09:50:00.727+0000] {processor.py:208} INFO - Processing /opt/airflow/dags/keycloak/setup_keycloak.py took 0.080 seconds
[2026-04-02T09:50:30.948+0000] {processor.py:186} INFO - Started process (PID=1975) to work on /opt/airflow/dags/keycloak/setup_keycloak.py
[2026-04-02T09:50:30.949+0000] {processor.py:914} INFO - Processing file /opt/airflow/dags/keycloak/setup_keycloak.py for tasks to queue
[2026-04-02T09:50:30.950+0000] {logging_mixin.py:190} INFO - [2026-04-02T09:50:30.950+0000] {dagbag.py:588} INFO - Filling up the DagBag from /opt/airflow/dags/keycloak/setup_keycloak.py
[2026-04-02T09:50:30.962+0000] {processor.py:925} INFO - DAG(s) 'keycloak_setup' retrieved from /opt/airflow/dags/keycloak/setup_keycloak.py
[2026-04-02T09:50:30.991+0000] {logging_mixin.py:190} INFO - [2026-04-02T09:50:30.991+0000] {dag.py:3239} INFO - Sync 1 DAGs
[2026-04-02T09:50:31.002+0000] {logging_mixin.py:190} INFO - [2026-04-02T09:50:31.001+0000] {dag.py:4180} INFO - Setting next_dagrun for keycloak_setup to None, run_after=None
[2026-04-02T09:50:31.017+0000] {processor.py:208} INFO - Processing /opt/airflow/dags/keycloak/setup_keycloak.py took 0.074 seconds
[2026-04-02T09:51:01.236+0000] {processor.py:186} INFO - Started process (PID=1985) to work on /opt/airflow/dags/keycloak/setup_keycloak.py
[2026-04-02T09:51:01.246+0000] {processor.py:914} INFO - Processing file /opt/airflow/dags/keycloak/setup_keycloak.py for tasks to queue
[2026-04-02T09:51:01.248+0000] {logging_mixin.py:190} INFO - [2026-04-02T09:51:01.247+0000] {dagbag.py:588} INFO - Filling up the DagBag from /opt/airflow/dags/keycloak/setup_keycloak.py
[2026-04-02T09:51:01.256+0000] {processor.py:925} INFO - DAG(s) 'keycloak_setup' retrieved from /opt/airflow/dags/keycloak/setup_keycloak.py
[2026-04-02T09:51:01.277+0000] {logging_mixin.py:190} INFO - [2026-04-02T09:51:01.277+0000] {dag.py:3239} INFO - Sync 1 DAGs
[2026-04-02T09:51:01.287+0000] {logging_mixin.py:190} INFO - [2026-04-02T09:51:01.287+0000] {dag.py:4180} INFO - Setting next_dagrun for keycloak_setup to None, run_after=None
[2026-04-02T09:51:01.302+0000] {processor.py:208} INFO - Processing /opt/airflow/dags/keycloak/setup_keycloak.py took 0.070 seconds
[2026-04-02T09:51:31.517+0000] {processor.py:186} INFO - Started process (PID=1995) to work on /opt/airflow/dags/keycloak/setup_keycloak.py
[2026-04-02T09:51:31.518+0000] {processor.py:914} INFO - Processing file /opt/airflow/dags/keycloak/setup_keycloak.py for tasks to queue
[2026-04-02T09:51:31.519+0000] {logging_mixin.py:190} INFO - [2026-04-02T09:51:31.519+0000] {dagbag.py:588} INFO - Filling up the DagBag from /opt/airflow/dags/keycloak/setup_keycloak.py
[2026-04-02T09:51:31.531+0000] {processor.py:925} INFO - DAG(s) 'keycloak_setup' retrieved from /opt/airflow/dags/keycloak/setup_keycloak.py
[2026-04-02T09:51:31.559+0000] {logging_mixin.py:190} INFO - [2026-04-02T09:51:31.559+0000] {dag.py:3239} INFO - Sync 1 DAGs
[2026-04-02T09:51:31.710+0000] {logging_mixin.py:190} INFO - [2026-04-02T09:51:31.709+0000] {dag.py:4180} INFO - Setting next_dagrun for keycloak_setup to None, run_after=None
[2026-04-02T09:51:31.722+0000] {processor.py:208} INFO - Processing /opt/airflow/dags/keycloak/setup_keycloak.py took 0.210 seconds
[2026-04-02T09:52:01.936+0000] {processor.py:186} INFO - Started process (PID=2005) to work on /opt/airflow/dags/keycloak/setup_keycloak.py
[2026-04-02T09:52:01.953+0000] {processor.py:914} INFO - Processing file /opt/airflow/dags/keycloak/setup_keycloak.py for tasks to queue
[2026-04-02T09:52:01.956+0000] {logging_mixin.py:190} INFO - [2026-04-02T09:52:01.955+0000] {dagbag.py:588} INFO - Filling up the DagBag from /opt/airflow/dags/keycloak/setup_keycloak.py
[2026-04-02T09:52:01.964+0000] {processor.py:925} INFO - DAG(s) 'keycloak_setup' retrieved from /opt/airflow/dags/keycloak/setup_keycloak.py
[2026-04-02T09:52:01.987+0000] {logging_mixin.py:190} INFO - [2026-04-02T09:52:01.987+0000] {dag.py:3239} INFO - Sync 1 DAGs
[2026-04-02T09:52:01.999+0000] {logging_mixin.py:190} INFO - [2026-04-02T09:52:01.998+0000] {dag.py:4180} INFO - Setting next_dagrun for keycloak_setup to None, run_after=None
[2026-04-02T09:52:02.013+0000] {processor.py:208} INFO - Processing /opt/airflow/dags/keycloak/setup_keycloak.py took 0.082 seconds
[2026-04-02T09:52:32.128+0000] {processor.py:186} INFO - Started process (PID=2015) to work on /opt/airflow/dags/keycloak/setup_keycloak.py
[2026-04-02T09:52:32.128+0000] {processor.py:914} INFO - Processing file /opt/airflow/dags/keycloak/setup_keycloak.py for tasks to queue
[2026-04-02T09:52:32.130+0000] {logging_mixin.py:190} INFO - [2026-04-02T09:52:32.130+0000] {dagbag.py:588} INFO - Filling up the DagBag from /opt/airflow/dags/keycloak/setup_keycloak.py
[2026-04-02T09:52:32.144+0000] {processor.py:925} INFO - DAG(s) 'keycloak_setup' retrieved from /opt/airflow/dags/keycloak/setup_keycloak.py
[2026-04-02T09:52:32.172+0000] {logging_mixin.py:190} INFO - [2026-04-02T09:52:32.172+0000] {dag.py:3239} INFO - Sync 1 DAGs
[2026-04-02T09:52:32.183+0000] {logging_mixin.py:190} INFO - [2026-04-02T09:52:32.183+0000] {dag.py:4180} INFO - Setting next_dagrun for keycloak_setup to None, run_after=None
[2026-04-02T09:52:32.197+0000] {processor.py:208} INFO - Processing /opt/airflow/dags/keycloak/setup_keycloak.py took 0.074 seconds
[2026-04-02T09:53:02.406+0000] {processor.py:186} INFO - Started process (PID=2025) to work on /opt/airflow/dags/keycloak/setup_keycloak.py
[2026-04-02T09:53:02.407+0000] {processor.py:914} INFO - Processing file /opt/airflow/dags/keycloak/setup_keycloak.py for tasks to queue
[2026-04-02T09:53:02.409+0000] {logging_mixin.py:190} INFO - [2026-04-02T09:53:02.408+0000] {dagbag.py:588} INFO - Filling up the DagBag from /opt/airflow/dags/keycloak/setup_keycloak.py
[2026-04-02T09:53:02.417+0000] {processor.py:925} INFO - DAG(s) 'keycloak_setup' retrieved from /opt/airflow/dags/keycloak/setup_keycloak.py
[2026-04-02T09:53:02.441+0000] {logging_mixin.py:190} INFO - [2026-04-02T09:53:02.441+0000] {dag.py:3239} INFO - Sync 1 DAGs
[2026-04-02T09:53:02.452+0000] {logging_mixin.py:190} INFO - [2026-04-02T09:53:02.452+0000] {dag.py:4180} INFO - Setting next_dagrun for keycloak_setup to None, run_after=None
[2026-04-02T09:53:02.468+0000] {processor.py:208} INFO - Processing /opt/airflow/dags/keycloak/setup_keycloak.py took 0.067 seconds
[2026-04-02T09:53:32.713+0000] {processor.py:186} INFO - Started process (PID=2035) to work on /opt/airflow/dags/keycloak/setup_keycloak.py
[2026-04-02T09:53:32.714+0000] {processor.py:914} INFO - Processing file /opt/airflow/dags/keycloak/setup_keycloak.py for tasks to queue
[2026-04-02T09:53:32.715+0000] {logging_mixin.py:190} INFO - [2026-04-02T09:53:32.715+0000] {dagbag.py:588} INFO - Filling up the DagBag from /opt/airflow/dags/keycloak/setup_keycloak.py
[2026-04-02T09:53:32.729+0000] {processor.py:925} INFO - DAG(s) 'keycloak_setup' retrieved from /opt/airflow/dags/keycloak/setup_keycloak.py
[2026-04-02T09:53:32.759+0000] {logging_mixin.py:190} INFO - [2026-04-02T09:53:32.758+0000] {dag.py:3239} INFO - Sync 1 DAGs
[2026-04-02T09:53:32.903+0000] {logging_mixin.py:190} INFO - [2026-04-02T09:53:32.903+0000] {dag.py:4180} INFO - Setting next_dagrun for keycloak_setup to None, run_after=None
[2026-04-02T09:53:32.917+0000] {processor.py:208} INFO - Processing /opt/airflow/dags/keycloak/setup_keycloak.py took 0.209 seconds
[2026-04-02T09:54:03.134+0000] {processor.py:186} INFO - Started process (PID=2045) to work on /opt/airflow/dags/keycloak/setup_keycloak.py
[2026-04-02T09:54:03.135+0000] {processor.py:914} INFO - Processing file /opt/airflow/dags/keycloak/setup_keycloak.py for tasks to queue
[2026-04-02T09:54:03.137+0000] {logging_mixin.py:190} INFO - [2026-04-02T09:54:03.137+0000] {dagbag.py:588} INFO - Filling up the DagBag from /opt/airflow/dags/keycloak/setup_keycloak.py
[2026-04-02T09:54:03.145+0000] {processor.py:925} INFO - DAG(s) 'keycloak_setup' retrieved from /opt/airflow/dags/keycloak/setup_keycloak.py
[2026-04-02T09:54:03.167+0000] {logging_mixin.py:190} INFO - [2026-04-02T09:54:03.167+0000] {dag.py:3239} INFO - Sync 1 DAGs
[2026-04-02T09:54:03.179+0000] {logging_mixin.py:190} INFO - [2026-04-02T09:54:03.178+0000] {dag.py:4180} INFO - Setting next_dagrun for keycloak_setup to None, run_after=None
[2026-04-02T09:54:03.199+0000] {processor.py:208} INFO - Processing /opt/airflow/dags/keycloak/setup_keycloak.py took 0.069 seconds
[2026-04-02T09:54:33.417+0000] {processor.py:186} INFO - Started process (PID=2056) to work on /opt/airflow/dags/keycloak/setup_keycloak.py
[2026-04-02T09:54:33.418+0000] {processor.py:914} INFO - Processing file /opt/airflow/dags/keycloak/setup_keycloak.py for tasks to queue
[2026-04-02T09:54:33.420+0000] {logging_mixin.py:190} INFO - [2026-04-02T09:54:33.420+0000] {dagbag.py:588} INFO - Filling up the DagBag from /opt/airflow/dags/keycloak/setup_keycloak.py
[2026-04-02T09:54:33.436+0000] {processor.py:925} INFO - DAG(s) 'keycloak_setup' retrieved from /opt/airflow/dags/keycloak/setup_keycloak.py
[2026-04-02T09:54:33.471+0000] {logging_mixin.py:190} INFO - [2026-04-02T09:54:33.471+0000] {dag.py:3239} INFO - Sync 1 DAGs
[2026-04-02T09:54:33.483+0000] {logging_mixin.py:190} INFO - [2026-04-02T09:54:33.483+0000] {dag.py:4180} INFO - Setting next_dagrun for keycloak_setup to None, run_after=None
[2026-04-02T09:54:33.500+0000] {processor.py:208} INFO - Processing /opt/airflow/dags/keycloak/setup_keycloak.py took 0.090 seconds
[2026-04-02T09:55:03.641+0000] {processor.py:186} INFO - Started process (PID=2066) to work on /opt/airflow/dags/keycloak/setup_keycloak.py
[2026-04-02T09:55:03.642+0000] {processor.py:914} INFO - Processing file /opt/airflow/dags/keycloak/setup_keycloak.py for tasks to queue
[2026-04-02T09:55:03.644+0000] {logging_mixin.py:190} INFO - [2026-04-02T09:55:03.644+0000] {dagbag.py:588} INFO - Filling up the DagBag from /opt/airflow/dags/keycloak/setup_keycloak.py
[2026-04-02T09:55:03.653+0000] {processor.py:925} INFO - DAG(s) 'keycloak_setup' retrieved from /opt/airflow/dags/keycloak/setup_keycloak.py
[2026-04-02T09:55:03.677+0000] {logging_mixin.py:190} INFO - [2026-04-02T09:55:03.677+0000] {dag.py:3239} INFO - Sync 1 DAGs
[2026-04-02T09:55:03.688+0000] {logging_mixin.py:190} INFO - [2026-04-02T09:55:03.688+0000] {dag.py:4180} INFO - Setting next_dagrun for keycloak_setup to None, run_after=None
[2026-04-02T09:55:03.704+0000] {processor.py:208} INFO - Processing /opt/airflow/dags/keycloak/setup_keycloak.py took 0.068 seconds
[2026-04-02T09:55:33.915+0000] {processor.py:186} INFO - Started process (PID=2076) to work on /opt/airflow/dags/keycloak/setup_keycloak.py
[2026-04-02T09:55:33.915+0000] {processor.py:914} INFO - Processing file /opt/airflow/dags/keycloak/setup_keycloak.py for tasks to queue
[2026-04-02T09:55:33.917+0000] {logging_mixin.py:190} INFO - [2026-04-02T09:55:33.917+0000] {dagbag.py:588} INFO - Filling up the DagBag from /opt/airflow/dags/keycloak/setup_keycloak.py
[2026-04-02T09:55:33.931+0000] {processor.py:925} INFO - DAG(s) 'keycloak_setup' retrieved from /opt/airflow/dags/keycloak/setup_keycloak.py
[2026-04-02T09:55:33.960+0000] {logging_mixin.py:190} INFO - [2026-04-02T09:55:33.960+0000] {dag.py:3239} INFO - Sync 1 DAGs
[2026-04-02T09:55:34.106+0000] {logging_mixin.py:190} INFO - [2026-04-02T09:55:34.105+0000] {dag.py:4180} INFO - Setting next_dagrun for keycloak_setup to None, run_after=None
[2026-04-02T09:55:34.118+0000] {processor.py:208} INFO - Processing /opt/airflow/dags/keycloak/setup_keycloak.py took 0.208 seconds
[2026-04-02T09:56:04.311+0000] {processor.py:186} INFO - Started process (PID=2086) to work on /opt/airflow/dags/keycloak/setup_keycloak.py
[2026-04-02T09:56:04.313+0000] {processor.py:914} INFO - Processing file /opt/airflow/dags/keycloak/setup_keycloak.py for tasks to queue
[2026-04-02T09:56:04.314+0000] {logging_mixin.py:190} INFO - [2026-04-02T09:56:04.314+0000] {dagbag.py:588} INFO - Filling up the DagBag from /opt/airflow/dags/keycloak/setup_keycloak.py
[2026-04-02T09:56:04.323+0000] {processor.py:925} INFO - DAG(s) 'keycloak_setup' retrieved from /opt/airflow/dags/keycloak/setup_keycloak.py
[2026-04-02T09:56:04.481+0000] {logging_mixin.py:190} INFO - [2026-04-02T09:56:04.481+0000] {dag.py:3239} INFO - Sync 1 DAGs
[2026-04-02T09:56:04.491+0000] {logging_mixin.py:190} INFO - [2026-04-02T09:56:04.490+0000] {dag.py:4180} INFO - Setting next_dagrun for keycloak_setup to None, run_after=None
[2026-04-02T09:56:04.504+0000] {processor.py:208} INFO - Processing /opt/airflow/dags/keycloak/setup_keycloak.py took 0.197 seconds
[2026-04-02T09:56:34.747+0000] {processor.py:186} INFO - Started process (PID=2096) to work on /opt/airflow/dags/keycloak/setup_keycloak.py
[2026-04-02T09:56:34.749+0000] {processor.py:914} INFO - Processing file /opt/airflow/dags/keycloak/setup_keycloak.py for tasks to queue
[2026-04-02T09:56:34.751+0000] {logging_mixin.py:190} INFO - [2026-04-02T09:56:34.750+0000] {dagbag.py:588} INFO - Filling up the DagBag from /opt/airflow/dags/keycloak/setup_keycloak.py
[2026-04-02T09:56:34.765+0000] {processor.py:925} INFO - DAG(s) 'keycloak_setup' retrieved from /opt/airflow/dags/keycloak/setup_keycloak.py
[2026-04-02T09:56:34.793+0000] {logging_mixin.py:190} INFO - [2026-04-02T09:56:34.792+0000] {dag.py:3239} INFO - Sync 1 DAGs
[2026-04-02T09:56:34.802+0000] {logging_mixin.py:190} INFO - [2026-04-02T09:56:34.802+0000] {dag.py:4180} INFO - Setting next_dagrun for keycloak_setup to None, run_after=None
[2026-04-02T09:56:34.815+0000] {processor.py:208} INFO - Processing /opt/airflow/dags/keycloak/setup_keycloak.py took 0.072 seconds
[2026-04-02T09:57:05.030+0000] {processor.py:186} INFO - Started process (PID=2106) to work on /opt/airflow/dags/keycloak/setup_keycloak.py
[2026-04-02T09:57:05.031+0000] {processor.py:914} INFO - Processing file /opt/airflow/dags/keycloak/setup_keycloak.py for tasks to queue
[2026-04-02T09:57:05.033+0000] {logging_mixin.py:190} INFO - [2026-04-02T09:57:05.033+0000] {dagbag.py:588} INFO - Filling up the DagBag from /opt/airflow/dags/keycloak/setup_keycloak.py
[2026-04-02T09:57:05.041+0000] {processor.py:925} INFO - DAG(s) 'keycloak_setup' retrieved from /opt/airflow/dags/keycloak/setup_keycloak.py
[2026-04-02T09:57:05.065+0000] {logging_mixin.py:190} INFO - [2026-04-02T09:57:05.065+0000] {dag.py:3239} INFO - Sync 1 DAGs
[2026-04-02T09:57:05.078+0000] {logging_mixin.py:190} INFO - [2026-04-02T09:57:05.077+0000] {dag.py:4180} INFO - Setting next_dagrun for keycloak_setup to None, run_after=None
[2026-04-02T09:57:05.097+0000] {processor.py:208} INFO - Processing /opt/airflow/dags/keycloak/setup_keycloak.py took 0.072 seconds
[2026-04-02T09:57:35.275+0000] {processor.py:186} INFO - Started process (PID=2116) to work on /opt/airflow/dags/keycloak/setup_keycloak.py
[2026-04-02T09:57:35.275+0000] {processor.py:914} INFO - Processing file /opt/airflow/dags/keycloak/setup_keycloak.py for tasks to queue
[2026-04-02T09:57:35.277+0000] {logging_mixin.py:190} INFO - [2026-04-02T09:57:35.277+0000] {dagbag.py:588} INFO - Filling up the DagBag from /opt/airflow/dags/keycloak/setup_keycloak.py
[2026-04-02T09:57:35.291+0000] {processor.py:925} INFO - DAG(s) 'keycloak_setup' retrieved from /opt/airflow/dags/keycloak/setup_keycloak.py
[2026-04-02T09:57:35.325+0000] {logging_mixin.py:190} INFO - [2026-04-02T09:57:35.325+0000] {dag.py:3239} INFO - Sync 1 DAGs
[2026-04-02T09:57:35.469+0000] {logging_mixin.py:190} INFO - [2026-04-02T09:57:35.469+0000] {dag.py:4180} INFO - Setting next_dagrun for keycloak_setup to None, run_after=None
[2026-04-02T09:57:35.483+0000] {processor.py:208} INFO - Processing /opt/airflow/dags/keycloak/setup_keycloak.py took 0.213 seconds
[2026-04-02T09:58:05.712+0000] {processor.py:186} INFO - Started process (PID=2126) to work on /opt/airflow/dags/keycloak/setup_keycloak.py
[2026-04-02T09:58:05.729+0000] {processor.py:914} INFO - Processing file /opt/airflow/dags/keycloak/setup_keycloak.py for tasks to queue
[2026-04-02T09:58:05.731+0000] {logging_mixin.py:190} INFO - [2026-04-02T09:58:05.731+0000] {dagbag.py:588} INFO - Filling up the DagBag from /opt/airflow/dags/keycloak/setup_keycloak.py
[2026-04-02T09:58:05.739+0000] {processor.py:925} INFO - DAG(s) 'keycloak_setup' retrieved from /opt/airflow/dags/keycloak/setup_keycloak.py
[2026-04-02T09:58:05.900+0000] {logging_mixin.py:190} INFO - [2026-04-02T09:58:05.900+0000] {dag.py:3239} INFO - Sync 1 DAGs
[2026-04-02T09:58:05.910+0000] {logging_mixin.py:190} INFO - [2026-04-02T09:58:05.909+0000] {dag.py:4180} INFO - Setting next_dagrun for keycloak_setup to None, run_after=None
[2026-04-02T09:58:05.923+0000] {processor.py:208} INFO - Processing /opt/airflow/dags/keycloak/setup_keycloak.py took 0.215 seconds
[2026-04-02T09:58:36.153+0000] {processor.py:186} INFO - Started process (PID=2136) to work on /opt/airflow/dags/keycloak/setup_keycloak.py
[2026-04-02T09:58:36.154+0000] {processor.py:914} INFO - Processing file /opt/airflow/dags/keycloak/setup_keycloak.py for tasks to queue
[2026-04-02T09:58:36.156+0000] {logging_mixin.py:190} INFO - [2026-04-02T09:58:36.155+0000] {dagbag.py:588} INFO - Filling up the DagBag from /opt/airflow/dags/keycloak/setup_keycloak.py
[2026-04-02T09:58:36.169+0000] {processor.py:925} INFO - DAG(s) 'keycloak_setup' retrieved from /opt/airflow/dags/keycloak/setup_keycloak.py
[2026-04-02T09:58:36.209+0000] {logging_mixin.py:190} INFO - [2026-04-02T09:58:36.209+0000] {dag.py:3239} INFO - Sync 1 DAGs
[2026-04-02T09:58:36.224+0000] {logging_mixin.py:190} INFO - [2026-04-02T09:58:36.224+0000] {dag.py:4180} INFO - Setting next_dagrun for keycloak_setup to None, run_after=None
[2026-04-02T09:58:36.243+0000] {processor.py:208} INFO - Processing /opt/airflow/dags/keycloak/setup_keycloak.py took 0.096 seconds
[2026-04-02T09:59:06.457+0000] {processor.py:186} INFO - Started process (PID=2146) to work on /opt/airflow/dags/keycloak/setup_keycloak.py
[2026-04-02T09:59:06.459+0000] {processor.py:914} INFO - Processing file /opt/airflow/dags/keycloak/setup_keycloak.py for tasks to queue
[2026-04-02T09:59:06.461+0000] {logging_mixin.py:190} INFO - [2026-04-02T09:59:06.460+0000] {dagbag.py:588} INFO - Filling up the DagBag from /opt/airflow/dags/keycloak/setup_keycloak.py
[2026-04-02T09:59:06.468+0000] {processor.py:925} INFO - DAG(s) 'keycloak_setup' retrieved from /opt/airflow/dags/keycloak/setup_keycloak.py
[2026-04-02T09:59:06.491+0000] {logging_mixin.py:190} INFO - [2026-04-02T09:59:06.490+0000] {dag.py:3239} INFO - Sync 1 DAGs
[2026-04-02T09:59:06.501+0000] {logging_mixin.py:190} INFO - [2026-04-02T09:59:06.501+0000] {dag.py:4180} INFO - Setting next_dagrun for keycloak_setup to None, run_after=None
[2026-04-02T09:59:06.515+0000] {processor.py:208} INFO - Processing /opt/airflow/dags/keycloak/setup_keycloak.py took 0.062 seconds
[2026-04-02T09:59:36.742+0000] {processor.py:186} INFO - Started process (PID=2156) to work on /opt/airflow/dags/keycloak/setup_keycloak.py
[2026-04-02T09:59:36.743+0000] {processor.py:914} INFO - Processing file /opt/airflow/dags/keycloak/setup_keycloak.py for tasks to queue
[2026-04-02T09:59:36.745+0000] {logging_mixin.py:190} INFO - [2026-04-02T09:59:36.744+0000] {dagbag.py:588} INFO - Filling up the DagBag from /opt/airflow/dags/keycloak/setup_keycloak.py
[2026-04-02T09:59:36.759+0000] {processor.py:925} INFO - DAG(s) 'keycloak_setup' retrieved from /opt/airflow/dags/keycloak/setup_keycloak.py
[2026-04-02T09:59:36.788+0000] {logging_mixin.py:190} INFO - [2026-04-02T09:59:36.788+0000] {dag.py:3239} INFO - Sync 1 DAGs
[2026-04-02T09:59:36.943+0000] {logging_mixin.py:190} INFO - [2026-04-02T09:59:36.942+0000] {dag.py:4180} INFO - Setting next_dagrun for keycloak_setup to None, run_after=None
[2026-04-02T09:59:36.964+0000] {processor.py:208} INFO - Processing /opt/airflow/dags/keycloak/setup_keycloak.py took 0.227 seconds
[2026-04-02T10:00:07.206+0000] {processor.py:186} INFO - Started process (PID=2166) to work on /opt/airflow/dags/keycloak/setup_keycloak.py
[2026-04-02T10:00:07.207+0000] {processor.py:914} INFO - Processing file /opt/airflow/dags/keycloak/setup_keycloak.py for tasks to queue
[2026-04-02T10:00:07.209+0000] {logging_mixin.py:190} INFO - [2026-04-02T10:00:07.209+0000] {dagbag.py:588} INFO - Filling up the DagBag from /opt/airflow/dags/keycloak/setup_keycloak.py
[2026-04-02T10:00:07.217+0000] {processor.py:925} INFO - DAG(s) 'keycloak_setup' retrieved from /opt/airflow/dags/keycloak/setup_keycloak.py
[2026-04-02T10:00:07.377+0000] {logging_mixin.py:190} INFO - [2026-04-02T10:00:07.377+0000] {dag.py:3239} INFO - Sync 1 DAGs
[2026-04-02T10:00:07.387+0000] {logging_mixin.py:190} INFO - [2026-04-02T10:00:07.387+0000] {dag.py:4180} INFO - Setting next_dagrun for keycloak_setup to None, run_after=None
[2026-04-02T10:00:07.401+0000] {processor.py:208} INFO - Processing /opt/airflow/dags/keycloak/setup_keycloak.py took 0.200 seconds
[2026-04-02T10:00:37.645+0000] {processor.py:186} INFO - Started process (PID=2176) to work on /opt/airflow/dags/keycloak/setup_keycloak.py
[2026-04-02T10:00:37.646+0000] {processor.py:914} INFO - Processing file /opt/airflow/dags/keycloak/setup_keycloak.py for tasks to queue
[2026-04-02T10:00:37.648+0000] {logging_mixin.py:190} INFO - [2026-04-02T10:00:37.647+0000] {dagbag.py:588} INFO - Filling up the DagBag from /opt/airflow/dags/keycloak/setup_keycloak.py
[2026-04-02T10:00:37.661+0000] {processor.py:925} INFO - DAG(s) 'keycloak_setup' retrieved from /opt/airflow/dags/keycloak/setup_keycloak.py
[2026-04-02T10:00:37.691+0000] {logging_mixin.py:190} INFO - [2026-04-02T10:00:37.691+0000] {dag.py:3239} INFO - Sync 1 DAGs
[2026-04-02T10:00:37.703+0000] {logging_mixin.py:190} INFO - [2026-04-02T10:00:37.702+0000] {dag.py:4180} INFO - Setting next_dagrun for keycloak_setup to None, run_after=None
[2026-04-02T10:00:37.726+0000] {processor.py:208} INFO - Processing /opt/airflow/dags/keycloak/setup_keycloak.py took 0.085 seconds
[2026-04-02T10:01:07.844+0000] {processor.py:186} INFO - Started process (PID=2186) to work on /opt/airflow/dags/keycloak/setup_keycloak.py
[2026-04-02T10:01:07.845+0000] {processor.py:914} INFO - Processing file /opt/airflow/dags/keycloak/setup_keycloak.py for tasks to queue
[2026-04-02T10:01:07.847+0000] {logging_mixin.py:190} INFO - [2026-04-02T10:01:07.847+0000] {dagbag.py:588} INFO - Filling up the DagBag from /opt/airflow/dags/keycloak/setup_keycloak.py
[2026-04-02T10:01:07.855+0000] {processor.py:925} INFO - DAG(s) 'keycloak_setup' retrieved from /opt/airflow/dags/keycloak/setup_keycloak.py
[2026-04-02T10:01:07.880+0000] {logging_mixin.py:190} INFO - [2026-04-02T10:01:07.879+0000] {dag.py:3239} INFO - Sync 1 DAGs
[2026-04-02T10:01:07.891+0000] {logging_mixin.py:190} INFO - [2026-04-02T10:01:07.891+0000] {dag.py:4180} INFO - Setting next_dagrun for keycloak_setup to None, run_after=None
[2026-04-02T10:01:07.905+0000] {processor.py:208} INFO - Processing /opt/airflow/dags/keycloak/setup_keycloak.py took 0.065 seconds
[2026-04-02T10:01:38.167+0000] {processor.py:186} INFO - Started process (PID=2196) to work on /opt/airflow/dags/keycloak/setup_keycloak.py
[2026-04-02T10:01:38.167+0000] {processor.py:914} INFO - Processing file /opt/airflow/dags/keycloak/setup_keycloak.py for tasks to queue
[2026-04-02T10:01:38.169+0000] {logging_mixin.py:190} INFO - [2026-04-02T10:01:38.169+0000] {dagbag.py:588} INFO - Filling up the DagBag from /opt/airflow/dags/keycloak/setup_keycloak.py
[2026-04-02T10:01:38.183+0000] {processor.py:925} INFO - DAG(s) 'keycloak_setup' retrieved from /opt/airflow/dags/keycloak/setup_keycloak.py
[2026-04-02T10:01:38.213+0000] {logging_mixin.py:190} INFO - [2026-04-02T10:01:38.213+0000] {dag.py:3239} INFO - Sync 1 DAGs
[2026-04-02T10:01:38.364+0000] {logging_mixin.py:190} INFO - [2026-04-02T10:01:38.364+0000] {dag.py:4180} INFO - Setting next_dagrun for keycloak_setup to None, run_after=None
[2026-04-02T10:01:38.376+0000] {processor.py:208} INFO - Processing /opt/airflow/dags/keycloak/setup_keycloak.py took 0.214 seconds
[2026-04-02T10:02:08.606+0000] {processor.py:186} INFO - Started process (PID=2206) to work on /opt/airflow/dags/keycloak/setup_keycloak.py
[2026-04-02T10:02:08.624+0000] {processor.py:914} INFO - Processing file /opt/airflow/dags/keycloak/setup_keycloak.py for tasks to queue
[2026-04-02T10:02:08.626+0000] {logging_mixin.py:190} INFO - [2026-04-02T10:02:08.625+0000] {dagbag.py:588} INFO - Filling up the DagBag from /opt/airflow/dags/keycloak/setup_keycloak.py
[2026-04-02T10:02:08.633+0000] {processor.py:925} INFO - DAG(s) 'keycloak_setup' retrieved from /opt/airflow/dags/keycloak/setup_keycloak.py
[2026-04-02T10:02:08.798+0000] {logging_mixin.py:190} INFO - [2026-04-02T10:02:08.798+0000] {dag.py:3239} INFO - Sync 1 DAGs
[2026-04-02T10:02:08.811+0000] {logging_mixin.py:190} INFO - [2026-04-02T10:02:08.811+0000] {dag.py:4180} INFO - Setting next_dagrun for keycloak_setup to None, run_after=None
[2026-04-02T10:02:08.829+0000] {processor.py:208} INFO - Processing /opt/airflow/dags/keycloak/setup_keycloak.py took 0.227 seconds
[2026-04-02T10:02:39.050+0000] {processor.py:186} INFO - Started process (PID=2216) to work on /opt/airflow/dags/keycloak/setup_keycloak.py
[2026-04-02T10:02:39.050+0000] {processor.py:914} INFO - Processing file /opt/airflow/dags/keycloak/setup_keycloak.py for tasks to queue
[2026-04-02T10:02:39.053+0000] {logging_mixin.py:190} INFO - [2026-04-02T10:02:39.052+0000] {dagbag.py:588} INFO - Filling up the DagBag from /opt/airflow/dags/keycloak/setup_keycloak.py
[2026-04-02T10:02:39.067+0000] {processor.py:925} INFO - DAG(s) 'keycloak_setup' retrieved from /opt/airflow/dags/keycloak/setup_keycloak.py
[2026-04-02T10:02:39.098+0000] {logging_mixin.py:190} INFO - [2026-04-02T10:02:39.098+0000] {dag.py:3239} INFO - Sync 1 DAGs
[2026-04-02T10:02:39.111+0000] {logging_mixin.py:190} INFO - [2026-04-02T10:02:39.111+0000] {dag.py:4180} INFO - Setting next_dagrun for keycloak_setup to None, run_after=None
[2026-04-02T10:02:39.125+0000] {processor.py:208} INFO - Processing /opt/airflow/dags/keycloak/setup_keycloak.py took 0.081 seconds
[2026-04-02T10:03:09.341+0000] {processor.py:186} INFO - Started process (PID=2226) to work on /opt/airflow/dags/keycloak/setup_keycloak.py
[2026-04-02T10:03:09.362+0000] {processor.py:914} INFO - Processing file /opt/airflow/dags/keycloak/setup_keycloak.py for tasks to queue
[2026-04-02T10:03:09.364+0000] {logging_mixin.py:190} INFO - [2026-04-02T10:03:09.364+0000] {dagbag.py:588} INFO - Filling up the DagBag from /opt/airflow/dags/keycloak/setup_keycloak.py
[2026-04-02T10:03:09.372+0000] {processor.py:925} INFO - DAG(s) 'keycloak_setup' retrieved from /opt/airflow/dags/keycloak/setup_keycloak.py
[2026-04-02T10:03:09.394+0000] {logging_mixin.py:190} INFO - [2026-04-02T10:03:09.394+0000] {dag.py:3239} INFO - Sync 1 DAGs
[2026-04-02T10:03:09.404+0000] {logging_mixin.py:190} INFO - [2026-04-02T10:03:09.404+0000] {dag.py:4180} INFO - Setting next_dagrun for keycloak_setup to None, run_after=None
[2026-04-02T10:03:09.420+0000] {processor.py:208} INFO - Processing /opt/airflow/dags/keycloak/setup_keycloak.py took 0.083 seconds
[2026-04-02T10:03:39.677+0000] {processor.py:186} INFO - Started process (PID=2236) to work on /opt/airflow/dags/keycloak/setup_keycloak.py
[2026-04-02T10:03:39.677+0000] {processor.py:914} INFO - Processing file /opt/airflow/dags/keycloak/setup_keycloak.py for tasks to queue
[2026-04-02T10:03:39.679+0000] {logging_mixin.py:190} INFO - [2026-04-02T10:03:39.679+0000] {dagbag.py:588} INFO - Filling up the DagBag from /opt/airflow/dags/keycloak/setup_keycloak.py
[2026-04-02T10:03:39.693+0000] {processor.py:925} INFO - DAG(s) 'keycloak_setup' retrieved from /opt/airflow/dags/keycloak/setup_keycloak.py
[2026-04-02T10:03:39.723+0000] {logging_mixin.py:190} INFO - [2026-04-02T10:03:39.722+0000] {dag.py:3239} INFO - Sync 1 DAGs
[2026-04-02T10:03:39.869+0000] {logging_mixin.py:190} INFO - [2026-04-02T10:03:39.869+0000] {dag.py:4180} INFO - Setting next_dagrun for keycloak_setup to None, run_after=None
[2026-04-02T10:03:39.887+0000] {processor.py:208} INFO - Processing /opt/airflow/dags/keycloak/setup_keycloak.py took 0.215 seconds
[2026-04-02T10:04:10.090+0000] {processor.py:186} INFO - Started process (PID=2246) to work on /opt/airflow/dags/keycloak/setup_keycloak.py
[2026-04-02T10:04:10.091+0000] {processor.py:914} INFO - Processing file /opt/airflow/dags/keycloak/setup_keycloak.py for tasks to queue
[2026-04-02T10:04:10.093+0000] {logging_mixin.py:190} INFO - [2026-04-02T10:04:10.092+0000] {dagbag.py:588} INFO - Filling up the DagBag from /opt/airflow/dags/keycloak/setup_keycloak.py
[2026-04-02T10:04:10.100+0000] {processor.py:925} INFO - DAG(s) 'keycloak_setup' retrieved from /opt/airflow/dags/keycloak/setup_keycloak.py
[2026-04-02T10:04:10.262+0000] {logging_mixin.py:190} INFO - [2026-04-02T10:04:10.262+0000] {dag.py:3239} INFO - Sync 1 DAGs
[2026-04-02T10:04:10.271+0000] {logging_mixin.py:190} INFO - [2026-04-02T10:04:10.271+0000] {dag.py:4180} INFO - Setting next_dagrun for keycloak_setup to None, run_after=None
[2026-04-02T10:04:10.283+0000] {processor.py:208} INFO - Processing /opt/airflow/dags/keycloak/setup_keycloak.py took 0.198 seconds
[2026-04-02T10:04:40.503+0000] {processor.py:186} INFO - Started process (PID=2256) to work on /opt/airflow/dags/keycloak/setup_keycloak.py
[2026-04-02T10:04:40.503+0000] {processor.py:914} INFO - Processing file /opt/airflow/dags/keycloak/setup_keycloak.py for tasks to queue
[2026-04-02T10:04:40.505+0000] {logging_mixin.py:190} INFO - [2026-04-02T10:04:40.505+0000] {dagbag.py:588} INFO - Filling up the DagBag from /opt/airflow/dags/keycloak/setup_keycloak.py
[2026-04-02T10:04:40.517+0000] {processor.py:925} INFO - DAG(s) 'keycloak_setup' retrieved from /opt/airflow/dags/keycloak/setup_keycloak.py
[2026-04-02T10:04:40.543+0000] {logging_mixin.py:190} INFO - [2026-04-02T10:04:40.543+0000] {dag.py:3239} INFO - Sync 1 DAGs
[2026-04-02T10:04:40.553+0000] {logging_mixin.py:190} INFO - [2026-04-02T10:04:40.553+0000] {dag.py:4180} INFO - Setting next_dagrun for keycloak_setup to None, run_after=None
[2026-04-02T10:04:40.569+0000] {processor.py:208} INFO - Processing /opt/airflow/dags/keycloak/setup_keycloak.py took 0.071 seconds
[2026-04-02T10:05:10.811+0000] {processor.py:186} INFO - Started process (PID=2266) to work on /opt/airflow/dags/keycloak/setup_keycloak.py
[2026-04-02T10:05:10.829+0000] {processor.py:914} INFO - Processing file /opt/airflow/dags/keycloak/setup_keycloak.py for tasks to queue
[2026-04-02T10:05:10.830+0000] {logging_mixin.py:190} INFO - [2026-04-02T10:05:10.830+0000] {dagbag.py:588} INFO - Filling up the DagBag from /opt/airflow/dags/keycloak/setup_keycloak.py
[2026-04-02T10:05:10.838+0000] {processor.py:925} INFO - DAG(s) 'keycloak_setup' retrieved from /opt/airflow/dags/keycloak/setup_keycloak.py
[2026-04-02T10:05:10.860+0000] {logging_mixin.py:190} INFO - [2026-04-02T10:05:10.859+0000] {dag.py:3239} INFO - Sync 1 DAGs
[2026-04-02T10:05:10.870+0000] {logging_mixin.py:190} INFO - [2026-04-02T10:05:10.870+0000] {dag.py:4180} INFO - Setting next_dagrun for keycloak_setup to None, run_after=None
[2026-04-02T10:05:10.885+0000] {processor.py:208} INFO - Processing /opt/airflow/dags/keycloak/setup_keycloak.py took 0.078 seconds
[2026-04-02T10:05:41.105+0000] {processor.py:186} INFO - Started process (PID=2276) to work on /opt/airflow/dags/keycloak/setup_keycloak.py
[2026-04-02T10:05:41.106+0000] {processor.py:914} INFO - Processing file /opt/airflow/dags/keycloak/setup_keycloak.py for tasks to queue
[2026-04-02T10:05:41.107+0000] {logging_mixin.py:190} INFO - [2026-04-02T10:05:41.107+0000] {dagbag.py:588} INFO - Filling up the DagBag from /opt/airflow/dags/keycloak/setup_keycloak.py
[2026-04-02T10:05:41.122+0000] {processor.py:925} INFO - DAG(s) 'keycloak_setup' retrieved from /opt/airflow/dags/keycloak/setup_keycloak.py
[2026-04-02T10:05:41.152+0000] {logging_mixin.py:190} INFO - [2026-04-02T10:05:41.152+0000] {dag.py:3239} INFO - Sync 1 DAGs
[2026-04-02T10:05:41.297+0000] {logging_mixin.py:190} INFO - [2026-04-02T10:05:41.297+0000] {dag.py:4180} INFO - Setting next_dagrun for keycloak_setup to None, run_after=None
[2026-04-02T10:05:41.311+0000] {processor.py:208} INFO - Processing /opt/airflow/dags/keycloak/setup_keycloak.py took 0.211 seconds
[2026-04-02T10:06:11.528+0000] {processor.py:186} INFO - Started process (PID=2286) to work on /opt/airflow/dags/keycloak/setup_keycloak.py
[2026-04-02T10:06:11.546+0000] {processor.py:914} INFO - Processing file /opt/airflow/dags/keycloak/setup_keycloak.py for tasks to queue
[2026-04-02T10:06:11.548+0000] {logging_mixin.py:190} INFO - [2026-04-02T10:06:11.548+0000] {dagbag.py:588} INFO - Filling up the DagBag from /opt/airflow/dags/keycloak/setup_keycloak.py
[2026-04-02T10:06:11.556+0000] {processor.py:925} INFO - DAG(s) 'keycloak_setup' retrieved from /opt/airflow/dags/keycloak/setup_keycloak.py
[2026-04-02T10:06:11.713+0000] {logging_mixin.py:190} INFO - [2026-04-02T10:06:11.713+0000] {dag.py:3239} INFO - Sync 1 DAGs
[2026-04-02T10:06:11.722+0000] {logging_mixin.py:190} INFO - [2026-04-02T10:06:11.722+0000] {dag.py:4180} INFO - Setting next_dagrun for keycloak_setup to None, run_after=None
[2026-04-02T10:06:11.733+0000] {processor.py:208} INFO - Processing /opt/airflow/dags/keycloak/setup_keycloak.py took 0.210 seconds
[2026-04-02T10:06:42.083+0000] {processor.py:186} INFO - Started process (PID=2296) to work on /opt/airflow/dags/keycloak/setup_keycloak.py
[2026-04-02T10:06:42.084+0000] {processor.py:914} INFO - Processing file /opt/airflow/dags/keycloak/setup_keycloak.py for tasks to queue
[2026-04-02T10:06:42.086+0000] {logging_mixin.py:190} INFO - [2026-04-02T10:06:42.086+0000] {dagbag.py:588} INFO - Filling up the DagBag from /opt/airflow/dags/keycloak/setup_keycloak.py
[2026-04-02T10:06:42.100+0000] {processor.py:925} INFO - DAG(s) 'keycloak_setup' retrieved from /opt/airflow/dags/keycloak/setup_keycloak.py
[2026-04-02T10:06:42.128+0000] {logging_mixin.py:190} INFO - [2026-04-02T10:06:42.128+0000] {dag.py:3239} INFO - Sync 1 DAGs
[2026-04-02T10:06:42.139+0000] {logging_mixin.py:190} INFO - [2026-04-02T10:06:42.138+0000] {dag.py:4180} INFO - Setting next_dagrun for keycloak_setup to None, run_after=None
[2026-04-02T10:06:42.152+0000] {processor.py:208} INFO - Processing /opt/airflow/dags/keycloak/setup_keycloak.py took 0.074 seconds
[2026-04-02T10:07:12.362+0000] {processor.py:186} INFO - Started process (PID=2306) to work on /opt/airflow/dags/keycloak/setup_keycloak.py
[2026-04-02T10:07:12.364+0000] {processor.py:914} INFO - Processing file /opt/airflow/dags/keycloak/setup_keycloak.py for tasks to queue
[2026-04-02T10:07:12.366+0000] {logging_mixin.py:190} INFO - [2026-04-02T10:07:12.365+0000] {dagbag.py:588} INFO - Filling up the DagBag from /opt/airflow/dags/keycloak/setup_keycloak.py
[2026-04-02T10:07:12.373+0000] {processor.py:925} INFO - DAG(s) 'keycloak_setup' retrieved from /opt/airflow/dags/keycloak/setup_keycloak.py
[2026-04-02T10:07:12.395+0000] {logging_mixin.py:190} INFO - [2026-04-02T10:07:12.394+0000] {dag.py:3239} INFO - Sync 1 DAGs
[2026-04-02T10:07:12.405+0000] {logging_mixin.py:190} INFO - [2026-04-02T10:07:12.405+0000] {dag.py:4180} INFO - Setting next_dagrun for keycloak_setup to None, run_after=None
[2026-04-02T10:07:12.418+0000] {processor.py:208} INFO - Processing /opt/airflow/dags/keycloak/setup_keycloak.py took 0.061 seconds
[2026-04-02T10:07:42.631+0000] {processor.py:186} INFO - Started process (PID=2316) to work on /opt/airflow/dags/keycloak/setup_keycloak.py
[2026-04-02T10:07:42.631+0000] {processor.py:914} INFO - Processing file /opt/airflow/dags/keycloak/setup_keycloak.py for tasks to queue
[2026-04-02T10:07:42.633+0000] {logging_mixin.py:190} INFO - [2026-04-02T10:07:42.633+0000] {dagbag.py:588} INFO - Filling up the DagBag from /opt/airflow/dags/keycloak/setup_keycloak.py
[2026-04-02T10:07:42.772+0000] {processor.py:925} INFO - DAG(s) 'keycloak_setup' retrieved from /opt/airflow/dags/keycloak/setup_keycloak.py
[2026-04-02T10:07:42.896+0000] {logging_mixin.py:190} INFO - [2026-04-02T10:07:42.895+0000] {dag.py:3239} INFO - Sync 1 DAGs
[2026-04-02T10:07:42.908+0000] {logging_mixin.py:190} INFO - [2026-04-02T10:07:42.908+0000] {dag.py:4180} INFO - Setting next_dagrun for keycloak_setup to None, run_after=None
[2026-04-02T10:07:42.933+0000] {processor.py:208} INFO - Processing /opt/airflow/dags/keycloak/setup_keycloak.py took 0.308 seconds
[2026-04-02T10:08:13.842+0000] {processor.py:186} INFO - Started process (PID=2326) to work on /opt/airflow/dags/keycloak/setup_keycloak.py
[2026-04-02T10:08:13.843+0000] {processor.py:914} INFO - Processing file /opt/airflow/dags/keycloak/setup_keycloak.py for tasks to queue
[2026-04-02T10:08:13.845+0000] {logging_mixin.py:190} INFO - [2026-04-02T10:08:13.845+0000] {dagbag.py:588} INFO - Filling up the DagBag from /opt/airflow/dags/keycloak/setup_keycloak.py
[2026-04-02T10:08:13.853+0000] {processor.py:925} INFO - DAG(s) 'keycloak_setup' retrieved from /opt/airflow/dags/keycloak/setup_keycloak.py
[2026-04-02T10:08:13.880+0000] {logging_mixin.py:190} INFO - [2026-04-02T10:08:13.880+0000] {dag.py:3239} INFO - Sync 1 DAGs
[2026-04-02T10:08:13.892+0000] {logging_mixin.py:190} INFO - [2026-04-02T10:08:13.892+0000] {dag.py:4180} INFO - Setting next_dagrun for keycloak_setup to None, run_after=None
[2026-04-02T10:08:13.906+0000] {processor.py:208} INFO - Processing /opt/airflow/dags/keycloak/setup_keycloak.py took 0.069 seconds
[2026-04-02T10:08:44.121+0000] {processor.py:186} INFO - Started process (PID=2336) to work on /opt/airflow/dags/keycloak/setup_keycloak.py
[2026-04-02T10:08:44.121+0000] {processor.py:914} INFO - Processing file /opt/airflow/dags/keycloak/setup_keycloak.py for tasks to queue
[2026-04-02T10:08:44.124+0000] {logging_mixin.py:190} INFO - [2026-04-02T10:08:44.123+0000] {dagbag.py:588} INFO - Filling up the DagBag from /opt/airflow/dags/keycloak/setup_keycloak.py
[2026-04-02T10:08:44.139+0000] {processor.py:925} INFO - DAG(s) 'keycloak_setup' retrieved from /opt/airflow/dags/keycloak/setup_keycloak.py
[2026-04-02T10:08:44.169+0000] {logging_mixin.py:190} INFO - [2026-04-02T10:08:44.168+0000] {dag.py:3239} INFO - Sync 1 DAGs
[2026-04-02T10:08:44.179+0000] {logging_mixin.py:190} INFO - [2026-04-02T10:08:44.179+0000] {dag.py:4180} INFO - Setting next_dagrun for keycloak_setup to None, run_after=None
[2026-04-02T10:08:44.193+0000] {processor.py:208} INFO - Processing /opt/airflow/dags/keycloak/setup_keycloak.py took 0.078 seconds
[2026-04-02T10:09:14.388+0000] {processor.py:186} INFO - Started process (PID=2346) to work on /opt/airflow/dags/keycloak/setup_keycloak.py
[2026-04-02T10:09:14.389+0000] {processor.py:914} INFO - Processing file /opt/airflow/dags/keycloak/setup_keycloak.py for tasks to queue
[2026-04-02T10:09:14.391+0000] {logging_mixin.py:190} INFO - [2026-04-02T10:09:14.391+0000] {dagbag.py:588} INFO - Filling up the DagBag from /opt/airflow/dags/keycloak/setup_keycloak.py
[2026-04-02T10:09:14.398+0000] {processor.py:925} INFO - DAG(s) 'keycloak_setup' retrieved from /opt/airflow/dags/keycloak/setup_keycloak.py
[2026-04-02T10:09:14.421+0000] {logging_mixin.py:190} INFO - [2026-04-02T10:09:14.421+0000] {dag.py:3239} INFO - Sync 1 DAGs
[2026-04-02T10:09:14.431+0000] {logging_mixin.py:190} INFO - [2026-04-02T10:09:14.431+0000] {dag.py:4180} INFO - Setting next_dagrun for keycloak_setup to None, run_after=None
[2026-04-02T10:09:14.446+0000] {processor.py:208} INFO - Processing /opt/airflow/dags/keycloak/setup_keycloak.py took 0.061 seconds
[2026-04-02T10:09:44.662+0000] {processor.py:186} INFO - Started process (PID=2356) to work on /opt/airflow/dags/keycloak/setup_keycloak.py
[2026-04-02T10:09:44.662+0000] {processor.py:914} INFO - Processing file /opt/airflow/dags/keycloak/setup_keycloak.py for tasks to queue
[2026-04-02T10:09:44.664+0000] {logging_mixin.py:190} INFO - [2026-04-02T10:09:44.664+0000] {dagbag.py:588} INFO - Filling up the DagBag from /opt/airflow/dags/keycloak/setup_keycloak.py
[2026-04-02T10:09:44.679+0000] {processor.py:925} INFO - DAG(s) 'keycloak_setup' retrieved from /opt/airflow/dags/keycloak/setup_keycloak.py
[2026-04-02T10:09:44.710+0000] {logging_mixin.py:190} INFO - [2026-04-02T10:09:44.710+0000] {dag.py:3239} INFO - Sync 1 DAGs
[2026-04-02T10:09:44.723+0000] {logging_mixin.py:190} INFO - [2026-04-02T10:09:44.722+0000] {dag.py:4180} INFO - Setting next_dagrun for keycloak_setup to None, run_after=None
[2026-04-02T10:09:44.736+0000] {processor.py:208} INFO - Processing /opt/airflow/dags/keycloak/setup_keycloak.py took 0.079 seconds
[2026-04-02T10:10:14.938+0000] {processor.py:186} INFO - Started process (PID=2366) to work on /opt/airflow/dags/keycloak/setup_keycloak.py
[2026-04-02T10:10:14.939+0000] {processor.py:914} INFO - Processing file /opt/airflow/dags/keycloak/setup_keycloak.py for tasks to queue
[2026-04-02T10:10:14.941+0000] {logging_mixin.py:190} INFO - [2026-04-02T10:10:14.941+0000] {dagbag.py:588} INFO - Filling up the DagBag from /opt/airflow/dags/keycloak/setup_keycloak.py
[2026-04-02T10:10:14.948+0000] {processor.py:925} INFO - DAG(s) 'keycloak_setup' retrieved from /opt/airflow/dags/keycloak/setup_keycloak.py
[2026-04-02T10:10:14.974+0000] {logging_mixin.py:190} INFO - [2026-04-02T10:10:14.974+0000] {dag.py:3239} INFO - Sync 1 DAGs
[2026-04-02T10:10:14.988+0000] {logging_mixin.py:190} INFO - [2026-04-02T10:10:14.987+0000] {dag.py:4180} INFO - Setting next_dagrun for keycloak_setup to None, run_after=None
[2026-04-02T10:10:15.002+0000] {processor.py:208} INFO - Processing /opt/airflow/dags/keycloak/setup_keycloak.py took 0.069 seconds
[2026-04-02T10:10:45.210+0000] {processor.py:186} INFO - Started process (PID=2376) to work on /opt/airflow/dags/keycloak/setup_keycloak.py
[2026-04-02T10:10:45.211+0000] {processor.py:914} INFO - Processing file /opt/airflow/dags/keycloak/setup_keycloak.py for tasks to queue
[2026-04-02T10:10:45.213+0000] {logging_mixin.py:190} INFO - [2026-04-02T10:10:45.213+0000] {dagbag.py:588} INFO - Filling up the DagBag from /opt/airflow/dags/keycloak/setup_keycloak.py
[2026-04-02T10:10:45.222+0000] {processor.py:925} INFO - DAG(s) 'keycloak_setup' retrieved from /opt/airflow/dags/keycloak/setup_keycloak.py
[2026-04-02T10:10:45.246+0000] {logging_mixin.py:190} INFO - [2026-04-02T10:10:45.246+0000] {dag.py:3239} INFO - Sync 1 DAGs
[2026-04-02T10:10:45.257+0000] {logging_mixin.py:190} INFO - [2026-04-02T10:10:45.257+0000] {dag.py:4180} INFO - Setting next_dagrun for keycloak_setup to None, run_after=None
[2026-04-02T10:10:45.270+0000] {processor.py:208} INFO - Processing /opt/airflow/dags/keycloak/setup_keycloak.py took 0.064 seconds
[2026-04-02T10:11:15.499+0000] {processor.py:186} INFO - Started process (PID=2386) to work on /opt/airflow/dags/keycloak/setup_keycloak.py
[2026-04-02T10:11:15.500+0000] {processor.py:914} INFO - Processing file /opt/airflow/dags/keycloak/setup_keycloak.py for tasks to queue
[2026-04-02T10:11:15.502+0000] {logging_mixin.py:190} INFO - [2026-04-02T10:11:15.501+0000] {dagbag.py:588} INFO - Filling up the DagBag from /opt/airflow/dags/keycloak/setup_keycloak.py
[2026-04-02T10:11:15.515+0000] {processor.py:925} INFO - DAG(s) 'keycloak_setup' retrieved from /opt/airflow/dags/keycloak/setup_keycloak.py
[2026-04-02T10:11:15.541+0000] {logging_mixin.py:190} INFO - [2026-04-02T10:11:15.541+0000] {dag.py:3239} INFO - Sync 1 DAGs
[2026-04-02T10:11:15.553+0000] {logging_mixin.py:190} INFO - [2026-04-02T10:11:15.553+0000] {dag.py:4180} INFO - Setting next_dagrun for keycloak_setup to None, run_after=None
[2026-04-02T10:11:15.572+0000] {processor.py:208} INFO - Processing /opt/airflow/dags/keycloak/setup_keycloak.py took 0.079 seconds
[2026-04-02T10:11:45.803+0000] {processor.py:186} INFO - Started process (PID=2396) to work on /opt/airflow/dags/keycloak/setup_keycloak.py
[2026-04-02T10:11:45.804+0000] {processor.py:914} INFO - Processing file /opt/airflow/dags/keycloak/setup_keycloak.py for tasks to queue
[2026-04-02T10:11:45.806+0000] {logging_mixin.py:190} INFO - [2026-04-02T10:11:45.806+0000] {dagbag.py:588} INFO - Filling up the DagBag from /opt/airflow/dags/keycloak/setup_keycloak.py
[2026-04-02T10:11:45.813+0000] {processor.py:925} INFO - DAG(s) 'keycloak_setup' retrieved from /opt/airflow/dags/keycloak/setup_keycloak.py
[2026-04-02T10:11:45.834+0000] {logging_mixin.py:190} INFO - [2026-04-02T10:11:45.834+0000] {dag.py:3239} INFO - Sync 1 DAGs
[2026-04-02T10:11:45.845+0000] {logging_mixin.py:190} INFO - [2026-04-02T10:11:45.844+0000] {dag.py:4180} INFO - Setting next_dagrun for keycloak_setup to None, run_after=None
[2026-04-02T10:11:45.858+0000] {processor.py:208} INFO - Processing /opt/airflow/dags/keycloak/setup_keycloak.py took 0.060 seconds
[2026-04-02T10:12:16.083+0000] {processor.py:186} INFO - Started process (PID=2406) to work on /opt/airflow/dags/keycloak/setup_keycloak.py
[2026-04-02T10:12:16.085+0000] {processor.py:914} INFO - Processing file /opt/airflow/dags/keycloak/setup_keycloak.py for tasks to queue
[2026-04-02T10:12:16.087+0000] {logging_mixin.py:190} INFO - [2026-04-02T10:12:16.086+0000] {dagbag.py:588} INFO - Filling up the DagBag from /opt/airflow/dags/keycloak/setup_keycloak.py
[2026-04-02T10:12:16.094+0000] {processor.py:925} INFO - DAG(s) 'keycloak_setup' retrieved from /opt/airflow/dags/keycloak/setup_keycloak.py
[2026-04-02T10:12:16.116+0000] {logging_mixin.py:190} INFO - [2026-04-02T10:12:16.116+0000] {dag.py:3239} INFO - Sync 1 DAGs
[2026-04-02T10:12:16.126+0000] {logging_mixin.py:190} INFO - [2026-04-02T10:12:16.126+0000] {dag.py:4180} INFO - Setting next_dagrun for keycloak_setup to None, run_after=None
[2026-04-02T10:12:16.139+0000] {processor.py:208} INFO - Processing /opt/airflow/dags/keycloak/setup_keycloak.py took 0.060 seconds
[2026-04-02T10:12:46.362+0000] {processor.py:186} INFO - Started process (PID=2416) to work on /opt/airflow/dags/keycloak/setup_keycloak.py
[2026-04-02T10:12:46.363+0000] {processor.py:914} INFO - Processing file /opt/airflow/dags/keycloak/setup_keycloak.py for tasks to queue
[2026-04-02T10:12:46.365+0000] {logging_mixin.py:190} INFO - [2026-04-02T10:12:46.365+0000] {dagbag.py:588} INFO - Filling up the DagBag from /opt/airflow/dags/keycloak/setup_keycloak.py
[2026-04-02T10:12:46.374+0000] {processor.py:925} INFO - DAG(s) 'keycloak_setup' retrieved from /opt/airflow/dags/keycloak/setup_keycloak.py
[2026-04-02T10:12:46.396+0000] {logging_mixin.py:190} INFO - [2026-04-02T10:12:46.396+0000] {dag.py:3239} INFO - Sync 1 DAGs
[2026-04-02T10:12:46.406+0000] {logging_mixin.py:190} INFO - [2026-04-02T10:12:46.406+0000] {dag.py:4180} INFO - Setting next_dagrun for keycloak_setup to None, run_after=None
[2026-04-02T10:12:46.421+0000] {processor.py:208} INFO - Processing /opt/airflow/dags/keycloak/setup_keycloak.py took 0.063 seconds
[2026-04-02T10:13:16.663+0000] {processor.py:186} INFO - Started process (PID=2426) to work on /opt/airflow/dags/keycloak/setup_keycloak.py
[2026-04-02T10:13:16.680+0000] {processor.py:914} INFO - Processing file /opt/airflow/dags/keycloak/setup_keycloak.py for tasks to queue
[2026-04-02T10:13:16.682+0000] {logging_mixin.py:190} INFO - [2026-04-02T10:13:16.682+0000] {dagbag.py:588} INFO - Filling up the DagBag from /opt/airflow/dags/keycloak/setup_keycloak.py
[2026-04-02T10:13:16.690+0000] {processor.py:925} INFO - DAG(s) 'keycloak_setup' retrieved from /opt/airflow/dags/keycloak/setup_keycloak.py
[2026-04-02T10:13:16.713+0000] {logging_mixin.py:190} INFO - [2026-04-02T10:13:16.713+0000] {dag.py:3239} INFO - Sync 1 DAGs
[2026-04-02T10:13:16.725+0000] {logging_mixin.py:190} INFO - [2026-04-02T10:13:16.725+0000] {dag.py:4180} INFO - Setting next_dagrun for keycloak_setup to None, run_after=None
[2026-04-02T10:13:16.741+0000] {processor.py:208} INFO - Processing /opt/airflow/dags/keycloak/setup_keycloak.py took 0.082 seconds
[2026-04-02T10:13:46.959+0000] {processor.py:186} INFO - Started process (PID=2436) to work on /opt/airflow/dags/keycloak/setup_keycloak.py
[2026-04-02T10:13:46.959+0000] {processor.py:914} INFO - Processing file /opt/airflow/dags/keycloak/setup_keycloak.py for tasks to queue
[2026-04-02T10:13:46.961+0000] {logging_mixin.py:190} INFO - [2026-04-02T10:13:46.961+0000] {dagbag.py:588} INFO - Filling up the DagBag from /opt/airflow/dags/keycloak/setup_keycloak.py
[2026-04-02T10:13:46.968+0000] {processor.py:925} INFO - DAG(s) 'keycloak_setup' retrieved from /opt/airflow/dags/keycloak/setup_keycloak.py
[2026-04-02T10:13:46.992+0000] {logging_mixin.py:190} INFO - [2026-04-02T10:13:46.992+0000] {dag.py:3239} INFO - Sync 1 DAGs
[2026-04-02T10:13:47.004+0000] {logging_mixin.py:190} INFO - [2026-04-02T10:13:47.003+0000] {dag.py:4180} INFO - Setting next_dagrun for keycloak_setup to None, run_after=None
[2026-04-02T10:13:47.020+0000] {processor.py:208} INFO - Processing /opt/airflow/dags/keycloak/setup_keycloak.py took 0.065 seconds
[2026-04-02T10:14:17.234+0000] {processor.py:186} INFO - Started process (PID=2446) to work on /opt/airflow/dags/keycloak/setup_keycloak.py
[2026-04-02T10:14:17.252+0000] {processor.py:914} INFO - Processing file /opt/airflow/dags/keycloak/setup_keycloak.py for tasks to queue
[2026-04-02T10:14:17.254+0000] {logging_mixin.py:190} INFO - [2026-04-02T10:14:17.254+0000] {dagbag.py:588} INFO - Filling up the DagBag from /opt/airflow/dags/keycloak/setup_keycloak.py
[2026-04-02T10:14:17.262+0000] {processor.py:925} INFO - DAG(s) 'keycloak_setup' retrieved from /opt/airflow/dags/keycloak/setup_keycloak.py
[2026-04-02T10:14:17.284+0000] {logging_mixin.py:190} INFO - [2026-04-02T10:14:17.284+0000] {dag.py:3239} INFO - Sync 1 DAGs
[2026-04-02T10:14:17.296+0000] {logging_mixin.py:190} INFO - [2026-04-02T10:14:17.296+0000] {dag.py:4180} INFO - Setting next_dagrun for keycloak_setup to None, run_after=None
[2026-04-02T10:14:17.312+0000] {processor.py:208} INFO - Processing /opt/airflow/dags/keycloak/setup_keycloak.py took 0.082 seconds
[2026-04-02T10:14:47.584+0000] {processor.py:186} INFO - Started process (PID=2456) to work on /opt/airflow/dags/keycloak/setup_keycloak.py
[2026-04-02T10:14:47.585+0000] {processor.py:914} INFO - Processing file /opt/airflow/dags/keycloak/setup_keycloak.py for tasks to queue
[2026-04-02T10:14:47.587+0000] {logging_mixin.py:190} INFO - [2026-04-02T10:14:47.586+0000] {dagbag.py:588} INFO - Filling up the DagBag from /opt/airflow/dags/keycloak/setup_keycloak.py
[2026-04-02T10:14:47.595+0000] {processor.py:925} INFO - DAG(s) 'keycloak_setup' retrieved from /opt/airflow/dags/keycloak/setup_keycloak.py
[2026-04-02T10:14:47.619+0000] {logging_mixin.py:190} INFO - [2026-04-02T10:14:47.619+0000] {dag.py:3239} INFO - Sync 1 DAGs
[2026-04-02T10:14:47.630+0000] {logging_mixin.py:190} INFO - [2026-04-02T10:14:47.630+0000] {dag.py:4180} INFO - Setting next_dagrun for keycloak_setup to None, run_after=None
[2026-04-02T10:14:47.655+0000] {processor.py:208} INFO - Processing /opt/airflow/dags/keycloak/setup_keycloak.py took 0.075 seconds
[2026-04-02T10:15:17.890+0000] {processor.py:186} INFO - Started process (PID=2466) to work on /opt/airflow/dags/keycloak/setup_keycloak.py
[2026-04-02T10:15:17.892+0000] {processor.py:914} INFO - Processing file /opt/airflow/dags/keycloak/setup_keycloak.py for tasks to queue
[2026-04-02T10:15:17.894+0000] {logging_mixin.py:190} INFO - [2026-04-02T10:15:17.893+0000] {dagbag.py:588} INFO - Filling up the DagBag from /opt/airflow/dags/keycloak/setup_keycloak.py
[2026-04-02T10:15:17.901+0000] {processor.py:925} INFO - DAG(s) 'keycloak_setup' retrieved from /opt/airflow/dags/keycloak/setup_keycloak.py
[2026-04-02T10:15:17.924+0000] {logging_mixin.py:190} INFO - [2026-04-02T10:15:17.924+0000] {dag.py:3239} INFO - Sync 1 DAGs
[2026-04-02T10:15:17.936+0000] {logging_mixin.py:190} INFO - [2026-04-02T10:15:17.935+0000] {dag.py:4180} INFO - Setting next_dagrun for keycloak_setup to None, run_after=None
[2026-04-02T10:15:17.951+0000] {processor.py:208} INFO - Processing /opt/airflow/dags/keycloak/setup_keycloak.py took 0.066 seconds
[2026-04-02T10:15:48.172+0000] {processor.py:186} INFO - Started process (PID=2476) to work on /opt/airflow/dags/keycloak/setup_keycloak.py
[2026-04-02T10:15:48.173+0000] {processor.py:914} INFO - Processing file /opt/airflow/dags/keycloak/setup_keycloak.py for tasks to queue
[2026-04-02T10:15:48.175+0000] {logging_mixin.py:190} INFO - [2026-04-02T10:15:48.175+0000] {dagbag.py:588} INFO - Filling up the DagBag from /opt/airflow/dags/keycloak/setup_keycloak.py
[2026-04-02T10:15:48.184+0000] {processor.py:925} INFO - DAG(s) 'keycloak_setup' retrieved from /opt/airflow/dags/keycloak/setup_keycloak.py
[2026-04-02T10:15:48.210+0000] {logging_mixin.py:190} INFO - [2026-04-02T10:15:48.210+0000] {dag.py:3239} INFO - Sync 1 DAGs
[2026-04-02T10:15:48.223+0000] {logging_mixin.py:190} INFO - [2026-04-02T10:15:48.223+0000] {dag.py:4180} INFO - Setting next_dagrun for keycloak_setup to None, run_after=None
[2026-04-02T10:15:48.239+0000] {processor.py:208} INFO - Processing /opt/airflow/dags/keycloak/setup_keycloak.py took 0.074 seconds
[2026-04-02T10:16:18.469+0000] {processor.py:186} INFO - Started process (PID=2486) to work on /opt/airflow/dags/keycloak/setup_keycloak.py
[2026-04-02T10:16:18.470+0000] {processor.py:914} INFO - Processing file /opt/airflow/dags/keycloak/setup_keycloak.py for tasks to queue
[2026-04-02T10:16:18.472+0000] {logging_mixin.py:190} INFO - [2026-04-02T10:16:18.472+0000] {dagbag.py:588} INFO - Filling up the DagBag from /opt/airflow/dags/keycloak/setup_keycloak.py
[2026-04-02T10:16:18.480+0000] {processor.py:925} INFO - DAG(s) 'keycloak_setup' retrieved from /opt/airflow/dags/keycloak/setup_keycloak.py
[2026-04-02T10:16:18.503+0000] {logging_mixin.py:190} INFO - [2026-04-02T10:16:18.503+0000] {dag.py:3239} INFO - Sync 1 DAGs
[2026-04-02T10:16:18.515+0000] {logging_mixin.py:190} INFO - [2026-04-02T10:16:18.515+0000] {dag.py:4180} INFO - Setting next_dagrun for keycloak_setup to None, run_after=None
[2026-04-02T10:16:18.530+0000] {processor.py:208} INFO - Processing /opt/airflow/dags/keycloak/setup_keycloak.py took 0.066 seconds
[2026-04-02T10:16:48.766+0000] {processor.py:186} INFO - Started process (PID=2496) to work on /opt/airflow/dags/keycloak/setup_keycloak.py
[2026-04-02T10:16:48.767+0000] {processor.py:914} INFO - Processing file /opt/airflow/dags/keycloak/setup_keycloak.py for tasks to queue
[2026-04-02T10:16:48.769+0000] {logging_mixin.py:190} INFO - [2026-04-02T10:16:48.768+0000] {dagbag.py:588} INFO - Filling up the DagBag from /opt/airflow/dags/keycloak/setup_keycloak.py
[2026-04-02T10:16:48.777+0000] {processor.py:925} INFO - DAG(s) 'keycloak_setup' retrieved from /opt/airflow/dags/keycloak/setup_keycloak.py
[2026-04-02T10:16:48.798+0000] {logging_mixin.py:190} INFO - [2026-04-02T10:16:48.798+0000] {dag.py:3239} INFO - Sync 1 DAGs
[2026-04-02T10:16:48.811+0000] {logging_mixin.py:190} INFO - [2026-04-02T10:16:48.811+0000] {dag.py:4180} INFO - Setting next_dagrun for keycloak_setup to None, run_after=None
[2026-04-02T10:16:48.826+0000] {processor.py:208} INFO - Processing /opt/airflow/dags/keycloak/setup_keycloak.py took 0.064 seconds
[2026-04-02T10:17:19.026+0000] {processor.py:186} INFO - Started process (PID=2506) to work on /opt/airflow/dags/keycloak/setup_keycloak.py
[2026-04-02T10:17:19.027+0000] {processor.py:914} INFO - Processing file /opt/airflow/dags/keycloak/setup_keycloak.py for tasks to queue
[2026-04-02T10:17:19.029+0000] {logging_mixin.py:190} INFO - [2026-04-02T10:17:19.029+0000] {dagbag.py:588} INFO - Filling up the DagBag from /opt/airflow/dags/keycloak/setup_keycloak.py
[2026-04-02T10:17:19.037+0000] {processor.py:925} INFO - DAG(s) 'keycloak_setup' retrieved from /opt/airflow/dags/keycloak/setup_keycloak.py
[2026-04-02T10:17:19.063+0000] {logging_mixin.py:190} INFO - [2026-04-02T10:17:19.062+0000] {dag.py:3239} INFO - Sync 1 DAGs
[2026-04-02T10:17:19.075+0000] {logging_mixin.py:190} INFO - [2026-04-02T10:17:19.075+0000] {dag.py:4180} INFO - Setting next_dagrun for keycloak_setup to None, run_after=None
[2026-04-02T10:17:19.091+0000] {processor.py:208} INFO - Processing /opt/airflow/dags/keycloak/setup_keycloak.py took 0.070 seconds
[2026-04-02T10:17:49.280+0000] {processor.py:186} INFO - Started process (PID=2516) to work on /opt/airflow/dags/keycloak/setup_keycloak.py
[2026-04-02T10:17:49.281+0000] {processor.py:914} INFO - Processing file /opt/airflow/dags/keycloak/setup_keycloak.py for tasks to queue
[2026-04-02T10:17:49.282+0000] {logging_mixin.py:190} INFO - [2026-04-02T10:17:49.282+0000] {dagbag.py:588} INFO - Filling up the DagBag from /opt/airflow/dags/keycloak/setup_keycloak.py
[2026-04-02T10:17:49.291+0000] {processor.py:925} INFO - DAG(s) 'keycloak_setup' retrieved from /opt/airflow/dags/keycloak/setup_keycloak.py
[2026-04-02T10:17:49.314+0000] {logging_mixin.py:190} INFO - [2026-04-02T10:17:49.314+0000] {dag.py:3239} INFO - Sync 1 DAGs
[2026-04-02T10:17:49.325+0000] {logging_mixin.py:190} INFO - [2026-04-02T10:17:49.325+0000] {dag.py:4180} INFO - Setting next_dagrun for keycloak_setup to None, run_after=None
[2026-04-02T10:17:49.339+0000] {processor.py:208} INFO - Processing /opt/airflow/dags/keycloak/setup_keycloak.py took 0.064 seconds
[2026-04-02T10:18:19.586+0000] {processor.py:186} INFO - Started process (PID=2526) to work on /opt/airflow/dags/keycloak/setup_keycloak.py
[2026-04-02T10:18:19.587+0000] {processor.py:914} INFO - Processing file /opt/airflow/dags/keycloak/setup_keycloak.py for tasks to queue
[2026-04-02T10:18:19.589+0000] {logging_mixin.py:190} INFO - [2026-04-02T10:18:19.589+0000] {dagbag.py:588} INFO - Filling up the DagBag from /opt/airflow/dags/keycloak/setup_keycloak.py
[2026-04-02T10:18:19.604+0000] {processor.py:925} INFO - DAG(s) 'keycloak_setup' retrieved from /opt/airflow/dags/keycloak/setup_keycloak.py
[2026-04-02T10:18:19.634+0000] {logging_mixin.py:190} INFO - [2026-04-02T10:18:19.634+0000] {dag.py:3239} INFO - Sync 1 DAGs
[2026-04-02T10:18:19.645+0000] {logging_mixin.py:190} INFO - [2026-04-02T10:18:19.645+0000] {dag.py:4180} INFO - Setting next_dagrun for keycloak_setup to None, run_after=None
[2026-04-02T10:18:19.659+0000] {processor.py:208} INFO - Processing /opt/airflow/dags/keycloak/setup_keycloak.py took 0.096 seconds
[2026-04-02T10:18:49.788+0000] {processor.py:186} INFO - Started process (PID=2536) to work on /opt/airflow/dags/keycloak/setup_keycloak.py
[2026-04-02T10:18:49.789+0000] {processor.py:914} INFO - Processing file /opt/airflow/dags/keycloak/setup_keycloak.py for tasks to queue
[2026-04-02T10:18:49.791+0000] {logging_mixin.py:190} INFO - [2026-04-02T10:18:49.791+0000] {dagbag.py:588} INFO - Filling up the DagBag from /opt/airflow/dags/keycloak/setup_keycloak.py
[2026-04-02T10:18:49.799+0000] {processor.py:925} INFO - DAG(s) 'keycloak_setup' retrieved from /opt/airflow/dags/keycloak/setup_keycloak.py
[2026-04-02T10:18:49.826+0000] {logging_mixin.py:190} INFO - [2026-04-02T10:18:49.825+0000] {dag.py:3239} INFO - Sync 1 DAGs
[2026-04-02T10:18:49.837+0000] {logging_mixin.py:190} INFO - [2026-04-02T10:18:49.836+0000] {dag.py:4180} INFO - Setting next_dagrun for keycloak_setup to None, run_after=None
[2026-04-02T10:18:49.851+0000] {processor.py:208} INFO - Processing /opt/airflow/dags/keycloak/setup_keycloak.py took 0.068 seconds
[2026-04-02T10:19:20.069+0000] {processor.py:186} INFO - Started process (PID=2546) to work on /opt/airflow/dags/keycloak/setup_keycloak.py
[2026-04-02T10:19:20.070+0000] {processor.py:914} INFO - Processing file /opt/airflow/dags/keycloak/setup_keycloak.py for tasks to queue
[2026-04-02T10:19:20.073+0000] {logging_mixin.py:190} INFO - [2026-04-02T10:19:20.072+0000] {dagbag.py:588} INFO - Filling up the DagBag from /opt/airflow/dags/keycloak/setup_keycloak.py
[2026-04-02T10:19:20.087+0000] {processor.py:925} INFO - DAG(s) 'keycloak_setup' retrieved from /opt/airflow/dags/keycloak/setup_keycloak.py
[2026-04-02T10:19:20.119+0000] {logging_mixin.py:190} INFO - [2026-04-02T10:19:20.119+0000] {dag.py:3239} INFO - Sync 1 DAGs
[2026-04-02T10:19:20.130+0000] {logging_mixin.py:190} INFO - [2026-04-02T10:19:20.130+0000] {dag.py:4180} INFO - Setting next_dagrun for keycloak_setup to None, run_after=None
[2026-04-02T10:19:20.146+0000] {processor.py:208} INFO - Processing /opt/airflow/dags/keycloak/setup_keycloak.py took 0.083 seconds
[2026-04-02T10:19:50.345+0000] {processor.py:186} INFO - Started process (PID=2556) to work on /opt/airflow/dags/keycloak/setup_keycloak.py
[2026-04-02T10:19:50.345+0000] {processor.py:914} INFO - Processing file /opt/airflow/dags/keycloak/setup_keycloak.py for tasks to queue
[2026-04-02T10:19:50.347+0000] {logging_mixin.py:190} INFO - [2026-04-02T10:19:50.347+0000] {dagbag.py:588} INFO - Filling up the DagBag from /opt/airflow/dags/keycloak/setup_keycloak.py
[2026-04-02T10:19:50.355+0000] {processor.py:925} INFO - DAG(s) 'keycloak_setup' retrieved from /opt/airflow/dags/keycloak/setup_keycloak.py
[2026-04-02T10:19:50.384+0000] {logging_mixin.py:190} INFO - [2026-04-02T10:19:50.384+0000] {dag.py:3239} INFO - Sync 1 DAGs
[2026-04-02T10:19:50.396+0000] {logging_mixin.py:190} INFO - [2026-04-02T10:19:50.396+0000] {dag.py:4180} INFO - Setting next_dagrun for keycloak_setup to None, run_after=None
[2026-04-02T10:19:50.412+0000] {processor.py:208} INFO - Processing /opt/airflow/dags/keycloak/setup_keycloak.py took 0.072 seconds
[2026-04-02T10:20:20.665+0000] {processor.py:186} INFO - Started process (PID=2566) to work on /opt/airflow/dags/keycloak/setup_keycloak.py
[2026-04-02T10:20:20.666+0000] {processor.py:914} INFO - Processing file /opt/airflow/dags/keycloak/setup_keycloak.py for tasks to queue
[2026-04-02T10:20:20.668+0000] {logging_mixin.py:190} INFO - [2026-04-02T10:20:20.668+0000] {dagbag.py:588} INFO - Filling up the DagBag from /opt/airflow/dags/keycloak/setup_keycloak.py
[2026-04-02T10:20:20.675+0000] {processor.py:925} INFO - DAG(s) 'keycloak_setup' retrieved from /opt/airflow/dags/keycloak/setup_keycloak.py
[2026-04-02T10:20:20.699+0000] {logging_mixin.py:190} INFO - [2026-04-02T10:20:20.699+0000] {dag.py:3239} INFO - Sync 1 DAGs
[2026-04-02T10:20:20.710+0000] {logging_mixin.py:190} INFO - [2026-04-02T10:20:20.710+0000] {dag.py:4180} INFO - Setting next_dagrun for keycloak_setup to None, run_after=None
[2026-04-02T10:20:20.724+0000] {processor.py:208} INFO - Processing /opt/airflow/dags/keycloak/setup_keycloak.py took 0.063 seconds
[2026-04-02T10:20:50.950+0000] {processor.py:186} INFO - Started process (PID=2576) to work on /opt/airflow/dags/keycloak/setup_keycloak.py
[2026-04-02T10:20:50.951+0000] {processor.py:914} INFO - Processing file /opt/airflow/dags/keycloak/setup_keycloak.py for tasks to queue
[2026-04-02T10:20:50.953+0000] {logging_mixin.py:190} INFO - [2026-04-02T10:20:50.952+0000] {dagbag.py:588} INFO - Filling up the DagBag from /opt/airflow/dags/keycloak/setup_keycloak.py
[2026-04-02T10:20:50.960+0000] {processor.py:925} INFO - DAG(s) 'keycloak_setup' retrieved from /opt/airflow/dags/keycloak/setup_keycloak.py
[2026-04-02T10:20:50.982+0000] {logging_mixin.py:190} INFO - [2026-04-02T10:20:50.982+0000] {dag.py:3239} INFO - Sync 1 DAGs
[2026-04-02T10:20:50.993+0000] {logging_mixin.py:190} INFO - [2026-04-02T10:20:50.993+0000] {dag.py:4180} INFO - Setting next_dagrun for keycloak_setup to None, run_after=None
[2026-04-02T10:20:51.007+0000] {processor.py:208} INFO - Processing /opt/airflow/dags/keycloak/setup_keycloak.py took 0.060 seconds
[2026-04-02T10:21:21.224+0000] {processor.py:186} INFO - Started process (PID=2586) to work on /opt/airflow/dags/keycloak/setup_keycloak.py
[2026-04-02T10:21:21.225+0000] {processor.py:914} INFO - Processing file /opt/airflow/dags/keycloak/setup_keycloak.py for tasks to queue
[2026-04-02T10:21:21.227+0000] {logging_mixin.py:190} INFO - [2026-04-02T10:21:21.227+0000] {dagbag.py:588} INFO - Filling up the DagBag from /opt/airflow/dags/keycloak/setup_keycloak.py
[2026-04-02T10:21:21.239+0000] {processor.py:925} INFO - DAG(s) 'keycloak_setup' retrieved from /opt/airflow/dags/keycloak/setup_keycloak.py
[2026-04-02T10:21:21.268+0000] {logging_mixin.py:190} INFO - [2026-04-02T10:21:21.267+0000] {dag.py:3239} INFO - Sync 1 DAGs
[2026-04-02T10:21:21.279+0000] {logging_mixin.py:190} INFO - [2026-04-02T10:21:21.278+0000] {dag.py:4180} INFO - Setting next_dagrun for keycloak_setup to None, run_after=None
[2026-04-02T10:21:21.294+0000] {processor.py:208} INFO - Processing /opt/airflow/dags/keycloak/setup_keycloak.py took 0.076 seconds
[2026-04-02T10:21:51.540+0000] {processor.py:186} INFO - Started process (PID=2596) to work on /opt/airflow/dags/keycloak/setup_keycloak.py
[2026-04-02T10:21:51.541+0000] {processor.py:914} INFO - Processing file /opt/airflow/dags/keycloak/setup_keycloak.py for tasks to queue
[2026-04-02T10:21:51.543+0000] {logging_mixin.py:190} INFO - [2026-04-02T10:21:51.542+0000] {dagbag.py:588} INFO - Filling up the DagBag from /opt/airflow/dags/keycloak/setup_keycloak.py
[2026-04-02T10:21:51.550+0000] {processor.py:925} INFO - DAG(s) 'keycloak_setup' retrieved from /opt/airflow/dags/keycloak/setup_keycloak.py
[2026-04-02T10:21:51.573+0000] {logging_mixin.py:190} INFO - [2026-04-02T10:21:51.573+0000] {dag.py:3239} INFO - Sync 1 DAGs
[2026-04-02T10:21:51.585+0000] {logging_mixin.py:190} INFO - [2026-04-02T10:21:51.585+0000] {dag.py:4180} INFO - Setting next_dagrun for keycloak_setup to None, run_after=None
[2026-04-02T10:21:51.600+0000] {processor.py:208} INFO - Processing /opt/airflow/dags/keycloak/setup_keycloak.py took 0.064 seconds
[2026-04-02T10:22:21.806+0000] {processor.py:186} INFO - Started process (PID=2606) to work on /opt/airflow/dags/keycloak/setup_keycloak.py
[2026-04-02T10:22:21.807+0000] {processor.py:914} INFO - Processing file /opt/airflow/dags/keycloak/setup_keycloak.py for tasks to queue
[2026-04-02T10:22:21.809+0000] {logging_mixin.py:190} INFO - [2026-04-02T10:22:21.809+0000] {dagbag.py:588} INFO - Filling up the DagBag from /opt/airflow/dags/keycloak/setup_keycloak.py
[2026-04-02T10:22:21.816+0000] {processor.py:925} INFO - DAG(s) 'keycloak_setup' retrieved from /opt/airflow/dags/keycloak/setup_keycloak.py
[2026-04-02T10:22:21.840+0000] {logging_mixin.py:190} INFO - [2026-04-02T10:22:21.840+0000] {dag.py:3239} INFO - Sync 1 DAGs
[2026-04-02T10:22:21.851+0000] {logging_mixin.py:190} INFO - [2026-04-02T10:22:21.850+0000] {dag.py:4180} INFO - Setting next_dagrun for keycloak_setup to None, run_after=None
[2026-04-02T10:22:21.866+0000] {processor.py:208} INFO - Processing /opt/airflow/dags/keycloak/setup_keycloak.py took 0.065 seconds
[2026-04-02T10:22:52.093+0000] {processor.py:186} INFO - Started process (PID=2616) to work on /opt/airflow/dags/keycloak/setup_keycloak.py
[2026-04-02T10:22:52.094+0000] {processor.py:914} INFO - Processing file /opt/airflow/dags/keycloak/setup_keycloak.py for tasks to queue
[2026-04-02T10:22:52.095+0000] {logging_mixin.py:190} INFO - [2026-04-02T10:22:52.095+0000] {dagbag.py:588} INFO - Filling up the DagBag from /opt/airflow/dags/keycloak/setup_keycloak.py
[2026-04-02T10:22:52.103+0000] {processor.py:925} INFO - DAG(s) 'keycloak_setup' retrieved from /opt/airflow/dags/keycloak/setup_keycloak.py
[2026-04-02T10:22:52.126+0000] {logging_mixin.py:190} INFO - [2026-04-02T10:22:52.125+0000] {dag.py:3239} INFO - Sync 1 DAGs
[2026-04-02T10:22:52.137+0000] {logging_mixin.py:190} INFO - [2026-04-02T10:22:52.136+0000] {dag.py:4180} INFO - Setting next_dagrun for keycloak_setup to None, run_after=None
[2026-04-02T10:22:52.150+0000] {processor.py:208} INFO - Processing /opt/airflow/dags/keycloak/setup_keycloak.py took 0.061 seconds
[2026-04-02T10:23:22.385+0000] {processor.py:186} INFO - Started process (PID=2626) to work on /opt/airflow/dags/keycloak/setup_keycloak.py
[2026-04-02T10:23:22.403+0000] {processor.py:914} INFO - Processing file /opt/airflow/dags/keycloak/setup_keycloak.py for tasks to queue
[2026-04-02T10:23:22.405+0000] {logging_mixin.py:190} INFO - [2026-04-02T10:23:22.405+0000] {dagbag.py:588} INFO - Filling up the DagBag from /opt/airflow/dags/keycloak/setup_keycloak.py
[2026-04-02T10:23:22.412+0000] {processor.py:925} INFO - DAG(s) 'keycloak_setup' retrieved from /opt/airflow/dags/keycloak/setup_keycloak.py
[2026-04-02T10:23:22.434+0000] {logging_mixin.py:190} INFO - [2026-04-02T10:23:22.434+0000] {dag.py:3239} INFO - Sync 1 DAGs
[2026-04-02T10:23:22.444+0000] {logging_mixin.py:190} INFO - [2026-04-02T10:23:22.444+0000] {dag.py:4180} INFO - Setting next_dagrun for keycloak_setup to None, run_after=None
[2026-04-02T10:23:22.458+0000] {processor.py:208} INFO - Processing /opt/airflow/dags/keycloak/setup_keycloak.py took 0.078 seconds
[2026-04-02T10:23:52.700+0000] {processor.py:186} INFO - Started process (PID=2636) to work on /opt/airflow/dags/keycloak/setup_keycloak.py
[2026-04-02T10:23:52.701+0000] {processor.py:914} INFO - Processing file /opt/airflow/dags/keycloak/setup_keycloak.py for tasks to queue
[2026-04-02T10:23:52.703+0000] {logging_mixin.py:190} INFO - [2026-04-02T10:23:52.703+0000] {dagbag.py:588} INFO - Filling up the DagBag from /opt/airflow/dags/keycloak/setup_keycloak.py
[2026-04-02T10:23:52.712+0000] {processor.py:925} INFO - DAG(s) 'keycloak_setup' retrieved from /opt/airflow/dags/keycloak/setup_keycloak.py
[2026-04-02T10:23:52.735+0000] {logging_mixin.py:190} INFO - [2026-04-02T10:23:52.734+0000] {dag.py:3239} INFO - Sync 1 DAGs
[2026-04-02T10:23:52.746+0000] {logging_mixin.py:190} INFO - [2026-04-02T10:23:52.746+0000] {dag.py:4180} INFO - Setting next_dagrun for keycloak_setup to None, run_after=None
[2026-04-02T10:23:52.762+0000] {processor.py:208} INFO - Processing /opt/airflow/dags/keycloak/setup_keycloak.py took 0.066 seconds
[2026-04-02T10:24:22.978+0000] {processor.py:186} INFO - Started process (PID=2646) to work on /opt/airflow/dags/keycloak/setup_keycloak.py
[2026-04-02T10:24:22.996+0000] {processor.py:914} INFO - Processing file /opt/airflow/dags/keycloak/setup_keycloak.py for tasks to queue
[2026-04-02T10:24:22.998+0000] {logging_mixin.py:190} INFO - [2026-04-02T10:24:22.998+0000] {dagbag.py:588} INFO - Filling up the DagBag from /opt/airflow/dags/keycloak/setup_keycloak.py
[2026-04-02T10:24:23.005+0000] {processor.py:925} INFO - DAG(s) 'keycloak_setup' retrieved from /opt/airflow/dags/keycloak/setup_keycloak.py
[2026-04-02T10:24:23.027+0000] {logging_mixin.py:190} INFO - [2026-04-02T10:24:23.027+0000] {dag.py:3239} INFO - Sync 1 DAGs
[2026-04-02T10:24:23.039+0000] {logging_mixin.py:190} INFO - [2026-04-02T10:24:23.038+0000] {dag.py:4180} INFO - Setting next_dagrun for keycloak_setup to None, run_after=None
[2026-04-02T10:24:23.054+0000] {processor.py:208} INFO - Processing /opt/airflow/dags/keycloak/setup_keycloak.py took 0.080 seconds
[2026-04-02T10:24:53.264+0000] {processor.py:186} INFO - Started process (PID=2656) to work on /opt/airflow/dags/keycloak/setup_keycloak.py
[2026-04-02T10:24:53.264+0000] {processor.py:914} INFO - Processing file /opt/airflow/dags/keycloak/setup_keycloak.py for tasks to queue
[2026-04-02T10:24:53.266+0000] {logging_mixin.py:190} INFO - [2026-04-02T10:24:53.266+0000] {dagbag.py:588} INFO - Filling up the DagBag from /opt/airflow/dags/keycloak/setup_keycloak.py
[2026-04-02T10:24:53.274+0000] {processor.py:925} INFO - DAG(s) 'keycloak_setup' retrieved from /opt/airflow/dags/keycloak/setup_keycloak.py
[2026-04-02T10:24:53.301+0000] {logging_mixin.py:190} INFO - [2026-04-02T10:24:53.300+0000] {dag.py:3239} INFO - Sync 1 DAGs
[2026-04-02T10:24:53.313+0000] {logging_mixin.py:190} INFO - [2026-04-02T10:24:53.313+0000] {dag.py:4180} INFO - Setting next_dagrun for keycloak_setup to None, run_after=None
[2026-04-02T10:24:53.327+0000] {processor.py:208} INFO - Processing /opt/airflow/dags/keycloak/setup_keycloak.py took 0.067 seconds
[2026-04-02T10:25:23.569+0000] {processor.py:186} INFO - Started process (PID=2666) to work on /opt/airflow/dags/keycloak/setup_keycloak.py
[2026-04-02T10:25:23.570+0000] {processor.py:914} INFO - Processing file /opt/airflow/dags/keycloak/setup_keycloak.py for tasks to queue
[2026-04-02T10:25:23.572+0000] {logging_mixin.py:190} INFO - [2026-04-02T10:25:23.571+0000] {dagbag.py:588} INFO - Filling up the DagBag from /opt/airflow/dags/keycloak/setup_keycloak.py
[2026-04-02T10:25:23.584+0000] {processor.py:925} INFO - DAG(s) 'keycloak_setup' retrieved from /opt/airflow/dags/keycloak/setup_keycloak.py
[2026-04-02T10:25:23.612+0000] {logging_mixin.py:190} INFO - [2026-04-02T10:25:23.612+0000] {dag.py:3239} INFO - Sync 1 DAGs
[2026-04-02T10:25:23.623+0000] {logging_mixin.py:190} INFO - [2026-04-02T10:25:23.623+0000] {dag.py:4180} INFO - Setting next_dagrun for keycloak_setup to None, run_after=None
[2026-04-02T10:25:23.637+0000] {processor.py:208} INFO - Processing /opt/airflow/dags/keycloak/setup_keycloak.py took 0.074 seconds
[2026-04-02T10:25:53.872+0000] {processor.py:186} INFO - Started process (PID=2676) to work on /opt/airflow/dags/keycloak/setup_keycloak.py
[2026-04-02T10:25:53.873+0000] {processor.py:914} INFO - Processing file /opt/airflow/dags/keycloak/setup_keycloak.py for tasks to queue
[2026-04-02T10:25:53.875+0000] {logging_mixin.py:190} INFO - [2026-04-02T10:25:53.874+0000] {dagbag.py:588} INFO - Filling up the DagBag from /opt/airflow/dags/keycloak/setup_keycloak.py
[2026-04-02T10:25:53.883+0000] {processor.py:925} INFO - DAG(s) 'keycloak_setup' retrieved from /opt/airflow/dags/keycloak/setup_keycloak.py
[2026-04-02T10:25:53.907+0000] {logging_mixin.py:190} INFO - [2026-04-02T10:25:53.907+0000] {dag.py:3239} INFO - Sync 1 DAGs
[2026-04-02T10:25:53.919+0000] {logging_mixin.py:190} INFO - [2026-04-02T10:25:53.918+0000] {dag.py:4180} INFO - Setting next_dagrun for keycloak_setup to None, run_after=None
[2026-04-02T10:25:53.933+0000] {processor.py:208} INFO - Processing /opt/airflow/dags/keycloak/setup_keycloak.py took 0.066 seconds
[2026-04-02T10:26:24.178+0000] {processor.py:186} INFO - Started process (PID=2686) to work on /opt/airflow/dags/keycloak/setup_keycloak.py
[2026-04-02T10:26:24.180+0000] {processor.py:914} INFO - Processing file /opt/airflow/dags/keycloak/setup_keycloak.py for tasks to queue
[2026-04-02T10:26:24.181+0000] {logging_mixin.py:190} INFO - [2026-04-02T10:26:24.181+0000] {dagbag.py:588} INFO - Filling up the DagBag from /opt/airflow/dags/keycloak/setup_keycloak.py
[2026-04-02T10:26:24.196+0000] {processor.py:925} INFO - DAG(s) 'keycloak_setup' retrieved from /opt/airflow/dags/keycloak/setup_keycloak.py
[2026-04-02T10:26:24.225+0000] {logging_mixin.py:190} INFO - [2026-04-02T10:26:24.225+0000] {dag.py:3239} INFO - Sync 1 DAGs
[2026-04-02T10:26:24.234+0000] {logging_mixin.py:190} INFO - [2026-04-02T10:26:24.234+0000] {dag.py:4180} INFO - Setting next_dagrun for keycloak_setup to None, run_after=None
[2026-04-02T10:26:24.248+0000] {processor.py:208} INFO - Processing /opt/airflow/dags/keycloak/setup_keycloak.py took 0.075 seconds
[2026-04-02T10:26:54.479+0000] {processor.py:186} INFO - Started process (PID=2696) to work on /opt/airflow/dags/keycloak/setup_keycloak.py
[2026-04-02T10:26:54.480+0000] {processor.py:914} INFO - Processing file /opt/airflow/dags/keycloak/setup_keycloak.py for tasks to queue
[2026-04-02T10:26:54.482+0000] {logging_mixin.py:190} INFO - [2026-04-02T10:26:54.481+0000] {dagbag.py:588} INFO - Filling up the DagBag from /opt/airflow/dags/keycloak/setup_keycloak.py
[2026-04-02T10:26:54.489+0000] {processor.py:925} INFO - DAG(s) 'keycloak_setup' retrieved from /opt/airflow/dags/keycloak/setup_keycloak.py
[2026-04-02T10:26:54.510+0000] {logging_mixin.py:190} INFO - [2026-04-02T10:26:54.510+0000] {dag.py:3239} INFO - Sync 1 DAGs
[2026-04-02T10:26:54.520+0000] {logging_mixin.py:190} INFO - [2026-04-02T10:26:54.519+0000] {dag.py:4180} INFO - Setting next_dagrun for keycloak_setup to None, run_after=None
[2026-04-02T10:26:54.532+0000] {processor.py:208} INFO - Processing /opt/airflow/dags/keycloak/setup_keycloak.py took 0.057 seconds
[2026-04-02T10:27:24.719+0000] {processor.py:186} INFO - Started process (PID=2706) to work on /opt/airflow/dags/keycloak/setup_keycloak.py
[2026-04-02T10:27:24.722+0000] {processor.py:914} INFO - Processing file /opt/airflow/dags/keycloak/setup_keycloak.py for tasks to queue
[2026-04-02T10:27:24.726+0000] {logging_mixin.py:190} INFO - [2026-04-02T10:27:24.725+0000] {dagbag.py:588} INFO - Filling up the DagBag from /opt/airflow/dags/keycloak/setup_keycloak.py
[2026-04-02T10:27:24.736+0000] {processor.py:925} INFO - DAG(s) 'keycloak_setup' retrieved from /opt/airflow/dags/keycloak/setup_keycloak.py
[2026-04-02T10:27:24.761+0000] {logging_mixin.py:190} INFO - [2026-04-02T10:27:24.761+0000] {dag.py:3239} INFO - Sync 1 DAGs
[2026-04-02T10:27:24.773+0000] {logging_mixin.py:190} INFO - [2026-04-02T10:27:24.773+0000] {dag.py:4180} INFO - Setting next_dagrun for keycloak_setup to None, run_after=None
[2026-04-02T10:27:24.794+0000] {processor.py:208} INFO - Processing /opt/airflow/dags/keycloak/setup_keycloak.py took 0.080 seconds
[2026-04-02T10:27:54.918+0000] {processor.py:186} INFO - Started process (PID=2716) to work on /opt/airflow/dags/keycloak/setup_keycloak.py
[2026-04-02T10:27:54.919+0000] {processor.py:914} INFO - Processing file /opt/airflow/dags/keycloak/setup_keycloak.py for tasks to queue
[2026-04-02T10:27:54.921+0000] {logging_mixin.py:190} INFO - [2026-04-02T10:27:54.920+0000] {dagbag.py:588} INFO - Filling up the DagBag from /opt/airflow/dags/keycloak/setup_keycloak.py
[2026-04-02T10:27:54.928+0000] {processor.py:925} INFO - DAG(s) 'keycloak_setup' retrieved from /opt/airflow/dags/keycloak/setup_keycloak.py
[2026-04-02T10:27:54.954+0000] {logging_mixin.py:190} INFO - [2026-04-02T10:27:54.954+0000] {dag.py:3239} INFO - Sync 1 DAGs
[2026-04-02T10:27:54.967+0000] {logging_mixin.py:190} INFO - [2026-04-02T10:27:54.967+0000] {dag.py:4180} INFO - Setting next_dagrun for keycloak_setup to None, run_after=None
[2026-04-02T10:27:54.981+0000] {processor.py:208} INFO - Processing /opt/airflow/dags/keycloak/setup_keycloak.py took 0.067 seconds
[2026-04-02T10:28:25.166+0000] {processor.py:186} INFO - Started process (PID=2726) to work on /opt/airflow/dags/keycloak/setup_keycloak.py
[2026-04-02T10:28:25.171+0000] {processor.py:914} INFO - Processing file /opt/airflow/dags/keycloak/setup_keycloak.py for tasks to queue
[2026-04-02T10:28:25.173+0000] {logging_mixin.py:190} INFO - [2026-04-02T10:28:25.173+0000] {dagbag.py:588} INFO - Filling up the DagBag from /opt/airflow/dags/keycloak/setup_keycloak.py
[2026-04-02T10:28:25.182+0000] {processor.py:925} INFO - DAG(s) 'keycloak_setup' retrieved from /opt/airflow/dags/keycloak/setup_keycloak.py
[2026-04-02T10:28:25.206+0000] {logging_mixin.py:190} INFO - [2026-04-02T10:28:25.206+0000] {dag.py:3239} INFO - Sync 1 DAGs
[2026-04-02T10:28:25.217+0000] {logging_mixin.py:190} INFO - [2026-04-02T10:28:25.216+0000] {dag.py:4180} INFO - Setting next_dagrun for keycloak_setup to None, run_after=None
[2026-04-02T10:28:25.231+0000] {processor.py:208} INFO - Processing /opt/airflow/dags/keycloak/setup_keycloak.py took 0.070 seconds
[2026-04-02T10:28:55.433+0000] {processor.py:186} INFO - Started process (PID=2736) to work on /opt/airflow/dags/keycloak/setup_keycloak.py
[2026-04-02T10:28:55.434+0000] {processor.py:914} INFO - Processing file /opt/airflow/dags/keycloak/setup_keycloak.py for tasks to queue
[2026-04-02T10:28:55.436+0000] {logging_mixin.py:190} INFO - [2026-04-02T10:28:55.435+0000] {dagbag.py:588} INFO - Filling up the DagBag from /opt/airflow/dags/keycloak/setup_keycloak.py
[2026-04-02T10:28:55.444+0000] {processor.py:925} INFO - DAG(s) 'keycloak_setup' retrieved from /opt/airflow/dags/keycloak/setup_keycloak.py
[2026-04-02T10:28:55.468+0000] {logging_mixin.py:190} INFO - [2026-04-02T10:28:55.468+0000] {dag.py:3239} INFO - Sync 1 DAGs
[2026-04-02T10:28:55.478+0000] {logging_mixin.py:190} INFO - [2026-04-02T10:28:55.478+0000] {dag.py:4180} INFO - Setting next_dagrun for keycloak_setup to None, run_after=None
[2026-04-02T10:28:55.494+0000] {processor.py:208} INFO - Processing /opt/airflow/dags/keycloak/setup_keycloak.py took 0.065 seconds
[2026-04-02T10:29:25.728+0000] {processor.py:186} INFO - Started process (PID=2746) to work on /opt/airflow/dags/keycloak/setup_keycloak.py
[2026-04-02T10:29:25.729+0000] {processor.py:914} INFO - Processing file /opt/airflow/dags/keycloak/setup_keycloak.py for tasks to queue
[2026-04-02T10:29:25.731+0000] {logging_mixin.py:190} INFO - [2026-04-02T10:29:25.731+0000] {dagbag.py:588} INFO - Filling up the DagBag from /opt/airflow/dags/keycloak/setup_keycloak.py
[2026-04-02T10:29:25.743+0000] {processor.py:925} INFO - DAG(s) 'keycloak_setup' retrieved from /opt/airflow/dags/keycloak/setup_keycloak.py
[2026-04-02T10:29:25.773+0000] {logging_mixin.py:190} INFO - [2026-04-02T10:29:25.772+0000] {dag.py:3239} INFO - Sync 1 DAGs
[2026-04-02T10:29:25.784+0000] {logging_mixin.py:190} INFO - [2026-04-02T10:29:25.784+0000] {dag.py:4180} INFO - Setting next_dagrun for keycloak_setup to None, run_after=None
[2026-04-02T10:29:25.804+0000] {processor.py:208} INFO - Processing /opt/airflow/dags/keycloak/setup_keycloak.py took 0.083 seconds
[2026-04-02T10:29:56.024+0000] {processor.py:186} INFO - Started process (PID=2756) to work on /opt/airflow/dags/keycloak/setup_keycloak.py
[2026-04-02T10:29:56.025+0000] {processor.py:914} INFO - Processing file /opt/airflow/dags/keycloak/setup_keycloak.py for tasks to queue
[2026-04-02T10:29:56.027+0000] {logging_mixin.py:190} INFO - [2026-04-02T10:29:56.027+0000] {dagbag.py:588} INFO - Filling up the DagBag from /opt/airflow/dags/keycloak/setup_keycloak.py
[2026-04-02T10:29:56.035+0000] {processor.py:925} INFO - DAG(s) 'keycloak_setup' retrieved from /opt/airflow/dags/keycloak/setup_keycloak.py
[2026-04-02T10:29:56.060+0000] {logging_mixin.py:190} INFO - [2026-04-02T10:29:56.059+0000] {dag.py:3239} INFO - Sync 1 DAGs
[2026-04-02T10:29:56.071+0000] {logging_mixin.py:190} INFO - [2026-04-02T10:29:56.070+0000] {dag.py:4180} INFO - Setting next_dagrun for keycloak_setup to None, run_after=None
[2026-04-02T10:29:56.083+0000] {processor.py:208} INFO - Processing /opt/airflow/dags/keycloak/setup_keycloak.py took 0.064 seconds
[2026-04-02T10:30:26.292+0000] {processor.py:186} INFO - Started process (PID=2766) to work on /opt/airflow/dags/keycloak/setup_keycloak.py
[2026-04-02T10:30:26.294+0000] {processor.py:914} INFO - Processing file /opt/airflow/dags/keycloak/setup_keycloak.py for tasks to queue
[2026-04-02T10:30:26.296+0000] {logging_mixin.py:190} INFO - [2026-04-02T10:30:26.295+0000] {dagbag.py:588} INFO - Filling up the DagBag from /opt/airflow/dags/keycloak/setup_keycloak.py
[2026-04-02T10:30:26.307+0000] {processor.py:925} INFO - DAG(s) 'keycloak_setup' retrieved from /opt/airflow/dags/keycloak/setup_keycloak.py
[2026-04-02T10:30:26.334+0000] {logging_mixin.py:190} INFO - [2026-04-02T10:30:26.333+0000] {dag.py:3239} INFO - Sync 1 DAGs
[2026-04-02T10:30:26.345+0000] {logging_mixin.py:190} INFO - [2026-04-02T10:30:26.345+0000] {dag.py:4180} INFO - Setting next_dagrun for keycloak_setup to None, run_after=None
[2026-04-02T10:30:26.361+0000] {processor.py:208} INFO - Processing /opt/airflow/dags/keycloak/setup_keycloak.py took 0.073 seconds
[2026-04-02T10:30:56.513+0000] {processor.py:186} INFO - Started process (PID=2776) to work on /opt/airflow/dags/keycloak/setup_keycloak.py
[2026-04-02T10:30:56.514+0000] {processor.py:914} INFO - Processing file /opt/airflow/dags/keycloak/setup_keycloak.py for tasks to queue
[2026-04-02T10:30:56.515+0000] {logging_mixin.py:190} INFO - [2026-04-02T10:30:56.515+0000] {dagbag.py:588} INFO - Filling up the DagBag from /opt/airflow/dags/keycloak/setup_keycloak.py
[2026-04-02T10:30:56.523+0000] {processor.py:925} INFO - DAG(s) 'keycloak_setup' retrieved from /opt/airflow/dags/keycloak/setup_keycloak.py
[2026-04-02T10:30:56.553+0000] {logging_mixin.py:190} INFO - [2026-04-02T10:30:56.552+0000] {dag.py:3239} INFO - Sync 1 DAGs
[2026-04-02T10:30:56.564+0000] {logging_mixin.py:190} INFO - [2026-04-02T10:30:56.564+0000] {dag.py:4180} INFO - Setting next_dagrun for keycloak_setup to None, run_after=None
[2026-04-02T10:30:56.578+0000] {processor.py:208} INFO - Processing /opt/airflow/dags/keycloak/setup_keycloak.py took 0.069 seconds
[2026-04-02T10:31:26.779+0000] {processor.py:186} INFO - Started process (PID=2786) to work on /opt/airflow/dags/keycloak/setup_keycloak.py
[2026-04-02T10:31:26.780+0000] {processor.py:914} INFO - Processing file /opt/airflow/dags/keycloak/setup_keycloak.py for tasks to queue
[2026-04-02T10:31:26.782+0000] {logging_mixin.py:190} INFO - [2026-04-02T10:31:26.782+0000] {dagbag.py:588} INFO - Filling up the DagBag from /opt/airflow/dags/keycloak/setup_keycloak.py
[2026-04-02T10:31:26.795+0000] {processor.py:925} INFO - DAG(s) 'keycloak_setup' retrieved from /opt/airflow/dags/keycloak/setup_keycloak.py
[2026-04-02T10:31:26.822+0000] {logging_mixin.py:190} INFO - [2026-04-02T10:31:26.822+0000] {dag.py:3239} INFO - Sync 1 DAGs
[2026-04-02T10:31:26.833+0000] {logging_mixin.py:190} INFO - [2026-04-02T10:31:26.833+0000] {dag.py:4180} INFO - Setting next_dagrun for keycloak_setup to None, run_after=None
[2026-04-02T10:31:26.848+0000] {processor.py:208} INFO - Processing /opt/airflow/dags/keycloak/setup_keycloak.py took 0.075 seconds
[2026-04-02T10:31:57.072+0000] {processor.py:186} INFO - Started process (PID=2796) to work on /opt/airflow/dags/keycloak/setup_keycloak.py
[2026-04-02T10:31:57.073+0000] {processor.py:914} INFO - Processing file /opt/airflow/dags/keycloak/setup_keycloak.py for tasks to queue
[2026-04-02T10:31:57.075+0000] {logging_mixin.py:190} INFO - [2026-04-02T10:31:57.075+0000] {dagbag.py:588} INFO - Filling up the DagBag from /opt/airflow/dags/keycloak/setup_keycloak.py
[2026-04-02T10:31:57.082+0000] {processor.py:925} INFO - DAG(s) 'keycloak_setup' retrieved from /opt/airflow/dags/keycloak/setup_keycloak.py
[2026-04-02T10:31:57.110+0000] {logging_mixin.py:190} INFO - [2026-04-02T10:31:57.110+0000] {dag.py:3239} INFO - Sync 1 DAGs
[2026-04-02T10:31:57.124+0000] {logging_mixin.py:190} INFO - [2026-04-02T10:31:57.124+0000] {dag.py:4180} INFO - Setting next_dagrun for keycloak_setup to None, run_after=None
[2026-04-02T10:31:57.144+0000] {processor.py:208} INFO - Processing /opt/airflow/dags/keycloak/setup_keycloak.py took 0.076 seconds
[2026-04-02T10:32:27.360+0000] {processor.py:186} INFO - Started process (PID=2806) to work on /opt/airflow/dags/keycloak/setup_keycloak.py
[2026-04-02T10:32:27.361+0000] {processor.py:914} INFO - Processing file /opt/airflow/dags/keycloak/setup_keycloak.py for tasks to queue
[2026-04-02T10:32:27.362+0000] {logging_mixin.py:190} INFO - [2026-04-02T10:32:27.362+0000] {dagbag.py:588} INFO - Filling up the DagBag from /opt/airflow/dags/keycloak/setup_keycloak.py
[2026-04-02T10:32:27.375+0000] {processor.py:925} INFO - DAG(s) 'keycloak_setup' retrieved from /opt/airflow/dags/keycloak/setup_keycloak.py
[2026-04-02T10:32:27.404+0000] {logging_mixin.py:190} INFO - [2026-04-02T10:32:27.404+0000] {dag.py:3239} INFO - Sync 1 DAGs
[2026-04-02T10:32:27.415+0000] {logging_mixin.py:190} INFO - [2026-04-02T10:32:27.414+0000] {dag.py:4180} INFO - Setting next_dagrun for keycloak_setup to None, run_after=None
[2026-04-02T10:32:27.430+0000] {processor.py:208} INFO - Processing /opt/airflow/dags/keycloak/setup_keycloak.py took 0.075 seconds
[2026-04-02T10:32:57.707+0000] {processor.py:186} INFO - Started process (PID=2816) to work on /opt/airflow/dags/keycloak/setup_keycloak.py
[2026-04-02T10:32:57.707+0000] {processor.py:914} INFO - Processing file /opt/airflow/dags/keycloak/setup_keycloak.py for tasks to queue
[2026-04-02T10:32:57.709+0000] {logging_mixin.py:190} INFO - [2026-04-02T10:32:57.709+0000] {dagbag.py:588} INFO - Filling up the DagBag from /opt/airflow/dags/keycloak/setup_keycloak.py
[2026-04-02T10:32:57.716+0000] {processor.py:925} INFO - DAG(s) 'keycloak_setup' retrieved from /opt/airflow/dags/keycloak/setup_keycloak.py
[2026-04-02T10:32:57.740+0000] {logging_mixin.py:190} INFO - [2026-04-02T10:32:57.740+0000] {dag.py:3239} INFO - Sync 1 DAGs
[2026-04-02T10:32:57.751+0000] {logging_mixin.py:190} INFO - [2026-04-02T10:32:57.751+0000] {dag.py:4180} INFO - Setting next_dagrun for keycloak_setup to None, run_after=None
[2026-04-02T10:32:57.768+0000] {processor.py:208} INFO - Processing /opt/airflow/dags/keycloak/setup_keycloak.py took 0.066 seconds
[2026-04-02T10:33:28.030+0000] {processor.py:186} INFO - Started process (PID=2826) to work on /opt/airflow/dags/keycloak/setup_keycloak.py
[2026-04-02T10:33:28.031+0000] {processor.py:914} INFO - Processing file /opt/airflow/dags/keycloak/setup_keycloak.py for tasks to queue
[2026-04-02T10:33:28.033+0000] {logging_mixin.py:190} INFO - [2026-04-02T10:33:28.033+0000] {dagbag.py:588} INFO - Filling up the DagBag from /opt/airflow/dags/keycloak/setup_keycloak.py
[2026-04-02T10:33:28.047+0000] {processor.py:925} INFO - DAG(s) 'keycloak_setup' retrieved from /opt/airflow/dags/keycloak/setup_keycloak.py
[2026-04-02T10:33:28.076+0000] {logging_mixin.py:190} INFO - [2026-04-02T10:33:28.076+0000] {dag.py:3239} INFO - Sync 1 DAGs
[2026-04-02T10:33:28.088+0000] {logging_mixin.py:190} INFO - [2026-04-02T10:33:28.087+0000] {dag.py:4180} INFO - Setting next_dagrun for keycloak_setup to None, run_after=None
[2026-04-02T10:33:28.103+0000] {processor.py:208} INFO - Processing /opt/airflow/dags/keycloak/setup_keycloak.py took 0.078 seconds
[2026-04-02T10:33:58.297+0000] {processor.py:186} INFO - Started process (PID=2836) to work on /opt/airflow/dags/keycloak/setup_keycloak.py
[2026-04-02T10:33:58.298+0000] {processor.py:914} INFO - Processing file /opt/airflow/dags/keycloak/setup_keycloak.py for tasks to queue
[2026-04-02T10:33:58.300+0000] {logging_mixin.py:190} INFO - [2026-04-02T10:33:58.300+0000] {dagbag.py:588} INFO - Filling up the DagBag from /opt/airflow/dags/keycloak/setup_keycloak.py
[2026-04-02T10:33:58.310+0000] {processor.py:925} INFO - DAG(s) 'keycloak_setup' retrieved from /opt/airflow/dags/keycloak/setup_keycloak.py
[2026-04-02T10:33:58.336+0000] {logging_mixin.py:190} INFO - [2026-04-02T10:33:58.335+0000] {dag.py:3239} INFO - Sync 1 DAGs
[2026-04-02T10:33:58.348+0000] {logging_mixin.py:190} INFO - [2026-04-02T10:33:58.348+0000] {dag.py:4180} INFO - Setting next_dagrun for keycloak_setup to None, run_after=None
[2026-04-02T10:33:58.362+0000] {processor.py:208} INFO - Processing /opt/airflow/dags/keycloak/setup_keycloak.py took 0.069 seconds
[2026-04-02T10:34:28.609+0000] {processor.py:186} INFO - Started process (PID=2846) to work on /opt/airflow/dags/keycloak/setup_keycloak.py
[2026-04-02T10:34:28.611+0000] {processor.py:914} INFO - Processing file /opt/airflow/dags/keycloak/setup_keycloak.py for tasks to queue
[2026-04-02T10:34:28.612+0000] {logging_mixin.py:190} INFO - [2026-04-02T10:34:28.612+0000] {dagbag.py:588} INFO - Filling up the DagBag from /opt/airflow/dags/keycloak/setup_keycloak.py
[2026-04-02T10:34:28.621+0000] {processor.py:925} INFO - DAG(s) 'keycloak_setup' retrieved from /opt/airflow/dags/keycloak/setup_keycloak.py
[2026-04-02T10:34:28.644+0000] {logging_mixin.py:190} INFO - [2026-04-02T10:34:28.643+0000] {dag.py:3239} INFO - Sync 1 DAGs
[2026-04-02T10:34:28.658+0000] {logging_mixin.py:190} INFO - [2026-04-02T10:34:28.658+0000] {dag.py:4180} INFO - Setting next_dagrun for keycloak_setup to None, run_after=None
[2026-04-02T10:34:28.673+0000] {processor.py:208} INFO - Processing /opt/airflow/dags/keycloak/setup_keycloak.py took 0.069 seconds
[2026-04-02T10:34:58.891+0000] {processor.py:186} INFO - Started process (PID=2856) to work on /opt/airflow/dags/keycloak/setup_keycloak.py
[2026-04-02T10:34:58.892+0000] {processor.py:914} INFO - Processing file /opt/airflow/dags/keycloak/setup_keycloak.py for tasks to queue
[2026-04-02T10:34:58.894+0000] {logging_mixin.py:190} INFO - [2026-04-02T10:34:58.893+0000] {dagbag.py:588} INFO - Filling up the DagBag from /opt/airflow/dags/keycloak/setup_keycloak.py
[2026-04-02T10:34:58.902+0000] {processor.py:925} INFO - DAG(s) 'keycloak_setup' retrieved from /opt/airflow/dags/keycloak/setup_keycloak.py
[2026-04-02T10:34:58.932+0000] {logging_mixin.py:190} INFO - [2026-04-02T10:34:58.932+0000] {dag.py:3239} INFO - Sync 1 DAGs
[2026-04-02T10:34:58.945+0000] {logging_mixin.py:190} INFO - [2026-04-02T10:34:58.945+0000] {dag.py:4180} INFO - Setting next_dagrun for keycloak_setup to None, run_after=None
[2026-04-02T10:34:58.964+0000] {processor.py:208} INFO - Processing /opt/airflow/dags/keycloak/setup_keycloak.py took 0.078 seconds
[2026-04-02T10:35:29.149+0000] {processor.py:186} INFO - Started process (PID=2866) to work on /opt/airflow/dags/keycloak/setup_keycloak.py
[2026-04-02T10:35:29.150+0000] {processor.py:914} INFO - Processing file /opt/airflow/dags/keycloak/setup_keycloak.py for tasks to queue
[2026-04-02T10:35:29.152+0000] {logging_mixin.py:190} INFO - [2026-04-02T10:35:29.152+0000] {dagbag.py:588} INFO - Filling up the DagBag from /opt/airflow/dags/keycloak/setup_keycloak.py
[2026-04-02T10:35:29.166+0000] {processor.py:925} INFO - DAG(s) 'keycloak_setup' retrieved from /opt/airflow/dags/keycloak/setup_keycloak.py
[2026-04-02T10:35:29.196+0000] {logging_mixin.py:190} INFO - [2026-04-02T10:35:29.196+0000] {dag.py:3239} INFO - Sync 1 DAGs
[2026-04-02T10:35:29.209+0000] {logging_mixin.py:190} INFO - [2026-04-02T10:35:29.209+0000] {dag.py:4180} INFO - Setting next_dagrun for keycloak_setup to None, run_after=None
[2026-04-02T10:35:29.225+0000] {processor.py:208} INFO - Processing /opt/airflow/dags/keycloak/setup_keycloak.py took 0.082 seconds
[2026-04-02T10:35:59.430+0000] {processor.py:186} INFO - Started process (PID=2876) to work on /opt/airflow/dags/keycloak/setup_keycloak.py
[2026-04-02T10:35:59.431+0000] {processor.py:914} INFO - Processing file /opt/airflow/dags/keycloak/setup_keycloak.py for tasks to queue
[2026-04-02T10:35:59.433+0000] {logging_mixin.py:190} INFO - [2026-04-02T10:35:59.432+0000] {dagbag.py:588} INFO - Filling up the DagBag from /opt/airflow/dags/keycloak/setup_keycloak.py
[2026-04-02T10:35:59.440+0000] {processor.py:925} INFO - DAG(s) 'keycloak_setup' retrieved from /opt/airflow/dags/keycloak/setup_keycloak.py
[2026-04-02T10:35:59.464+0000] {logging_mixin.py:190} INFO - [2026-04-02T10:35:59.464+0000] {dag.py:3239} INFO - Sync 1 DAGs
[2026-04-02T10:35:59.476+0000] {logging_mixin.py:190} INFO - [2026-04-02T10:35:59.476+0000] {dag.py:4180} INFO - Setting next_dagrun for keycloak_setup to None, run_after=None
[2026-04-02T10:35:59.496+0000] {processor.py:208} INFO - Processing /opt/airflow/dags/keycloak/setup_keycloak.py took 0.071 seconds
[2026-04-02T10:36:29.710+0000] {processor.py:186} INFO - Started process (PID=2886) to work on /opt/airflow/dags/keycloak/setup_keycloak.py
[2026-04-02T10:36:29.711+0000] {processor.py:914} INFO - Processing file /opt/airflow/dags/keycloak/setup_keycloak.py for tasks to queue
[2026-04-02T10:36:29.713+0000] {logging_mixin.py:190} INFO - [2026-04-02T10:36:29.713+0000] {dagbag.py:588} INFO - Filling up the DagBag from /opt/airflow/dags/keycloak/setup_keycloak.py
[2026-04-02T10:36:29.726+0000] {processor.py:925} INFO - DAG(s) 'keycloak_setup' retrieved from /opt/airflow/dags/keycloak/setup_keycloak.py
[2026-04-02T10:36:29.754+0000] {logging_mixin.py:190} INFO - [2026-04-02T10:36:29.754+0000] {dag.py:3239} INFO - Sync 1 DAGs
[2026-04-02T10:36:29.765+0000] {logging_mixin.py:190} INFO - [2026-04-02T10:36:29.764+0000] {dag.py:4180} INFO - Setting next_dagrun for keycloak_setup to None, run_after=None
[2026-04-02T10:36:29.779+0000] {processor.py:208} INFO - Processing /opt/airflow/dags/keycloak/setup_keycloak.py took 0.074 seconds
[2026-04-02T10:36:59.983+0000] {processor.py:186} INFO - Started process (PID=2896) to work on /opt/airflow/dags/keycloak/setup_keycloak.py
[2026-04-02T10:36:59.984+0000] {processor.py:914} INFO - Processing file /opt/airflow/dags/keycloak/setup_keycloak.py for tasks to queue
[2026-04-02T10:36:59.985+0000] {logging_mixin.py:190} INFO - [2026-04-02T10:36:59.985+0000] {dagbag.py:588} INFO - Filling up the DagBag from /opt/airflow/dags/keycloak/setup_keycloak.py
[2026-04-02T10:36:59.993+0000] {processor.py:925} INFO - DAG(s) 'keycloak_setup' retrieved from /opt/airflow/dags/keycloak/setup_keycloak.py
[2026-04-02T10:37:00.017+0000] {logging_mixin.py:190} INFO - [2026-04-02T10:37:00.016+0000] {dag.py:3239} INFO - Sync 1 DAGs
[2026-04-02T10:37:00.028+0000] {logging_mixin.py:190} INFO - [2026-04-02T10:37:00.028+0000] {dag.py:4180} INFO - Setting next_dagrun for keycloak_setup to None, run_after=None
[2026-04-02T10:37:00.042+0000] {processor.py:208} INFO - Processing /opt/airflow/dags/keycloak/setup_keycloak.py took 0.063 seconds
[2026-04-02T10:37:30.247+0000] {processor.py:186} INFO - Started process (PID=2906) to work on /opt/airflow/dags/keycloak/setup_keycloak.py
[2026-04-02T10:37:30.249+0000] {processor.py:914} INFO - Processing file /opt/airflow/dags/keycloak/setup_keycloak.py for tasks to queue
[2026-04-02T10:37:30.250+0000] {logging_mixin.py:190} INFO - [2026-04-02T10:37:30.250+0000] {dagbag.py:588} INFO - Filling up the DagBag from /opt/airflow/dags/keycloak/setup_keycloak.py
[2026-04-02T10:37:30.259+0000] {processor.py:925} INFO - DAG(s) 'keycloak_setup' retrieved from /opt/airflow/dags/keycloak/setup_keycloak.py
[2026-04-02T10:37:30.282+0000] {logging_mixin.py:190} INFO - [2026-04-02T10:37:30.282+0000] {dag.py:3239} INFO - Sync 1 DAGs
[2026-04-02T10:37:30.293+0000] {logging_mixin.py:190} INFO - [2026-04-02T10:37:30.293+0000] {dag.py:4180} INFO - Setting next_dagrun for keycloak_setup to None, run_after=None
[2026-04-02T10:37:30.309+0000] {processor.py:208} INFO - Processing /opt/airflow/dags/keycloak/setup_keycloak.py took 0.065 seconds
[2026-04-02T10:38:00.559+0000] {processor.py:186} INFO - Started process (PID=2916) to work on /opt/airflow/dags/keycloak/setup_keycloak.py
[2026-04-02T10:38:00.560+0000] {processor.py:914} INFO - Processing file /opt/airflow/dags/keycloak/setup_keycloak.py for tasks to queue
[2026-04-02T10:38:00.562+0000] {logging_mixin.py:190} INFO - [2026-04-02T10:38:00.561+0000] {dagbag.py:588} INFO - Filling up the DagBag from /opt/airflow/dags/keycloak/setup_keycloak.py
[2026-04-02T10:38:00.569+0000] {processor.py:925} INFO - DAG(s) 'keycloak_setup' retrieved from /opt/airflow/dags/keycloak/setup_keycloak.py
[2026-04-02T10:38:00.592+0000] {logging_mixin.py:190} INFO - [2026-04-02T10:38:00.592+0000] {dag.py:3239} INFO - Sync 1 DAGs
[2026-04-02T10:38:00.604+0000] {logging_mixin.py:190} INFO - [2026-04-02T10:38:00.604+0000] {dag.py:4180} INFO - Setting next_dagrun for keycloak_setup to None, run_after=None
[2026-04-02T10:38:00.618+0000] {processor.py:208} INFO - Processing /opt/airflow/dags/keycloak/setup_keycloak.py took 0.064 seconds
[2026-04-02T10:38:30.858+0000] {processor.py:186} INFO - Started process (PID=2926) to work on /opt/airflow/dags/keycloak/setup_keycloak.py
[2026-04-02T10:38:30.859+0000] {processor.py:914} INFO - Processing file /opt/airflow/dags/keycloak/setup_keycloak.py for tasks to queue
[2026-04-02T10:38:30.861+0000] {logging_mixin.py:190} INFO - [2026-04-02T10:38:30.860+0000] {dagbag.py:588} INFO - Filling up the DagBag from /opt/airflow/dags/keycloak/setup_keycloak.py
[2026-04-02T10:38:30.873+0000] {processor.py:925} INFO - DAG(s) 'keycloak_setup' retrieved from /opt/airflow/dags/keycloak/setup_keycloak.py
[2026-04-02T10:38:30.901+0000] {logging_mixin.py:190} INFO - [2026-04-02T10:38:30.901+0000] {dag.py:3239} INFO - Sync 1 DAGs
[2026-04-02T10:38:30.914+0000] {logging_mixin.py:190} INFO - [2026-04-02T10:38:30.913+0000] {dag.py:4180} INFO - Setting next_dagrun for keycloak_setup to None, run_after=None
[2026-04-02T10:38:30.929+0000] {processor.py:208} INFO - Processing /opt/airflow/dags/keycloak/setup_keycloak.py took 0.076 seconds
[2026-04-02T10:39:01.144+0000] {processor.py:186} INFO - Started process (PID=2936) to work on /opt/airflow/dags/keycloak/setup_keycloak.py
[2026-04-02T10:39:01.145+0000] {processor.py:914} INFO - Processing file /opt/airflow/dags/keycloak/setup_keycloak.py for tasks to queue
[2026-04-02T10:39:01.147+0000] {logging_mixin.py:190} INFO - [2026-04-02T10:39:01.146+0000] {dagbag.py:588} INFO - Filling up the DagBag from /opt/airflow/dags/keycloak/setup_keycloak.py
[2026-04-02T10:39:01.154+0000] {processor.py:925} INFO - DAG(s) 'keycloak_setup' retrieved from /opt/airflow/dags/keycloak/setup_keycloak.py
[2026-04-02T10:39:01.176+0000] {logging_mixin.py:190} INFO - [2026-04-02T10:39:01.176+0000] {dag.py:3239} INFO - Sync 1 DAGs
[2026-04-02T10:39:01.189+0000] {logging_mixin.py:190} INFO - [2026-04-02T10:39:01.188+0000] {dag.py:4180} INFO - Setting next_dagrun for keycloak_setup to None, run_after=None
[2026-04-02T10:39:01.204+0000] {processor.py:208} INFO - Processing /opt/airflow/dags/keycloak/setup_keycloak.py took 0.064 seconds
[2026-04-02T10:39:31.417+0000] {processor.py:186} INFO - Started process (PID=2946) to work on /opt/airflow/dags/keycloak/setup_keycloak.py
[2026-04-02T10:39:31.435+0000] {processor.py:914} INFO - Processing file /opt/airflow/dags/keycloak/setup_keycloak.py for tasks to queue
[2026-04-02T10:39:31.437+0000] {logging_mixin.py:190} INFO - [2026-04-02T10:39:31.436+0000] {dagbag.py:588} INFO - Filling up the DagBag from /opt/airflow/dags/keycloak/setup_keycloak.py
[2026-04-02T10:39:31.444+0000] {processor.py:925} INFO - DAG(s) 'keycloak_setup' retrieved from /opt/airflow/dags/keycloak/setup_keycloak.py
[2026-04-02T10:39:31.468+0000] {logging_mixin.py:190} INFO - [2026-04-02T10:39:31.467+0000] {dag.py:3239} INFO - Sync 1 DAGs
[2026-04-02T10:39:31.478+0000] {logging_mixin.py:190} INFO - [2026-04-02T10:39:31.478+0000] {dag.py:4180} INFO - Setting next_dagrun for keycloak_setup to None, run_after=None
[2026-04-02T10:39:31.493+0000] {processor.py:208} INFO - Processing /opt/airflow/dags/keycloak/setup_keycloak.py took 0.080 seconds
[2026-04-02T10:40:01.650+0000] {processor.py:186} INFO - Started process (PID=2956) to work on /opt/airflow/dags/keycloak/setup_keycloak.py
[2026-04-02T10:40:01.651+0000] {processor.py:914} INFO - Processing file /opt/airflow/dags/keycloak/setup_keycloak.py for tasks to queue
[2026-04-02T10:40:01.652+0000] {logging_mixin.py:190} INFO - [2026-04-02T10:40:01.652+0000] {dagbag.py:588} INFO - Filling up the DagBag from /opt/airflow/dags/keycloak/setup_keycloak.py
[2026-04-02T10:40:01.660+0000] {processor.py:925} INFO - DAG(s) 'keycloak_setup' retrieved from /opt/airflow/dags/keycloak/setup_keycloak.py
[2026-04-02T10:40:01.683+0000] {logging_mixin.py:190} INFO - [2026-04-02T10:40:01.683+0000] {dag.py:3239} INFO - Sync 1 DAGs
[2026-04-02T10:40:01.695+0000] {logging_mixin.py:190} INFO - [2026-04-02T10:40:01.695+0000] {dag.py:4180} INFO - Setting next_dagrun for keycloak_setup to None, run_after=None
[2026-04-02T10:40:01.711+0000] {processor.py:208} INFO - Processing /opt/airflow/dags/keycloak/setup_keycloak.py took 0.066 seconds
[2026-04-02T10:40:31.930+0000] {processor.py:186} INFO - Started process (PID=2966) to work on /opt/airflow/dags/keycloak/setup_keycloak.py
[2026-04-02T10:40:31.932+0000] {processor.py:914} INFO - Processing file /opt/airflow/dags/keycloak/setup_keycloak.py for tasks to queue
[2026-04-02T10:40:31.934+0000] {logging_mixin.py:190} INFO - [2026-04-02T10:40:31.934+0000] {dagbag.py:588} INFO - Filling up the DagBag from /opt/airflow/dags/keycloak/setup_keycloak.py
[2026-04-02T10:40:31.945+0000] {processor.py:925} INFO - DAG(s) 'keycloak_setup' retrieved from /opt/airflow/dags/keycloak/setup_keycloak.py
[2026-04-02T10:40:31.972+0000] {logging_mixin.py:190} INFO - [2026-04-02T10:40:31.972+0000] {dag.py:3239} INFO - Sync 1 DAGs
[2026-04-02T10:40:31.983+0000] {logging_mixin.py:190} INFO - [2026-04-02T10:40:31.983+0000] {dag.py:4180} INFO - Setting next_dagrun for keycloak_setup to None, run_after=None
[2026-04-02T10:40:31.998+0000] {processor.py:208} INFO - Processing /opt/airflow/dags/keycloak/setup_keycloak.py took 0.073 seconds
[2026-04-02T10:41:02.208+0000] {processor.py:186} INFO - Started process (PID=2976) to work on /opt/airflow/dags/keycloak/setup_keycloak.py
[2026-04-02T10:41:02.209+0000] {processor.py:914} INFO - Processing file /opt/airflow/dags/keycloak/setup_keycloak.py for tasks to queue
[2026-04-02T10:41:02.211+0000] {logging_mixin.py:190} INFO - [2026-04-02T10:41:02.211+0000] {dagbag.py:588} INFO - Filling up the DagBag from /opt/airflow/dags/keycloak/setup_keycloak.py
[2026-04-02T10:41:02.219+0000] {processor.py:925} INFO - DAG(s) 'keycloak_setup' retrieved from /opt/airflow/dags/keycloak/setup_keycloak.py
[2026-04-02T10:41:02.244+0000] {logging_mixin.py:190} INFO - [2026-04-02T10:41:02.243+0000] {dag.py:3239} INFO - Sync 1 DAGs
[2026-04-02T10:41:02.255+0000] {logging_mixin.py:190} INFO - [2026-04-02T10:41:02.254+0000] {dag.py:4180} INFO - Setting next_dagrun for keycloak_setup to None, run_after=None
[2026-04-02T10:41:02.269+0000] {processor.py:208} INFO - Processing /opt/airflow/dags/keycloak/setup_keycloak.py took 0.066 seconds
[2026-04-02T10:41:32.492+0000] {processor.py:186} INFO - Started process (PID=2986) to work on /opt/airflow/dags/keycloak/setup_keycloak.py
[2026-04-02T10:41:32.494+0000] {processor.py:914} INFO - Processing file /opt/airflow/dags/keycloak/setup_keycloak.py for tasks to queue
[2026-04-02T10:41:32.496+0000] {logging_mixin.py:190} INFO - [2026-04-02T10:41:32.496+0000] {dagbag.py:588} INFO - Filling up the DagBag from /opt/airflow/dags/keycloak/setup_keycloak.py
[2026-04-02T10:41:32.509+0000] {processor.py:925} INFO - DAG(s) 'keycloak_setup' retrieved from /opt/airflow/dags/keycloak/setup_keycloak.py
[2026-04-02T10:41:32.537+0000] {logging_mixin.py:190} INFO - [2026-04-02T10:41:32.537+0000] {dag.py:3239} INFO - Sync 1 DAGs
[2026-04-02T10:41:32.548+0000] {logging_mixin.py:190} INFO - [2026-04-02T10:41:32.548+0000] {dag.py:4180} INFO - Setting next_dagrun for keycloak_setup to None, run_after=None
[2026-04-02T10:41:32.564+0000] {processor.py:208} INFO - Processing /opt/airflow/dags/keycloak/setup_keycloak.py took 0.077 seconds
[2026-04-02T10:42:02.783+0000] {processor.py:186} INFO - Started process (PID=2996) to work on /opt/airflow/dags/keycloak/setup_keycloak.py
[2026-04-02T10:42:02.784+0000] {processor.py:914} INFO - Processing file /opt/airflow/dags/keycloak/setup_keycloak.py for tasks to queue
[2026-04-02T10:42:02.786+0000] {logging_mixin.py:190} INFO - [2026-04-02T10:42:02.785+0000] {dagbag.py:588} INFO - Filling up the DagBag from /opt/airflow/dags/keycloak/setup_keycloak.py
[2026-04-02T10:42:02.793+0000] {processor.py:925} INFO - DAG(s) 'keycloak_setup' retrieved from /opt/airflow/dags/keycloak/setup_keycloak.py
[2026-04-02T10:42:02.814+0000] {logging_mixin.py:190} INFO - [2026-04-02T10:42:02.814+0000] {dag.py:3239} INFO - Sync 1 DAGs
[2026-04-02T10:42:02.824+0000] {logging_mixin.py:190} INFO - [2026-04-02T10:42:02.824+0000] {dag.py:4180} INFO - Setting next_dagrun for keycloak_setup to None, run_after=None
[2026-04-02T10:42:02.839+0000] {processor.py:208} INFO - Processing /opt/airflow/dags/keycloak/setup_keycloak.py took 0.060 seconds
[2026-04-02T10:42:33.060+0000] {processor.py:186} INFO - Started process (PID=3006) to work on /opt/airflow/dags/keycloak/setup_keycloak.py
[2026-04-02T10:42:33.061+0000] {processor.py:914} INFO - Processing file /opt/airflow/dags/keycloak/setup_keycloak.py for tasks to queue
[2026-04-02T10:42:33.062+0000] {logging_mixin.py:190} INFO - [2026-04-02T10:42:33.062+0000] {dagbag.py:588} INFO - Filling up the DagBag from /opt/airflow/dags/keycloak/setup_keycloak.py
[2026-04-02T10:42:33.076+0000] {processor.py:925} INFO - DAG(s) 'keycloak_setup' retrieved from /opt/airflow/dags/keycloak/setup_keycloak.py
[2026-04-02T10:42:33.103+0000] {logging_mixin.py:190} INFO - [2026-04-02T10:42:33.103+0000] {dag.py:3239} INFO - Sync 1 DAGs
[2026-04-02T10:42:33.113+0000] {logging_mixin.py:190} INFO - [2026-04-02T10:42:33.113+0000] {dag.py:4180} INFO - Setting next_dagrun for keycloak_setup to None, run_after=None
[2026-04-02T10:42:33.127+0000] {processor.py:208} INFO - Processing /opt/airflow/dags/keycloak/setup_keycloak.py took 0.072 seconds
[2026-04-02T10:43:03.341+0000] {processor.py:186} INFO - Started process (PID=3016) to work on /opt/airflow/dags/keycloak/setup_keycloak.py
[2026-04-02T10:43:03.358+0000] {processor.py:914} INFO - Processing file /opt/airflow/dags/keycloak/setup_keycloak.py for tasks to queue
[2026-04-02T10:43:03.360+0000] {logging_mixin.py:190} INFO - [2026-04-02T10:43:03.360+0000] {dagbag.py:588} INFO - Filling up the DagBag from /opt/airflow/dags/keycloak/setup_keycloak.py
[2026-04-02T10:43:03.368+0000] {processor.py:925} INFO - DAG(s) 'keycloak_setup' retrieved from /opt/airflow/dags/keycloak/setup_keycloak.py
[2026-04-02T10:43:03.392+0000] {logging_mixin.py:190} INFO - [2026-04-02T10:43:03.392+0000] {dag.py:3239} INFO - Sync 1 DAGs
[2026-04-02T10:43:03.403+0000] {logging_mixin.py:190} INFO - [2026-04-02T10:43:03.403+0000] {dag.py:4180} INFO - Setting next_dagrun for keycloak_setup to None, run_after=None
[2026-04-02T10:43:03.417+0000] {processor.py:208} INFO - Processing /opt/airflow/dags/keycloak/setup_keycloak.py took 0.081 seconds
[2026-04-02T10:43:33.610+0000] {processor.py:186} INFO - Started process (PID=3026) to work on /opt/airflow/dags/keycloak/setup_keycloak.py
[2026-04-02T10:43:33.610+0000] {processor.py:914} INFO - Processing file /opt/airflow/dags/keycloak/setup_keycloak.py for tasks to queue
[2026-04-02T10:43:33.612+0000] {logging_mixin.py:190} INFO - [2026-04-02T10:43:33.612+0000] {dagbag.py:588} INFO - Filling up the DagBag from /opt/airflow/dags/keycloak/setup_keycloak.py
[2026-04-02T10:43:33.625+0000] {processor.py:925} INFO - DAG(s) 'keycloak_setup' retrieved from /opt/airflow/dags/keycloak/setup_keycloak.py
[2026-04-02T10:43:33.653+0000] {logging_mixin.py:190} INFO - [2026-04-02T10:43:33.653+0000] {dag.py:3239} INFO - Sync 1 DAGs
[2026-04-02T10:43:33.665+0000] {logging_mixin.py:190} INFO - [2026-04-02T10:43:33.664+0000] {dag.py:4180} INFO - Setting next_dagrun for keycloak_setup to None, run_after=None
[2026-04-02T10:43:33.680+0000] {processor.py:208} INFO - Processing /opt/airflow/dags/keycloak/setup_keycloak.py took 0.075 seconds
[2026-04-02T10:44:03.910+0000] {processor.py:186} INFO - Started process (PID=3036) to work on /opt/airflow/dags/keycloak/setup_keycloak.py
[2026-04-02T10:44:03.911+0000] {processor.py:914} INFO - Processing file /opt/airflow/dags/keycloak/setup_keycloak.py for tasks to queue
[2026-04-02T10:44:03.913+0000] {logging_mixin.py:190} INFO - [2026-04-02T10:44:03.912+0000] {dagbag.py:588} INFO - Filling up the DagBag from /opt/airflow/dags/keycloak/setup_keycloak.py
[2026-04-02T10:44:03.920+0000] {processor.py:925} INFO - DAG(s) 'keycloak_setup' retrieved from /opt/airflow/dags/keycloak/setup_keycloak.py
[2026-04-02T10:44:03.941+0000] {logging_mixin.py:190} INFO - [2026-04-02T10:44:03.941+0000] {dag.py:3239} INFO - Sync 1 DAGs
[2026-04-02T10:44:03.952+0000] {logging_mixin.py:190} INFO - [2026-04-02T10:44:03.952+0000] {dag.py:4180} INFO - Setting next_dagrun for keycloak_setup to None, run_after=None
[2026-04-02T10:44:03.965+0000] {processor.py:208} INFO - Processing /opt/airflow/dags/keycloak/setup_keycloak.py took 0.060 seconds
[2026-04-02T10:44:34.200+0000] {processor.py:186} INFO - Started process (PID=3046) to work on /opt/airflow/dags/keycloak/setup_keycloak.py
[2026-04-02T10:44:34.200+0000] {processor.py:914} INFO - Processing file /opt/airflow/dags/keycloak/setup_keycloak.py for tasks to queue
[2026-04-02T10:44:34.202+0000] {logging_mixin.py:190} INFO - [2026-04-02T10:44:34.202+0000] {dagbag.py:588} INFO - Filling up the DagBag from /opt/airflow/dags/keycloak/setup_keycloak.py
[2026-04-02T10:44:34.215+0000] {processor.py:925} INFO - DAG(s) 'keycloak_setup' retrieved from /opt/airflow/dags/keycloak/setup_keycloak.py
[2026-04-02T10:44:34.242+0000] {logging_mixin.py:190} INFO - [2026-04-02T10:44:34.242+0000] {dag.py:3239} INFO - Sync 1 DAGs
[2026-04-02T10:44:34.254+0000] {logging_mixin.py:190} INFO - [2026-04-02T10:44:34.254+0000] {dag.py:4180} INFO - Setting next_dagrun for keycloak_setup to None, run_after=None
[2026-04-02T10:44:34.268+0000] {processor.py:208} INFO - Processing /opt/airflow/dags/keycloak/setup_keycloak.py took 0.073 seconds
[2026-04-02T10:45:04.501+0000] {processor.py:186} INFO - Started process (PID=3056) to work on /opt/airflow/dags/keycloak/setup_keycloak.py
[2026-04-02T10:45:04.502+0000] {processor.py:914} INFO - Processing file /opt/airflow/dags/keycloak/setup_keycloak.py for tasks to queue
[2026-04-02T10:45:04.504+0000] {logging_mixin.py:190} INFO - [2026-04-02T10:45:04.504+0000] {dagbag.py:588} INFO - Filling up the DagBag from /opt/airflow/dags/keycloak/setup_keycloak.py
[2026-04-02T10:45:04.512+0000] {processor.py:925} INFO - DAG(s) 'keycloak_setup' retrieved from /opt/airflow/dags/keycloak/setup_keycloak.py
[2026-04-02T10:45:04.538+0000] {logging_mixin.py:190} INFO - [2026-04-02T10:45:04.537+0000] {dag.py:3239} INFO - Sync 1 DAGs
[2026-04-02T10:45:04.551+0000] {logging_mixin.py:190} INFO - [2026-04-02T10:45:04.551+0000] {dag.py:4180} INFO - Setting next_dagrun for keycloak_setup to None, run_after=None
[2026-04-02T10:45:04.567+0000] {processor.py:208} INFO - Processing /opt/airflow/dags/keycloak/setup_keycloak.py took 0.070 seconds
[2026-04-02T10:45:34.765+0000] {processor.py:186} INFO - Started process (PID=3066) to work on /opt/airflow/dags/keycloak/setup_keycloak.py
[2026-04-02T10:45:34.766+0000] {processor.py:914} INFO - Processing file /opt/airflow/dags/keycloak/setup_keycloak.py for tasks to queue
[2026-04-02T10:45:34.767+0000] {logging_mixin.py:190} INFO - [2026-04-02T10:45:34.767+0000] {dagbag.py:588} INFO - Filling up the DagBag from /opt/airflow/dags/keycloak/setup_keycloak.py
[2026-04-02T10:45:34.779+0000] {processor.py:925} INFO - DAG(s) 'keycloak_setup' retrieved from /opt/airflow/dags/keycloak/setup_keycloak.py
[2026-04-02T10:45:34.809+0000] {logging_mixin.py:190} INFO - [2026-04-02T10:45:34.809+0000] {dag.py:3239} INFO - Sync 1 DAGs
[2026-04-02T10:45:34.820+0000] {logging_mixin.py:190} INFO - [2026-04-02T10:45:34.820+0000] {dag.py:4180} INFO - Setting next_dagrun for keycloak_setup to None, run_after=None
[2026-04-02T10:45:34.835+0000] {processor.py:208} INFO - Processing /opt/airflow/dags/keycloak/setup_keycloak.py took 0.075 seconds
[2026-04-02T10:46:05.040+0000] {processor.py:186} INFO - Started process (PID=3076) to work on /opt/airflow/dags/keycloak/setup_keycloak.py
[2026-04-02T10:46:05.041+0000] {processor.py:914} INFO - Processing file /opt/airflow/dags/keycloak/setup_keycloak.py for tasks to queue
[2026-04-02T10:46:05.043+0000] {logging_mixin.py:190} INFO - [2026-04-02T10:46:05.043+0000] {dagbag.py:588} INFO - Filling up the DagBag from /opt/airflow/dags/keycloak/setup_keycloak.py
[2026-04-02T10:46:05.050+0000] {processor.py:925} INFO - DAG(s) 'keycloak_setup' retrieved from /opt/airflow/dags/keycloak/setup_keycloak.py
[2026-04-02T10:46:05.074+0000] {logging_mixin.py:190} INFO - [2026-04-02T10:46:05.074+0000] {dag.py:3239} INFO - Sync 1 DAGs
[2026-04-02T10:46:05.085+0000] {logging_mixin.py:190} INFO - [2026-04-02T10:46:05.084+0000] {dag.py:4180} INFO - Setting next_dagrun for keycloak_setup to None, run_after=None
[2026-04-02T10:46:05.100+0000] {processor.py:208} INFO - Processing /opt/airflow/dags/keycloak/setup_keycloak.py took 0.064 seconds
[2026-04-02T10:46:35.295+0000] {processor.py:186} INFO - Started process (PID=3086) to work on /opt/airflow/dags/keycloak/setup_keycloak.py
[2026-04-02T10:46:35.296+0000] {processor.py:914} INFO - Processing file /opt/airflow/dags/keycloak/setup_keycloak.py for tasks to queue
[2026-04-02T10:46:35.299+0000] {logging_mixin.py:190} INFO - [2026-04-02T10:46:35.299+0000] {dagbag.py:588} INFO - Filling up the DagBag from /opt/airflow/dags/keycloak/setup_keycloak.py
[2026-04-02T10:46:35.311+0000] {processor.py:925} INFO - DAG(s) 'keycloak_setup' retrieved from /opt/airflow/dags/keycloak/setup_keycloak.py
[2026-04-02T10:46:35.348+0000] {logging_mixin.py:190} INFO - [2026-04-02T10:46:35.347+0000] {dag.py:3239} INFO - Sync 1 DAGs
[2026-04-02T10:46:35.371+0000] {logging_mixin.py:190} INFO - [2026-04-02T10:46:35.371+0000] {dag.py:4180} INFO - Setting next_dagrun for keycloak_setup to None, run_after=None
[2026-04-02T10:46:35.400+0000] {processor.py:208} INFO - Processing /opt/airflow/dags/keycloak/setup_keycloak.py took 0.110 seconds
[2026-04-02T10:47:05.522+0000] {processor.py:186} INFO - Started process (PID=3096) to work on /opt/airflow/dags/keycloak/setup_keycloak.py
[2026-04-02T10:47:05.540+0000] {processor.py:914} INFO - Processing file /opt/airflow/dags/keycloak/setup_keycloak.py for tasks to queue
[2026-04-02T10:47:05.541+0000] {logging_mixin.py:190} INFO - [2026-04-02T10:47:05.541+0000] {dagbag.py:588} INFO - Filling up the DagBag from /opt/airflow/dags/keycloak/setup_keycloak.py
[2026-04-02T10:47:05.549+0000] {processor.py:925} INFO - DAG(s) 'keycloak_setup' retrieved from /opt/airflow/dags/keycloak/setup_keycloak.py
[2026-04-02T10:47:05.571+0000] {logging_mixin.py:190} INFO - [2026-04-02T10:47:05.571+0000] {dag.py:3239} INFO - Sync 1 DAGs
[2026-04-02T10:47:05.582+0000] {logging_mixin.py:190} INFO - [2026-04-02T10:47:05.582+0000] {dag.py:4180} INFO - Setting next_dagrun for keycloak_setup to None, run_after=None
[2026-04-02T10:47:05.597+0000] {processor.py:208} INFO - Processing /opt/airflow/dags/keycloak/setup_keycloak.py took 0.080 seconds
[2026-04-02T10:47:35.815+0000] {processor.py:186} INFO - Started process (PID=3106) to work on /opt/airflow/dags/keycloak/setup_keycloak.py
[2026-04-02T10:47:35.815+0000] {processor.py:914} INFO - Processing file /opt/airflow/dags/keycloak/setup_keycloak.py for tasks to queue
[2026-04-02T10:47:35.817+0000] {logging_mixin.py:190} INFO - [2026-04-02T10:47:35.817+0000] {dagbag.py:588} INFO - Filling up the DagBag from /opt/airflow/dags/keycloak/setup_keycloak.py
[2026-04-02T10:47:35.830+0000] {processor.py:925} INFO - DAG(s) 'keycloak_setup' retrieved from /opt/airflow/dags/keycloak/setup_keycloak.py
[2026-04-02T10:47:35.859+0000] {logging_mixin.py:190} INFO - [2026-04-02T10:47:35.859+0000] {dag.py:3239} INFO - Sync 1 DAGs
[2026-04-02T10:47:35.870+0000] {logging_mixin.py:190} INFO - [2026-04-02T10:47:35.870+0000] {dag.py:4180} INFO - Setting next_dagrun for keycloak_setup to None, run_after=None
[2026-04-02T10:47:35.886+0000] {processor.py:208} INFO - Processing /opt/airflow/dags/keycloak/setup_keycloak.py took 0.076 seconds
[2026-04-02T10:48:06.097+0000] {processor.py:186} INFO - Started process (PID=3116) to work on /opt/airflow/dags/keycloak/setup_keycloak.py
[2026-04-02T10:48:06.099+0000] {processor.py:914} INFO - Processing file /opt/airflow/dags/keycloak/setup_keycloak.py for tasks to queue
[2026-04-02T10:48:06.100+0000] {logging_mixin.py:190} INFO - [2026-04-02T10:48:06.100+0000] {dagbag.py:588} INFO - Filling up the DagBag from /opt/airflow/dags/keycloak/setup_keycloak.py
[2026-04-02T10:48:06.108+0000] {processor.py:925} INFO - DAG(s) 'keycloak_setup' retrieved from /opt/airflow/dags/keycloak/setup_keycloak.py
[2026-04-02T10:48:06.130+0000] {logging_mixin.py:190} INFO - [2026-04-02T10:48:06.130+0000] {dag.py:3239} INFO - Sync 1 DAGs
[2026-04-02T10:48:06.141+0000] {logging_mixin.py:190} INFO - [2026-04-02T10:48:06.140+0000] {dag.py:4180} INFO - Setting next_dagrun for keycloak_setup to None, run_after=None
[2026-04-02T10:48:06.154+0000] {processor.py:208} INFO - Processing /opt/airflow/dags/keycloak/setup_keycloak.py took 0.061 seconds
[2026-04-02T10:48:36.354+0000] {processor.py:186} INFO - Started process (PID=3126) to work on /opt/airflow/dags/keycloak/setup_keycloak.py
[2026-04-02T10:48:36.355+0000] {processor.py:914} INFO - Processing file /opt/airflow/dags/keycloak/setup_keycloak.py for tasks to queue
[2026-04-02T10:48:36.357+0000] {logging_mixin.py:190} INFO - [2026-04-02T10:48:36.357+0000] {dagbag.py:588} INFO - Filling up the DagBag from /opt/airflow/dags/keycloak/setup_keycloak.py
[2026-04-02T10:48:36.367+0000] {processor.py:925} INFO - DAG(s) 'keycloak_setup' retrieved from /opt/airflow/dags/keycloak/setup_keycloak.py
[2026-04-02T10:48:36.398+0000] {logging_mixin.py:190} INFO - [2026-04-02T10:48:36.398+0000] {dag.py:3239} INFO - Sync 1 DAGs
[2026-04-02T10:48:36.413+0000] {logging_mixin.py:190} INFO - [2026-04-02T10:48:36.413+0000] {dag.py:4180} INFO - Setting next_dagrun for keycloak_setup to None, run_after=None
[2026-04-02T10:48:36.434+0000] {processor.py:208} INFO - Processing /opt/airflow/dags/keycloak/setup_keycloak.py took 0.085 seconds
[2026-04-02T10:49:06.666+0000] {processor.py:186} INFO - Started process (PID=3136) to work on /opt/airflow/dags/keycloak/setup_keycloak.py
[2026-04-02T10:49:06.668+0000] {processor.py:914} INFO - Processing file /opt/airflow/dags/keycloak/setup_keycloak.py for tasks to queue
[2026-04-02T10:49:06.670+0000] {logging_mixin.py:190} INFO - [2026-04-02T10:49:06.669+0000] {dagbag.py:588} INFO - Filling up the DagBag from /opt/airflow/dags/keycloak/setup_keycloak.py
[2026-04-02T10:49:06.677+0000] {processor.py:925} INFO - DAG(s) 'keycloak_setup' retrieved from /opt/airflow/dags/keycloak/setup_keycloak.py
[2026-04-02T10:49:06.701+0000] {logging_mixin.py:190} INFO - [2026-04-02T10:49:06.701+0000] {dag.py:3239} INFO - Sync 1 DAGs
[2026-04-02T10:49:06.712+0000] {logging_mixin.py:190} INFO - [2026-04-02T10:49:06.712+0000] {dag.py:4180} INFO - Setting next_dagrun for keycloak_setup to None, run_after=None
[2026-04-02T10:49:06.726+0000] {processor.py:208} INFO - Processing /opt/airflow/dags/keycloak/setup_keycloak.py took 0.065 seconds
[2026-04-02T10:49:36.942+0000] {processor.py:186} INFO - Started process (PID=3146) to work on /opt/airflow/dags/keycloak/setup_keycloak.py
[2026-04-02T10:49:36.942+0000] {processor.py:914} INFO - Processing file /opt/airflow/dags/keycloak/setup_keycloak.py for tasks to queue
[2026-04-02T10:49:36.944+0000] {logging_mixin.py:190} INFO - [2026-04-02T10:49:36.944+0000] {dagbag.py:588} INFO - Filling up the DagBag from /opt/airflow/dags/keycloak/setup_keycloak.py
[2026-04-02T10:49:36.951+0000] {processor.py:925} INFO - DAG(s) 'keycloak_setup' retrieved from /opt/airflow/dags/keycloak/setup_keycloak.py
[2026-04-02T10:49:36.973+0000] {logging_mixin.py:190} INFO - [2026-04-02T10:49:36.973+0000] {dag.py:3239} INFO - Sync 1 DAGs
[2026-04-02T10:49:36.983+0000] {logging_mixin.py:190} INFO - [2026-04-02T10:49:36.983+0000] {dag.py:4180} INFO - Setting next_dagrun for keycloak_setup to None, run_after=None
[2026-04-02T10:49:36.999+0000] {processor.py:208} INFO - Processing /opt/airflow/dags/keycloak/setup_keycloak.py took 0.063 seconds
[2026-04-02T10:50:07.223+0000] {processor.py:186} INFO - Started process (PID=3156) to work on /opt/airflow/dags/keycloak/setup_keycloak.py
[2026-04-02T10:50:07.241+0000] {processor.py:914} INFO - Processing file /opt/airflow/dags/keycloak/setup_keycloak.py for tasks to queue
[2026-04-02T10:50:07.243+0000] {logging_mixin.py:190} INFO - [2026-04-02T10:50:07.243+0000] {dagbag.py:588} INFO - Filling up the DagBag from /opt/airflow/dags/keycloak/setup_keycloak.py
[2026-04-02T10:50:07.251+0000] {processor.py:925} INFO - DAG(s) 'keycloak_setup' retrieved from /opt/airflow/dags/keycloak/setup_keycloak.py
[2026-04-02T10:50:07.276+0000] {logging_mixin.py:190} INFO - [2026-04-02T10:50:07.275+0000] {dag.py:3239} INFO - Sync 1 DAGs
[2026-04-02T10:50:07.288+0000] {logging_mixin.py:190} INFO - [2026-04-02T10:50:07.287+0000] {dag.py:4180} INFO - Setting next_dagrun for keycloak_setup to None, run_after=None
[2026-04-02T10:50:07.303+0000] {processor.py:208} INFO - Processing /opt/airflow/dags/keycloak/setup_keycloak.py took 0.084 seconds
[2026-04-02T10:50:37.473+0000] {processor.py:186} INFO - Started process (PID=3166) to work on /opt/airflow/dags/keycloak/setup_keycloak.py
[2026-04-02T10:50:37.474+0000] {processor.py:914} INFO - Processing file /opt/airflow/dags/keycloak/setup_keycloak.py for tasks to queue
[2026-04-02T10:50:37.476+0000] {logging_mixin.py:190} INFO - [2026-04-02T10:50:37.476+0000] {dagbag.py:588} INFO - Filling up the DagBag from /opt/airflow/dags/keycloak/setup_keycloak.py
[2026-04-02T10:50:37.495+0000] {processor.py:925} INFO - DAG(s) 'keycloak_setup' retrieved from /opt/airflow/dags/keycloak/setup_keycloak.py
[2026-04-02T10:50:37.525+0000] {logging_mixin.py:190} INFO - [2026-04-02T10:50:37.524+0000] {dag.py:3239} INFO - Sync 1 DAGs
[2026-04-02T10:50:37.536+0000] {logging_mixin.py:190} INFO - [2026-04-02T10:50:37.535+0000] {dag.py:4180} INFO - Setting next_dagrun for keycloak_setup to None, run_after=None
[2026-04-02T10:50:37.549+0000] {processor.py:208} INFO - Processing /opt/airflow/dags/keycloak/setup_keycloak.py took 0.082 seconds
[2026-04-02T10:51:07.754+0000] {processor.py:186} INFO - Started process (PID=3176) to work on /opt/airflow/dags/keycloak/setup_keycloak.py
[2026-04-02T10:51:07.755+0000] {processor.py:914} INFO - Processing file /opt/airflow/dags/keycloak/setup_keycloak.py for tasks to queue
[2026-04-02T10:51:07.757+0000] {logging_mixin.py:190} INFO - [2026-04-02T10:51:07.757+0000] {dagbag.py:588} INFO - Filling up the DagBag from /opt/airflow/dags/keycloak/setup_keycloak.py
[2026-04-02T10:51:07.764+0000] {processor.py:925} INFO - DAG(s) 'keycloak_setup' retrieved from /opt/airflow/dags/keycloak/setup_keycloak.py
[2026-04-02T10:51:07.785+0000] {logging_mixin.py:190} INFO - [2026-04-02T10:51:07.785+0000] {dag.py:3239} INFO - Sync 1 DAGs
[2026-04-02T10:51:07.796+0000] {logging_mixin.py:190} INFO - [2026-04-02T10:51:07.796+0000] {dag.py:4180} INFO - Setting next_dagrun for keycloak_setup to None, run_after=None
[2026-04-02T10:51:07.811+0000] {processor.py:208} INFO - Processing /opt/airflow/dags/keycloak/setup_keycloak.py took 0.062 seconds
[2026-04-02T10:51:38.056+0000] {processor.py:186} INFO - Started process (PID=3186) to work on /opt/airflow/dags/keycloak/setup_keycloak.py
[2026-04-02T10:51:38.056+0000] {processor.py:914} INFO - Processing file /opt/airflow/dags/keycloak/setup_keycloak.py for tasks to queue
[2026-04-02T10:51:38.058+0000] {logging_mixin.py:190} INFO - [2026-04-02T10:51:38.058+0000] {dagbag.py:588} INFO - Filling up the DagBag from /opt/airflow/dags/keycloak/setup_keycloak.py
[2026-04-02T10:51:38.072+0000] {processor.py:925} INFO - DAG(s) 'keycloak_setup' retrieved from /opt/airflow/dags/keycloak/setup_keycloak.py
[2026-04-02T10:51:38.100+0000] {logging_mixin.py:190} INFO - [2026-04-02T10:51:38.100+0000] {dag.py:3239} INFO - Sync 1 DAGs
[2026-04-02T10:51:38.112+0000] {logging_mixin.py:190} INFO - [2026-04-02T10:51:38.111+0000] {dag.py:4180} INFO - Setting next_dagrun for keycloak_setup to None, run_after=None
[2026-04-02T10:51:38.127+0000] {processor.py:208} INFO - Processing /opt/airflow/dags/keycloak/setup_keycloak.py took 0.076 seconds
[2026-04-02T10:52:08.339+0000] {processor.py:186} INFO - Started process (PID=3196) to work on /opt/airflow/dags/keycloak/setup_keycloak.py
[2026-04-02T10:52:08.356+0000] {processor.py:914} INFO - Processing file /opt/airflow/dags/keycloak/setup_keycloak.py for tasks to queue
[2026-04-02T10:52:08.358+0000] {logging_mixin.py:190} INFO - [2026-04-02T10:52:08.358+0000] {dagbag.py:588} INFO - Filling up the DagBag from /opt/airflow/dags/keycloak/setup_keycloak.py
[2026-04-02T10:52:08.366+0000] {processor.py:925} INFO - DAG(s) 'keycloak_setup' retrieved from /opt/airflow/dags/keycloak/setup_keycloak.py
[2026-04-02T10:52:08.393+0000] {logging_mixin.py:190} INFO - [2026-04-02T10:52:08.393+0000] {dag.py:3239} INFO - Sync 1 DAGs
[2026-04-02T10:52:08.405+0000] {logging_mixin.py:190} INFO - [2026-04-02T10:52:08.405+0000] {dag.py:4180} INFO - Setting next_dagrun for keycloak_setup to None, run_after=None
[2026-04-02T10:52:08.420+0000] {processor.py:208} INFO - Processing /opt/airflow/dags/keycloak/setup_keycloak.py took 0.085 seconds
[2026-04-02T10:52:38.652+0000] {processor.py:186} INFO - Started process (PID=3206) to work on /opt/airflow/dags/keycloak/setup_keycloak.py
[2026-04-02T10:52:38.652+0000] {processor.py:914} INFO - Processing file /opt/airflow/dags/keycloak/setup_keycloak.py for tasks to queue
[2026-04-02T10:52:38.654+0000] {logging_mixin.py:190} INFO - [2026-04-02T10:52:38.654+0000] {dagbag.py:588} INFO - Filling up the DagBag from /opt/airflow/dags/keycloak/setup_keycloak.py
[2026-04-02T10:52:38.661+0000] {processor.py:925} INFO - DAG(s) 'keycloak_setup' retrieved from /opt/airflow/dags/keycloak/setup_keycloak.py
[2026-04-02T10:52:38.682+0000] {logging_mixin.py:190} INFO - [2026-04-02T10:52:38.681+0000] {dag.py:3239} INFO - Sync 1 DAGs
[2026-04-02T10:52:38.693+0000] {logging_mixin.py:190} INFO - [2026-04-02T10:52:38.692+0000] {dag.py:4180} INFO - Setting next_dagrun for keycloak_setup to None, run_after=None
[2026-04-02T10:52:38.707+0000] {processor.py:208} INFO - Processing /opt/airflow/dags/keycloak/setup_keycloak.py took 0.059 seconds
[2026-04-02T10:53:08.940+0000] {processor.py:186} INFO - Started process (PID=3216) to work on /opt/airflow/dags/keycloak/setup_keycloak.py
[2026-04-02T10:53:08.942+0000] {processor.py:914} INFO - Processing file /opt/airflow/dags/keycloak/setup_keycloak.py for tasks to queue
[2026-04-02T10:53:08.944+0000] {logging_mixin.py:190} INFO - [2026-04-02T10:53:08.943+0000] {dagbag.py:588} INFO - Filling up the DagBag from /opt/airflow/dags/keycloak/setup_keycloak.py
[2026-04-02T10:53:08.951+0000] {processor.py:925} INFO - DAG(s) 'keycloak_setup' retrieved from /opt/airflow/dags/keycloak/setup_keycloak.py
[2026-04-02T10:53:08.972+0000] {logging_mixin.py:190} INFO - [2026-04-02T10:53:08.972+0000] {dag.py:3239} INFO - Sync 1 DAGs
[2026-04-02T10:53:08.982+0000] {logging_mixin.py:190} INFO - [2026-04-02T10:53:08.982+0000] {dag.py:4180} INFO - Setting next_dagrun for keycloak_setup to None, run_after=None
[2026-04-02T10:53:08.997+0000] {processor.py:208} INFO - Processing /opt/airflow/dags/keycloak/setup_keycloak.py took 0.061 seconds
[2026-04-02T10:53:39.231+0000] {processor.py:186} INFO - Started process (PID=3226) to work on /opt/airflow/dags/keycloak/setup_keycloak.py
[2026-04-02T10:53:39.231+0000] {processor.py:914} INFO - Processing file /opt/airflow/dags/keycloak/setup_keycloak.py for tasks to queue
[2026-04-02T10:53:39.233+0000] {logging_mixin.py:190} INFO - [2026-04-02T10:53:39.233+0000] {dagbag.py:588} INFO - Filling up the DagBag from /opt/airflow/dags/keycloak/setup_keycloak.py
[2026-04-02T10:53:39.241+0000] {processor.py:925} INFO - DAG(s) 'keycloak_setup' retrieved from /opt/airflow/dags/keycloak/setup_keycloak.py
[2026-04-02T10:53:39.263+0000] {logging_mixin.py:190} INFO - [2026-04-02T10:53:39.263+0000] {dag.py:3239} INFO - Sync 1 DAGs
[2026-04-02T10:53:39.274+0000] {logging_mixin.py:190} INFO - [2026-04-02T10:53:39.274+0000] {dag.py:4180} INFO - Setting next_dagrun for keycloak_setup to None, run_after=None
[2026-04-02T10:53:39.289+0000] {processor.py:208} INFO - Processing /opt/airflow/dags/keycloak/setup_keycloak.py took 0.063 seconds
[2026-04-02T10:54:09.522+0000] {processor.py:186} INFO - Started process (PID=3236) to work on /opt/airflow/dags/keycloak/setup_keycloak.py
[2026-04-02T10:54:09.539+0000] {processor.py:914} INFO - Processing file /opt/airflow/dags/keycloak/setup_keycloak.py for tasks to queue
[2026-04-02T10:54:09.541+0000] {logging_mixin.py:190} INFO - [2026-04-02T10:54:09.541+0000] {dagbag.py:588} INFO - Filling up the DagBag from /opt/airflow/dags/keycloak/setup_keycloak.py
[2026-04-02T10:54:09.549+0000] {processor.py:925} INFO - DAG(s) 'keycloak_setup' retrieved from /opt/airflow/dags/keycloak/setup_keycloak.py
[2026-04-02T10:54:09.573+0000] {logging_mixin.py:190} INFO - [2026-04-02T10:54:09.573+0000] {dag.py:3239} INFO - Sync 1 DAGs
[2026-04-02T10:54:09.586+0000] {logging_mixin.py:190} INFO - [2026-04-02T10:54:09.585+0000] {dag.py:4180} INFO - Setting next_dagrun for keycloak_setup to None, run_after=None
[2026-04-02T10:54:09.600+0000] {processor.py:208} INFO - Processing /opt/airflow/dags/keycloak/setup_keycloak.py took 0.083 seconds
[2026-04-02T10:54:39.728+0000] {processor.py:186} INFO - Started process (PID=3246) to work on /opt/airflow/dags/keycloak/setup_keycloak.py
[2026-04-02T10:54:39.728+0000] {processor.py:914} INFO - Processing file /opt/airflow/dags/keycloak/setup_keycloak.py for tasks to queue
[2026-04-02T10:54:39.730+0000] {logging_mixin.py:190} INFO - [2026-04-02T10:54:39.730+0000] {dagbag.py:588} INFO - Filling up the DagBag from /opt/airflow/dags/keycloak/setup_keycloak.py
[2026-04-02T10:54:39.738+0000] {processor.py:925} INFO - DAG(s) 'keycloak_setup' retrieved from /opt/airflow/dags/keycloak/setup_keycloak.py
[2026-04-02T10:54:39.763+0000] {logging_mixin.py:190} INFO - [2026-04-02T10:54:39.763+0000] {dag.py:3239} INFO - Sync 1 DAGs
[2026-04-02T10:54:39.776+0000] {logging_mixin.py:190} INFO - [2026-04-02T10:54:39.775+0000] {dag.py:4180} INFO - Setting next_dagrun for keycloak_setup to None, run_after=None
[2026-04-02T10:54:39.790+0000] {processor.py:208} INFO - Processing /opt/airflow/dags/keycloak/setup_keycloak.py took 0.067 seconds
[2026-04-02T10:55:10.036+0000] {processor.py:186} INFO - Started process (PID=3256) to work on /opt/airflow/dags/keycloak/setup_keycloak.py
[2026-04-02T10:55:10.038+0000] {processor.py:914} INFO - Processing file /opt/airflow/dags/keycloak/setup_keycloak.py for tasks to queue
[2026-04-02T10:55:10.040+0000] {logging_mixin.py:190} INFO - [2026-04-02T10:55:10.040+0000] {dagbag.py:588} INFO - Filling up the DagBag from /opt/airflow/dags/keycloak/setup_keycloak.py
[2026-04-02T10:55:10.049+0000] {processor.py:925} INFO - DAG(s) 'keycloak_setup' retrieved from /opt/airflow/dags/keycloak/setup_keycloak.py
[2026-04-02T10:55:10.073+0000] {logging_mixin.py:190} INFO - [2026-04-02T10:55:10.073+0000] {dag.py:3239} INFO - Sync 1 DAGs
[2026-04-02T10:55:10.083+0000] {logging_mixin.py:190} INFO - [2026-04-02T10:55:10.083+0000] {dag.py:4180} INFO - Setting next_dagrun for keycloak_setup to None, run_after=None
[2026-04-02T10:55:10.096+0000] {processor.py:208} INFO - Processing /opt/airflow/dags/keycloak/setup_keycloak.py took 0.065 seconds
[2026-04-02T10:55:40.309+0000] {processor.py:186} INFO - Started process (PID=3266) to work on /opt/airflow/dags/keycloak/setup_keycloak.py
[2026-04-02T10:55:40.309+0000] {processor.py:914} INFO - Processing file /opt/airflow/dags/keycloak/setup_keycloak.py for tasks to queue
[2026-04-02T10:55:40.311+0000] {logging_mixin.py:190} INFO - [2026-04-02T10:55:40.311+0000] {dagbag.py:588} INFO - Filling up the DagBag from /opt/airflow/dags/keycloak/setup_keycloak.py
[2026-04-02T10:55:40.324+0000] {processor.py:925} INFO - DAG(s) 'keycloak_setup' retrieved from /opt/airflow/dags/keycloak/setup_keycloak.py
[2026-04-02T10:55:40.352+0000] {logging_mixin.py:190} INFO - [2026-04-02T10:55:40.352+0000] {dag.py:3239} INFO - Sync 1 DAGs
[2026-04-02T10:55:40.363+0000] {logging_mixin.py:190} INFO - [2026-04-02T10:55:40.363+0000] {dag.py:4180} INFO - Setting next_dagrun for keycloak_setup to None, run_after=None
[2026-04-02T10:55:40.379+0000] {processor.py:208} INFO - Processing /opt/airflow/dags/keycloak/setup_keycloak.py took 0.076 seconds
[2026-04-02T10:56:10.619+0000] {processor.py:186} INFO - Started process (PID=3276) to work on /opt/airflow/dags/keycloak/setup_keycloak.py
[2026-04-02T10:56:10.620+0000] {processor.py:914} INFO - Processing file /opt/airflow/dags/keycloak/setup_keycloak.py for tasks to queue
[2026-04-02T10:56:10.622+0000] {logging_mixin.py:190} INFO - [2026-04-02T10:56:10.621+0000] {dagbag.py:588} INFO - Filling up the DagBag from /opt/airflow/dags/keycloak/setup_keycloak.py
[2026-04-02T10:56:10.633+0000] {processor.py:925} INFO - DAG(s) 'keycloak_setup' retrieved from /opt/airflow/dags/keycloak/setup_keycloak.py
[2026-04-02T10:56:10.660+0000] {logging_mixin.py:190} INFO - [2026-04-02T10:56:10.660+0000] {dag.py:3239} INFO - Sync 1 DAGs
[2026-04-02T10:56:10.672+0000] {logging_mixin.py:190} INFO - [2026-04-02T10:56:10.672+0000] {dag.py:4180} INFO - Setting next_dagrun for keycloak_setup to None, run_after=None
[2026-04-02T10:56:10.687+0000] {processor.py:208} INFO - Processing /opt/airflow/dags/keycloak/setup_keycloak.py took 0.073 seconds
[2026-04-02T10:56:40.873+0000] {processor.py:186} INFO - Started process (PID=3286) to work on /opt/airflow/dags/keycloak/setup_keycloak.py
[2026-04-02T10:56:40.873+0000] {processor.py:914} INFO - Processing file /opt/airflow/dags/keycloak/setup_keycloak.py for tasks to queue
[2026-04-02T10:56:40.876+0000] {logging_mixin.py:190} INFO - [2026-04-02T10:56:40.875+0000] {dagbag.py:588} INFO - Filling up the DagBag from /opt/airflow/dags/keycloak/setup_keycloak.py
[2026-04-02T10:56:40.890+0000] {processor.py:925} INFO - DAG(s) 'keycloak_setup' retrieved from /opt/airflow/dags/keycloak/setup_keycloak.py
[2026-04-02T10:56:40.920+0000] {logging_mixin.py:190} INFO - [2026-04-02T10:56:40.920+0000] {dag.py:3239} INFO - Sync 1 DAGs
[2026-04-02T10:56:40.931+0000] {logging_mixin.py:190} INFO - [2026-04-02T10:56:40.931+0000] {dag.py:4180} INFO - Setting next_dagrun for keycloak_setup to None, run_after=None
[2026-04-02T10:56:40.946+0000] {processor.py:208} INFO - Processing /opt/airflow/dags/keycloak/setup_keycloak.py took 0.079 seconds
[2026-04-02T10:57:11.080+0000] {processor.py:186} INFO - Started process (PID=3296) to work on /opt/airflow/dags/keycloak/setup_keycloak.py
[2026-04-02T10:57:11.090+0000] {processor.py:914} INFO - Processing file /opt/airflow/dags/keycloak/setup_keycloak.py for tasks to queue
[2026-04-02T10:57:11.092+0000] {logging_mixin.py:190} INFO - [2026-04-02T10:57:11.092+0000] {dagbag.py:588} INFO - Filling up the DagBag from /opt/airflow/dags/keycloak/setup_keycloak.py
[2026-04-02T10:57:11.100+0000] {processor.py:925} INFO - DAG(s) 'keycloak_setup' retrieved from /opt/airflow/dags/keycloak/setup_keycloak.py
[2026-04-02T10:57:11.124+0000] {logging_mixin.py:190} INFO - [2026-04-02T10:57:11.124+0000] {dag.py:3239} INFO - Sync 1 DAGs
[2026-04-02T10:57:11.134+0000] {logging_mixin.py:190} INFO - [2026-04-02T10:57:11.134+0000] {dag.py:4180} INFO - Setting next_dagrun for keycloak_setup to None, run_after=None
[2026-04-02T10:57:11.147+0000] {processor.py:208} INFO - Processing /opt/airflow/dags/keycloak/setup_keycloak.py took 0.072 seconds
[2026-04-02T10:57:41.342+0000] {processor.py:186} INFO - Started process (PID=3306) to work on /opt/airflow/dags/keycloak/setup_keycloak.py
[2026-04-02T10:57:41.343+0000] {processor.py:914} INFO - Processing file /opt/airflow/dags/keycloak/setup_keycloak.py for tasks to queue
[2026-04-02T10:57:41.345+0000] {logging_mixin.py:190} INFO - [2026-04-02T10:57:41.344+0000] {dagbag.py:588} INFO - Filling up the DagBag from /opt/airflow/dags/keycloak/setup_keycloak.py
[2026-04-02T10:57:41.353+0000] {processor.py:925} INFO - DAG(s) 'keycloak_setup' retrieved from /opt/airflow/dags/keycloak/setup_keycloak.py
[2026-04-02T10:57:41.376+0000] {logging_mixin.py:190} INFO - [2026-04-02T10:57:41.376+0000] {dag.py:3239} INFO - Sync 1 DAGs
[2026-04-02T10:57:41.389+0000] {logging_mixin.py:190} INFO - [2026-04-02T10:57:41.389+0000] {dag.py:4180} INFO - Setting next_dagrun for keycloak_setup to None, run_after=None
[2026-04-02T10:57:41.404+0000] {processor.py:208} INFO - Processing /opt/airflow/dags/keycloak/setup_keycloak.py took 0.067 seconds
[2026-04-02T10:58:11.616+0000] {processor.py:186} INFO - Started process (PID=3316) to work on /opt/airflow/dags/keycloak/setup_keycloak.py
[2026-04-02T10:58:11.617+0000] {processor.py:914} INFO - Processing file /opt/airflow/dags/keycloak/setup_keycloak.py for tasks to queue
[2026-04-02T10:58:11.619+0000] {logging_mixin.py:190} INFO - [2026-04-02T10:58:11.619+0000] {dagbag.py:588} INFO - Filling up the DagBag from /opt/airflow/dags/keycloak/setup_keycloak.py
[2026-04-02T10:58:11.627+0000] {processor.py:925} INFO - DAG(s) 'keycloak_setup' retrieved from /opt/airflow/dags/keycloak/setup_keycloak.py
[2026-04-02T10:58:11.648+0000] {logging_mixin.py:190} INFO - [2026-04-02T10:58:11.648+0000] {dag.py:3239} INFO - Sync 1 DAGs
[2026-04-02T10:58:11.659+0000] {logging_mixin.py:190} INFO - [2026-04-02T10:58:11.659+0000] {dag.py:4180} INFO - Setting next_dagrun for keycloak_setup to None, run_after=None
[2026-04-02T10:58:11.672+0000] {processor.py:208} INFO - Processing /opt/airflow/dags/keycloak/setup_keycloak.py took 0.060 seconds
[2026-04-02T10:58:41.869+0000] {processor.py:186} INFO - Started process (PID=3326) to work on /opt/airflow/dags/keycloak/setup_keycloak.py
[2026-04-02T10:58:41.870+0000] {processor.py:914} INFO - Processing file /opt/airflow/dags/keycloak/setup_keycloak.py for tasks to queue
[2026-04-02T10:58:41.872+0000] {logging_mixin.py:190} INFO - [2026-04-02T10:58:41.872+0000] {dagbag.py:588} INFO - Filling up the DagBag from /opt/airflow/dags/keycloak/setup_keycloak.py
[2026-04-02T10:58:41.886+0000] {processor.py:925} INFO - DAG(s) 'keycloak_setup' retrieved from /opt/airflow/dags/keycloak/setup_keycloak.py
[2026-04-02T10:58:41.917+0000] {logging_mixin.py:190} INFO - [2026-04-02T10:58:41.916+0000] {dag.py:3239} INFO - Sync 1 DAGs
[2026-04-02T10:58:41.928+0000] {logging_mixin.py:190} INFO - [2026-04-02T10:58:41.928+0000] {dag.py:4180} INFO - Setting next_dagrun for keycloak_setup to None, run_after=None
[2026-04-02T10:58:41.941+0000] {processor.py:208} INFO - Processing /opt/airflow/dags/keycloak/setup_keycloak.py took 0.077 seconds
[2026-04-02T10:59:12.141+0000] {processor.py:186} INFO - Started process (PID=3336) to work on /opt/airflow/dags/keycloak/setup_keycloak.py
[2026-04-02T10:59:12.142+0000] {processor.py:914} INFO - Processing file /opt/airflow/dags/keycloak/setup_keycloak.py for tasks to queue
[2026-04-02T10:59:12.144+0000] {logging_mixin.py:190} INFO - [2026-04-02T10:59:12.144+0000] {dagbag.py:588} INFO - Filling up the DagBag from /opt/airflow/dags/keycloak/setup_keycloak.py
[2026-04-02T10:59:12.151+0000] {processor.py:925} INFO - DAG(s) 'keycloak_setup' retrieved from /opt/airflow/dags/keycloak/setup_keycloak.py
[2026-04-02T10:59:12.173+0000] {logging_mixin.py:190} INFO - [2026-04-02T10:59:12.172+0000] {dag.py:3239} INFO - Sync 1 DAGs
[2026-04-02T10:59:12.183+0000] {logging_mixin.py:190} INFO - [2026-04-02T10:59:12.183+0000] {dag.py:4180} INFO - Setting next_dagrun for keycloak_setup to None, run_after=None
[2026-04-02T10:59:12.198+0000] {processor.py:208} INFO - Processing /opt/airflow/dags/keycloak/setup_keycloak.py took 0.061 seconds
[2026-04-02T10:59:42.432+0000] {processor.py:186} INFO - Started process (PID=3346) to work on /opt/airflow/dags/keycloak/setup_keycloak.py
[2026-04-02T10:59:42.432+0000] {processor.py:914} INFO - Processing file /opt/airflow/dags/keycloak/setup_keycloak.py for tasks to queue
[2026-04-02T10:59:42.434+0000] {logging_mixin.py:190} INFO - [2026-04-02T10:59:42.434+0000] {dagbag.py:588} INFO - Filling up the DagBag from /opt/airflow/dags/keycloak/setup_keycloak.py
[2026-04-02T10:59:42.444+0000] {processor.py:925} INFO - DAG(s) 'keycloak_setup' retrieved from /opt/airflow/dags/keycloak/setup_keycloak.py
[2026-04-02T10:59:42.467+0000] {logging_mixin.py:190} INFO - [2026-04-02T10:59:42.466+0000] {dag.py:3239} INFO - Sync 1 DAGs
[2026-04-02T10:59:42.478+0000] {logging_mixin.py:190} INFO - [2026-04-02T10:59:42.478+0000] {dag.py:4180} INFO - Setting next_dagrun for keycloak_setup to None, run_after=None
[2026-04-02T10:59:42.494+0000] {processor.py:208} INFO - Processing /opt/airflow/dags/keycloak/setup_keycloak.py took 0.067 seconds
[2026-04-02T11:00:12.736+0000] {processor.py:186} INFO - Started process (PID=3356) to work on /opt/airflow/dags/keycloak/setup_keycloak.py
[2026-04-02T11:00:12.754+0000] {processor.py:914} INFO - Processing file /opt/airflow/dags/keycloak/setup_keycloak.py for tasks to queue
[2026-04-02T11:00:12.757+0000] {logging_mixin.py:190} INFO - [2026-04-02T11:00:12.756+0000] {dagbag.py:588} INFO - Filling up the DagBag from /opt/airflow/dags/keycloak/setup_keycloak.py
[2026-04-02T11:00:12.764+0000] {processor.py:925} INFO - DAG(s) 'keycloak_setup' retrieved from /opt/airflow/dags/keycloak/setup_keycloak.py
[2026-04-02T11:00:12.787+0000] {logging_mixin.py:190} INFO - [2026-04-02T11:00:12.786+0000] {dag.py:3239} INFO - Sync 1 DAGs
[2026-04-02T11:00:12.798+0000] {logging_mixin.py:190} INFO - [2026-04-02T11:00:12.798+0000] {dag.py:4180} INFO - Setting next_dagrun for keycloak_setup to None, run_after=None
[2026-04-02T11:00:12.812+0000] {processor.py:208} INFO - Processing /opt/airflow/dags/keycloak/setup_keycloak.py took 0.081 seconds
[2026-04-02T11:00:43.051+0000] {processor.py:186} INFO - Started process (PID=3366) to work on /opt/airflow/dags/keycloak/setup_keycloak.py
[2026-04-02T11:00:43.052+0000] {processor.py:914} INFO - Processing file /opt/airflow/dags/keycloak/setup_keycloak.py for tasks to queue
[2026-04-02T11:00:43.053+0000] {logging_mixin.py:190} INFO - [2026-04-02T11:00:43.053+0000] {dagbag.py:588} INFO - Filling up the DagBag from /opt/airflow/dags/keycloak/setup_keycloak.py
[2026-04-02T11:00:43.066+0000] {processor.py:925} INFO - DAG(s) 'keycloak_setup' retrieved from /opt/airflow/dags/keycloak/setup_keycloak.py
[2026-04-02T11:00:43.097+0000] {logging_mixin.py:190} INFO - [2026-04-02T11:00:43.096+0000] {dag.py:3239} INFO - Sync 1 DAGs
[2026-04-02T11:00:43.108+0000] {logging_mixin.py:190} INFO - [2026-04-02T11:00:43.108+0000] {dag.py:4180} INFO - Setting next_dagrun for keycloak_setup to None, run_after=None
[2026-04-02T11:00:43.121+0000] {processor.py:208} INFO - Processing /opt/airflow/dags/keycloak/setup_keycloak.py took 0.075 seconds
[2026-04-02T11:01:13.337+0000] {processor.py:186} INFO - Started process (PID=3376) to work on /opt/airflow/dags/keycloak/setup_keycloak.py
[2026-04-02T11:01:13.355+0000] {processor.py:914} INFO - Processing file /opt/airflow/dags/keycloak/setup_keycloak.py for tasks to queue
[2026-04-02T11:01:13.357+0000] {logging_mixin.py:190} INFO - [2026-04-02T11:01:13.356+0000] {dagbag.py:588} INFO - Filling up the DagBag from /opt/airflow/dags/keycloak/setup_keycloak.py
[2026-04-02T11:01:13.364+0000] {processor.py:925} INFO - DAG(s) 'keycloak_setup' retrieved from /opt/airflow/dags/keycloak/setup_keycloak.py
[2026-04-02T11:01:13.385+0000] {logging_mixin.py:190} INFO - [2026-04-02T11:01:13.385+0000] {dag.py:3239} INFO - Sync 1 DAGs
[2026-04-02T11:01:13.397+0000] {logging_mixin.py:190} INFO - [2026-04-02T11:01:13.397+0000] {dag.py:4180} INFO - Setting next_dagrun for keycloak_setup to None, run_after=None
[2026-04-02T11:01:13.412+0000] {processor.py:208} INFO - Processing /opt/airflow/dags/keycloak/setup_keycloak.py took 0.080 seconds
[2026-04-02T11:01:43.581+0000] {processor.py:186} INFO - Started process (PID=3386) to work on /opt/airflow/dags/keycloak/setup_keycloak.py
[2026-04-02T11:01:43.582+0000] {processor.py:914} INFO - Processing file /opt/airflow/dags/keycloak/setup_keycloak.py for tasks to queue
[2026-04-02T11:01:43.584+0000] {logging_mixin.py:190} INFO - [2026-04-02T11:01:43.584+0000] {dagbag.py:588} INFO - Filling up the DagBag from /opt/airflow/dags/keycloak/setup_keycloak.py
[2026-04-02T11:01:43.601+0000] {processor.py:925} INFO - DAG(s) 'keycloak_setup' retrieved from /opt/airflow/dags/keycloak/setup_keycloak.py
[2026-04-02T11:01:43.632+0000] {logging_mixin.py:190} INFO - [2026-04-02T11:01:43.632+0000] {dag.py:3239} INFO - Sync 1 DAGs
[2026-04-02T11:01:43.643+0000] {logging_mixin.py:190} INFO - [2026-04-02T11:01:43.643+0000] {dag.py:4180} INFO - Setting next_dagrun for keycloak_setup to None, run_after=None
[2026-04-02T11:01:43.658+0000] {processor.py:208} INFO - Processing /opt/airflow/dags/keycloak/setup_keycloak.py took 0.082 seconds
[2026-04-02T11:02:13.875+0000] {processor.py:186} INFO - Started process (PID=3396) to work on /opt/airflow/dags/keycloak/setup_keycloak.py
[2026-04-02T11:02:13.893+0000] {processor.py:914} INFO - Processing file /opt/airflow/dags/keycloak/setup_keycloak.py for tasks to queue
[2026-04-02T11:02:13.895+0000] {logging_mixin.py:190} INFO - [2026-04-02T11:02:13.895+0000] {dagbag.py:588} INFO - Filling up the DagBag from /opt/airflow/dags/keycloak/setup_keycloak.py
[2026-04-02T11:02:13.903+0000] {processor.py:925} INFO - DAG(s) 'keycloak_setup' retrieved from /opt/airflow/dags/keycloak/setup_keycloak.py
[2026-04-02T11:02:13.928+0000] {logging_mixin.py:190} INFO - [2026-04-02T11:02:13.928+0000] {dag.py:3239} INFO - Sync 1 DAGs
[2026-04-02T11:02:13.939+0000] {logging_mixin.py:190} INFO - [2026-04-02T11:02:13.939+0000] {dag.py:4180} INFO - Setting next_dagrun for keycloak_setup to None, run_after=None
[2026-04-02T11:02:13.953+0000] {processor.py:208} INFO - Processing /opt/airflow/dags/keycloak/setup_keycloak.py took 0.083 seconds
[2026-04-02T11:02:44.179+0000] {processor.py:186} INFO - Started process (PID=3406) to work on /opt/airflow/dags/keycloak/setup_keycloak.py
[2026-04-02T11:02:44.180+0000] {processor.py:914} INFO - Processing file /opt/airflow/dags/keycloak/setup_keycloak.py for tasks to queue
[2026-04-02T11:02:44.182+0000] {logging_mixin.py:190} INFO - [2026-04-02T11:02:44.182+0000] {dagbag.py:588} INFO - Filling up the DagBag from /opt/airflow/dags/keycloak/setup_keycloak.py
[2026-04-02T11:02:44.196+0000] {processor.py:925} INFO - DAG(s) 'keycloak_setup' retrieved from /opt/airflow/dags/keycloak/setup_keycloak.py
[2026-04-02T11:02:44.226+0000] {logging_mixin.py:190} INFO - [2026-04-02T11:02:44.226+0000] {dag.py:3239} INFO - Sync 1 DAGs
[2026-04-02T11:02:44.237+0000] {logging_mixin.py:190} INFO - [2026-04-02T11:02:44.237+0000] {dag.py:4180} INFO - Setting next_dagrun for keycloak_setup to None, run_after=None
[2026-04-02T11:02:44.251+0000] {processor.py:208} INFO - Processing /opt/airflow/dags/keycloak/setup_keycloak.py took 0.076 seconds
[2026-04-02T11:03:14.487+0000] {processor.py:186} INFO - Started process (PID=3416) to work on /opt/airflow/dags/keycloak/setup_keycloak.py
[2026-04-02T11:03:14.488+0000] {processor.py:914} INFO - Processing file /opt/airflow/dags/keycloak/setup_keycloak.py for tasks to queue
[2026-04-02T11:03:14.489+0000] {logging_mixin.py:190} INFO - [2026-04-02T11:03:14.489+0000] {dagbag.py:588} INFO - Filling up the DagBag from /opt/airflow/dags/keycloak/setup_keycloak.py
[2026-04-02T11:03:14.496+0000] {processor.py:925} INFO - DAG(s) 'keycloak_setup' retrieved from /opt/airflow/dags/keycloak/setup_keycloak.py
[2026-04-02T11:03:14.517+0000] {logging_mixin.py:190} INFO - [2026-04-02T11:03:14.517+0000] {dag.py:3239} INFO - Sync 1 DAGs
[2026-04-02T11:03:14.528+0000] {logging_mixin.py:190} INFO - [2026-04-02T11:03:14.528+0000] {dag.py:4180} INFO - Setting next_dagrun for keycloak_setup to None, run_after=None
[2026-04-02T11:03:14.542+0000] {processor.py:208} INFO - Processing /opt/airflow/dags/keycloak/setup_keycloak.py took 0.060 seconds
[2026-04-02T11:03:44.763+0000] {processor.py:186} INFO - Started process (PID=3426) to work on /opt/airflow/dags/keycloak/setup_keycloak.py
[2026-04-02T11:03:44.764+0000] {processor.py:914} INFO - Processing file /opt/airflow/dags/keycloak/setup_keycloak.py for tasks to queue
[2026-04-02T11:03:44.766+0000] {logging_mixin.py:190} INFO - [2026-04-02T11:03:44.765+0000] {dagbag.py:588} INFO - Filling up the DagBag from /opt/airflow/dags/keycloak/setup_keycloak.py
[2026-04-02T11:03:44.773+0000] {processor.py:925} INFO - DAG(s) 'keycloak_setup' retrieved from /opt/airflow/dags/keycloak/setup_keycloak.py
[2026-04-02T11:03:44.794+0000] {logging_mixin.py:190} INFO - [2026-04-02T11:03:44.794+0000] {dag.py:3239} INFO - Sync 1 DAGs
[2026-04-02T11:03:44.804+0000] {logging_mixin.py:190} INFO - [2026-04-02T11:03:44.804+0000] {dag.py:4180} INFO - Setting next_dagrun for keycloak_setup to None, run_after=None
[2026-04-02T11:03:44.820+0000] {processor.py:208} INFO - Processing /opt/airflow/dags/keycloak/setup_keycloak.py took 0.061 seconds
[2026-04-02T11:04:15.028+0000] {processor.py:186} INFO - Started process (PID=3436) to work on /opt/airflow/dags/keycloak/setup_keycloak.py
[2026-04-02T11:04:15.047+0000] {processor.py:914} INFO - Processing file /opt/airflow/dags/keycloak/setup_keycloak.py for tasks to queue
[2026-04-02T11:04:15.049+0000] {logging_mixin.py:190} INFO - [2026-04-02T11:04:15.049+0000] {dagbag.py:588} INFO - Filling up the DagBag from /opt/airflow/dags/keycloak/setup_keycloak.py
[2026-04-02T11:04:15.057+0000] {processor.py:925} INFO - DAG(s) 'keycloak_setup' retrieved from /opt/airflow/dags/keycloak/setup_keycloak.py
[2026-04-02T11:04:15.080+0000] {logging_mixin.py:190} INFO - [2026-04-02T11:04:15.080+0000] {dag.py:3239} INFO - Sync 1 DAGs
[2026-04-02T11:04:15.092+0000] {logging_mixin.py:190} INFO - [2026-04-02T11:04:15.091+0000] {dag.py:4180} INFO - Setting next_dagrun for keycloak_setup to None, run_after=None
[2026-04-02T11:04:15.107+0000] {processor.py:208} INFO - Processing /opt/airflow/dags/keycloak/setup_keycloak.py took 0.084 seconds
[2026-04-02T11:04:45.336+0000] {processor.py:186} INFO - Started process (PID=3446) to work on /opt/airflow/dags/keycloak/setup_keycloak.py
[2026-04-02T11:04:45.336+0000] {processor.py:914} INFO - Processing file /opt/airflow/dags/keycloak/setup_keycloak.py for tasks to queue
[2026-04-02T11:04:45.338+0000] {logging_mixin.py:190} INFO - [2026-04-02T11:04:45.338+0000] {dagbag.py:588} INFO - Filling up the DagBag from /opt/airflow/dags/keycloak/setup_keycloak.py
[2026-04-02T11:04:45.347+0000] {processor.py:925} INFO - DAG(s) 'keycloak_setup' retrieved from /opt/airflow/dags/keycloak/setup_keycloak.py
[2026-04-02T11:04:45.370+0000] {logging_mixin.py:190} INFO - [2026-04-02T11:04:45.370+0000] {dag.py:3239} INFO - Sync 1 DAGs
[2026-04-02T11:04:45.381+0000] {logging_mixin.py:190} INFO - [2026-04-02T11:04:45.380+0000] {dag.py:4180} INFO - Setting next_dagrun for keycloak_setup to None, run_after=None
[2026-04-02T11:04:45.395+0000] {processor.py:208} INFO - Processing /opt/airflow/dags/keycloak/setup_keycloak.py took 0.063 seconds
[2026-04-02T11:05:15.672+0000] {processor.py:186} INFO - Started process (PID=3456) to work on /opt/airflow/dags/keycloak/setup_keycloak.py
[2026-04-02T11:05:15.673+0000] {processor.py:914} INFO - Processing file /opt/airflow/dags/keycloak/setup_keycloak.py for tasks to queue
[2026-04-02T11:05:15.675+0000] {logging_mixin.py:190} INFO - [2026-04-02T11:05:15.675+0000] {dagbag.py:588} INFO - Filling up the DagBag from /opt/airflow/dags/keycloak/setup_keycloak.py
[2026-04-02T11:05:15.682+0000] {processor.py:925} INFO - DAG(s) 'keycloak_setup' retrieved from /opt/airflow/dags/keycloak/setup_keycloak.py
[2026-04-02T11:05:15.705+0000] {logging_mixin.py:190} INFO - [2026-04-02T11:05:15.705+0000] {dag.py:3239} INFO - Sync 1 DAGs
[2026-04-02T11:05:15.716+0000] {logging_mixin.py:190} INFO - [2026-04-02T11:05:15.716+0000] {dag.py:4180} INFO - Setting next_dagrun for keycloak_setup to None, run_after=None
[2026-04-02T11:05:15.730+0000] {processor.py:208} INFO - Processing /opt/airflow/dags/keycloak/setup_keycloak.py took 0.062 seconds
[2026-04-02T11:05:45.956+0000] {processor.py:186} INFO - Started process (PID=3466) to work on /opt/airflow/dags/keycloak/setup_keycloak.py
[2026-04-02T11:05:45.957+0000] {processor.py:914} INFO - Processing file /opt/airflow/dags/keycloak/setup_keycloak.py for tasks to queue
[2026-04-02T11:05:45.958+0000] {logging_mixin.py:190} INFO - [2026-04-02T11:05:45.958+0000] {dagbag.py:588} INFO - Filling up the DagBag from /opt/airflow/dags/keycloak/setup_keycloak.py
[2026-04-02T11:05:45.967+0000] {processor.py:925} INFO - DAG(s) 'keycloak_setup' retrieved from /opt/airflow/dags/keycloak/setup_keycloak.py
[2026-04-02T11:05:45.991+0000] {logging_mixin.py:190} INFO - [2026-04-02T11:05:45.991+0000] {dag.py:3239} INFO - Sync 1 DAGs
[2026-04-02T11:05:46.002+0000] {logging_mixin.py:190} INFO - [2026-04-02T11:05:46.002+0000] {dag.py:4180} INFO - Setting next_dagrun for keycloak_setup to None, run_after=None
[2026-04-02T11:05:46.017+0000] {processor.py:208} INFO - Processing /opt/airflow/dags/keycloak/setup_keycloak.py took 0.066 seconds
[2026-04-02T11:06:16.220+0000] {processor.py:186} INFO - Started process (PID=3476) to work on /opt/airflow/dags/keycloak/setup_keycloak.py
[2026-04-02T11:06:16.222+0000] {processor.py:914} INFO - Processing file /opt/airflow/dags/keycloak/setup_keycloak.py for tasks to queue
[2026-04-02T11:06:16.224+0000] {logging_mixin.py:190} INFO - [2026-04-02T11:06:16.224+0000] {dagbag.py:588} INFO - Filling up the DagBag from /opt/airflow/dags/keycloak/setup_keycloak.py
[2026-04-02T11:06:16.233+0000] {processor.py:925} INFO - DAG(s) 'keycloak_setup' retrieved from /opt/airflow/dags/keycloak/setup_keycloak.py
[2026-04-02T11:06:16.259+0000] {logging_mixin.py:190} INFO - [2026-04-02T11:06:16.259+0000] {dag.py:3239} INFO - Sync 1 DAGs
[2026-04-02T11:06:16.270+0000] {logging_mixin.py:190} INFO - [2026-04-02T11:06:16.270+0000] {dag.py:4180} INFO - Setting next_dagrun for keycloak_setup to None, run_after=None
[2026-04-02T11:06:16.289+0000] {processor.py:208} INFO - Processing /opt/airflow/dags/keycloak/setup_keycloak.py took 0.074 seconds
[2026-04-02T11:06:46.499+0000] {processor.py:186} INFO - Started process (PID=3486) to work on /opt/airflow/dags/keycloak/setup_keycloak.py
[2026-04-02T11:06:46.499+0000] {processor.py:914} INFO - Processing file /opt/airflow/dags/keycloak/setup_keycloak.py for tasks to queue
[2026-04-02T11:06:46.501+0000] {logging_mixin.py:190} INFO - [2026-04-02T11:06:46.501+0000] {dagbag.py:588} INFO - Filling up the DagBag from /opt/airflow/dags/keycloak/setup_keycloak.py
[2026-04-02T11:06:46.509+0000] {processor.py:925} INFO - DAG(s) 'keycloak_setup' retrieved from /opt/airflow/dags/keycloak/setup_keycloak.py
[2026-04-02T11:06:46.532+0000] {logging_mixin.py:190} INFO - [2026-04-02T11:06:46.532+0000] {dag.py:3239} INFO - Sync 1 DAGs
[2026-04-02T11:06:46.546+0000] {logging_mixin.py:190} INFO - [2026-04-02T11:06:46.546+0000] {dag.py:4180} INFO - Setting next_dagrun for keycloak_setup to None, run_after=None
[2026-04-02T11:06:46.562+0000] {processor.py:208} INFO - Processing /opt/airflow/dags/keycloak/setup_keycloak.py took 0.068 seconds
[2026-04-02T11:07:16.780+0000] {processor.py:186} INFO - Started process (PID=3496) to work on /opt/airflow/dags/keycloak/setup_keycloak.py
[2026-04-02T11:07:16.781+0000] {processor.py:914} INFO - Processing file /opt/airflow/dags/keycloak/setup_keycloak.py for tasks to queue
[2026-04-02T11:07:16.784+0000] {logging_mixin.py:190} INFO - [2026-04-02T11:07:16.783+0000] {dagbag.py:588} INFO - Filling up the DagBag from /opt/airflow/dags/keycloak/setup_keycloak.py
[2026-04-02T11:07:16.792+0000] {processor.py:925} INFO - DAG(s) 'keycloak_setup' retrieved from /opt/airflow/dags/keycloak/setup_keycloak.py
[2026-04-02T11:07:16.816+0000] {logging_mixin.py:190} INFO - [2026-04-02T11:07:16.816+0000] {dag.py:3239} INFO - Sync 1 DAGs
[2026-04-02T11:07:16.829+0000] {logging_mixin.py:190} INFO - [2026-04-02T11:07:16.829+0000] {dag.py:4180} INFO - Setting next_dagrun for keycloak_setup to None, run_after=None
[2026-04-02T11:07:16.849+0000] {processor.py:208} INFO - Processing /opt/airflow/dags/keycloak/setup_keycloak.py took 0.074 seconds
[2026-04-02T11:07:47.078+0000] {processor.py:186} INFO - Started process (PID=3506) to work on /opt/airflow/dags/keycloak/setup_keycloak.py
[2026-04-02T11:07:47.079+0000] {processor.py:914} INFO - Processing file /opt/airflow/dags/keycloak/setup_keycloak.py for tasks to queue
[2026-04-02T11:07:47.081+0000] {logging_mixin.py:190} INFO - [2026-04-02T11:07:47.081+0000] {dagbag.py:588} INFO - Filling up the DagBag from /opt/airflow/dags/keycloak/setup_keycloak.py
[2026-04-02T11:07:47.090+0000] {processor.py:925} INFO - DAG(s) 'keycloak_setup' retrieved from /opt/airflow/dags/keycloak/setup_keycloak.py
[2026-04-02T11:07:47.112+0000] {logging_mixin.py:190} INFO - [2026-04-02T11:07:47.112+0000] {dag.py:3239} INFO - Sync 1 DAGs
[2026-04-02T11:07:47.122+0000] {logging_mixin.py:190} INFO - [2026-04-02T11:07:47.122+0000] {dag.py:4180} INFO - Setting next_dagrun for keycloak_setup to None, run_after=None
[2026-04-02T11:07:47.138+0000] {processor.py:208} INFO - Processing /opt/airflow/dags/keycloak/setup_keycloak.py took 0.064 seconds
[2026-04-02T11:08:17.369+0000] {processor.py:186} INFO - Started process (PID=3516) to work on /opt/airflow/dags/keycloak/setup_keycloak.py
[2026-04-02T11:08:17.387+0000] {processor.py:914} INFO - Processing file /opt/airflow/dags/keycloak/setup_keycloak.py for tasks to queue
[2026-04-02T11:08:17.389+0000] {logging_mixin.py:190} INFO - [2026-04-02T11:08:17.389+0000] {dagbag.py:588} INFO - Filling up the DagBag from /opt/airflow/dags/keycloak/setup_keycloak.py
[2026-04-02T11:08:17.397+0000] {processor.py:925} INFO - DAG(s) 'keycloak_setup' retrieved from /opt/airflow/dags/keycloak/setup_keycloak.py
[2026-04-02T11:08:17.418+0000] {logging_mixin.py:190} INFO - [2026-04-02T11:08:17.418+0000] {dag.py:3239} INFO - Sync 1 DAGs
[2026-04-02T11:08:17.428+0000] {logging_mixin.py:190} INFO - [2026-04-02T11:08:17.428+0000] {dag.py:4180} INFO - Setting next_dagrun for keycloak_setup to None, run_after=None
[2026-04-02T11:08:17.441+0000] {processor.py:208} INFO - Processing /opt/airflow/dags/keycloak/setup_keycloak.py took 0.076 seconds
[2026-04-02T11:08:47.609+0000] {processor.py:186} INFO - Started process (PID=3526) to work on /opt/airflow/dags/keycloak/setup_keycloak.py
[2026-04-02T11:08:47.610+0000] {processor.py:914} INFO - Processing file /opt/airflow/dags/keycloak/setup_keycloak.py for tasks to queue
[2026-04-02T11:08:47.612+0000] {logging_mixin.py:190} INFO - [2026-04-02T11:08:47.611+0000] {dagbag.py:588} INFO - Filling up the DagBag from /opt/airflow/dags/keycloak/setup_keycloak.py
[2026-04-02T11:08:47.619+0000] {processor.py:925} INFO - DAG(s) 'keycloak_setup' retrieved from /opt/airflow/dags/keycloak/setup_keycloak.py
[2026-04-02T11:08:47.643+0000] {logging_mixin.py:190} INFO - [2026-04-02T11:08:47.643+0000] {dag.py:3239} INFO - Sync 1 DAGs
[2026-04-02T11:08:47.654+0000] {logging_mixin.py:190} INFO - [2026-04-02T11:08:47.654+0000] {dag.py:4180} INFO - Setting next_dagrun for keycloak_setup to None, run_after=None
[2026-04-02T11:08:47.668+0000] {processor.py:208} INFO - Processing /opt/airflow/dags/keycloak/setup_keycloak.py took 0.065 seconds
[2026-04-02T11:09:17.884+0000] {processor.py:186} INFO - Started process (PID=3536) to work on /opt/airflow/dags/keycloak/setup_keycloak.py
[2026-04-02T11:09:17.885+0000] {processor.py:914} INFO - Processing file /opt/airflow/dags/keycloak/setup_keycloak.py for tasks to queue
[2026-04-02T11:09:17.887+0000] {logging_mixin.py:190} INFO - [2026-04-02T11:09:17.887+0000] {dagbag.py:588} INFO - Filling up the DagBag from /opt/airflow/dags/keycloak/setup_keycloak.py
[2026-04-02T11:09:17.896+0000] {processor.py:925} INFO - DAG(s) 'keycloak_setup' retrieved from /opt/airflow/dags/keycloak/setup_keycloak.py
[2026-04-02T11:09:17.920+0000] {logging_mixin.py:190} INFO - [2026-04-02T11:09:17.920+0000] {dag.py:3239} INFO - Sync 1 DAGs
[2026-04-02T11:09:17.932+0000] {logging_mixin.py:190} INFO - [2026-04-02T11:09:17.931+0000] {dag.py:4180} INFO - Setting next_dagrun for keycloak_setup to None, run_after=None
[2026-04-02T11:09:17.946+0000] {processor.py:208} INFO - Processing /opt/airflow/dags/keycloak/setup_keycloak.py took 0.067 seconds
[2026-04-02T11:09:48.152+0000] {processor.py:186} INFO - Started process (PID=3546) to work on /opt/airflow/dags/keycloak/setup_keycloak.py
[2026-04-02T11:09:48.153+0000] {processor.py:914} INFO - Processing file /opt/airflow/dags/keycloak/setup_keycloak.py for tasks to queue
[2026-04-02T11:09:48.155+0000] {logging_mixin.py:190} INFO - [2026-04-02T11:09:48.154+0000] {dagbag.py:588} INFO - Filling up the DagBag from /opt/airflow/dags/keycloak/setup_keycloak.py
[2026-04-02T11:09:48.164+0000] {processor.py:925} INFO - DAG(s) 'keycloak_setup' retrieved from /opt/airflow/dags/keycloak/setup_keycloak.py
[2026-04-02T11:09:48.188+0000] {logging_mixin.py:190} INFO - [2026-04-02T11:09:48.188+0000] {dag.py:3239} INFO - Sync 1 DAGs
[2026-04-02T11:09:48.199+0000] {logging_mixin.py:190} INFO - [2026-04-02T11:09:48.199+0000] {dag.py:4180} INFO - Setting next_dagrun for keycloak_setup to None, run_after=None
[2026-04-02T11:09:48.213+0000] {processor.py:208} INFO - Processing /opt/airflow/dags/keycloak/setup_keycloak.py took 0.066 seconds
[2026-04-02T11:10:18.473+0000] {processor.py:186} INFO - Started process (PID=3556) to work on /opt/airflow/dags/keycloak/setup_keycloak.py
[2026-04-02T11:10:18.474+0000] {processor.py:914} INFO - Processing file /opt/airflow/dags/keycloak/setup_keycloak.py for tasks to queue
[2026-04-02T11:10:18.477+0000] {logging_mixin.py:190} INFO - [2026-04-02T11:10:18.476+0000] {dagbag.py:588} INFO - Filling up the DagBag from /opt/airflow/dags/keycloak/setup_keycloak.py
[2026-04-02T11:10:18.485+0000] {processor.py:925} INFO - DAG(s) 'keycloak_setup' retrieved from /opt/airflow/dags/keycloak/setup_keycloak.py
[2026-04-02T11:10:18.507+0000] {logging_mixin.py:190} INFO - [2026-04-02T11:10:18.507+0000] {dag.py:3239} INFO - Sync 1 DAGs
[2026-04-02T11:10:18.519+0000] {logging_mixin.py:190} INFO - [2026-04-02T11:10:18.519+0000] {dag.py:4180} INFO - Setting next_dagrun for keycloak_setup to None, run_after=None
[2026-04-02T11:10:18.533+0000] {processor.py:208} INFO - Processing /opt/airflow/dags/keycloak/setup_keycloak.py took 0.065 seconds
[2026-04-02T11:10:48.772+0000] {processor.py:186} INFO - Started process (PID=3566) to work on /opt/airflow/dags/keycloak/setup_keycloak.py
[2026-04-02T11:10:48.773+0000] {processor.py:914} INFO - Processing file /opt/airflow/dags/keycloak/setup_keycloak.py for tasks to queue
[2026-04-02T11:10:48.777+0000] {logging_mixin.py:190} INFO - [2026-04-02T11:10:48.777+0000] {dagbag.py:588} INFO - Filling up the DagBag from /opt/airflow/dags/keycloak/setup_keycloak.py
[2026-04-02T11:10:48.788+0000] {processor.py:925} INFO - DAG(s) 'keycloak_setup' retrieved from /opt/airflow/dags/keycloak/setup_keycloak.py
[2026-04-02T11:10:48.816+0000] {logging_mixin.py:190} INFO - [2026-04-02T11:10:48.815+0000] {dag.py:3239} INFO - Sync 1 DAGs
[2026-04-02T11:10:48.827+0000] {logging_mixin.py:190} INFO - [2026-04-02T11:10:48.827+0000] {dag.py:4180} INFO - Setting next_dagrun for keycloak_setup to None, run_after=None
[2026-04-02T11:10:48.843+0000] {processor.py:208} INFO - Processing /opt/airflow/dags/keycloak/setup_keycloak.py took 0.076 seconds
[2026-04-02T11:11:19.064+0000] {processor.py:186} INFO - Started process (PID=3576) to work on /opt/airflow/dags/keycloak/setup_keycloak.py
[2026-04-02T11:11:19.067+0000] {processor.py:914} INFO - Processing file /opt/airflow/dags/keycloak/setup_keycloak.py for tasks to queue
[2026-04-02T11:11:19.069+0000] {logging_mixin.py:190} INFO - [2026-04-02T11:11:19.069+0000] {dagbag.py:588} INFO - Filling up the DagBag from /opt/airflow/dags/keycloak/setup_keycloak.py
[2026-04-02T11:11:19.078+0000] {processor.py:925} INFO - DAG(s) 'keycloak_setup' retrieved from /opt/airflow/dags/keycloak/setup_keycloak.py
[2026-04-02T11:11:19.102+0000] {logging_mixin.py:190} INFO - [2026-04-02T11:11:19.102+0000] {dag.py:3239} INFO - Sync 1 DAGs
[2026-04-02T11:11:19.113+0000] {logging_mixin.py:190} INFO - [2026-04-02T11:11:19.112+0000] {dag.py:4180} INFO - Setting next_dagrun for keycloak_setup to None, run_after=None
[2026-04-02T11:11:19.126+0000] {processor.py:208} INFO - Processing /opt/airflow/dags/keycloak/setup_keycloak.py took 0.067 seconds
[2026-04-02T11:11:49.352+0000] {processor.py:186} INFO - Started process (PID=3586) to work on /opt/airflow/dags/keycloak/setup_keycloak.py
[2026-04-02T11:11:49.352+0000] {processor.py:914} INFO - Processing file /opt/airflow/dags/keycloak/setup_keycloak.py for tasks to queue
[2026-04-02T11:11:49.354+0000] {logging_mixin.py:190} INFO - [2026-04-02T11:11:49.354+0000] {dagbag.py:588} INFO - Filling up the DagBag from /opt/airflow/dags/keycloak/setup_keycloak.py
[2026-04-02T11:11:49.362+0000] {processor.py:925} INFO - DAG(s) 'keycloak_setup' retrieved from /opt/airflow/dags/keycloak/setup_keycloak.py
[2026-04-02T11:11:49.383+0000] {logging_mixin.py:190} INFO - [2026-04-02T11:11:49.383+0000] {dag.py:3239} INFO - Sync 1 DAGs
[2026-04-02T11:11:49.392+0000] {logging_mixin.py:190} INFO - [2026-04-02T11:11:49.392+0000] {dag.py:4180} INFO - Setting next_dagrun for keycloak_setup to None, run_after=None
[2026-04-02T11:11:49.406+0000] {processor.py:208} INFO - Processing /opt/airflow/dags/keycloak/setup_keycloak.py took 0.058 seconds
[2026-04-02T11:12:19.659+0000] {processor.py:186} INFO - Started process (PID=3596) to work on /opt/airflow/dags/keycloak/setup_keycloak.py
[2026-04-02T11:12:19.676+0000] {processor.py:914} INFO - Processing file /opt/airflow/dags/keycloak/setup_keycloak.py for tasks to queue
[2026-04-02T11:12:19.679+0000] {logging_mixin.py:190} INFO - [2026-04-02T11:12:19.678+0000] {dagbag.py:588} INFO - Filling up the DagBag from /opt/airflow/dags/keycloak/setup_keycloak.py
[2026-04-02T11:12:19.688+0000] {processor.py:925} INFO - DAG(s) 'keycloak_setup' retrieved from /opt/airflow/dags/keycloak/setup_keycloak.py
[2026-04-02T11:12:19.711+0000] {logging_mixin.py:190} INFO - [2026-04-02T11:12:19.711+0000] {dag.py:3239} INFO - Sync 1 DAGs
[2026-04-02T11:12:19.722+0000] {logging_mixin.py:190} INFO - [2026-04-02T11:12:19.721+0000] {dag.py:4180} INFO - Setting next_dagrun for keycloak_setup to None, run_after=None
[2026-04-02T11:12:19.737+0000] {processor.py:208} INFO - Processing /opt/airflow/dags/keycloak/setup_keycloak.py took 0.084 seconds
[2026-04-02T11:12:49.876+0000] {processor.py:186} INFO - Started process (PID=3606) to work on /opt/airflow/dags/keycloak/setup_keycloak.py
[2026-04-02T11:12:49.877+0000] {processor.py:914} INFO - Processing file /opt/airflow/dags/keycloak/setup_keycloak.py for tasks to queue
[2026-04-02T11:12:49.878+0000] {logging_mixin.py:190} INFO - [2026-04-02T11:12:49.878+0000] {dagbag.py:588} INFO - Filling up the DagBag from /opt/airflow/dags/keycloak/setup_keycloak.py
[2026-04-02T11:12:49.886+0000] {processor.py:925} INFO - DAG(s) 'keycloak_setup' retrieved from /opt/airflow/dags/keycloak/setup_keycloak.py
[2026-04-02T11:12:49.909+0000] {logging_mixin.py:190} INFO - [2026-04-02T11:12:49.909+0000] {dag.py:3239} INFO - Sync 1 DAGs
[2026-04-02T11:12:49.920+0000] {logging_mixin.py:190} INFO - [2026-04-02T11:12:49.919+0000] {dag.py:4180} INFO - Setting next_dagrun for keycloak_setup to None, run_after=None
[2026-04-02T11:12:49.934+0000] {processor.py:208} INFO - Processing /opt/airflow/dags/keycloak/setup_keycloak.py took 0.063 seconds
[2026-04-02T11:13:20.146+0000] {processor.py:186} INFO - Started process (PID=3616) to work on /opt/airflow/dags/keycloak/setup_keycloak.py
[2026-04-02T11:13:20.147+0000] {processor.py:914} INFO - Processing file /opt/airflow/dags/keycloak/setup_keycloak.py for tasks to queue
[2026-04-02T11:13:20.149+0000] {logging_mixin.py:190} INFO - [2026-04-02T11:13:20.149+0000] {dagbag.py:588} INFO - Filling up the DagBag from /opt/airflow/dags/keycloak/setup_keycloak.py
[2026-04-02T11:13:20.163+0000] {processor.py:925} INFO - DAG(s) 'keycloak_setup' retrieved from /opt/airflow/dags/keycloak/setup_keycloak.py
[2026-04-02T11:13:20.194+0000] {logging_mixin.py:190} INFO - [2026-04-02T11:13:20.194+0000] {dag.py:3239} INFO - Sync 1 DAGs
[2026-04-02T11:13:20.204+0000] {logging_mixin.py:190} INFO - [2026-04-02T11:13:20.204+0000] {dag.py:4180} INFO - Setting next_dagrun for keycloak_setup to None, run_after=None
[2026-04-02T11:13:20.217+0000] {processor.py:208} INFO - Processing /opt/airflow/dags/keycloak/setup_keycloak.py took 0.077 seconds
[2026-04-02T11:13:50.448+0000] {processor.py:186} INFO - Started process (PID=3626) to work on /opt/airflow/dags/keycloak/setup_keycloak.py
[2026-04-02T11:13:50.449+0000] {processor.py:914} INFO - Processing file /opt/airflow/dags/keycloak/setup_keycloak.py for tasks to queue
[2026-04-02T11:13:50.450+0000] {logging_mixin.py:190} INFO - [2026-04-02T11:13:50.450+0000] {dagbag.py:588} INFO - Filling up the DagBag from /opt/airflow/dags/keycloak/setup_keycloak.py
[2026-04-02T11:13:50.458+0000] {processor.py:925} INFO - DAG(s) 'keycloak_setup' retrieved from /opt/airflow/dags/keycloak/setup_keycloak.py
[2026-04-02T11:13:50.480+0000] {logging_mixin.py:190} INFO - [2026-04-02T11:13:50.479+0000] {dag.py:3239} INFO - Sync 1 DAGs
[2026-04-02T11:13:50.490+0000] {logging_mixin.py:190} INFO - [2026-04-02T11:13:50.489+0000] {dag.py:4180} INFO - Setting next_dagrun for keycloak_setup to None, run_after=None
[2026-04-02T11:13:50.505+0000] {processor.py:208} INFO - Processing /opt/airflow/dags/keycloak/setup_keycloak.py took 0.061 seconds
[2026-04-02T11:14:20.698+0000] {processor.py:186} INFO - Started process (PID=3636) to work on /opt/airflow/dags/keycloak/setup_keycloak.py
[2026-04-02T11:14:20.716+0000] {processor.py:914} INFO - Processing file /opt/airflow/dags/keycloak/setup_keycloak.py for tasks to queue
[2026-04-02T11:14:20.718+0000] {logging_mixin.py:190} INFO - [2026-04-02T11:14:20.717+0000] {dagbag.py:588} INFO - Filling up the DagBag from /opt/airflow/dags/keycloak/setup_keycloak.py
[2026-04-02T11:14:20.725+0000] {processor.py:925} INFO - DAG(s) 'keycloak_setup' retrieved from /opt/airflow/dags/keycloak/setup_keycloak.py
[2026-04-02T11:14:20.748+0000] {logging_mixin.py:190} INFO - [2026-04-02T11:14:20.748+0000] {dag.py:3239} INFO - Sync 1 DAGs
[2026-04-02T11:14:20.760+0000] {logging_mixin.py:190} INFO - [2026-04-02T11:14:20.760+0000] {dag.py:4180} INFO - Setting next_dagrun for keycloak_setup to None, run_after=None
[2026-04-02T11:14:20.775+0000] {processor.py:208} INFO - Processing /opt/airflow/dags/keycloak/setup_keycloak.py took 0.082 seconds
[2026-04-02T11:14:51.013+0000] {processor.py:186} INFO - Started process (PID=3646) to work on /opt/airflow/dags/keycloak/setup_keycloak.py
[2026-04-02T11:14:51.014+0000] {processor.py:914} INFO - Processing file /opt/airflow/dags/keycloak/setup_keycloak.py for tasks to queue
[2026-04-02T11:14:51.015+0000] {logging_mixin.py:190} INFO - [2026-04-02T11:14:51.015+0000] {dagbag.py:588} INFO - Filling up the DagBag from /opt/airflow/dags/keycloak/setup_keycloak.py
[2026-04-02T11:14:51.023+0000] {processor.py:925} INFO - DAG(s) 'keycloak_setup' retrieved from /opt/airflow/dags/keycloak/setup_keycloak.py
[2026-04-02T11:14:51.045+0000] {logging_mixin.py:190} INFO - [2026-04-02T11:14:51.045+0000] {dag.py:3239} INFO - Sync 1 DAGs
[2026-04-02T11:14:51.056+0000] {logging_mixin.py:190} INFO - [2026-04-02T11:14:51.055+0000] {dag.py:4180} INFO - Setting next_dagrun for keycloak_setup to None, run_after=None
[2026-04-02T11:14:51.070+0000] {processor.py:208} INFO - Processing /opt/airflow/dags/keycloak/setup_keycloak.py took 0.062 seconds
[2026-04-02T11:15:21.274+0000] {processor.py:186} INFO - Started process (PID=3656) to work on /opt/airflow/dags/keycloak/setup_keycloak.py
[2026-04-02T11:15:21.275+0000] {processor.py:914} INFO - Processing file /opt/airflow/dags/keycloak/setup_keycloak.py for tasks to queue
[2026-04-02T11:15:21.277+0000] {logging_mixin.py:190} INFO - [2026-04-02T11:15:21.277+0000] {dagbag.py:588} INFO - Filling up the DagBag from /opt/airflow/dags/keycloak/setup_keycloak.py
[2026-04-02T11:15:21.289+0000] {processor.py:925} INFO - DAG(s) 'keycloak_setup' retrieved from /opt/airflow/dags/keycloak/setup_keycloak.py
[2026-04-02T11:15:21.316+0000] {logging_mixin.py:190} INFO - [2026-04-02T11:15:21.315+0000] {dag.py:3239} INFO - Sync 1 DAGs
[2026-04-02T11:15:21.327+0000] {logging_mixin.py:190} INFO - [2026-04-02T11:15:21.326+0000] {dag.py:4180} INFO - Setting next_dagrun for keycloak_setup to None, run_after=None
[2026-04-02T11:15:21.340+0000] {processor.py:208} INFO - Processing /opt/airflow/dags/keycloak/setup_keycloak.py took 0.071 seconds
[2026-04-02T11:15:51.573+0000] {processor.py:186} INFO - Started process (PID=3666) to work on /opt/airflow/dags/keycloak/setup_keycloak.py
[2026-04-02T11:15:51.573+0000] {processor.py:914} INFO - Processing file /opt/airflow/dags/keycloak/setup_keycloak.py for tasks to queue
[2026-04-02T11:15:51.575+0000] {logging_mixin.py:190} INFO - [2026-04-02T11:15:51.575+0000] {dagbag.py:588} INFO - Filling up the DagBag from /opt/airflow/dags/keycloak/setup_keycloak.py
[2026-04-02T11:15:51.583+0000] {processor.py:925} INFO - DAG(s) 'keycloak_setup' retrieved from /opt/airflow/dags/keycloak/setup_keycloak.py
[2026-04-02T11:15:51.606+0000] {logging_mixin.py:190} INFO - [2026-04-02T11:15:51.606+0000] {dag.py:3239} INFO - Sync 1 DAGs
[2026-04-02T11:15:51.617+0000] {logging_mixin.py:190} INFO - [2026-04-02T11:15:51.617+0000] {dag.py:4180} INFO - Setting next_dagrun for keycloak_setup to None, run_after=None
[2026-04-02T11:15:51.635+0000] {processor.py:208} INFO - Processing /opt/airflow/dags/keycloak/setup_keycloak.py took 0.067 seconds
[2026-04-02T11:16:21.868+0000] {processor.py:186} INFO - Started process (PID=3676) to work on /opt/airflow/dags/keycloak/setup_keycloak.py
[2026-04-02T11:16:21.869+0000] {processor.py:914} INFO - Processing file /opt/airflow/dags/keycloak/setup_keycloak.py for tasks to queue
[2026-04-02T11:16:21.871+0000] {logging_mixin.py:190} INFO - [2026-04-02T11:16:21.871+0000] {dagbag.py:588} INFO - Filling up the DagBag from /opt/airflow/dags/keycloak/setup_keycloak.py
[2026-04-02T11:16:21.879+0000] {processor.py:925} INFO - DAG(s) 'keycloak_setup' retrieved from /opt/airflow/dags/keycloak/setup_keycloak.py
[2026-04-02T11:16:21.900+0000] {logging_mixin.py:190} INFO - [2026-04-02T11:16:21.900+0000] {dag.py:3239} INFO - Sync 1 DAGs
[2026-04-02T11:16:21.911+0000] {logging_mixin.py:190} INFO - [2026-04-02T11:16:21.911+0000] {dag.py:4180} INFO - Setting next_dagrun for keycloak_setup to None, run_after=None
[2026-04-02T11:16:21.925+0000] {processor.py:208} INFO - Processing /opt/airflow/dags/keycloak/setup_keycloak.py took 0.062 seconds
[2026-04-02T11:16:52.153+0000] {processor.py:186} INFO - Started process (PID=3686) to work on /opt/airflow/dags/keycloak/setup_keycloak.py
[2026-04-02T11:16:52.154+0000] {processor.py:914} INFO - Processing file /opt/airflow/dags/keycloak/setup_keycloak.py for tasks to queue
[2026-04-02T11:16:52.156+0000] {logging_mixin.py:190} INFO - [2026-04-02T11:16:52.155+0000] {dagbag.py:588} INFO - Filling up the DagBag from /opt/airflow/dags/keycloak/setup_keycloak.py
[2026-04-02T11:16:52.163+0000] {processor.py:925} INFO - DAG(s) 'keycloak_setup' retrieved from /opt/airflow/dags/keycloak/setup_keycloak.py
[2026-04-02T11:16:52.185+0000] {logging_mixin.py:190} INFO - [2026-04-02T11:16:52.185+0000] {dag.py:3239} INFO - Sync 1 DAGs
[2026-04-02T11:16:52.197+0000] {logging_mixin.py:190} INFO - [2026-04-02T11:16:52.197+0000] {dag.py:4180} INFO - Setting next_dagrun for keycloak_setup to None, run_after=None
[2026-04-02T11:16:52.212+0000] {processor.py:208} INFO - Processing /opt/airflow/dags/keycloak/setup_keycloak.py took 0.064 seconds
[2026-04-02T11:17:22.430+0000] {processor.py:186} INFO - Started process (PID=3696) to work on /opt/airflow/dags/keycloak/setup_keycloak.py
[2026-04-02T11:17:22.447+0000] {processor.py:914} INFO - Processing file /opt/airflow/dags/keycloak/setup_keycloak.py for tasks to queue
[2026-04-02T11:17:22.449+0000] {logging_mixin.py:190} INFO - [2026-04-02T11:17:22.449+0000] {dagbag.py:588} INFO - Filling up the DagBag from /opt/airflow/dags/keycloak/setup_keycloak.py
[2026-04-02T11:17:22.456+0000] {processor.py:925} INFO - DAG(s) 'keycloak_setup' retrieved from /opt/airflow/dags/keycloak/setup_keycloak.py
[2026-04-02T11:17:22.478+0000] {logging_mixin.py:190} INFO - [2026-04-02T11:17:22.478+0000] {dag.py:3239} INFO - Sync 1 DAGs
[2026-04-02T11:17:22.489+0000] {logging_mixin.py:190} INFO - [2026-04-02T11:17:22.489+0000] {dag.py:4180} INFO - Setting next_dagrun for keycloak_setup to None, run_after=None
[2026-04-02T11:17:22.504+0000] {processor.py:208} INFO - Processing /opt/airflow/dags/keycloak/setup_keycloak.py took 0.078 seconds
[2026-04-02T11:17:52.736+0000] {processor.py:186} INFO - Started process (PID=3706) to work on /opt/airflow/dags/keycloak/setup_keycloak.py
[2026-04-02T11:17:52.736+0000] {processor.py:914} INFO - Processing file /opt/airflow/dags/keycloak/setup_keycloak.py for tasks to queue
[2026-04-02T11:17:52.738+0000] {logging_mixin.py:190} INFO - [2026-04-02T11:17:52.738+0000] {dagbag.py:588} INFO - Filling up the DagBag from /opt/airflow/dags/keycloak/setup_keycloak.py
[2026-04-02T11:17:52.747+0000] {processor.py:925} INFO - DAG(s) 'keycloak_setup' retrieved from /opt/airflow/dags/keycloak/setup_keycloak.py
[2026-04-02T11:17:52.771+0000] {logging_mixin.py:190} INFO - [2026-04-02T11:17:52.771+0000] {dag.py:3239} INFO - Sync 1 DAGs
[2026-04-02T11:17:52.784+0000] {logging_mixin.py:190} INFO - [2026-04-02T11:17:52.783+0000] {dag.py:4180} INFO - Setting next_dagrun for keycloak_setup to None, run_after=None
[2026-04-02T11:17:52.801+0000] {processor.py:208} INFO - Processing /opt/airflow/dags/keycloak/setup_keycloak.py took 0.070 seconds
[2026-04-02T11:18:23.031+0000] {processor.py:186} INFO - Started process (PID=3716) to work on /opt/airflow/dags/keycloak/setup_keycloak.py
[2026-04-02T11:18:23.032+0000] {processor.py:914} INFO - Processing file /opt/airflow/dags/keycloak/setup_keycloak.py for tasks to queue
[2026-04-02T11:18:23.034+0000] {logging_mixin.py:190} INFO - [2026-04-02T11:18:23.034+0000] {dagbag.py:588} INFO - Filling up the DagBag from /opt/airflow/dags/keycloak/setup_keycloak.py
[2026-04-02T11:18:23.052+0000] {processor.py:925} INFO - DAG(s) 'keycloak_setup' retrieved from /opt/airflow/dags/keycloak/setup_keycloak.py
[2026-04-02T11:18:23.090+0000] {logging_mixin.py:190} INFO - [2026-04-02T11:18:23.089+0000] {dag.py:3239} INFO - Sync 1 DAGs
[2026-04-02T11:18:23.103+0000] {logging_mixin.py:190} INFO - [2026-04-02T11:18:23.103+0000] {dag.py:4180} INFO - Setting next_dagrun for keycloak_setup to None, run_after=None
[2026-04-02T11:18:23.127+0000] {processor.py:208} INFO - Processing /opt/airflow/dags/keycloak/setup_keycloak.py took 0.102 seconds
[2026-04-02T11:18:53.343+0000] {processor.py:186} INFO - Started process (PID=3726) to work on /opt/airflow/dags/keycloak/setup_keycloak.py
[2026-04-02T11:18:53.344+0000] {processor.py:914} INFO - Processing file /opt/airflow/dags/keycloak/setup_keycloak.py for tasks to queue
[2026-04-02T11:18:53.346+0000] {logging_mixin.py:190} INFO - [2026-04-02T11:18:53.346+0000] {dagbag.py:588} INFO - Filling up the DagBag from /opt/airflow/dags/keycloak/setup_keycloak.py
[2026-04-02T11:18:53.353+0000] {processor.py:925} INFO - DAG(s) 'keycloak_setup' retrieved from /opt/airflow/dags/keycloak/setup_keycloak.py
[2026-04-02T11:18:53.376+0000] {logging_mixin.py:190} INFO - [2026-04-02T11:18:53.376+0000] {dag.py:3239} INFO - Sync 1 DAGs
[2026-04-02T11:18:53.387+0000] {logging_mixin.py:190} INFO - [2026-04-02T11:18:53.387+0000] {dag.py:4180} INFO - Setting next_dagrun for keycloak_setup to None, run_after=None
[2026-04-02T11:18:53.401+0000] {processor.py:208} INFO - Processing /opt/airflow/dags/keycloak/setup_keycloak.py took 0.062 seconds
[2026-04-02T11:19:23.650+0000] {processor.py:186} INFO - Started process (PID=3736) to work on /opt/airflow/dags/keycloak/setup_keycloak.py
[2026-04-02T11:19:23.651+0000] {processor.py:914} INFO - Processing file /opt/airflow/dags/keycloak/setup_keycloak.py for tasks to queue
[2026-04-02T11:19:23.654+0000] {logging_mixin.py:190} INFO - [2026-04-02T11:19:23.653+0000] {dagbag.py:588} INFO - Filling up the DagBag from /opt/airflow/dags/keycloak/setup_keycloak.py
[2026-04-02T11:19:23.661+0000] {processor.py:925} INFO - DAG(s) 'keycloak_setup' retrieved from /opt/airflow/dags/keycloak/setup_keycloak.py
[2026-04-02T11:19:23.682+0000] {logging_mixin.py:190} INFO - [2026-04-02T11:19:23.682+0000] {dag.py:3239} INFO - Sync 1 DAGs
[2026-04-02T11:19:23.693+0000] {logging_mixin.py:190} INFO - [2026-04-02T11:19:23.692+0000] {dag.py:4180} INFO - Setting next_dagrun for keycloak_setup to None, run_after=None
[2026-04-02T11:19:23.706+0000] {processor.py:208} INFO - Processing /opt/airflow/dags/keycloak/setup_keycloak.py took 0.061 seconds
[2026-04-02T11:19:53.930+0000] {processor.py:186} INFO - Started process (PID=3746) to work on /opt/airflow/dags/keycloak/setup_keycloak.py
[2026-04-02T11:19:53.931+0000] {processor.py:914} INFO - Processing file /opt/airflow/dags/keycloak/setup_keycloak.py for tasks to queue
[2026-04-02T11:19:53.932+0000] {logging_mixin.py:190} INFO - [2026-04-02T11:19:53.932+0000] {dagbag.py:588} INFO - Filling up the DagBag from /opt/airflow/dags/keycloak/setup_keycloak.py
[2026-04-02T11:19:53.941+0000] {processor.py:925} INFO - DAG(s) 'keycloak_setup' retrieved from /opt/airflow/dags/keycloak/setup_keycloak.py
[2026-04-02T11:19:53.964+0000] {logging_mixin.py:190} INFO - [2026-04-02T11:19:53.963+0000] {dag.py:3239} INFO - Sync 1 DAGs
[2026-04-02T11:19:53.974+0000] {logging_mixin.py:190} INFO - [2026-04-02T11:19:53.974+0000] {dag.py:4180} INFO - Setting next_dagrun for keycloak_setup to None, run_after=None
[2026-04-02T11:19:53.990+0000] {processor.py:208} INFO - Processing /opt/airflow/dags/keycloak/setup_keycloak.py took 0.065 seconds
[2026-04-02T11:20:24.234+0000] {processor.py:186} INFO - Started process (PID=3756) to work on /opt/airflow/dags/keycloak/setup_keycloak.py
[2026-04-02T11:20:24.251+0000] {processor.py:914} INFO - Processing file /opt/airflow/dags/keycloak/setup_keycloak.py for tasks to queue
[2026-04-02T11:20:24.253+0000] {logging_mixin.py:190} INFO - [2026-04-02T11:20:24.253+0000] {dagbag.py:588} INFO - Filling up the DagBag from /opt/airflow/dags/keycloak/setup_keycloak.py
[2026-04-02T11:20:24.261+0000] {processor.py:925} INFO - DAG(s) 'keycloak_setup' retrieved from /opt/airflow/dags/keycloak/setup_keycloak.py
[2026-04-02T11:20:24.289+0000] {logging_mixin.py:190} INFO - [2026-04-02T11:20:24.289+0000] {dag.py:3239} INFO - Sync 1 DAGs
[2026-04-02T11:20:24.302+0000] {logging_mixin.py:190} INFO - [2026-04-02T11:20:24.301+0000] {dag.py:4180} INFO - Setting next_dagrun for keycloak_setup to None, run_after=None
[2026-04-02T11:20:24.319+0000] {processor.py:208} INFO - Processing /opt/airflow/dags/keycloak/setup_keycloak.py took 0.090 seconds
[2026-04-02T11:20:54.438+0000] {processor.py:186} INFO - Started process (PID=3766) to work on /opt/airflow/dags/keycloak/setup_keycloak.py
[2026-04-02T11:20:54.439+0000] {processor.py:914} INFO - Processing file /opt/airflow/dags/keycloak/setup_keycloak.py for tasks to queue
[2026-04-02T11:20:54.440+0000] {logging_mixin.py:190} INFO - [2026-04-02T11:20:54.440+0000] {dagbag.py:588} INFO - Filling up the DagBag from /opt/airflow/dags/keycloak/setup_keycloak.py
[2026-04-02T11:20:54.448+0000] {processor.py:925} INFO - DAG(s) 'keycloak_setup' retrieved from /opt/airflow/dags/keycloak/setup_keycloak.py
[2026-04-02T11:20:54.471+0000] {logging_mixin.py:190} INFO - [2026-04-02T11:20:54.471+0000] {dag.py:3239} INFO - Sync 1 DAGs
[2026-04-02T11:20:54.482+0000] {logging_mixin.py:190} INFO - [2026-04-02T11:20:54.482+0000] {dag.py:4180} INFO - Setting next_dagrun for keycloak_setup to None, run_after=None
[2026-04-02T11:20:54.497+0000] {processor.py:208} INFO - Processing /opt/airflow/dags/keycloak/setup_keycloak.py took 0.063 seconds
[2026-04-02T11:21:24.750+0000] {processor.py:186} INFO - Started process (PID=3776) to work on /opt/airflow/dags/keycloak/setup_keycloak.py
[2026-04-02T11:21:24.751+0000] {processor.py:914} INFO - Processing file /opt/airflow/dags/keycloak/setup_keycloak.py for tasks to queue
[2026-04-02T11:21:24.753+0000] {logging_mixin.py:190} INFO - [2026-04-02T11:21:24.753+0000] {dagbag.py:588} INFO - Filling up the DagBag from /opt/airflow/dags/keycloak/setup_keycloak.py
[2026-04-02T11:21:24.767+0000] {processor.py:925} INFO - DAG(s) 'keycloak_setup' retrieved from /opt/airflow/dags/keycloak/setup_keycloak.py
[2026-04-02T11:21:24.794+0000] {logging_mixin.py:190} INFO - [2026-04-02T11:21:24.794+0000] {dag.py:3239} INFO - Sync 1 DAGs
[2026-04-02T11:21:24.803+0000] {logging_mixin.py:190} INFO - [2026-04-02T11:21:24.803+0000] {dag.py:4180} INFO - Setting next_dagrun for keycloak_setup to None, run_after=None
[2026-04-02T11:21:24.819+0000] {processor.py:208} INFO - Processing /opt/airflow/dags/keycloak/setup_keycloak.py took 0.073 seconds
[2026-04-02T11:21:55.046+0000] {processor.py:186} INFO - Started process (PID=3786) to work on /opt/airflow/dags/keycloak/setup_keycloak.py
[2026-04-02T11:21:55.047+0000] {processor.py:914} INFO - Processing file /opt/airflow/dags/keycloak/setup_keycloak.py for tasks to queue
[2026-04-02T11:21:55.049+0000] {logging_mixin.py:190} INFO - [2026-04-02T11:21:55.048+0000] {dagbag.py:588} INFO - Filling up the DagBag from /opt/airflow/dags/keycloak/setup_keycloak.py
[2026-04-02T11:21:55.056+0000] {processor.py:925} INFO - DAG(s) 'keycloak_setup' retrieved from /opt/airflow/dags/keycloak/setup_keycloak.py
[2026-04-02T11:21:55.079+0000] {logging_mixin.py:190} INFO - [2026-04-02T11:21:55.079+0000] {dag.py:3239} INFO - Sync 1 DAGs
[2026-04-02T11:21:55.090+0000] {logging_mixin.py:190} INFO - [2026-04-02T11:21:55.090+0000] {dag.py:4180} INFO - Setting next_dagrun for keycloak_setup to None, run_after=None
[2026-04-02T11:21:55.106+0000] {processor.py:208} INFO - Processing /opt/airflow/dags/keycloak/setup_keycloak.py took 0.063 seconds
[2026-04-02T11:22:25.323+0000] {processor.py:186} INFO - Started process (PID=3796) to work on /opt/airflow/dags/keycloak/setup_keycloak.py
[2026-04-02T11:22:25.324+0000] {processor.py:914} INFO - Processing file /opt/airflow/dags/keycloak/setup_keycloak.py for tasks to queue
[2026-04-02T11:22:25.326+0000] {logging_mixin.py:190} INFO - [2026-04-02T11:22:25.326+0000] {dagbag.py:588} INFO - Filling up the DagBag from /opt/airflow/dags/keycloak/setup_keycloak.py
[2026-04-02T11:22:25.338+0000] {processor.py:925} INFO - DAG(s) 'keycloak_setup' retrieved from /opt/airflow/dags/keycloak/setup_keycloak.py
[2026-04-02T11:22:25.365+0000] {logging_mixin.py:190} INFO - [2026-04-02T11:22:25.365+0000] {dag.py:3239} INFO - Sync 1 DAGs
[2026-04-02T11:22:25.376+0000] {logging_mixin.py:190} INFO - [2026-04-02T11:22:25.376+0000] {dag.py:4180} INFO - Setting next_dagrun for keycloak_setup to None, run_after=None
[2026-04-02T11:22:25.390+0000] {processor.py:208} INFO - Processing /opt/airflow/dags/keycloak/setup_keycloak.py took 0.072 seconds
[2026-04-02T11:22:55.649+0000] {processor.py:186} INFO - Started process (PID=3806) to work on /opt/airflow/dags/keycloak/setup_keycloak.py
[2026-04-02T11:22:55.649+0000] {processor.py:914} INFO - Processing file /opt/airflow/dags/keycloak/setup_keycloak.py for tasks to queue
[2026-04-02T11:22:55.651+0000] {logging_mixin.py:190} INFO - [2026-04-02T11:22:55.651+0000] {dagbag.py:588} INFO - Filling up the DagBag from /opt/airflow/dags/keycloak/setup_keycloak.py
[2026-04-02T11:22:55.660+0000] {processor.py:925} INFO - DAG(s) 'keycloak_setup' retrieved from /opt/airflow/dags/keycloak/setup_keycloak.py
[2026-04-02T11:22:55.683+0000] {logging_mixin.py:190} INFO - [2026-04-02T11:22:55.683+0000] {dag.py:3239} INFO - Sync 1 DAGs
[2026-04-02T11:22:55.694+0000] {logging_mixin.py:190} INFO - [2026-04-02T11:22:55.693+0000] {dag.py:4180} INFO - Setting next_dagrun for keycloak_setup to None, run_after=None
[2026-04-02T11:22:55.710+0000] {processor.py:208} INFO - Processing /opt/airflow/dags/keycloak/setup_keycloak.py took 0.066 seconds
[2026-04-02T11:23:25.912+0000] {processor.py:186} INFO - Started process (PID=3816) to work on /opt/airflow/dags/keycloak/setup_keycloak.py
[2026-04-02T11:23:25.913+0000] {processor.py:914} INFO - Processing file /opt/airflow/dags/keycloak/setup_keycloak.py for tasks to queue
[2026-04-02T11:23:25.915+0000] {logging_mixin.py:190} INFO - [2026-04-02T11:23:25.915+0000] {dagbag.py:588} INFO - Filling up the DagBag from /opt/airflow/dags/keycloak/setup_keycloak.py
[2026-04-02T11:23:25.922+0000] {processor.py:925} INFO - DAG(s) 'keycloak_setup' retrieved from /opt/airflow/dags/keycloak/setup_keycloak.py
[2026-04-02T11:23:25.944+0000] {logging_mixin.py:190} INFO - [2026-04-02T11:23:25.944+0000] {dag.py:3239} INFO - Sync 1 DAGs
[2026-04-02T11:23:25.955+0000] {logging_mixin.py:190} INFO - [2026-04-02T11:23:25.955+0000] {dag.py:4180} INFO - Setting next_dagrun for keycloak_setup to None, run_after=None
[2026-04-02T11:23:25.969+0000] {processor.py:208} INFO - Processing /opt/airflow/dags/keycloak/setup_keycloak.py took 0.061 seconds
[2026-04-02T11:23:56.171+0000] {processor.py:186} INFO - Started process (PID=3826) to work on /opt/airflow/dags/keycloak/setup_keycloak.py
[2026-04-02T11:23:56.172+0000] {processor.py:914} INFO - Processing file /opt/airflow/dags/keycloak/setup_keycloak.py for tasks to queue
[2026-04-02T11:23:56.174+0000] {logging_mixin.py:190} INFO - [2026-04-02T11:23:56.174+0000] {dagbag.py:588} INFO - Filling up the DagBag from /opt/airflow/dags/keycloak/setup_keycloak.py
[2026-04-02T11:23:56.183+0000] {processor.py:925} INFO - DAG(s) 'keycloak_setup' retrieved from /opt/airflow/dags/keycloak/setup_keycloak.py
[2026-04-02T11:23:56.210+0000] {logging_mixin.py:190} INFO - [2026-04-02T11:23:56.209+0000] {dag.py:3239} INFO - Sync 1 DAGs
[2026-04-02T11:23:56.221+0000] {logging_mixin.py:190} INFO - [2026-04-02T11:23:56.221+0000] {dag.py:4180} INFO - Setting next_dagrun for keycloak_setup to None, run_after=None
[2026-04-02T11:23:56.237+0000] {processor.py:208} INFO - Processing /opt/airflow/dags/keycloak/setup_keycloak.py took 0.070 seconds
[2026-04-02T11:24:26.444+0000] {processor.py:186} INFO - Started process (PID=3836) to work on /opt/airflow/dags/keycloak/setup_keycloak.py
[2026-04-02T11:24:26.461+0000] {processor.py:914} INFO - Processing file /opt/airflow/dags/keycloak/setup_keycloak.py for tasks to queue
[2026-04-02T11:24:26.463+0000] {logging_mixin.py:190} INFO - [2026-04-02T11:24:26.463+0000] {dagbag.py:588} INFO - Filling up the DagBag from /opt/airflow/dags/keycloak/setup_keycloak.py
[2026-04-02T11:24:26.471+0000] {processor.py:925} INFO - DAG(s) 'keycloak_setup' retrieved from /opt/airflow/dags/keycloak/setup_keycloak.py
[2026-04-02T11:24:26.492+0000] {logging_mixin.py:190} INFO - [2026-04-02T11:24:26.492+0000] {dag.py:3239} INFO - Sync 1 DAGs
[2026-04-02T11:24:26.503+0000] {logging_mixin.py:190} INFO - [2026-04-02T11:24:26.503+0000] {dag.py:4180} INFO - Setting next_dagrun for keycloak_setup to None, run_after=None
[2026-04-02T11:24:26.518+0000] {processor.py:208} INFO - Processing /opt/airflow/dags/keycloak/setup_keycloak.py took 0.078 seconds
[2026-04-02T11:24:56.671+0000] {processor.py:186} INFO - Started process (PID=3846) to work on /opt/airflow/dags/keycloak/setup_keycloak.py
[2026-04-02T11:24:56.672+0000] {processor.py:914} INFO - Processing file /opt/airflow/dags/keycloak/setup_keycloak.py for tasks to queue
[2026-04-02T11:24:56.674+0000] {logging_mixin.py:190} INFO - [2026-04-02T11:24:56.674+0000] {dagbag.py:588} INFO - Filling up the DagBag from /opt/airflow/dags/keycloak/setup_keycloak.py
[2026-04-02T11:24:56.682+0000] {processor.py:925} INFO - DAG(s) 'keycloak_setup' retrieved from /opt/airflow/dags/keycloak/setup_keycloak.py
[2026-04-02T11:24:56.707+0000] {logging_mixin.py:190} INFO - [2026-04-02T11:24:56.707+0000] {dag.py:3239} INFO - Sync 1 DAGs
[2026-04-02T11:24:56.719+0000] {logging_mixin.py:190} INFO - [2026-04-02T11:24:56.718+0000] {dag.py:4180} INFO - Setting next_dagrun for keycloak_setup to None, run_after=None
[2026-04-02T11:24:56.733+0000] {processor.py:208} INFO - Processing /opt/airflow/dags/keycloak/setup_keycloak.py took 0.066 seconds
[2026-04-02T11:25:26.965+0000] {processor.py:186} INFO - Started process (PID=3856) to work on /opt/airflow/dags/keycloak/setup_keycloak.py
[2026-04-02T11:25:26.983+0000] {processor.py:914} INFO - Processing file /opt/airflow/dags/keycloak/setup_keycloak.py for tasks to queue
[2026-04-02T11:25:26.985+0000] {logging_mixin.py:190} INFO - [2026-04-02T11:25:26.985+0000] {dagbag.py:588} INFO - Filling up the DagBag from /opt/airflow/dags/keycloak/setup_keycloak.py
[2026-04-02T11:25:26.992+0000] {processor.py:925} INFO - DAG(s) 'keycloak_setup' retrieved from /opt/airflow/dags/keycloak/setup_keycloak.py
[2026-04-02T11:25:27.016+0000] {logging_mixin.py:190} INFO - [2026-04-02T11:25:27.015+0000] {dag.py:3239} INFO - Sync 1 DAGs
[2026-04-02T11:25:27.028+0000] {logging_mixin.py:190} INFO - [2026-04-02T11:25:27.027+0000] {dag.py:4180} INFO - Setting next_dagrun for keycloak_setup to None, run_after=None
[2026-04-02T11:25:27.045+0000] {processor.py:208} INFO - Processing /opt/airflow/dags/keycloak/setup_keycloak.py took 0.084 seconds
[2026-04-02T11:25:57.261+0000] {processor.py:186} INFO - Started process (PID=3866) to work on /opt/airflow/dags/keycloak/setup_keycloak.py
[2026-04-02T11:25:57.262+0000] {processor.py:914} INFO - Processing file /opt/airflow/dags/keycloak/setup_keycloak.py for tasks to queue
[2026-04-02T11:25:57.264+0000] {logging_mixin.py:190} INFO - [2026-04-02T11:25:57.264+0000] {dagbag.py:588} INFO - Filling up the DagBag from /opt/airflow/dags/keycloak/setup_keycloak.py
[2026-04-02T11:25:57.273+0000] {processor.py:925} INFO - DAG(s) 'keycloak_setup' retrieved from /opt/airflow/dags/keycloak/setup_keycloak.py
[2026-04-02T11:25:57.299+0000] {logging_mixin.py:190} INFO - [2026-04-02T11:25:57.299+0000] {dag.py:3239} INFO - Sync 1 DAGs
[2026-04-02T11:25:57.313+0000] {logging_mixin.py:190} INFO - [2026-04-02T11:25:57.312+0000] {dag.py:4180} INFO - Setting next_dagrun for keycloak_setup to None, run_after=None
[2026-04-02T11:25:57.331+0000] {processor.py:208} INFO - Processing /opt/airflow/dags/keycloak/setup_keycloak.py took 0.075 seconds
[2026-04-02T11:26:27.573+0000] {processor.py:186} INFO - Started process (PID=3876) to work on /opt/airflow/dags/keycloak/setup_keycloak.py
[2026-04-02T11:26:27.574+0000] {processor.py:914} INFO - Processing file /opt/airflow/dags/keycloak/setup_keycloak.py for tasks to queue
[2026-04-02T11:26:27.576+0000] {logging_mixin.py:190} INFO - [2026-04-02T11:26:27.576+0000] {dagbag.py:588} INFO - Filling up the DagBag from /opt/airflow/dags/keycloak/setup_keycloak.py
[2026-04-02T11:26:27.585+0000] {processor.py:925} INFO - DAG(s) 'keycloak_setup' retrieved from /opt/airflow/dags/keycloak/setup_keycloak.py
[2026-04-02T11:26:27.609+0000] {logging_mixin.py:190} INFO - [2026-04-02T11:26:27.609+0000] {dag.py:3239} INFO - Sync 1 DAGs
[2026-04-02T11:26:27.620+0000] {logging_mixin.py:190} INFO - [2026-04-02T11:26:27.620+0000] {dag.py:4180} INFO - Setting next_dagrun for keycloak_setup to None, run_after=None
[2026-04-02T11:26:27.634+0000] {processor.py:208} INFO - Processing /opt/airflow/dags/keycloak/setup_keycloak.py took 0.066 seconds
[2026-04-02T11:26:57.869+0000] {processor.py:186} INFO - Started process (PID=3886) to work on /opt/airflow/dags/keycloak/setup_keycloak.py
[2026-04-02T11:26:57.869+0000] {processor.py:914} INFO - Processing file /opt/airflow/dags/keycloak/setup_keycloak.py for tasks to queue
[2026-04-02T11:26:57.871+0000] {logging_mixin.py:190} INFO - [2026-04-02T11:26:57.871+0000] {dagbag.py:588} INFO - Filling up the DagBag from /opt/airflow/dags/keycloak/setup_keycloak.py
[2026-04-02T11:26:57.879+0000] {processor.py:925} INFO - DAG(s) 'keycloak_setup' retrieved from /opt/airflow/dags/keycloak/setup_keycloak.py
[2026-04-02T11:26:57.904+0000] {logging_mixin.py:190} INFO - [2026-04-02T11:26:57.904+0000] {dag.py:3239} INFO - Sync 1 DAGs
[2026-04-02T11:26:57.915+0000] {logging_mixin.py:190} INFO - [2026-04-02T11:26:57.915+0000] {dag.py:4180} INFO - Setting next_dagrun for keycloak_setup to None, run_after=None
[2026-04-02T11:26:57.930+0000] {processor.py:208} INFO - Processing /opt/airflow/dags/keycloak/setup_keycloak.py took 0.066 seconds
[2026-04-02T11:27:28.173+0000] {processor.py:186} INFO - Started process (PID=3896) to work on /opt/airflow/dags/keycloak/setup_keycloak.py
[2026-04-02T11:27:28.174+0000] {processor.py:914} INFO - Processing file /opt/airflow/dags/keycloak/setup_keycloak.py for tasks to queue
[2026-04-02T11:27:28.175+0000] {logging_mixin.py:190} INFO - [2026-04-02T11:27:28.175+0000] {dagbag.py:588} INFO - Filling up the DagBag from /opt/airflow/dags/keycloak/setup_keycloak.py
[2026-04-02T11:27:28.188+0000] {processor.py:925} INFO - DAG(s) 'keycloak_setup' retrieved from /opt/airflow/dags/keycloak/setup_keycloak.py
[2026-04-02T11:27:28.217+0000] {logging_mixin.py:190} INFO - [2026-04-02T11:27:28.216+0000] {dag.py:3239} INFO - Sync 1 DAGs
[2026-04-02T11:27:28.230+0000] {logging_mixin.py:190} INFO - [2026-04-02T11:27:28.230+0000] {dag.py:4180} INFO - Setting next_dagrun for keycloak_setup to None, run_after=None
[2026-04-02T11:27:28.244+0000] {processor.py:208} INFO - Processing /opt/airflow/dags/keycloak/setup_keycloak.py took 0.077 seconds
[2026-04-02T11:27:58.456+0000] {processor.py:186} INFO - Started process (PID=3906) to work on /opt/airflow/dags/keycloak/setup_keycloak.py
[2026-04-02T11:27:58.456+0000] {processor.py:914} INFO - Processing file /opt/airflow/dags/keycloak/setup_keycloak.py for tasks to queue
[2026-04-02T11:27:58.458+0000] {logging_mixin.py:190} INFO - [2026-04-02T11:27:58.458+0000] {dagbag.py:588} INFO - Filling up the DagBag from /opt/airflow/dags/keycloak/setup_keycloak.py
[2026-04-02T11:27:58.466+0000] {processor.py:925} INFO - DAG(s) 'keycloak_setup' retrieved from /opt/airflow/dags/keycloak/setup_keycloak.py
[2026-04-02T11:27:58.487+0000] {logging_mixin.py:190} INFO - [2026-04-02T11:27:58.486+0000] {dag.py:3239} INFO - Sync 1 DAGs
[2026-04-02T11:27:58.496+0000] {logging_mixin.py:190} INFO - [2026-04-02T11:27:58.496+0000] {dag.py:4180} INFO - Setting next_dagrun for keycloak_setup to None, run_after=None
[2026-04-02T11:27:58.511+0000] {processor.py:208} INFO - Processing /opt/airflow/dags/keycloak/setup_keycloak.py took 0.060 seconds
[2026-04-02T11:28:28.724+0000] {processor.py:186} INFO - Started process (PID=3916) to work on /opt/airflow/dags/keycloak/setup_keycloak.py
[2026-04-02T11:28:28.725+0000] {processor.py:914} INFO - Processing file /opt/airflow/dags/keycloak/setup_keycloak.py for tasks to queue
[2026-04-02T11:28:28.727+0000] {logging_mixin.py:190} INFO - [2026-04-02T11:28:28.726+0000] {dagbag.py:588} INFO - Filling up the DagBag from /opt/airflow/dags/keycloak/setup_keycloak.py
[2026-04-02T11:28:28.739+0000] {processor.py:925} INFO - DAG(s) 'keycloak_setup' retrieved from /opt/airflow/dags/keycloak/setup_keycloak.py
[2026-04-02T11:28:28.767+0000] {logging_mixin.py:190} INFO - [2026-04-02T11:28:28.767+0000] {dag.py:3239} INFO - Sync 1 DAGs
[2026-04-02T11:28:28.777+0000] {logging_mixin.py:190} INFO - [2026-04-02T11:28:28.777+0000] {dag.py:4180} INFO - Setting next_dagrun for keycloak_setup to None, run_after=None
[2026-04-02T11:28:28.792+0000] {processor.py:208} INFO - Processing /opt/airflow/dags/keycloak/setup_keycloak.py took 0.073 seconds
[2026-04-02T11:28:59.030+0000] {processor.py:186} INFO - Started process (PID=3926) to work on /opt/airflow/dags/keycloak/setup_keycloak.py
[2026-04-02T11:28:59.031+0000] {processor.py:914} INFO - Processing file /opt/airflow/dags/keycloak/setup_keycloak.py for tasks to queue
[2026-04-02T11:28:59.032+0000] {logging_mixin.py:190} INFO - [2026-04-02T11:28:59.032+0000] {dagbag.py:588} INFO - Filling up the DagBag from /opt/airflow/dags/keycloak/setup_keycloak.py
[2026-04-02T11:28:59.040+0000] {processor.py:925} INFO - DAG(s) 'keycloak_setup' retrieved from /opt/airflow/dags/keycloak/setup_keycloak.py
[2026-04-02T11:28:59.062+0000] {logging_mixin.py:190} INFO - [2026-04-02T11:28:59.062+0000] {dag.py:3239} INFO - Sync 1 DAGs
[2026-04-02T11:28:59.073+0000] {logging_mixin.py:190} INFO - [2026-04-02T11:28:59.073+0000] {dag.py:4180} INFO - Setting next_dagrun for keycloak_setup to None, run_after=None
[2026-04-02T11:28:59.087+0000] {processor.py:208} INFO - Processing /opt/airflow/dags/keycloak/setup_keycloak.py took 0.062 seconds
[2026-04-02T11:29:29.312+0000] {processor.py:186} INFO - Started process (PID=3936) to work on /opt/airflow/dags/keycloak/setup_keycloak.py
[2026-04-02T11:29:29.313+0000] {processor.py:914} INFO - Processing file /opt/airflow/dags/keycloak/setup_keycloak.py for tasks to queue
[2026-04-02T11:29:29.315+0000] {logging_mixin.py:190} INFO - [2026-04-02T11:29:29.315+0000] {dagbag.py:588} INFO - Filling up the DagBag from /opt/airflow/dags/keycloak/setup_keycloak.py
[2026-04-02T11:29:29.324+0000] {processor.py:925} INFO - DAG(s) 'keycloak_setup' retrieved from /opt/airflow/dags/keycloak/setup_keycloak.py
[2026-04-02T11:29:29.350+0000] {logging_mixin.py:190} INFO - [2026-04-02T11:29:29.350+0000] {dag.py:3239} INFO - Sync 1 DAGs
[2026-04-02T11:29:29.363+0000] {logging_mixin.py:190} INFO - [2026-04-02T11:29:29.363+0000] {dag.py:4180} INFO - Setting next_dagrun for keycloak_setup to None, run_after=None
[2026-04-02T11:29:29.380+0000] {processor.py:208} INFO - Processing /opt/airflow/dags/keycloak/setup_keycloak.py took 0.073 seconds
[2026-04-02T11:29:59.619+0000] {processor.py:186} INFO - Started process (PID=3946) to work on /opt/airflow/dags/keycloak/setup_keycloak.py
[2026-04-02T11:29:59.620+0000] {processor.py:914} INFO - Processing file /opt/airflow/dags/keycloak/setup_keycloak.py for tasks to queue
[2026-04-02T11:29:59.622+0000] {logging_mixin.py:190} INFO - [2026-04-02T11:29:59.622+0000] {dagbag.py:588} INFO - Filling up the DagBag from /opt/airflow/dags/keycloak/setup_keycloak.py
[2026-04-02T11:29:59.629+0000] {processor.py:925} INFO - DAG(s) 'keycloak_setup' retrieved from /opt/airflow/dags/keycloak/setup_keycloak.py
[2026-04-02T11:29:59.654+0000] {logging_mixin.py:190} INFO - [2026-04-02T11:29:59.654+0000] {dag.py:3239} INFO - Sync 1 DAGs
[2026-04-02T11:29:59.665+0000] {logging_mixin.py:190} INFO - [2026-04-02T11:29:59.664+0000] {dag.py:4180} INFO - Setting next_dagrun for keycloak_setup to None, run_after=None
[2026-04-02T11:29:59.679+0000] {processor.py:208} INFO - Processing /opt/airflow/dags/keycloak/setup_keycloak.py took 0.065 seconds
[2026-04-02T11:30:29.908+0000] {processor.py:186} INFO - Started process (PID=3956) to work on /opt/airflow/dags/keycloak/setup_keycloak.py
[2026-04-02T11:30:29.926+0000] {processor.py:914} INFO - Processing file /opt/airflow/dags/keycloak/setup_keycloak.py for tasks to queue
[2026-04-02T11:30:29.928+0000] {logging_mixin.py:190} INFO - [2026-04-02T11:30:29.927+0000] {dagbag.py:588} INFO - Filling up the DagBag from /opt/airflow/dags/keycloak/setup_keycloak.py
[2026-04-02T11:30:29.935+0000] {processor.py:925} INFO - DAG(s) 'keycloak_setup' retrieved from /opt/airflow/dags/keycloak/setup_keycloak.py
[2026-04-02T11:30:29.958+0000] {logging_mixin.py:190} INFO - [2026-04-02T11:30:29.958+0000] {dag.py:3239} INFO - Sync 1 DAGs
[2026-04-02T11:30:29.969+0000] {logging_mixin.py:190} INFO - [2026-04-02T11:30:29.969+0000] {dag.py:4180} INFO - Setting next_dagrun for keycloak_setup to None, run_after=None
[2026-04-02T11:30:29.984+0000] {processor.py:208} INFO - Processing /opt/airflow/dags/keycloak/setup_keycloak.py took 0.081 seconds
[2026-04-02T11:31:00.184+0000] {processor.py:186} INFO - Started process (PID=3966) to work on /opt/airflow/dags/keycloak/setup_keycloak.py
[2026-04-02T11:31:00.185+0000] {processor.py:914} INFO - Processing file /opt/airflow/dags/keycloak/setup_keycloak.py for tasks to queue
[2026-04-02T11:31:00.187+0000] {logging_mixin.py:190} INFO - [2026-04-02T11:31:00.186+0000] {dagbag.py:588} INFO - Filling up the DagBag from /opt/airflow/dags/keycloak/setup_keycloak.py
[2026-04-02T11:31:00.194+0000] {processor.py:925} INFO - DAG(s) 'keycloak_setup' retrieved from /opt/airflow/dags/keycloak/setup_keycloak.py
[2026-04-02T11:31:00.215+0000] {logging_mixin.py:190} INFO - [2026-04-02T11:31:00.215+0000] {dag.py:3239} INFO - Sync 1 DAGs
[2026-04-02T11:31:00.226+0000] {logging_mixin.py:190} INFO - [2026-04-02T11:31:00.226+0000] {dag.py:4180} INFO - Setting next_dagrun for keycloak_setup to None, run_after=None
[2026-04-02T11:31:00.240+0000] {processor.py:208} INFO - Processing /opt/airflow/dags/keycloak/setup_keycloak.py took 0.060 seconds
[2026-04-02T11:31:30.459+0000] {processor.py:186} INFO - Started process (PID=3976) to work on /opt/airflow/dags/keycloak/setup_keycloak.py
[2026-04-02T11:31:30.477+0000] {processor.py:914} INFO - Processing file /opt/airflow/dags/keycloak/setup_keycloak.py for tasks to queue
[2026-04-02T11:31:30.479+0000] {logging_mixin.py:190} INFO - [2026-04-02T11:31:30.479+0000] {dagbag.py:588} INFO - Filling up the DagBag from /opt/airflow/dags/keycloak/setup_keycloak.py
[2026-04-02T11:31:30.486+0000] {processor.py:925} INFO - DAG(s) 'keycloak_setup' retrieved from /opt/airflow/dags/keycloak/setup_keycloak.py
[2026-04-02T11:31:30.509+0000] {logging_mixin.py:190} INFO - [2026-04-02T11:31:30.509+0000] {dag.py:3239} INFO - Sync 1 DAGs
[2026-04-02T11:31:30.522+0000] {logging_mixin.py:190} INFO - [2026-04-02T11:31:30.522+0000] {dag.py:4180} INFO - Setting next_dagrun for keycloak_setup to None, run_after=None
[2026-04-02T11:31:30.537+0000] {processor.py:208} INFO - Processing /opt/airflow/dags/keycloak/setup_keycloak.py took 0.082 seconds
[2026-04-02T11:32:00.764+0000] {processor.py:186} INFO - Started process (PID=3986) to work on /opt/airflow/dags/keycloak/setup_keycloak.py
[2026-04-02T11:32:00.765+0000] {processor.py:914} INFO - Processing file /opt/airflow/dags/keycloak/setup_keycloak.py for tasks to queue
[2026-04-02T11:32:00.766+0000] {logging_mixin.py:190} INFO - [2026-04-02T11:32:00.766+0000] {dagbag.py:588} INFO - Filling up the DagBag from /opt/airflow/dags/keycloak/setup_keycloak.py
[2026-04-02T11:32:00.774+0000] {processor.py:925} INFO - DAG(s) 'keycloak_setup' retrieved from /opt/airflow/dags/keycloak/setup_keycloak.py
[2026-04-02T11:32:00.798+0000] {logging_mixin.py:190} INFO - [2026-04-02T11:32:00.797+0000] {dag.py:3239} INFO - Sync 1 DAGs
[2026-04-02T11:32:00.807+0000] {logging_mixin.py:190} INFO - [2026-04-02T11:32:00.807+0000] {dag.py:4180} INFO - Setting next_dagrun for keycloak_setup to None, run_after=None
[2026-04-02T11:32:00.822+0000] {processor.py:208} INFO - Processing /opt/airflow/dags/keycloak/setup_keycloak.py took 0.062 seconds
[2026-04-02T11:32:31.050+0000] {processor.py:186} INFO - Started process (PID=3996) to work on /opt/airflow/dags/keycloak/setup_keycloak.py
[2026-04-02T11:32:31.051+0000] {processor.py:914} INFO - Processing file /opt/airflow/dags/keycloak/setup_keycloak.py for tasks to queue
[2026-04-02T11:32:31.053+0000] {logging_mixin.py:190} INFO - [2026-04-02T11:32:31.053+0000] {dagbag.py:588} INFO - Filling up the DagBag from /opt/airflow/dags/keycloak/setup_keycloak.py
[2026-04-02T11:32:31.065+0000] {processor.py:925} INFO - DAG(s) 'keycloak_setup' retrieved from /opt/airflow/dags/keycloak/setup_keycloak.py
[2026-04-02T11:32:31.095+0000] {logging_mixin.py:190} INFO - [2026-04-02T11:32:31.095+0000] {dag.py:3239} INFO - Sync 1 DAGs
[2026-04-02T11:32:31.106+0000] {logging_mixin.py:190} INFO - [2026-04-02T11:32:31.106+0000] {dag.py:4180} INFO - Setting next_dagrun for keycloak_setup to None, run_after=None
[2026-04-02T11:32:31.120+0000] {processor.py:208} INFO - Processing /opt/airflow/dags/keycloak/setup_keycloak.py took 0.075 seconds
[2026-04-02T11:33:01.321+0000] {processor.py:186} INFO - Started process (PID=4006) to work on /opt/airflow/dags/keycloak/setup_keycloak.py
[2026-04-02T11:33:01.321+0000] {processor.py:914} INFO - Processing file /opt/airflow/dags/keycloak/setup_keycloak.py for tasks to queue
[2026-04-02T11:33:01.323+0000] {logging_mixin.py:190} INFO - [2026-04-02T11:33:01.323+0000] {dagbag.py:588} INFO - Filling up the DagBag from /opt/airflow/dags/keycloak/setup_keycloak.py
[2026-04-02T11:33:01.330+0000] {processor.py:925} INFO - DAG(s) 'keycloak_setup' retrieved from /opt/airflow/dags/keycloak/setup_keycloak.py
[2026-04-02T11:33:01.352+0000] {logging_mixin.py:190} INFO - [2026-04-02T11:33:01.352+0000] {dag.py:3239} INFO - Sync 1 DAGs
[2026-04-02T11:33:01.361+0000] {logging_mixin.py:190} INFO - [2026-04-02T11:33:01.361+0000] {dag.py:4180} INFO - Setting next_dagrun for keycloak_setup to None, run_after=None
[2026-04-02T11:33:01.373+0000] {processor.py:208} INFO - Processing /opt/airflow/dags/keycloak/setup_keycloak.py took 0.057 seconds
[2026-04-02T11:33:31.598+0000] {processor.py:186} INFO - Started process (PID=4016) to work on /opt/airflow/dags/keycloak/setup_keycloak.py
[2026-04-02T11:33:31.599+0000] {processor.py:914} INFO - Processing file /opt/airflow/dags/keycloak/setup_keycloak.py for tasks to queue
[2026-04-02T11:33:31.601+0000] {logging_mixin.py:190} INFO - [2026-04-02T11:33:31.601+0000] {dagbag.py:588} INFO - Filling up the DagBag from /opt/airflow/dags/keycloak/setup_keycloak.py
[2026-04-02T11:33:31.614+0000] {processor.py:925} INFO - DAG(s) 'keycloak_setup' retrieved from /opt/airflow/dags/keycloak/setup_keycloak.py
[2026-04-02T11:33:31.644+0000] {logging_mixin.py:190} INFO - [2026-04-02T11:33:31.644+0000] {dag.py:3239} INFO - Sync 1 DAGs
[2026-04-02T11:33:31.655+0000] {logging_mixin.py:190} INFO - [2026-04-02T11:33:31.655+0000] {dag.py:4180} INFO - Setting next_dagrun for keycloak_setup to None, run_after=None
[2026-04-02T11:33:31.669+0000] {processor.py:208} INFO - Processing /opt/airflow/dags/keycloak/setup_keycloak.py took 0.076 seconds
[2026-04-02T11:34:01.881+0000] {processor.py:186} INFO - Started process (PID=4026) to work on /opt/airflow/dags/keycloak/setup_keycloak.py
[2026-04-02T11:34:01.881+0000] {processor.py:914} INFO - Processing file /opt/airflow/dags/keycloak/setup_keycloak.py for tasks to queue
[2026-04-02T11:34:01.883+0000] {logging_mixin.py:190} INFO - [2026-04-02T11:34:01.883+0000] {dagbag.py:588} INFO - Filling up the DagBag from /opt/airflow/dags/keycloak/setup_keycloak.py
[2026-04-02T11:34:01.890+0000] {processor.py:925} INFO - DAG(s) 'keycloak_setup' retrieved from /opt/airflow/dags/keycloak/setup_keycloak.py
[2026-04-02T11:34:01.911+0000] {logging_mixin.py:190} INFO - [2026-04-02T11:34:01.911+0000] {dag.py:3239} INFO - Sync 1 DAGs
[2026-04-02T11:34:01.924+0000] {logging_mixin.py:190} INFO - [2026-04-02T11:34:01.924+0000] {dag.py:4180} INFO - Setting next_dagrun for keycloak_setup to None, run_after=None
[2026-04-02T11:34:01.945+0000] {processor.py:208} INFO - Processing /opt/airflow/dags/keycloak/setup_keycloak.py took 0.068 seconds
[2026-04-02T11:34:32.159+0000] {processor.py:186} INFO - Started process (PID=4037) to work on /opt/airflow/dags/keycloak/setup_keycloak.py
[2026-04-02T11:34:32.160+0000] {processor.py:914} INFO - Processing file /opt/airflow/dags/keycloak/setup_keycloak.py for tasks to queue
[2026-04-02T11:34:32.162+0000] {logging_mixin.py:190} INFO - [2026-04-02T11:34:32.162+0000] {dagbag.py:588} INFO - Filling up the DagBag from /opt/airflow/dags/keycloak/setup_keycloak.py
[2026-04-02T11:34:32.176+0000] {processor.py:925} INFO - DAG(s) 'keycloak_setup' retrieved from /opt/airflow/dags/keycloak/setup_keycloak.py
[2026-04-02T11:34:32.204+0000] {logging_mixin.py:190} INFO - [2026-04-02T11:34:32.204+0000] {dag.py:3239} INFO - Sync 1 DAGs
[2026-04-02T11:34:32.216+0000] {logging_mixin.py:190} INFO - [2026-04-02T11:34:32.215+0000] {dag.py:4180} INFO - Setting next_dagrun for keycloak_setup to None, run_after=None
[2026-04-02T11:34:32.230+0000] {processor.py:208} INFO - Processing /opt/airflow/dags/keycloak/setup_keycloak.py took 0.076 seconds
[2026-04-02T11:35:02.453+0000] {processor.py:186} INFO - Started process (PID=4047) to work on /opt/airflow/dags/keycloak/setup_keycloak.py
[2026-04-02T11:35:02.454+0000] {processor.py:914} INFO - Processing file /opt/airflow/dags/keycloak/setup_keycloak.py for tasks to queue
[2026-04-02T11:35:02.456+0000] {logging_mixin.py:190} INFO - [2026-04-02T11:35:02.456+0000] {dagbag.py:588} INFO - Filling up the DagBag from /opt/airflow/dags/keycloak/setup_keycloak.py
[2026-04-02T11:35:02.464+0000] {processor.py:925} INFO - DAG(s) 'keycloak_setup' retrieved from /opt/airflow/dags/keycloak/setup_keycloak.py
[2026-04-02T11:35:02.486+0000] {logging_mixin.py:190} INFO - [2026-04-02T11:35:02.486+0000] {dag.py:3239} INFO - Sync 1 DAGs
[2026-04-02T11:35:02.496+0000] {logging_mixin.py:190} INFO - [2026-04-02T11:35:02.495+0000] {dag.py:4180} INFO - Setting next_dagrun for keycloak_setup to None, run_after=None
[2026-04-02T11:35:02.510+0000] {processor.py:208} INFO - Processing /opt/airflow/dags/keycloak/setup_keycloak.py took 0.061 seconds
[2026-04-02T11:35:32.739+0000] {processor.py:186} INFO - Started process (PID=4057) to work on /opt/airflow/dags/keycloak/setup_keycloak.py
[2026-04-02T11:35:32.740+0000] {processor.py:914} INFO - Processing file /opt/airflow/dags/keycloak/setup_keycloak.py for tasks to queue
[2026-04-02T11:35:32.742+0000] {logging_mixin.py:190} INFO - [2026-04-02T11:35:32.741+0000] {dagbag.py:588} INFO - Filling up the DagBag from /opt/airflow/dags/keycloak/setup_keycloak.py
[2026-04-02T11:35:32.754+0000] {processor.py:925} INFO - DAG(s) 'keycloak_setup' retrieved from /opt/airflow/dags/keycloak/setup_keycloak.py
[2026-04-02T11:35:32.783+0000] {logging_mixin.py:190} INFO - [2026-04-02T11:35:32.783+0000] {dag.py:3239} INFO - Sync 1 DAGs
[2026-04-02T11:35:32.794+0000] {logging_mixin.py:190} INFO - [2026-04-02T11:35:32.794+0000] {dag.py:4180} INFO - Setting next_dagrun for keycloak_setup to None, run_after=None
[2026-04-02T11:35:32.808+0000] {processor.py:208} INFO - Processing /opt/airflow/dags/keycloak/setup_keycloak.py took 0.075 seconds
[2026-04-02T11:36:03.011+0000] {processor.py:186} INFO - Started process (PID=4067) to work on /opt/airflow/dags/keycloak/setup_keycloak.py
[2026-04-02T11:36:03.011+0000] {processor.py:914} INFO - Processing file /opt/airflow/dags/keycloak/setup_keycloak.py for tasks to queue
[2026-04-02T11:36:03.013+0000] {logging_mixin.py:190} INFO - [2026-04-02T11:36:03.012+0000] {dagbag.py:588} INFO - Filling up the DagBag from /opt/airflow/dags/keycloak/setup_keycloak.py
[2026-04-02T11:36:03.021+0000] {processor.py:925} INFO - DAG(s) 'keycloak_setup' retrieved from /opt/airflow/dags/keycloak/setup_keycloak.py
[2026-04-02T11:36:03.045+0000] {logging_mixin.py:190} INFO - [2026-04-02T11:36:03.044+0000] {dag.py:3239} INFO - Sync 1 DAGs
[2026-04-02T11:36:03.055+0000] {logging_mixin.py:190} INFO - [2026-04-02T11:36:03.055+0000] {dag.py:4180} INFO - Setting next_dagrun for keycloak_setup to None, run_after=None
[2026-04-02T11:36:03.071+0000] {processor.py:208} INFO - Processing /opt/airflow/dags/keycloak/setup_keycloak.py took 0.065 seconds
[2026-04-02T11:36:33.299+0000] {processor.py:186} INFO - Started process (PID=4077) to work on /opt/airflow/dags/keycloak/setup_keycloak.py
[2026-04-02T11:36:33.300+0000] {processor.py:914} INFO - Processing file /opt/airflow/dags/keycloak/setup_keycloak.py for tasks to queue
[2026-04-02T11:36:33.302+0000] {logging_mixin.py:190} INFO - [2026-04-02T11:36:33.302+0000] {dagbag.py:588} INFO - Filling up the DagBag from /opt/airflow/dags/keycloak/setup_keycloak.py
[2026-04-02T11:36:33.310+0000] {processor.py:925} INFO - DAG(s) 'keycloak_setup' retrieved from /opt/airflow/dags/keycloak/setup_keycloak.py
[2026-04-02T11:36:33.330+0000] {logging_mixin.py:190} INFO - [2026-04-02T11:36:33.330+0000] {dag.py:3239} INFO - Sync 1 DAGs
[2026-04-02T11:36:33.341+0000] {logging_mixin.py:190} INFO - [2026-04-02T11:36:33.341+0000] {dag.py:4180} INFO - Setting next_dagrun for keycloak_setup to None, run_after=None
[2026-04-02T11:36:33.355+0000] {processor.py:208} INFO - Processing /opt/airflow/dags/keycloak/setup_keycloak.py took 0.060 seconds
[2026-04-02T11:37:03.599+0000] {processor.py:186} INFO - Started process (PID=4087) to work on /opt/airflow/dags/keycloak/setup_keycloak.py
[2026-04-02T11:37:03.599+0000] {processor.py:914} INFO - Processing file /opt/airflow/dags/keycloak/setup_keycloak.py for tasks to queue
[2026-04-02T11:37:03.601+0000] {logging_mixin.py:190} INFO - [2026-04-02T11:37:03.601+0000] {dagbag.py:588} INFO - Filling up the DagBag from /opt/airflow/dags/keycloak/setup_keycloak.py
[2026-04-02T11:37:03.609+0000] {processor.py:925} INFO - DAG(s) 'keycloak_setup' retrieved from /opt/airflow/dags/keycloak/setup_keycloak.py
[2026-04-02T11:37:03.631+0000] {logging_mixin.py:190} INFO - [2026-04-02T11:37:03.631+0000] {dag.py:3239} INFO - Sync 1 DAGs
[2026-04-02T11:37:03.642+0000] {logging_mixin.py:190} INFO - [2026-04-02T11:37:03.642+0000] {dag.py:4180} INFO - Setting next_dagrun for keycloak_setup to None, run_after=None
[2026-04-02T11:37:03.657+0000] {processor.py:208} INFO - Processing /opt/airflow/dags/keycloak/setup_keycloak.py took 0.063 seconds
[2026-04-02T11:37:33.868+0000] {processor.py:186} INFO - Started process (PID=4097) to work on /opt/airflow/dags/keycloak/setup_keycloak.py
[2026-04-02T11:37:33.885+0000] {processor.py:914} INFO - Processing file /opt/airflow/dags/keycloak/setup_keycloak.py for tasks to queue
[2026-04-02T11:37:33.887+0000] {logging_mixin.py:190} INFO - [2026-04-02T11:37:33.887+0000] {dagbag.py:588} INFO - Filling up the DagBag from /opt/airflow/dags/keycloak/setup_keycloak.py
[2026-04-02T11:37:33.895+0000] {processor.py:925} INFO - DAG(s) 'keycloak_setup' retrieved from /opt/airflow/dags/keycloak/setup_keycloak.py
[2026-04-02T11:37:33.917+0000] {logging_mixin.py:190} INFO - [2026-04-02T11:37:33.917+0000] {dag.py:3239} INFO - Sync 1 DAGs
[2026-04-02T11:37:33.929+0000] {logging_mixin.py:190} INFO - [2026-04-02T11:37:33.928+0000] {dag.py:4180} INFO - Setting next_dagrun for keycloak_setup to None, run_after=None
[2026-04-02T11:37:33.945+0000] {processor.py:208} INFO - Processing /opt/airflow/dags/keycloak/setup_keycloak.py took 0.082 seconds
[2026-04-02T11:38:04.161+0000] {processor.py:186} INFO - Started process (PID=4107) to work on /opt/airflow/dags/keycloak/setup_keycloak.py
[2026-04-02T11:38:04.162+0000] {processor.py:914} INFO - Processing file /opt/airflow/dags/keycloak/setup_keycloak.py for tasks to queue
[2026-04-02T11:38:04.164+0000] {logging_mixin.py:190} INFO - [2026-04-02T11:38:04.164+0000] {dagbag.py:588} INFO - Filling up the DagBag from /opt/airflow/dags/keycloak/setup_keycloak.py
[2026-04-02T11:38:04.171+0000] {processor.py:925} INFO - DAG(s) 'keycloak_setup' retrieved from /opt/airflow/dags/keycloak/setup_keycloak.py
[2026-04-02T11:38:04.194+0000] {logging_mixin.py:190} INFO - [2026-04-02T11:38:04.194+0000] {dag.py:3239} INFO - Sync 1 DAGs
[2026-04-02T11:38:04.205+0000] {logging_mixin.py:190} INFO - [2026-04-02T11:38:04.205+0000] {dag.py:4180} INFO - Setting next_dagrun for keycloak_setup to None, run_after=None
[2026-04-02T11:38:04.219+0000] {processor.py:208} INFO - Processing /opt/airflow/dags/keycloak/setup_keycloak.py took 0.062 seconds
[2026-04-02T11:38:34.443+0000] {processor.py:186} INFO - Started process (PID=4117) to work on /opt/airflow/dags/keycloak/setup_keycloak.py
[2026-04-02T11:38:34.444+0000] {processor.py:914} INFO - Processing file /opt/airflow/dags/keycloak/setup_keycloak.py for tasks to queue
[2026-04-02T11:38:34.446+0000] {logging_mixin.py:190} INFO - [2026-04-02T11:38:34.446+0000] {dagbag.py:588} INFO - Filling up the DagBag from /opt/airflow/dags/keycloak/setup_keycloak.py
[2026-04-02T11:38:34.458+0000] {processor.py:925} INFO - DAG(s) 'keycloak_setup' retrieved from /opt/airflow/dags/keycloak/setup_keycloak.py
[2026-04-02T11:38:34.485+0000] {logging_mixin.py:190} INFO - [2026-04-02T11:38:34.485+0000] {dag.py:3239} INFO - Sync 1 DAGs
[2026-04-02T11:38:34.496+0000] {logging_mixin.py:190} INFO - [2026-04-02T11:38:34.496+0000] {dag.py:4180} INFO - Setting next_dagrun for keycloak_setup to None, run_after=None
[2026-04-02T11:38:34.509+0000] {processor.py:208} INFO - Processing /opt/airflow/dags/keycloak/setup_keycloak.py took 0.072 seconds
[2026-04-02T11:39:04.735+0000] {processor.py:186} INFO - Started process (PID=4127) to work on /opt/airflow/dags/keycloak/setup_keycloak.py
[2026-04-02T11:39:04.736+0000] {processor.py:914} INFO - Processing file /opt/airflow/dags/keycloak/setup_keycloak.py for tasks to queue
[2026-04-02T11:39:04.737+0000] {logging_mixin.py:190} INFO - [2026-04-02T11:39:04.737+0000] {dagbag.py:588} INFO - Filling up the DagBag from /opt/airflow/dags/keycloak/setup_keycloak.py
[2026-04-02T11:39:04.745+0000] {processor.py:925} INFO - DAG(s) 'keycloak_setup' retrieved from /opt/airflow/dags/keycloak/setup_keycloak.py
[2026-04-02T11:39:04.768+0000] {logging_mixin.py:190} INFO - [2026-04-02T11:39:04.767+0000] {dag.py:3239} INFO - Sync 1 DAGs
[2026-04-02T11:39:04.779+0000] {logging_mixin.py:190} INFO - [2026-04-02T11:39:04.779+0000] {dag.py:4180} INFO - Setting next_dagrun for keycloak_setup to None, run_after=None
[2026-04-02T11:39:04.794+0000] {processor.py:208} INFO - Processing /opt/airflow/dags/keycloak/setup_keycloak.py took 0.064 seconds
[2026-04-02T11:39:35.026+0000] {processor.py:186} INFO - Started process (PID=4137) to work on /opt/airflow/dags/keycloak/setup_keycloak.py
[2026-04-02T11:39:35.027+0000] {processor.py:914} INFO - Processing file /opt/airflow/dags/keycloak/setup_keycloak.py for tasks to queue
[2026-04-02T11:39:35.029+0000] {logging_mixin.py:190} INFO - [2026-04-02T11:39:35.029+0000] {dagbag.py:588} INFO - Filling up the DagBag from /opt/airflow/dags/keycloak/setup_keycloak.py
[2026-04-02T11:39:35.042+0000] {processor.py:925} INFO - DAG(s) 'keycloak_setup' retrieved from /opt/airflow/dags/keycloak/setup_keycloak.py
[2026-04-02T11:39:35.074+0000] {logging_mixin.py:190} INFO - [2026-04-02T11:39:35.074+0000] {dag.py:3239} INFO - Sync 1 DAGs
[2026-04-02T11:39:35.085+0000] {logging_mixin.py:190} INFO - [2026-04-02T11:39:35.085+0000] {dag.py:4180} INFO - Setting next_dagrun for keycloak_setup to None, run_after=None
[2026-04-02T11:39:35.103+0000] {processor.py:208} INFO - Processing /opt/airflow/dags/keycloak/setup_keycloak.py took 0.082 seconds
[2026-04-02T11:40:05.317+0000] {processor.py:186} INFO - Started process (PID=4147) to work on /opt/airflow/dags/keycloak/setup_keycloak.py
[2026-04-02T11:40:05.318+0000] {processor.py:914} INFO - Processing file /opt/airflow/dags/keycloak/setup_keycloak.py for tasks to queue
[2026-04-02T11:40:05.319+0000] {logging_mixin.py:190} INFO - [2026-04-02T11:40:05.319+0000] {dagbag.py:588} INFO - Filling up the DagBag from /opt/airflow/dags/keycloak/setup_keycloak.py
[2026-04-02T11:40:05.327+0000] {processor.py:925} INFO - DAG(s) 'keycloak_setup' retrieved from /opt/airflow/dags/keycloak/setup_keycloak.py
[2026-04-02T11:40:05.348+0000] {logging_mixin.py:190} INFO - [2026-04-02T11:40:05.348+0000] {dag.py:3239} INFO - Sync 1 DAGs
[2026-04-02T11:40:05.359+0000] {logging_mixin.py:190} INFO - [2026-04-02T11:40:05.358+0000] {dag.py:4180} INFO - Setting next_dagrun for keycloak_setup to None, run_after=None
[2026-04-02T11:40:05.374+0000] {processor.py:208} INFO - Processing /opt/airflow/dags/keycloak/setup_keycloak.py took 0.061 seconds
[2026-04-02T11:40:35.644+0000] {processor.py:186} INFO - Started process (PID=4157) to work on /opt/airflow/dags/keycloak/setup_keycloak.py
[2026-04-02T11:40:35.646+0000] {processor.py:914} INFO - Processing file /opt/airflow/dags/keycloak/setup_keycloak.py for tasks to queue
[2026-04-02T11:40:35.650+0000] {logging_mixin.py:190} INFO - [2026-04-02T11:40:35.649+0000] {dagbag.py:588} INFO - Filling up the DagBag from /opt/airflow/dags/keycloak/setup_keycloak.py
[2026-04-02T11:40:35.669+0000] {processor.py:925} INFO - DAG(s) 'keycloak_setup' retrieved from /opt/airflow/dags/keycloak/setup_keycloak.py
[2026-04-02T11:40:35.715+0000] {logging_mixin.py:190} INFO - [2026-04-02T11:40:35.715+0000] {dag.py:3239} INFO - Sync 1 DAGs
[2026-04-02T11:40:35.734+0000] {logging_mixin.py:190} INFO - [2026-04-02T11:40:35.733+0000] {dag.py:4180} INFO - Setting next_dagrun for keycloak_setup to None, run_after=None
[2026-04-02T11:40:35.750+0000] {processor.py:208} INFO - Processing /opt/airflow/dags/keycloak/setup_keycloak.py took 0.115 seconds
[2026-04-02T11:41:05.842+0000] {processor.py:186} INFO - Started process (PID=4167) to work on /opt/airflow/dags/keycloak/setup_keycloak.py
[2026-04-02T11:41:05.843+0000] {processor.py:914} INFO - Processing file /opt/airflow/dags/keycloak/setup_keycloak.py for tasks to queue
[2026-04-02T11:41:05.845+0000] {logging_mixin.py:190} INFO - [2026-04-02T11:41:05.845+0000] {dagbag.py:588} INFO - Filling up the DagBag from /opt/airflow/dags/keycloak/setup_keycloak.py
[2026-04-02T11:41:05.853+0000] {processor.py:925} INFO - DAG(s) 'keycloak_setup' retrieved from /opt/airflow/dags/keycloak/setup_keycloak.py
[2026-04-02T11:41:05.879+0000] {logging_mixin.py:190} INFO - [2026-04-02T11:41:05.879+0000] {dag.py:3239} INFO - Sync 1 DAGs
[2026-04-02T11:41:05.891+0000] {logging_mixin.py:190} INFO - [2026-04-02T11:41:05.890+0000] {dag.py:4180} INFO - Setting next_dagrun for keycloak_setup to None, run_after=None
[2026-04-02T11:41:05.906+0000] {processor.py:208} INFO - Processing /opt/airflow/dags/keycloak/setup_keycloak.py took 0.069 seconds
[2026-04-02T11:41:36.116+0000] {processor.py:186} INFO - Started process (PID=4177) to work on /opt/airflow/dags/keycloak/setup_keycloak.py
[2026-04-02T11:41:36.117+0000] {processor.py:914} INFO - Processing file /opt/airflow/dags/keycloak/setup_keycloak.py for tasks to queue
[2026-04-02T11:41:36.119+0000] {logging_mixin.py:190} INFO - [2026-04-02T11:41:36.119+0000] {dagbag.py:588} INFO - Filling up the DagBag from /opt/airflow/dags/keycloak/setup_keycloak.py
[2026-04-02T11:41:36.133+0000] {processor.py:925} INFO - DAG(s) 'keycloak_setup' retrieved from /opt/airflow/dags/keycloak/setup_keycloak.py
[2026-04-02T11:41:36.162+0000] {logging_mixin.py:190} INFO - [2026-04-02T11:41:36.162+0000] {dag.py:3239} INFO - Sync 1 DAGs
[2026-04-02T11:41:36.172+0000] {logging_mixin.py:190} INFO - [2026-04-02T11:41:36.172+0000] {dag.py:4180} INFO - Setting next_dagrun for keycloak_setup to None, run_after=None
[2026-04-02T11:41:36.185+0000] {processor.py:208} INFO - Processing /opt/airflow/dags/keycloak/setup_keycloak.py took 0.074 seconds
[2026-04-02T11:42:06.390+0000] {processor.py:186} INFO - Started process (PID=4187) to work on /opt/airflow/dags/keycloak/setup_keycloak.py
[2026-04-02T11:42:06.390+0000] {processor.py:914} INFO - Processing file /opt/airflow/dags/keycloak/setup_keycloak.py for tasks to queue
[2026-04-02T11:42:06.392+0000] {logging_mixin.py:190} INFO - [2026-04-02T11:42:06.392+0000] {dagbag.py:588} INFO - Filling up the DagBag from /opt/airflow/dags/keycloak/setup_keycloak.py
[2026-04-02T11:42:06.400+0000] {processor.py:925} INFO - DAG(s) 'keycloak_setup' retrieved from /opt/airflow/dags/keycloak/setup_keycloak.py
[2026-04-02T11:42:06.421+0000] {logging_mixin.py:190} INFO - [2026-04-02T11:42:06.421+0000] {dag.py:3239} INFO - Sync 1 DAGs
[2026-04-02T11:42:06.430+0000] {logging_mixin.py:190} INFO - [2026-04-02T11:42:06.430+0000] {dag.py:4180} INFO - Setting next_dagrun for keycloak_setup to None, run_after=None
[2026-04-02T11:42:06.444+0000] {processor.py:208} INFO - Processing /opt/airflow/dags/keycloak/setup_keycloak.py took 0.059 seconds
[2026-04-02T11:42:36.689+0000] {processor.py:186} INFO - Started process (PID=4197) to work on /opt/airflow/dags/keycloak/setup_keycloak.py
[2026-04-02T11:42:36.690+0000] {processor.py:914} INFO - Processing file /opt/airflow/dags/keycloak/setup_keycloak.py for tasks to queue
[2026-04-02T11:42:36.692+0000] {logging_mixin.py:190} INFO - [2026-04-02T11:42:36.692+0000] {dagbag.py:588} INFO - Filling up the DagBag from /opt/airflow/dags/keycloak/setup_keycloak.py
[2026-04-02T11:42:36.699+0000] {processor.py:925} INFO - DAG(s) 'keycloak_setup' retrieved from /opt/airflow/dags/keycloak/setup_keycloak.py
[2026-04-02T11:42:36.722+0000] {logging_mixin.py:190} INFO - [2026-04-02T11:42:36.722+0000] {dag.py:3239} INFO - Sync 1 DAGs
[2026-04-02T11:42:36.733+0000] {logging_mixin.py:190} INFO - [2026-04-02T11:42:36.733+0000] {dag.py:4180} INFO - Setting next_dagrun for keycloak_setup to None, run_after=None
[2026-04-02T11:42:36.747+0000] {processor.py:208} INFO - Processing /opt/airflow/dags/keycloak/setup_keycloak.py took 0.063 seconds
[2026-04-02T11:43:06.975+0000] {processor.py:186} INFO - Started process (PID=4207) to work on /opt/airflow/dags/keycloak/setup_keycloak.py
[2026-04-02T11:43:06.975+0000] {processor.py:914} INFO - Processing file /opt/airflow/dags/keycloak/setup_keycloak.py for tasks to queue
[2026-04-02T11:43:06.977+0000] {logging_mixin.py:190} INFO - [2026-04-02T11:43:06.977+0000] {dagbag.py:588} INFO - Filling up the DagBag from /opt/airflow/dags/keycloak/setup_keycloak.py
[2026-04-02T11:43:06.985+0000] {processor.py:925} INFO - DAG(s) 'keycloak_setup' retrieved from /opt/airflow/dags/keycloak/setup_keycloak.py
[2026-04-02T11:43:07.007+0000] {logging_mixin.py:190} INFO - [2026-04-02T11:43:07.007+0000] {dag.py:3239} INFO - Sync 1 DAGs
[2026-04-02T11:43:07.017+0000] {logging_mixin.py:190} INFO - [2026-04-02T11:43:07.017+0000] {dag.py:4180} INFO - Setting next_dagrun for keycloak_setup to None, run_after=None
[2026-04-02T11:43:07.031+0000] {processor.py:208} INFO - Processing /opt/airflow/dags/keycloak/setup_keycloak.py took 0.061 seconds
[2026-04-02T11:43:37.237+0000] {processor.py:186} INFO - Started process (PID=4217) to work on /opt/airflow/dags/keycloak/setup_keycloak.py
[2026-04-02T11:43:37.255+0000] {processor.py:914} INFO - Processing file /opt/airflow/dags/keycloak/setup_keycloak.py for tasks to queue
[2026-04-02T11:43:37.257+0000] {logging_mixin.py:190} INFO - [2026-04-02T11:43:37.257+0000] {dagbag.py:588} INFO - Filling up the DagBag from /opt/airflow/dags/keycloak/setup_keycloak.py
[2026-04-02T11:43:37.265+0000] {processor.py:925} INFO - DAG(s) 'keycloak_setup' retrieved from /opt/airflow/dags/keycloak/setup_keycloak.py
[2026-04-02T11:43:37.289+0000] {logging_mixin.py:190} INFO - [2026-04-02T11:43:37.289+0000] {dag.py:3239} INFO - Sync 1 DAGs
[2026-04-02T11:43:37.300+0000] {logging_mixin.py:190} INFO - [2026-04-02T11:43:37.300+0000] {dag.py:4180} INFO - Setting next_dagrun for keycloak_setup to None, run_after=None
[2026-04-02T11:43:37.315+0000] {processor.py:208} INFO - Processing /opt/airflow/dags/keycloak/setup_keycloak.py took 0.083 seconds
[2026-04-02T11:44:07.448+0000] {processor.py:186} INFO - Started process (PID=4227) to work on /opt/airflow/dags/keycloak/setup_keycloak.py
[2026-04-02T11:44:07.448+0000] {processor.py:914} INFO - Processing file /opt/airflow/dags/keycloak/setup_keycloak.py for tasks to queue
[2026-04-02T11:44:07.450+0000] {logging_mixin.py:190} INFO - [2026-04-02T11:44:07.450+0000] {dagbag.py:588} INFO - Filling up the DagBag from /opt/airflow/dags/keycloak/setup_keycloak.py
[2026-04-02T11:44:07.458+0000] {processor.py:925} INFO - DAG(s) 'keycloak_setup' retrieved from /opt/airflow/dags/keycloak/setup_keycloak.py
[2026-04-02T11:44:07.484+0000] {logging_mixin.py:190} INFO - [2026-04-02T11:44:07.484+0000] {dag.py:3239} INFO - Sync 1 DAGs
[2026-04-02T11:44:07.496+0000] {logging_mixin.py:190} INFO - [2026-04-02T11:44:07.496+0000] {dag.py:4180} INFO - Setting next_dagrun for keycloak_setup to None, run_after=None
[2026-04-02T11:44:07.514+0000] {processor.py:208} INFO - Processing /opt/airflow/dags/keycloak/setup_keycloak.py took 0.071 seconds
[2026-04-02T11:44:37.751+0000] {processor.py:186} INFO - Started process (PID=4237) to work on /opt/airflow/dags/keycloak/setup_keycloak.py
[2026-04-02T11:44:37.753+0000] {processor.py:914} INFO - Processing file /opt/airflow/dags/keycloak/setup_keycloak.py for tasks to queue
[2026-04-02T11:44:37.755+0000] {logging_mixin.py:190} INFO - [2026-04-02T11:44:37.755+0000] {dagbag.py:588} INFO - Filling up the DagBag from /opt/airflow/dags/keycloak/setup_keycloak.py
[2026-04-02T11:44:37.763+0000] {processor.py:925} INFO - DAG(s) 'keycloak_setup' retrieved from /opt/airflow/dags/keycloak/setup_keycloak.py
[2026-04-02T11:44:37.791+0000] {logging_mixin.py:190} INFO - [2026-04-02T11:44:37.791+0000] {dag.py:3239} INFO - Sync 1 DAGs
[2026-04-02T11:44:37.810+0000] {logging_mixin.py:190} INFO - [2026-04-02T11:44:37.810+0000] {dag.py:4180} INFO - Setting next_dagrun for keycloak_setup to None, run_after=None
[2026-04-02T11:44:37.832+0000] {processor.py:208} INFO - Processing /opt/airflow/dags/keycloak/setup_keycloak.py took 0.086 seconds
[2026-04-02T11:45:08.047+0000] {processor.py:186} INFO - Started process (PID=4247) to work on /opt/airflow/dags/keycloak/setup_keycloak.py
[2026-04-02T11:45:08.048+0000] {processor.py:914} INFO - Processing file /opt/airflow/dags/keycloak/setup_keycloak.py for tasks to queue
[2026-04-02T11:45:08.049+0000] {logging_mixin.py:190} INFO - [2026-04-02T11:45:08.049+0000] {dagbag.py:588} INFO - Filling up the DagBag from /opt/airflow/dags/keycloak/setup_keycloak.py
[2026-04-02T11:45:08.058+0000] {processor.py:925} INFO - DAG(s) 'keycloak_setup' retrieved from /opt/airflow/dags/keycloak/setup_keycloak.py
[2026-04-02T11:45:08.080+0000] {logging_mixin.py:190} INFO - [2026-04-02T11:45:08.080+0000] {dag.py:3239} INFO - Sync 1 DAGs
[2026-04-02T11:45:08.090+0000] {logging_mixin.py:190} INFO - [2026-04-02T11:45:08.090+0000] {dag.py:4180} INFO - Setting next_dagrun for keycloak_setup to None, run_after=None
[2026-04-02T11:45:08.104+0000] {processor.py:208} INFO - Processing /opt/airflow/dags/keycloak/setup_keycloak.py took 0.062 seconds
[2026-04-02T11:45:38.335+0000] {processor.py:186} INFO - Started process (PID=4257) to work on /opt/airflow/dags/keycloak/setup_keycloak.py
[2026-04-02T11:45:38.336+0000] {processor.py:914} INFO - Processing file /opt/airflow/dags/keycloak/setup_keycloak.py for tasks to queue
[2026-04-02T11:45:38.338+0000] {logging_mixin.py:190} INFO - [2026-04-02T11:45:38.337+0000] {dagbag.py:588} INFO - Filling up the DagBag from /opt/airflow/dags/keycloak/setup_keycloak.py
[2026-04-02T11:45:38.351+0000] {processor.py:925} INFO - DAG(s) 'keycloak_setup' retrieved from /opt/airflow/dags/keycloak/setup_keycloak.py
[2026-04-02T11:45:38.380+0000] {logging_mixin.py:190} INFO - [2026-04-02T11:45:38.380+0000] {dag.py:3239} INFO - Sync 1 DAGs
[2026-04-02T11:45:38.391+0000] {logging_mixin.py:190} INFO - [2026-04-02T11:45:38.390+0000] {dag.py:4180} INFO - Setting next_dagrun for keycloak_setup to None, run_after=None
[2026-04-02T11:45:38.404+0000] {processor.py:208} INFO - Processing /opt/airflow/dags/keycloak/setup_keycloak.py took 0.074 seconds
[2026-04-02T11:46:08.650+0000] {processor.py:186} INFO - Started process (PID=4267) to work on /opt/airflow/dags/keycloak/setup_keycloak.py
[2026-04-02T11:46:08.650+0000] {processor.py:914} INFO - Processing file /opt/airflow/dags/keycloak/setup_keycloak.py for tasks to queue
[2026-04-02T11:46:08.652+0000] {logging_mixin.py:190} INFO - [2026-04-02T11:46:08.652+0000] {dagbag.py:588} INFO - Filling up the DagBag from /opt/airflow/dags/keycloak/setup_keycloak.py
[2026-04-02T11:46:08.659+0000] {processor.py:925} INFO - DAG(s) 'keycloak_setup' retrieved from /opt/airflow/dags/keycloak/setup_keycloak.py
[2026-04-02T11:46:08.684+0000] {logging_mixin.py:190} INFO - [2026-04-02T11:46:08.683+0000] {dag.py:3239} INFO - Sync 1 DAGs
[2026-04-02T11:46:08.695+0000] {logging_mixin.py:190} INFO - [2026-04-02T11:46:08.695+0000] {dag.py:4180} INFO - Setting next_dagrun for keycloak_setup to None, run_after=None
[2026-04-02T11:46:08.713+0000] {processor.py:208} INFO - Processing /opt/airflow/dags/keycloak/setup_keycloak.py took 0.067 seconds
[2026-04-02T11:46:38.954+0000] {processor.py:186} INFO - Started process (PID=4277) to work on /opt/airflow/dags/keycloak/setup_keycloak.py
[2026-04-02T11:46:38.956+0000] {processor.py:914} INFO - Processing file /opt/airflow/dags/keycloak/setup_keycloak.py for tasks to queue
[2026-04-02T11:46:38.958+0000] {logging_mixin.py:190} INFO - [2026-04-02T11:46:38.958+0000] {dagbag.py:588} INFO - Filling up the DagBag from /opt/airflow/dags/keycloak/setup_keycloak.py
[2026-04-02T11:46:38.973+0000] {processor.py:925} INFO - DAG(s) 'keycloak_setup' retrieved from /opt/airflow/dags/keycloak/setup_keycloak.py
[2026-04-02T11:46:39.002+0000] {logging_mixin.py:190} INFO - [2026-04-02T11:46:39.002+0000] {dag.py:3239} INFO - Sync 1 DAGs
[2026-04-02T11:46:39.015+0000] {logging_mixin.py:190} INFO - [2026-04-02T11:46:39.015+0000] {dag.py:4180} INFO - Setting next_dagrun for keycloak_setup to None, run_after=None
[2026-04-02T11:46:39.033+0000] {processor.py:208} INFO - Processing /opt/airflow/dags/keycloak/setup_keycloak.py took 0.086 seconds
[2026-04-02T11:47:09.246+0000] {processor.py:186} INFO - Started process (PID=4287) to work on /opt/airflow/dags/keycloak/setup_keycloak.py
[2026-04-02T11:47:09.246+0000] {processor.py:914} INFO - Processing file /opt/airflow/dags/keycloak/setup_keycloak.py for tasks to queue
[2026-04-02T11:47:09.248+0000] {logging_mixin.py:190} INFO - [2026-04-02T11:47:09.248+0000] {dagbag.py:588} INFO - Filling up the DagBag from /opt/airflow/dags/keycloak/setup_keycloak.py
[2026-04-02T11:47:09.256+0000] {processor.py:925} INFO - DAG(s) 'keycloak_setup' retrieved from /opt/airflow/dags/keycloak/setup_keycloak.py
[2026-04-02T11:47:09.277+0000] {logging_mixin.py:190} INFO - [2026-04-02T11:47:09.277+0000] {dag.py:3239} INFO - Sync 1 DAGs
[2026-04-02T11:47:09.287+0000] {logging_mixin.py:190} INFO - [2026-04-02T11:47:09.287+0000] {dag.py:4180} INFO - Setting next_dagrun for keycloak_setup to None, run_after=None
[2026-04-02T11:47:09.301+0000] {processor.py:208} INFO - Processing /opt/airflow/dags/keycloak/setup_keycloak.py took 0.060 seconds
[2026-04-02T11:47:39.543+0000] {processor.py:186} INFO - Started process (PID=4297) to work on /opt/airflow/dags/keycloak/setup_keycloak.py
[2026-04-02T11:47:39.544+0000] {processor.py:914} INFO - Processing file /opt/airflow/dags/keycloak/setup_keycloak.py for tasks to queue
[2026-04-02T11:47:39.546+0000] {logging_mixin.py:190} INFO - [2026-04-02T11:47:39.546+0000] {dagbag.py:588} INFO - Filling up the DagBag from /opt/airflow/dags/keycloak/setup_keycloak.py
[2026-04-02T11:47:39.559+0000] {processor.py:925} INFO - DAG(s) 'keycloak_setup' retrieved from /opt/airflow/dags/keycloak/setup_keycloak.py
[2026-04-02T11:47:39.588+0000] {logging_mixin.py:190} INFO - [2026-04-02T11:47:39.588+0000] {dag.py:3239} INFO - Sync 1 DAGs
[2026-04-02T11:47:39.599+0000] {logging_mixin.py:190} INFO - [2026-04-02T11:47:39.599+0000] {dag.py:4180} INFO - Setting next_dagrun for keycloak_setup to None, run_after=None
[2026-04-02T11:47:39.613+0000] {processor.py:208} INFO - Processing /opt/airflow/dags/keycloak/setup_keycloak.py took 0.074 seconds
[2026-04-02T11:48:09.858+0000] {processor.py:186} INFO - Started process (PID=4307) to work on /opt/airflow/dags/keycloak/setup_keycloak.py
[2026-04-02T11:48:09.859+0000] {processor.py:914} INFO - Processing file /opt/airflow/dags/keycloak/setup_keycloak.py for tasks to queue
[2026-04-02T11:48:09.860+0000] {logging_mixin.py:190} INFO - [2026-04-02T11:48:09.860+0000] {dagbag.py:588} INFO - Filling up the DagBag from /opt/airflow/dags/keycloak/setup_keycloak.py
[2026-04-02T11:48:09.868+0000] {processor.py:925} INFO - DAG(s) 'keycloak_setup' retrieved from /opt/airflow/dags/keycloak/setup_keycloak.py
[2026-04-02T11:48:09.892+0000] {logging_mixin.py:190} INFO - [2026-04-02T11:48:09.892+0000] {dag.py:3239} INFO - Sync 1 DAGs
[2026-04-02T11:48:09.902+0000] {logging_mixin.py:190} INFO - [2026-04-02T11:48:09.902+0000] {dag.py:4180} INFO - Setting next_dagrun for keycloak_setup to None, run_after=None
[2026-04-02T11:48:09.918+0000] {processor.py:208} INFO - Processing /opt/airflow/dags/keycloak/setup_keycloak.py took 0.065 seconds
[2026-04-02T11:48:40.154+0000] {processor.py:186} INFO - Started process (PID=4317) to work on /opt/airflow/dags/keycloak/setup_keycloak.py
[2026-04-02T11:48:40.155+0000] {processor.py:914} INFO - Processing file /opt/airflow/dags/keycloak/setup_keycloak.py for tasks to queue
[2026-04-02T11:48:40.157+0000] {logging_mixin.py:190} INFO - [2026-04-02T11:48:40.157+0000] {dagbag.py:588} INFO - Filling up the DagBag from /opt/airflow/dags/keycloak/setup_keycloak.py
[2026-04-02T11:48:40.169+0000] {processor.py:925} INFO - DAG(s) 'keycloak_setup' retrieved from /opt/airflow/dags/keycloak/setup_keycloak.py
[2026-04-02T11:48:40.199+0000] {logging_mixin.py:190} INFO - [2026-04-02T11:48:40.198+0000] {dag.py:3239} INFO - Sync 1 DAGs
[2026-04-02T11:48:40.210+0000] {logging_mixin.py:190} INFO - [2026-04-02T11:48:40.210+0000] {dag.py:4180} INFO - Setting next_dagrun for keycloak_setup to None, run_after=None
[2026-04-02T11:48:40.223+0000] {processor.py:208} INFO - Processing /opt/airflow/dags/keycloak/setup_keycloak.py took 0.074 seconds
[2026-04-02T11:49:10.442+0000] {processor.py:186} INFO - Started process (PID=4327) to work on /opt/airflow/dags/keycloak/setup_keycloak.py
[2026-04-02T11:49:10.442+0000] {processor.py:914} INFO - Processing file /opt/airflow/dags/keycloak/setup_keycloak.py for tasks to queue
[2026-04-02T11:49:10.444+0000] {logging_mixin.py:190} INFO - [2026-04-02T11:49:10.444+0000] {dagbag.py:588} INFO - Filling up the DagBag from /opt/airflow/dags/keycloak/setup_keycloak.py
[2026-04-02T11:49:10.451+0000] {processor.py:925} INFO - DAG(s) 'keycloak_setup' retrieved from /opt/airflow/dags/keycloak/setup_keycloak.py
[2026-04-02T11:49:10.473+0000] {logging_mixin.py:190} INFO - [2026-04-02T11:49:10.472+0000] {dag.py:3239} INFO - Sync 1 DAGs
[2026-04-02T11:49:10.483+0000] {logging_mixin.py:190} INFO - [2026-04-02T11:49:10.483+0000] {dag.py:4180} INFO - Setting next_dagrun for keycloak_setup to None, run_after=None
[2026-04-02T11:49:10.498+0000] {processor.py:208} INFO - Processing /opt/airflow/dags/keycloak/setup_keycloak.py took 0.060 seconds
[2026-04-02T11:49:40.705+0000] {processor.py:186} INFO - Started process (PID=4337) to work on /opt/airflow/dags/keycloak/setup_keycloak.py
[2026-04-02T11:49:40.707+0000] {processor.py:914} INFO - Processing file /opt/airflow/dags/keycloak/setup_keycloak.py for tasks to queue
[2026-04-02T11:49:40.709+0000] {logging_mixin.py:190} INFO - [2026-04-02T11:49:40.708+0000] {dagbag.py:588} INFO - Filling up the DagBag from /opt/airflow/dags/keycloak/setup_keycloak.py
[2026-04-02T11:49:40.717+0000] {processor.py:925} INFO - DAG(s) 'keycloak_setup' retrieved from /opt/airflow/dags/keycloak/setup_keycloak.py
[2026-04-02T11:49:40.739+0000] {logging_mixin.py:190} INFO - [2026-04-02T11:49:40.739+0000] {dag.py:3239} INFO - Sync 1 DAGs
[2026-04-02T11:49:40.750+0000] {logging_mixin.py:190} INFO - [2026-04-02T11:49:40.750+0000] {dag.py:4180} INFO - Setting next_dagrun for keycloak_setup to None, run_after=None
[2026-04-02T11:49:40.764+0000] {processor.py:208} INFO - Processing /opt/airflow/dags/keycloak/setup_keycloak.py took 0.064 seconds
[2026-04-02T11:50:10.985+0000] {processor.py:186} INFO - Started process (PID=4347) to work on /opt/airflow/dags/keycloak/setup_keycloak.py
[2026-04-02T11:50:10.985+0000] {processor.py:914} INFO - Processing file /opt/airflow/dags/keycloak/setup_keycloak.py for tasks to queue
[2026-04-02T11:50:10.987+0000] {logging_mixin.py:190} INFO - [2026-04-02T11:50:10.987+0000] {dagbag.py:588} INFO - Filling up the DagBag from /opt/airflow/dags/keycloak/setup_keycloak.py
[2026-04-02T11:50:10.994+0000] {processor.py:925} INFO - DAG(s) 'keycloak_setup' retrieved from /opt/airflow/dags/keycloak/setup_keycloak.py
[2026-04-02T11:50:11.015+0000] {logging_mixin.py:190} INFO - [2026-04-02T11:50:11.015+0000] {dag.py:3239} INFO - Sync 1 DAGs
[2026-04-02T11:50:11.027+0000] {logging_mixin.py:190} INFO - [2026-04-02T11:50:11.026+0000] {dag.py:4180} INFO - Setting next_dagrun for keycloak_setup to None, run_after=None
[2026-04-02T11:50:11.043+0000] {processor.py:208} INFO - Processing /opt/airflow/dags/keycloak/setup_keycloak.py took 0.062 seconds
[2026-04-02T11:50:41.244+0000] {processor.py:186} INFO - Started process (PID=4357) to work on /opt/airflow/dags/keycloak/setup_keycloak.py
[2026-04-02T11:50:41.245+0000] {processor.py:914} INFO - Processing file /opt/airflow/dags/keycloak/setup_keycloak.py for tasks to queue
[2026-04-02T11:50:41.247+0000] {logging_mixin.py:190} INFO - [2026-04-02T11:50:41.247+0000] {dagbag.py:588} INFO - Filling up the DagBag from /opt/airflow/dags/keycloak/setup_keycloak.py
[2026-04-02T11:50:41.260+0000] {processor.py:925} INFO - DAG(s) 'keycloak_setup' retrieved from /opt/airflow/dags/keycloak/setup_keycloak.py
[2026-04-02T11:50:41.289+0000] {logging_mixin.py:190} INFO - [2026-04-02T11:50:41.289+0000] {dag.py:3239} INFO - Sync 1 DAGs
[2026-04-02T11:50:41.301+0000] {logging_mixin.py:190} INFO - [2026-04-02T11:50:41.300+0000] {dag.py:4180} INFO - Setting next_dagrun for keycloak_setup to None, run_after=None
[2026-04-02T11:50:41.314+0000] {processor.py:208} INFO - Processing /opt/airflow/dags/keycloak/setup_keycloak.py took 0.075 seconds
[2026-04-02T11:51:11.552+0000] {processor.py:186} INFO - Started process (PID=4367) to work on /opt/airflow/dags/keycloak/setup_keycloak.py
[2026-04-02T11:51:11.553+0000] {processor.py:914} INFO - Processing file /opt/airflow/dags/keycloak/setup_keycloak.py for tasks to queue
[2026-04-02T11:51:11.555+0000] {logging_mixin.py:190} INFO - [2026-04-02T11:51:11.554+0000] {dagbag.py:588} INFO - Filling up the DagBag from /opt/airflow/dags/keycloak/setup_keycloak.py
[2026-04-02T11:51:11.562+0000] {processor.py:925} INFO - DAG(s) 'keycloak_setup' retrieved from /opt/airflow/dags/keycloak/setup_keycloak.py
[2026-04-02T11:51:11.586+0000] {logging_mixin.py:190} INFO - [2026-04-02T11:51:11.585+0000] {dag.py:3239} INFO - Sync 1 DAGs
[2026-04-02T11:51:11.597+0000] {logging_mixin.py:190} INFO - [2026-04-02T11:51:11.596+0000] {dag.py:4180} INFO - Setting next_dagrun for keycloak_setup to None, run_after=None
[2026-04-02T11:51:11.611+0000] {processor.py:208} INFO - Processing /opt/airflow/dags/keycloak/setup_keycloak.py took 0.064 seconds
[2026-04-02T11:51:41.822+0000] {processor.py:186} INFO - Started process (PID=4377) to work on /opt/airflow/dags/keycloak/setup_keycloak.py
[2026-04-02T11:51:41.824+0000] {processor.py:914} INFO - Processing file /opt/airflow/dags/keycloak/setup_keycloak.py for tasks to queue
[2026-04-02T11:51:41.826+0000] {logging_mixin.py:190} INFO - [2026-04-02T11:51:41.826+0000] {dagbag.py:588} INFO - Filling up the DagBag from /opt/airflow/dags/keycloak/setup_keycloak.py
[2026-04-02T11:51:41.842+0000] {processor.py:925} INFO - DAG(s) 'keycloak_setup' retrieved from /opt/airflow/dags/keycloak/setup_keycloak.py
[2026-04-02T11:51:41.874+0000] {logging_mixin.py:190} INFO - [2026-04-02T11:51:41.874+0000] {dag.py:3239} INFO - Sync 1 DAGs
[2026-04-02T11:51:41.888+0000] {logging_mixin.py:190} INFO - [2026-04-02T11:51:41.888+0000] {dag.py:4180} INFO - Setting next_dagrun for keycloak_setup to None, run_after=None
[2026-04-02T11:51:41.905+0000] {processor.py:208} INFO - Processing /opt/airflow/dags/keycloak/setup_keycloak.py took 0.090 seconds
[2026-04-02T11:52:12.112+0000] {processor.py:186} INFO - Started process (PID=4387) to work on /opt/airflow/dags/keycloak/setup_keycloak.py
[2026-04-02T11:52:12.112+0000] {processor.py:914} INFO - Processing file /opt/airflow/dags/keycloak/setup_keycloak.py for tasks to queue
[2026-04-02T11:52:12.114+0000] {logging_mixin.py:190} INFO - [2026-04-02T11:52:12.114+0000] {dagbag.py:588} INFO - Filling up the DagBag from /opt/airflow/dags/keycloak/setup_keycloak.py
[2026-04-02T11:52:12.122+0000] {processor.py:925} INFO - DAG(s) 'keycloak_setup' retrieved from /opt/airflow/dags/keycloak/setup_keycloak.py
[2026-04-02T11:52:12.146+0000] {logging_mixin.py:190} INFO - [2026-04-02T11:52:12.145+0000] {dag.py:3239} INFO - Sync 1 DAGs
[2026-04-02T11:52:12.157+0000] {logging_mixin.py:190} INFO - [2026-04-02T11:52:12.157+0000] {dag.py:4180} INFO - Setting next_dagrun for keycloak_setup to None, run_after=None
[2026-04-02T11:52:12.172+0000] {processor.py:208} INFO - Processing /opt/airflow/dags/keycloak/setup_keycloak.py took 0.065 seconds
[2026-04-02T11:52:42.404+0000] {processor.py:186} INFO - Started process (PID=4397) to work on /opt/airflow/dags/keycloak/setup_keycloak.py
[2026-04-02T11:52:42.405+0000] {processor.py:914} INFO - Processing file /opt/airflow/dags/keycloak/setup_keycloak.py for tasks to queue
[2026-04-02T11:52:42.407+0000] {logging_mixin.py:190} INFO - [2026-04-02T11:52:42.407+0000] {dagbag.py:588} INFO - Filling up the DagBag from /opt/airflow/dags/keycloak/setup_keycloak.py
[2026-04-02T11:52:42.420+0000] {processor.py:925} INFO - DAG(s) 'keycloak_setup' retrieved from /opt/airflow/dags/keycloak/setup_keycloak.py
[2026-04-02T11:52:42.448+0000] {logging_mixin.py:190} INFO - [2026-04-02T11:52:42.447+0000] {dag.py:3239} INFO - Sync 1 DAGs
[2026-04-02T11:52:42.458+0000] {logging_mixin.py:190} INFO - [2026-04-02T11:52:42.458+0000] {dag.py:4180} INFO - Setting next_dagrun for keycloak_setup to None, run_after=None
[2026-04-02T11:52:42.472+0000] {processor.py:208} INFO - Processing /opt/airflow/dags/keycloak/setup_keycloak.py took 0.073 seconds
[2026-04-02T11:53:12.704+0000] {processor.py:186} INFO - Started process (PID=4407) to work on /opt/airflow/dags/keycloak/setup_keycloak.py
[2026-04-02T11:53:12.705+0000] {processor.py:914} INFO - Processing file /opt/airflow/dags/keycloak/setup_keycloak.py for tasks to queue
[2026-04-02T11:53:12.706+0000] {logging_mixin.py:190} INFO - [2026-04-02T11:53:12.706+0000] {dagbag.py:588} INFO - Filling up the DagBag from /opt/airflow/dags/keycloak/setup_keycloak.py
[2026-04-02T11:53:12.715+0000] {processor.py:925} INFO - DAG(s) 'keycloak_setup' retrieved from /opt/airflow/dags/keycloak/setup_keycloak.py
[2026-04-02T11:53:12.738+0000] {logging_mixin.py:190} INFO - [2026-04-02T11:53:12.738+0000] {dag.py:3239} INFO - Sync 1 DAGs
[2026-04-02T11:53:12.749+0000] {logging_mixin.py:190} INFO - [2026-04-02T11:53:12.749+0000] {dag.py:4180} INFO - Setting next_dagrun for keycloak_setup to None, run_after=None
[2026-04-02T11:53:12.763+0000] {processor.py:208} INFO - Processing /opt/airflow/dags/keycloak/setup_keycloak.py took 0.064 seconds
[2026-04-02T11:53:42.989+0000] {processor.py:186} INFO - Started process (PID=4417) to work on /opt/airflow/dags/keycloak/setup_keycloak.py
[2026-04-02T11:53:42.990+0000] {processor.py:914} INFO - Processing file /opt/airflow/dags/keycloak/setup_keycloak.py for tasks to queue
[2026-04-02T11:53:42.992+0000] {logging_mixin.py:190} INFO - [2026-04-02T11:53:42.992+0000] {dagbag.py:588} INFO - Filling up the DagBag from /opt/airflow/dags/keycloak/setup_keycloak.py
[2026-04-02T11:53:43.000+0000] {processor.py:925} INFO - DAG(s) 'keycloak_setup' retrieved from /opt/airflow/dags/keycloak/setup_keycloak.py
[2026-04-02T11:53:43.026+0000] {logging_mixin.py:190} INFO - [2026-04-02T11:53:43.026+0000] {dag.py:3239} INFO - Sync 1 DAGs
[2026-04-02T11:53:43.038+0000] {logging_mixin.py:190} INFO - [2026-04-02T11:53:43.037+0000] {dag.py:4180} INFO - Setting next_dagrun for keycloak_setup to None, run_after=None
[2026-04-02T11:53:43.052+0000] {processor.py:208} INFO - Processing /opt/airflow/dags/keycloak/setup_keycloak.py took 0.068 seconds
[2026-04-02T11:54:13.257+0000] {processor.py:186} INFO - Started process (PID=4427) to work on /opt/airflow/dags/keycloak/setup_keycloak.py
[2026-04-02T11:54:13.258+0000] {processor.py:914} INFO - Processing file /opt/airflow/dags/keycloak/setup_keycloak.py for tasks to queue
[2026-04-02T11:54:13.259+0000] {logging_mixin.py:190} INFO - [2026-04-02T11:54:13.259+0000] {dagbag.py:588} INFO - Filling up the DagBag from /opt/airflow/dags/keycloak/setup_keycloak.py
[2026-04-02T11:54:13.266+0000] {processor.py:925} INFO - DAG(s) 'keycloak_setup' retrieved from /opt/airflow/dags/keycloak/setup_keycloak.py
[2026-04-02T11:54:13.290+0000] {logging_mixin.py:190} INFO - [2026-04-02T11:54:13.289+0000] {dag.py:3239} INFO - Sync 1 DAGs
[2026-04-02T11:54:13.300+0000] {logging_mixin.py:190} INFO - [2026-04-02T11:54:13.300+0000] {dag.py:4180} INFO - Setting next_dagrun for keycloak_setup to None, run_after=None
[2026-04-02T11:54:13.319+0000] {processor.py:208} INFO - Processing /opt/airflow/dags/keycloak/setup_keycloak.py took 0.066 seconds
[2026-04-02T11:54:43.562+0000] {processor.py:186} INFO - Started process (PID=4437) to work on /opt/airflow/dags/keycloak/setup_keycloak.py
[2026-04-02T11:54:43.563+0000] {processor.py:914} INFO - Processing file /opt/airflow/dags/keycloak/setup_keycloak.py for tasks to queue
[2026-04-02T11:54:43.565+0000] {logging_mixin.py:190} INFO - [2026-04-02T11:54:43.565+0000] {dagbag.py:588} INFO - Filling up the DagBag from /opt/airflow/dags/keycloak/setup_keycloak.py
[2026-04-02T11:54:43.582+0000] {processor.py:925} INFO - DAG(s) 'keycloak_setup' retrieved from /opt/airflow/dags/keycloak/setup_keycloak.py
[2026-04-02T11:54:43.615+0000] {logging_mixin.py:190} INFO - [2026-04-02T11:54:43.615+0000] {dag.py:3239} INFO - Sync 1 DAGs
[2026-04-02T11:54:43.628+0000] {logging_mixin.py:190} INFO - [2026-04-02T11:54:43.628+0000] {dag.py:4180} INFO - Setting next_dagrun for keycloak_setup to None, run_after=None
[2026-04-02T11:54:43.643+0000] {processor.py:208} INFO - Processing /opt/airflow/dags/keycloak/setup_keycloak.py took 0.087 seconds
[2026-04-02T11:55:13.911+0000] {processor.py:186} INFO - Started process (PID=4447) to work on /opt/airflow/dags/keycloak/setup_keycloak.py
[2026-04-02T11:55:13.912+0000] {processor.py:914} INFO - Processing file /opt/airflow/dags/keycloak/setup_keycloak.py for tasks to queue
[2026-04-02T11:55:13.914+0000] {logging_mixin.py:190} INFO - [2026-04-02T11:55:13.913+0000] {dagbag.py:588} INFO - Filling up the DagBag from /opt/airflow/dags/keycloak/setup_keycloak.py
[2026-04-02T11:55:13.922+0000] {processor.py:925} INFO - DAG(s) 'keycloak_setup' retrieved from /opt/airflow/dags/keycloak/setup_keycloak.py
[2026-04-02T11:55:13.946+0000] {logging_mixin.py:190} INFO - [2026-04-02T11:55:13.946+0000] {dag.py:3239} INFO - Sync 1 DAGs
[2026-04-02T11:55:13.958+0000] {logging_mixin.py:190} INFO - [2026-04-02T11:55:13.958+0000] {dag.py:4180} INFO - Setting next_dagrun for keycloak_setup to None, run_after=None
[2026-04-02T11:55:13.972+0000] {processor.py:208} INFO - Processing /opt/airflow/dags/keycloak/setup_keycloak.py took 0.065 seconds
[2026-04-02T11:55:44.173+0000] {processor.py:186} INFO - Started process (PID=4457) to work on /opt/airflow/dags/keycloak/setup_keycloak.py
[2026-04-02T11:55:44.174+0000] {processor.py:914} INFO - Processing file /opt/airflow/dags/keycloak/setup_keycloak.py for tasks to queue
[2026-04-02T11:55:44.177+0000] {logging_mixin.py:190} INFO - [2026-04-02T11:55:44.176+0000] {dagbag.py:588} INFO - Filling up the DagBag from /opt/airflow/dags/keycloak/setup_keycloak.py
[2026-04-02T11:55:44.185+0000] {processor.py:925} INFO - DAG(s) 'keycloak_setup' retrieved from /opt/airflow/dags/keycloak/setup_keycloak.py
[2026-04-02T11:55:44.209+0000] {logging_mixin.py:190} INFO - [2026-04-02T11:55:44.209+0000] {dag.py:3239} INFO - Sync 1 DAGs
[2026-04-02T11:55:44.220+0000] {logging_mixin.py:190} INFO - [2026-04-02T11:55:44.219+0000] {dag.py:4180} INFO - Setting next_dagrun for keycloak_setup to None, run_after=None
[2026-04-02T11:55:44.234+0000] {processor.py:208} INFO - Processing /opt/airflow/dags/keycloak/setup_keycloak.py took 0.065 seconds
[2026-04-02T11:56:14.454+0000] {processor.py:186} INFO - Started process (PID=4467) to work on /opt/airflow/dags/keycloak/setup_keycloak.py
[2026-04-02T11:56:14.454+0000] {processor.py:914} INFO - Processing file /opt/airflow/dags/keycloak/setup_keycloak.py for tasks to queue
[2026-04-02T11:56:14.456+0000] {logging_mixin.py:190} INFO - [2026-04-02T11:56:14.456+0000] {dagbag.py:588} INFO - Filling up the DagBag from /opt/airflow/dags/keycloak/setup_keycloak.py
[2026-04-02T11:56:14.464+0000] {processor.py:925} INFO - DAG(s) 'keycloak_setup' retrieved from /opt/airflow/dags/keycloak/setup_keycloak.py
[2026-04-02T11:56:14.485+0000] {logging_mixin.py:190} INFO - [2026-04-02T11:56:14.485+0000] {dag.py:3239} INFO - Sync 1 DAGs
[2026-04-02T11:56:14.496+0000] {logging_mixin.py:190} INFO - [2026-04-02T11:56:14.496+0000] {dag.py:4180} INFO - Setting next_dagrun for keycloak_setup to None, run_after=None
[2026-04-02T11:56:14.510+0000] {processor.py:208} INFO - Processing /opt/airflow/dags/keycloak/setup_keycloak.py took 0.061 seconds
[2026-04-02T11:56:44.748+0000] {processor.py:186} INFO - Started process (PID=4477) to work on /opt/airflow/dags/keycloak/setup_keycloak.py
[2026-04-02T11:56:44.749+0000] {processor.py:914} INFO - Processing file /opt/airflow/dags/keycloak/setup_keycloak.py for tasks to queue
[2026-04-02T11:56:44.751+0000] {logging_mixin.py:190} INFO - [2026-04-02T11:56:44.751+0000] {dagbag.py:588} INFO - Filling up the DagBag from /opt/airflow/dags/keycloak/setup_keycloak.py
[2026-04-02T11:56:44.760+0000] {processor.py:925} INFO - DAG(s) 'keycloak_setup' retrieved from /opt/airflow/dags/keycloak/setup_keycloak.py
[2026-04-02T11:56:44.782+0000] {logging_mixin.py:190} INFO - [2026-04-02T11:56:44.782+0000] {dag.py:3239} INFO - Sync 1 DAGs
[2026-04-02T11:56:44.793+0000] {logging_mixin.py:190} INFO - [2026-04-02T11:56:44.793+0000] {dag.py:4180} INFO - Setting next_dagrun for keycloak_setup to None, run_after=None
[2026-04-02T11:56:44.806+0000] {processor.py:208} INFO - Processing /opt/airflow/dags/keycloak/setup_keycloak.py took 0.063 seconds
[2026-04-02T11:57:15.014+0000] {processor.py:186} INFO - Started process (PID=4487) to work on /opt/airflow/dags/keycloak/setup_keycloak.py
[2026-04-02T11:57:15.015+0000] {processor.py:914} INFO - Processing file /opt/airflow/dags/keycloak/setup_keycloak.py for tasks to queue
[2026-04-02T11:57:15.017+0000] {logging_mixin.py:190} INFO - [2026-04-02T11:57:15.017+0000] {dagbag.py:588} INFO - Filling up the DagBag from /opt/airflow/dags/keycloak/setup_keycloak.py
[2026-04-02T11:57:15.025+0000] {processor.py:925} INFO - DAG(s) 'keycloak_setup' retrieved from /opt/airflow/dags/keycloak/setup_keycloak.py
[2026-04-02T11:57:15.048+0000] {logging_mixin.py:190} INFO - [2026-04-02T11:57:15.048+0000] {dag.py:3239} INFO - Sync 1 DAGs
[2026-04-02T11:57:15.059+0000] {logging_mixin.py:190} INFO - [2026-04-02T11:57:15.059+0000] {dag.py:4180} INFO - Setting next_dagrun for keycloak_setup to None, run_after=None
[2026-04-02T11:57:15.074+0000] {processor.py:208} INFO - Processing /opt/airflow/dags/keycloak/setup_keycloak.py took 0.064 seconds
[2026-04-02T11:57:45.278+0000] {processor.py:186} INFO - Started process (PID=4497) to work on /opt/airflow/dags/keycloak/setup_keycloak.py
[2026-04-02T11:57:45.279+0000] {processor.py:914} INFO - Processing file /opt/airflow/dags/keycloak/setup_keycloak.py for tasks to queue
[2026-04-02T11:57:45.281+0000] {logging_mixin.py:190} INFO - [2026-04-02T11:57:45.281+0000] {dagbag.py:588} INFO - Filling up the DagBag from /opt/airflow/dags/keycloak/setup_keycloak.py
[2026-04-02T11:57:45.289+0000] {processor.py:925} INFO - DAG(s) 'keycloak_setup' retrieved from /opt/airflow/dags/keycloak/setup_keycloak.py
[2026-04-02T11:57:45.314+0000] {logging_mixin.py:190} INFO - [2026-04-02T11:57:45.314+0000] {dag.py:3239} INFO - Sync 1 DAGs
[2026-04-02T11:57:45.326+0000] {logging_mixin.py:190} INFO - [2026-04-02T11:57:45.325+0000] {dag.py:4180} INFO - Setting next_dagrun for keycloak_setup to None, run_after=None
[2026-04-02T11:57:45.340+0000] {processor.py:208} INFO - Processing /opt/airflow/dags/keycloak/setup_keycloak.py took 0.066 seconds
[2026-04-02T11:58:15.584+0000] {processor.py:186} INFO - Started process (PID=4507) to work on /opt/airflow/dags/keycloak/setup_keycloak.py
[2026-04-02T11:58:15.584+0000] {processor.py:914} INFO - Processing file /opt/airflow/dags/keycloak/setup_keycloak.py for tasks to queue
[2026-04-02T11:58:15.586+0000] {logging_mixin.py:190} INFO - [2026-04-02T11:58:15.586+0000] {dagbag.py:588} INFO - Filling up the DagBag from /opt/airflow/dags/keycloak/setup_keycloak.py
[2026-04-02T11:58:15.593+0000] {processor.py:925} INFO - DAG(s) 'keycloak_setup' retrieved from /opt/airflow/dags/keycloak/setup_keycloak.py
[2026-04-02T11:58:15.616+0000] {logging_mixin.py:190} INFO - [2026-04-02T11:58:15.616+0000] {dag.py:3239} INFO - Sync 1 DAGs
[2026-04-02T11:58:15.627+0000] {logging_mixin.py:190} INFO - [2026-04-02T11:58:15.627+0000] {dag.py:4180} INFO - Setting next_dagrun for keycloak_setup to None, run_after=None
[2026-04-02T11:58:15.643+0000] {processor.py:208} INFO - Processing /opt/airflow/dags/keycloak/setup_keycloak.py took 0.063 seconds
[2026-04-02T11:58:45.863+0000] {processor.py:186} INFO - Started process (PID=4517) to work on /opt/airflow/dags/keycloak/setup_keycloak.py
[2026-04-02T11:58:45.881+0000] {processor.py:914} INFO - Processing file /opt/airflow/dags/keycloak/setup_keycloak.py for tasks to queue
[2026-04-02T11:58:45.883+0000] {logging_mixin.py:190} INFO - [2026-04-02T11:58:45.883+0000] {dagbag.py:588} INFO - Filling up the DagBag from /opt/airflow/dags/keycloak/setup_keycloak.py
[2026-04-02T11:58:45.892+0000] {processor.py:925} INFO - DAG(s) 'keycloak_setup' retrieved from /opt/airflow/dags/keycloak/setup_keycloak.py
[2026-04-02T11:58:45.915+0000] {logging_mixin.py:190} INFO - [2026-04-02T11:58:45.914+0000] {dag.py:3239} INFO - Sync 1 DAGs
[2026-04-02T11:58:45.925+0000] {logging_mixin.py:190} INFO - [2026-04-02T11:58:45.925+0000] {dag.py:4180} INFO - Setting next_dagrun for keycloak_setup to None, run_after=None
[2026-04-02T11:58:45.941+0000] {processor.py:208} INFO - Processing /opt/airflow/dags/keycloak/setup_keycloak.py took 0.083 seconds
[2026-04-02T11:59:16.167+0000] {processor.py:186} INFO - Started process (PID=4527) to work on /opt/airflow/dags/keycloak/setup_keycloak.py
[2026-04-02T11:59:16.168+0000] {processor.py:914} INFO - Processing file /opt/airflow/dags/keycloak/setup_keycloak.py for tasks to queue
[2026-04-02T11:59:16.169+0000] {logging_mixin.py:190} INFO - [2026-04-02T11:59:16.169+0000] {dagbag.py:588} INFO - Filling up the DagBag from /opt/airflow/dags/keycloak/setup_keycloak.py
[2026-04-02T11:59:16.177+0000] {processor.py:925} INFO - DAG(s) 'keycloak_setup' retrieved from /opt/airflow/dags/keycloak/setup_keycloak.py
[2026-04-02T11:59:16.200+0000] {logging_mixin.py:190} INFO - [2026-04-02T11:59:16.200+0000] {dag.py:3239} INFO - Sync 1 DAGs
[2026-04-02T11:59:16.213+0000] {logging_mixin.py:190} INFO - [2026-04-02T11:59:16.212+0000] {dag.py:4180} INFO - Setting next_dagrun for keycloak_setup to None, run_after=None
[2026-04-02T11:59:16.229+0000] {processor.py:208} INFO - Processing /opt/airflow/dags/keycloak/setup_keycloak.py took 0.067 seconds
[2026-04-02T11:59:46.444+0000] {processor.py:186} INFO - Started process (PID=4537) to work on /opt/airflow/dags/keycloak/setup_keycloak.py
[2026-04-02T11:59:46.445+0000] {processor.py:914} INFO - Processing file /opt/airflow/dags/keycloak/setup_keycloak.py for tasks to queue
[2026-04-02T11:59:46.447+0000] {logging_mixin.py:190} INFO - [2026-04-02T11:59:46.446+0000] {dagbag.py:588} INFO - Filling up the DagBag from /opt/airflow/dags/keycloak/setup_keycloak.py
[2026-04-02T11:59:46.455+0000] {processor.py:925} INFO - DAG(s) 'keycloak_setup' retrieved from /opt/airflow/dags/keycloak/setup_keycloak.py
[2026-04-02T11:59:46.475+0000] {logging_mixin.py:190} INFO - [2026-04-02T11:59:46.475+0000] {dag.py:3239} INFO - Sync 1 DAGs
[2026-04-02T11:59:46.485+0000] {logging_mixin.py:190} INFO - [2026-04-02T11:59:46.484+0000] {dag.py:4180} INFO - Setting next_dagrun for keycloak_setup to None, run_after=None
[2026-04-02T11:59:46.498+0000] {processor.py:208} INFO - Processing /opt/airflow/dags/keycloak/setup_keycloak.py took 0.058 seconds
[2026-04-02T12:00:16.733+0000] {processor.py:186} INFO - Started process (PID=4547) to work on /opt/airflow/dags/keycloak/setup_keycloak.py
[2026-04-02T12:00:16.734+0000] {processor.py:914} INFO - Processing file /opt/airflow/dags/keycloak/setup_keycloak.py for tasks to queue
[2026-04-02T12:00:16.735+0000] {logging_mixin.py:190} INFO - [2026-04-02T12:00:16.735+0000] {dagbag.py:588} INFO - Filling up the DagBag from /opt/airflow/dags/keycloak/setup_keycloak.py
[2026-04-02T12:00:16.743+0000] {processor.py:925} INFO - DAG(s) 'keycloak_setup' retrieved from /opt/airflow/dags/keycloak/setup_keycloak.py
[2026-04-02T12:00:16.765+0000] {logging_mixin.py:190} INFO - [2026-04-02T12:00:16.765+0000] {dag.py:3239} INFO - Sync 1 DAGs
[2026-04-02T12:00:16.776+0000] {logging_mixin.py:190} INFO - [2026-04-02T12:00:16.775+0000] {dag.py:4180} INFO - Setting next_dagrun for keycloak_setup to None, run_after=None
[2026-04-02T12:00:16.797+0000] {processor.py:208} INFO - Processing /opt/airflow/dags/keycloak/setup_keycloak.py took 0.068 seconds
[2026-04-02T12:00:47.009+0000] {processor.py:186} INFO - Started process (PID=4557) to work on /opt/airflow/dags/keycloak/setup_keycloak.py
[2026-04-02T12:00:47.010+0000] {processor.py:914} INFO - Processing file /opt/airflow/dags/keycloak/setup_keycloak.py for tasks to queue
[2026-04-02T12:00:47.012+0000] {logging_mixin.py:190} INFO - [2026-04-02T12:00:47.012+0000] {dagbag.py:588} INFO - Filling up the DagBag from /opt/airflow/dags/keycloak/setup_keycloak.py
[2026-04-02T12:00:47.020+0000] {processor.py:925} INFO - DAG(s) 'keycloak_setup' retrieved from /opt/airflow/dags/keycloak/setup_keycloak.py
[2026-04-02T12:00:47.040+0000] {logging_mixin.py:190} INFO - [2026-04-02T12:00:47.040+0000] {dag.py:3239} INFO - Sync 1 DAGs
[2026-04-02T12:00:47.051+0000] {logging_mixin.py:190} INFO - [2026-04-02T12:00:47.051+0000] {dag.py:4180} INFO - Setting next_dagrun for keycloak_setup to None, run_after=None
[2026-04-02T12:00:47.065+0000] {processor.py:208} INFO - Processing /opt/airflow/dags/keycloak/setup_keycloak.py took 0.060 seconds
[2026-04-02T12:01:17.268+0000] {processor.py:186} INFO - Started process (PID=4567) to work on /opt/airflow/dags/keycloak/setup_keycloak.py
[2026-04-02T12:01:17.268+0000] {processor.py:914} INFO - Processing file /opt/airflow/dags/keycloak/setup_keycloak.py for tasks to queue
[2026-04-02T12:01:17.270+0000] {logging_mixin.py:190} INFO - [2026-04-02T12:01:17.270+0000] {dagbag.py:588} INFO - Filling up the DagBag from /opt/airflow/dags/keycloak/setup_keycloak.py
[2026-04-02T12:01:17.277+0000] {processor.py:925} INFO - DAG(s) 'keycloak_setup' retrieved from /opt/airflow/dags/keycloak/setup_keycloak.py
[2026-04-02T12:01:17.298+0000] {logging_mixin.py:190} INFO - [2026-04-02T12:01:17.298+0000] {dag.py:3239} INFO - Sync 1 DAGs
[2026-04-02T12:01:17.309+0000] {logging_mixin.py:190} INFO - [2026-04-02T12:01:17.309+0000] {dag.py:4180} INFO - Setting next_dagrun for keycloak_setup to None, run_after=None
[2026-04-02T12:01:17.323+0000] {processor.py:208} INFO - Processing /opt/airflow/dags/keycloak/setup_keycloak.py took 0.060 seconds
[2026-04-02T12:01:47.592+0000] {processor.py:186} INFO - Started process (PID=4577) to work on /opt/airflow/dags/keycloak/setup_keycloak.py
[2026-04-02T12:01:47.593+0000] {processor.py:914} INFO - Processing file /opt/airflow/dags/keycloak/setup_keycloak.py for tasks to queue
[2026-04-02T12:01:47.595+0000] {logging_mixin.py:190} INFO - [2026-04-02T12:01:47.594+0000] {dagbag.py:588} INFO - Filling up the DagBag from /opt/airflow/dags/keycloak/setup_keycloak.py
[2026-04-02T12:01:47.602+0000] {processor.py:925} INFO - DAG(s) 'keycloak_setup' retrieved from /opt/airflow/dags/keycloak/setup_keycloak.py
[2026-04-02T12:01:47.626+0000] {logging_mixin.py:190} INFO - [2026-04-02T12:01:47.626+0000] {dag.py:3239} INFO - Sync 1 DAGs
[2026-04-02T12:01:47.637+0000] {logging_mixin.py:190} INFO - [2026-04-02T12:01:47.636+0000] {dag.py:4180} INFO - Setting next_dagrun for keycloak_setup to None, run_after=None
[2026-04-02T12:01:47.651+0000] {processor.py:208} INFO - Processing /opt/airflow/dags/keycloak/setup_keycloak.py took 0.064 seconds
[2026-04-02T12:02:17.880+0000] {processor.py:186} INFO - Started process (PID=4587) to work on /opt/airflow/dags/keycloak/setup_keycloak.py
[2026-04-02T12:02:17.881+0000] {processor.py:914} INFO - Processing file /opt/airflow/dags/keycloak/setup_keycloak.py for tasks to queue
[2026-04-02T12:02:17.883+0000] {logging_mixin.py:190} INFO - [2026-04-02T12:02:17.883+0000] {dagbag.py:588} INFO - Filling up the DagBag from /opt/airflow/dags/keycloak/setup_keycloak.py
[2026-04-02T12:02:17.892+0000] {processor.py:925} INFO - DAG(s) 'keycloak_setup' retrieved from /opt/airflow/dags/keycloak/setup_keycloak.py
[2026-04-02T12:02:17.919+0000] {logging_mixin.py:190} INFO - [2026-04-02T12:02:17.918+0000] {dag.py:3239} INFO - Sync 1 DAGs
[2026-04-02T12:02:17.932+0000] {logging_mixin.py:190} INFO - [2026-04-02T12:02:17.932+0000] {dag.py:4180} INFO - Setting next_dagrun for keycloak_setup to None, run_after=None
[2026-04-02T12:02:17.949+0000] {processor.py:208} INFO - Processing /opt/airflow/dags/keycloak/setup_keycloak.py took 0.073 seconds
[2026-04-02T12:02:48.161+0000] {processor.py:186} INFO - Started process (PID=4597) to work on /opt/airflow/dags/keycloak/setup_keycloak.py
[2026-04-02T12:02:48.163+0000] {processor.py:914} INFO - Processing file /opt/airflow/dags/keycloak/setup_keycloak.py for tasks to queue
[2026-04-02T12:02:48.166+0000] {logging_mixin.py:190} INFO - [2026-04-02T12:02:48.165+0000] {dagbag.py:588} INFO - Filling up the DagBag from /opt/airflow/dags/keycloak/setup_keycloak.py
[2026-04-02T12:02:48.176+0000] {processor.py:925} INFO - DAG(s) 'keycloak_setup' retrieved from /opt/airflow/dags/keycloak/setup_keycloak.py
[2026-04-02T12:02:48.213+0000] {logging_mixin.py:190} INFO - [2026-04-02T12:02:48.212+0000] {dag.py:3239} INFO - Sync 1 DAGs
[2026-04-02T12:02:48.230+0000] {logging_mixin.py:190} INFO - [2026-04-02T12:02:48.230+0000] {dag.py:4180} INFO - Setting next_dagrun for keycloak_setup to None, run_after=None
[2026-04-02T12:02:48.254+0000] {processor.py:208} INFO - Processing /opt/airflow/dags/keycloak/setup_keycloak.py took 0.100 seconds
[2026-04-02T12:03:18.362+0000] {processor.py:186} INFO - Started process (PID=4607) to work on /opt/airflow/dags/keycloak/setup_keycloak.py
[2026-04-02T12:03:18.363+0000] {processor.py:914} INFO - Processing file /opt/airflow/dags/keycloak/setup_keycloak.py for tasks to queue
[2026-04-02T12:03:18.365+0000] {logging_mixin.py:190} INFO - [2026-04-02T12:03:18.365+0000] {dagbag.py:588} INFO - Filling up the DagBag from /opt/airflow/dags/keycloak/setup_keycloak.py
[2026-04-02T12:03:18.372+0000] {processor.py:925} INFO - DAG(s) 'keycloak_setup' retrieved from /opt/airflow/dags/keycloak/setup_keycloak.py
[2026-04-02T12:03:18.395+0000] {logging_mixin.py:190} INFO - [2026-04-02T12:03:18.395+0000] {dag.py:3239} INFO - Sync 1 DAGs
[2026-04-02T12:03:18.406+0000] {logging_mixin.py:190} INFO - [2026-04-02T12:03:18.405+0000] {dag.py:4180} INFO - Setting next_dagrun for keycloak_setup to None, run_after=None
[2026-04-02T12:03:18.419+0000] {processor.py:208} INFO - Processing /opt/airflow/dags/keycloak/setup_keycloak.py took 0.061 seconds
[2026-04-02T12:03:48.668+0000] {processor.py:186} INFO - Started process (PID=4617) to work on /opt/airflow/dags/keycloak/setup_keycloak.py
[2026-04-02T12:03:48.669+0000] {processor.py:914} INFO - Processing file /opt/airflow/dags/keycloak/setup_keycloak.py for tasks to queue
[2026-04-02T12:03:48.671+0000] {logging_mixin.py:190} INFO - [2026-04-02T12:03:48.670+0000] {dagbag.py:588} INFO - Filling up the DagBag from /opt/airflow/dags/keycloak/setup_keycloak.py
[2026-04-02T12:03:48.679+0000] {processor.py:925} INFO - DAG(s) 'keycloak_setup' retrieved from /opt/airflow/dags/keycloak/setup_keycloak.py
[2026-04-02T12:03:48.701+0000] {logging_mixin.py:190} INFO - [2026-04-02T12:03:48.701+0000] {dag.py:3239} INFO - Sync 1 DAGs
[2026-04-02T12:03:48.712+0000] {logging_mixin.py:190} INFO - [2026-04-02T12:03:48.712+0000] {dag.py:4180} INFO - Setting next_dagrun for keycloak_setup to None, run_after=None
[2026-04-02T12:03:48.727+0000] {processor.py:208} INFO - Processing /opt/airflow/dags/keycloak/setup_keycloak.py took 0.064 seconds
[2026-04-02T12:04:18.960+0000] {processor.py:186} INFO - Started process (PID=4627) to work on /opt/airflow/dags/keycloak/setup_keycloak.py
[2026-04-02T12:04:18.961+0000] {processor.py:914} INFO - Processing file /opt/airflow/dags/keycloak/setup_keycloak.py for tasks to queue
[2026-04-02T12:04:18.962+0000] {logging_mixin.py:190} INFO - [2026-04-02T12:04:18.962+0000] {dagbag.py:588} INFO - Filling up the DagBag from /opt/airflow/dags/keycloak/setup_keycloak.py
[2026-04-02T12:04:18.970+0000] {processor.py:925} INFO - DAG(s) 'keycloak_setup' retrieved from /opt/airflow/dags/keycloak/setup_keycloak.py
[2026-04-02T12:04:18.993+0000] {logging_mixin.py:190} INFO - [2026-04-02T12:04:18.992+0000] {dag.py:3239} INFO - Sync 1 DAGs
[2026-04-02T12:04:19.003+0000] {logging_mixin.py:190} INFO - [2026-04-02T12:04:19.003+0000] {dag.py:4180} INFO - Setting next_dagrun for keycloak_setup to None, run_after=None
[2026-04-02T12:04:19.018+0000] {processor.py:208} INFO - Processing /opt/airflow/dags/keycloak/setup_keycloak.py took 0.062 seconds
[2026-04-02T12:04:49.237+0000] {processor.py:186} INFO - Started process (PID=4637) to work on /opt/airflow/dags/keycloak/setup_keycloak.py
[2026-04-02T12:04:49.238+0000] {processor.py:914} INFO - Processing file /opt/airflow/dags/keycloak/setup_keycloak.py for tasks to queue
[2026-04-02T12:04:49.240+0000] {logging_mixin.py:190} INFO - [2026-04-02T12:04:49.240+0000] {dagbag.py:588} INFO - Filling up the DagBag from /opt/airflow/dags/keycloak/setup_keycloak.py
[2026-04-02T12:04:49.248+0000] {processor.py:925} INFO - DAG(s) 'keycloak_setup' retrieved from /opt/airflow/dags/keycloak/setup_keycloak.py
[2026-04-02T12:04:49.272+0000] {logging_mixin.py:190} INFO - [2026-04-02T12:04:49.271+0000] {dag.py:3239} INFO - Sync 1 DAGs
[2026-04-02T12:04:49.283+0000] {logging_mixin.py:190} INFO - [2026-04-02T12:04:49.283+0000] {dag.py:4180} INFO - Setting next_dagrun for keycloak_setup to None, run_after=None
[2026-04-02T12:04:49.297+0000] {processor.py:208} INFO - Processing /opt/airflow/dags/keycloak/setup_keycloak.py took 0.064 seconds
[2026-04-02T12:05:19.556+0000] {processor.py:186} INFO - Started process (PID=4647) to work on /opt/airflow/dags/keycloak/setup_keycloak.py
[2026-04-02T12:05:19.557+0000] {processor.py:914} INFO - Processing file /opt/airflow/dags/keycloak/setup_keycloak.py for tasks to queue
[2026-04-02T12:05:19.559+0000] {logging_mixin.py:190} INFO - [2026-04-02T12:05:19.559+0000] {dagbag.py:588} INFO - Filling up the DagBag from /opt/airflow/dags/keycloak/setup_keycloak.py
[2026-04-02T12:05:19.573+0000] {processor.py:925} INFO - DAG(s) 'keycloak_setup' retrieved from /opt/airflow/dags/keycloak/setup_keycloak.py
[2026-04-02T12:05:19.604+0000] {logging_mixin.py:190} INFO - [2026-04-02T12:05:19.604+0000] {dag.py:3239} INFO - Sync 1 DAGs
[2026-04-02T12:05:19.614+0000] {logging_mixin.py:190} INFO - [2026-04-02T12:05:19.614+0000] {dag.py:4180} INFO - Setting next_dagrun for keycloak_setup to None, run_after=None
[2026-04-02T12:05:19.629+0000] {processor.py:208} INFO - Processing /opt/airflow/dags/keycloak/setup_keycloak.py took 0.078 seconds
[2026-04-02T12:05:49.827+0000] {processor.py:186} INFO - Started process (PID=4657) to work on /opt/airflow/dags/keycloak/setup_keycloak.py
[2026-04-02T12:05:49.828+0000] {processor.py:914} INFO - Processing file /opt/airflow/dags/keycloak/setup_keycloak.py for tasks to queue
[2026-04-02T12:05:49.830+0000] {logging_mixin.py:190} INFO - [2026-04-02T12:05:49.830+0000] {dagbag.py:588} INFO - Filling up the DagBag from /opt/airflow/dags/keycloak/setup_keycloak.py
[2026-04-02T12:05:49.839+0000] {processor.py:925} INFO - DAG(s) 'keycloak_setup' retrieved from /opt/airflow/dags/keycloak/setup_keycloak.py
[2026-04-02T12:05:49.864+0000] {logging_mixin.py:190} INFO - [2026-04-02T12:05:49.863+0000] {dag.py:3239} INFO - Sync 1 DAGs
[2026-04-02T12:05:49.874+0000] {logging_mixin.py:190} INFO - [2026-04-02T12:05:49.874+0000] {dag.py:4180} INFO - Setting next_dagrun for keycloak_setup to None, run_after=None
[2026-04-02T12:05:49.888+0000] {processor.py:208} INFO - Processing /opt/airflow/dags/keycloak/setup_keycloak.py took 0.066 seconds
[2026-04-02T12:06:20.118+0000] {processor.py:186} INFO - Started process (PID=4667) to work on /opt/airflow/dags/keycloak/setup_keycloak.py
[2026-04-02T12:06:20.118+0000] {processor.py:914} INFO - Processing file /opt/airflow/dags/keycloak/setup_keycloak.py for tasks to queue
[2026-04-02T12:06:20.120+0000] {logging_mixin.py:190} INFO - [2026-04-02T12:06:20.120+0000] {dagbag.py:588} INFO - Filling up the DagBag from /opt/airflow/dags/keycloak/setup_keycloak.py
[2026-04-02T12:06:20.133+0000] {processor.py:925} INFO - DAG(s) 'keycloak_setup' retrieved from /opt/airflow/dags/keycloak/setup_keycloak.py
[2026-04-02T12:06:20.166+0000] {logging_mixin.py:190} INFO - [2026-04-02T12:06:20.166+0000] {dag.py:3239} INFO - Sync 1 DAGs
[2026-04-02T12:06:20.177+0000] {logging_mixin.py:190} INFO - [2026-04-02T12:06:20.177+0000] {dag.py:4180} INFO - Setting next_dagrun for keycloak_setup to None, run_after=None
[2026-04-02T12:06:20.195+0000] {processor.py:208} INFO - Processing /opt/airflow/dags/keycloak/setup_keycloak.py took 0.082 seconds
[2026-04-02T12:06:50.321+0000] {processor.py:186} INFO - Started process (PID=4677) to work on /opt/airflow/dags/keycloak/setup_keycloak.py
[2026-04-02T12:06:50.339+0000] {processor.py:914} INFO - Processing file /opt/airflow/dags/keycloak/setup_keycloak.py for tasks to queue
[2026-04-02T12:06:50.341+0000] {logging_mixin.py:190} INFO - [2026-04-02T12:06:50.341+0000] {dagbag.py:588} INFO - Filling up the DagBag from /opt/airflow/dags/keycloak/setup_keycloak.py
[2026-04-02T12:06:50.349+0000] {processor.py:925} INFO - DAG(s) 'keycloak_setup' retrieved from /opt/airflow/dags/keycloak/setup_keycloak.py
[2026-04-02T12:06:50.376+0000] {logging_mixin.py:190} INFO - [2026-04-02T12:06:50.376+0000] {dag.py:3239} INFO - Sync 1 DAGs
[2026-04-02T12:06:50.387+0000] {logging_mixin.py:190} INFO - [2026-04-02T12:06:50.387+0000] {dag.py:4180} INFO - Setting next_dagrun for keycloak_setup to None, run_after=None
[2026-04-02T12:06:50.401+0000] {processor.py:208} INFO - Processing /opt/airflow/dags/keycloak/setup_keycloak.py took 0.084 seconds
[2026-04-02T12:07:20.644+0000] {processor.py:186} INFO - Started process (PID=4687) to work on /opt/airflow/dags/keycloak/setup_keycloak.py
[2026-04-02T12:07:20.645+0000] {processor.py:914} INFO - Processing file /opt/airflow/dags/keycloak/setup_keycloak.py for tasks to queue
[2026-04-02T12:07:20.647+0000] {logging_mixin.py:190} INFO - [2026-04-02T12:07:20.647+0000] {dagbag.py:588} INFO - Filling up the DagBag from /opt/airflow/dags/keycloak/setup_keycloak.py
[2026-04-02T12:07:20.661+0000] {processor.py:925} INFO - DAG(s) 'keycloak_setup' retrieved from /opt/airflow/dags/keycloak/setup_keycloak.py
[2026-04-02T12:07:20.690+0000] {logging_mixin.py:190} INFO - [2026-04-02T12:07:20.690+0000] {dag.py:3239} INFO - Sync 1 DAGs
[2026-04-02T12:07:20.700+0000] {logging_mixin.py:190} INFO - [2026-04-02T12:07:20.700+0000] {dag.py:4180} INFO - Setting next_dagrun for keycloak_setup to None, run_after=None
[2026-04-02T12:07:20.712+0000] {processor.py:208} INFO - Processing /opt/airflow/dags/keycloak/setup_keycloak.py took 0.073 seconds
[2026-04-02T12:07:50.939+0000] {processor.py:186} INFO - Started process (PID=4697) to work on /opt/airflow/dags/keycloak/setup_keycloak.py
[2026-04-02T12:07:50.941+0000] {processor.py:914} INFO - Processing file /opt/airflow/dags/keycloak/setup_keycloak.py for tasks to queue
[2026-04-02T12:07:50.944+0000] {logging_mixin.py:190} INFO - [2026-04-02T12:07:50.943+0000] {dagbag.py:588} INFO - Filling up the DagBag from /opt/airflow/dags/keycloak/setup_keycloak.py
[2026-04-02T12:07:50.953+0000] {processor.py:925} INFO - DAG(s) 'keycloak_setup' retrieved from /opt/airflow/dags/keycloak/setup_keycloak.py
[2026-04-02T12:07:50.984+0000] {logging_mixin.py:190} INFO - [2026-04-02T12:07:50.984+0000] {dag.py:3239} INFO - Sync 1 DAGs
[2026-04-02T12:07:50.998+0000] {logging_mixin.py:190} INFO - [2026-04-02T12:07:50.998+0000] {dag.py:4180} INFO - Setting next_dagrun for keycloak_setup to None, run_after=None
[2026-04-02T12:07:51.013+0000] {processor.py:208} INFO - Processing /opt/airflow/dags/keycloak/setup_keycloak.py took 0.080 seconds
[2026-04-02T12:08:21.196+0000] {processor.py:186} INFO - Started process (PID=4707) to work on /opt/airflow/dags/keycloak/setup_keycloak.py
[2026-04-02T12:08:21.197+0000] {processor.py:914} INFO - Processing file /opt/airflow/dags/keycloak/setup_keycloak.py for tasks to queue
[2026-04-02T12:08:21.200+0000] {logging_mixin.py:190} INFO - [2026-04-02T12:08:21.199+0000] {dagbag.py:588} INFO - Filling up the DagBag from /opt/airflow/dags/keycloak/setup_keycloak.py
[2026-04-02T12:08:21.209+0000] {processor.py:925} INFO - DAG(s) 'keycloak_setup' retrieved from /opt/airflow/dags/keycloak/setup_keycloak.py
[2026-04-02T12:08:21.232+0000] {logging_mixin.py:190} INFO - [2026-04-02T12:08:21.232+0000] {dag.py:3239} INFO - Sync 1 DAGs
[2026-04-02T12:08:21.243+0000] {logging_mixin.py:190} INFO - [2026-04-02T12:08:21.243+0000] {dag.py:4180} INFO - Setting next_dagrun for keycloak_setup to None, run_after=None
[2026-04-02T12:08:21.257+0000] {processor.py:208} INFO - Processing /opt/airflow/dags/keycloak/setup_keycloak.py took 0.068 seconds
[2026-04-02T12:08:51.449+0000] {processor.py:186} INFO - Started process (PID=4717) to work on /opt/airflow/dags/keycloak/setup_keycloak.py
[2026-04-02T12:08:51.450+0000] {processor.py:914} INFO - Processing file /opt/airflow/dags/keycloak/setup_keycloak.py for tasks to queue
[2026-04-02T12:08:51.452+0000] {logging_mixin.py:190} INFO - [2026-04-02T12:08:51.452+0000] {dagbag.py:588} INFO - Filling up the DagBag from /opt/airflow/dags/keycloak/setup_keycloak.py
[2026-04-02T12:08:51.460+0000] {processor.py:925} INFO - DAG(s) 'keycloak_setup' retrieved from /opt/airflow/dags/keycloak/setup_keycloak.py
[2026-04-02T12:08:51.482+0000] {logging_mixin.py:190} INFO - [2026-04-02T12:08:51.481+0000] {dag.py:3239} INFO - Sync 1 DAGs
[2026-04-02T12:08:51.493+0000] {logging_mixin.py:190} INFO - [2026-04-02T12:08:51.493+0000] {dag.py:4180} INFO - Setting next_dagrun for keycloak_setup to None, run_after=None
[2026-04-02T12:08:51.508+0000] {processor.py:208} INFO - Processing /opt/airflow/dags/keycloak/setup_keycloak.py took 0.065 seconds
[2026-04-02T12:09:21.731+0000] {processor.py:186} INFO - Started process (PID=4727) to work on /opt/airflow/dags/keycloak/setup_keycloak.py
[2026-04-02T12:09:21.732+0000] {processor.py:914} INFO - Processing file /opt/airflow/dags/keycloak/setup_keycloak.py for tasks to queue
[2026-04-02T12:09:21.734+0000] {logging_mixin.py:190} INFO - [2026-04-02T12:09:21.734+0000] {dagbag.py:588} INFO - Filling up the DagBag from /opt/airflow/dags/keycloak/setup_keycloak.py
[2026-04-02T12:09:21.748+0000] {processor.py:925} INFO - DAG(s) 'keycloak_setup' retrieved from /opt/airflow/dags/keycloak/setup_keycloak.py
[2026-04-02T12:09:21.776+0000] {logging_mixin.py:190} INFO - [2026-04-02T12:09:21.776+0000] {dag.py:3239} INFO - Sync 1 DAGs
[2026-04-02T12:09:21.785+0000] {logging_mixin.py:190} INFO - [2026-04-02T12:09:21.785+0000] {dag.py:4180} INFO - Setting next_dagrun for keycloak_setup to None, run_after=None
[2026-04-02T12:09:21.798+0000] {processor.py:208} INFO - Processing /opt/airflow/dags/keycloak/setup_keycloak.py took 0.072 seconds
[2026-04-02T12:09:52.021+0000] {processor.py:186} INFO - Started process (PID=4737) to work on /opt/airflow/dags/keycloak/setup_keycloak.py
[2026-04-02T12:09:52.022+0000] {processor.py:914} INFO - Processing file /opt/airflow/dags/keycloak/setup_keycloak.py for tasks to queue
[2026-04-02T12:09:52.024+0000] {logging_mixin.py:190} INFO - [2026-04-02T12:09:52.024+0000] {dagbag.py:588} INFO - Filling up the DagBag from /opt/airflow/dags/keycloak/setup_keycloak.py
[2026-04-02T12:09:52.033+0000] {processor.py:925} INFO - DAG(s) 'keycloak_setup' retrieved from /opt/airflow/dags/keycloak/setup_keycloak.py
[2026-04-02T12:09:52.056+0000] {logging_mixin.py:190} INFO - [2026-04-02T12:09:52.055+0000] {dag.py:3239} INFO - Sync 1 DAGs
[2026-04-02T12:09:52.066+0000] {logging_mixin.py:190} INFO - [2026-04-02T12:09:52.066+0000] {dag.py:4180} INFO - Setting next_dagrun for keycloak_setup to None, run_after=None
[2026-04-02T12:09:52.083+0000] {processor.py:208} INFO - Processing /opt/airflow/dags/keycloak/setup_keycloak.py took 0.066 seconds
[2026-04-02T12:10:22.342+0000] {processor.py:186} INFO - Started process (PID=4747) to work on /opt/airflow/dags/keycloak/setup_keycloak.py
[2026-04-02T12:10:22.343+0000] {processor.py:914} INFO - Processing file /opt/airflow/dags/keycloak/setup_keycloak.py for tasks to queue
[2026-04-02T12:10:22.344+0000] {logging_mixin.py:190} INFO - [2026-04-02T12:10:22.344+0000] {dagbag.py:588} INFO - Filling up the DagBag from /opt/airflow/dags/keycloak/setup_keycloak.py
[2026-04-02T12:10:22.357+0000] {processor.py:925} INFO - DAG(s) 'keycloak_setup' retrieved from /opt/airflow/dags/keycloak/setup_keycloak.py
[2026-04-02T12:10:22.382+0000] {logging_mixin.py:190} INFO - [2026-04-02T12:10:22.382+0000] {dag.py:3239} INFO - Sync 1 DAGs
[2026-04-02T12:10:22.392+0000] {logging_mixin.py:190} INFO - [2026-04-02T12:10:22.392+0000] {dag.py:4180} INFO - Setting next_dagrun for keycloak_setup to None, run_after=None
[2026-04-02T12:10:22.407+0000] {processor.py:208} INFO - Processing /opt/airflow/dags/keycloak/setup_keycloak.py took 0.069 seconds
[2026-04-02T12:10:52.644+0000] {processor.py:186} INFO - Started process (PID=4757) to work on /opt/airflow/dags/keycloak/setup_keycloak.py
[2026-04-02T12:10:52.646+0000] {processor.py:914} INFO - Processing file /opt/airflow/dags/keycloak/setup_keycloak.py for tasks to queue
[2026-04-02T12:10:52.648+0000] {logging_mixin.py:190} INFO - [2026-04-02T12:10:52.647+0000] {dagbag.py:588} INFO - Filling up the DagBag from /opt/airflow/dags/keycloak/setup_keycloak.py
[2026-04-02T12:10:52.656+0000] {processor.py:925} INFO - DAG(s) 'keycloak_setup' retrieved from /opt/airflow/dags/keycloak/setup_keycloak.py
[2026-04-02T12:10:52.680+0000] {logging_mixin.py:190} INFO - [2026-04-02T12:10:52.680+0000] {dag.py:3239} INFO - Sync 1 DAGs
[2026-04-02T12:10:52.691+0000] {logging_mixin.py:190} INFO - [2026-04-02T12:10:52.691+0000] {dag.py:4180} INFO - Setting next_dagrun for keycloak_setup to None, run_after=None
[2026-04-02T12:10:52.705+0000] {processor.py:208} INFO - Processing /opt/airflow/dags/keycloak/setup_keycloak.py took 0.066 seconds
[2026-04-02T12:11:22.929+0000] {processor.py:186} INFO - Started process (PID=4767) to work on /opt/airflow/dags/keycloak/setup_keycloak.py
[2026-04-02T12:11:22.930+0000] {processor.py:914} INFO - Processing file /opt/airflow/dags/keycloak/setup_keycloak.py for tasks to queue
[2026-04-02T12:11:22.932+0000] {logging_mixin.py:190} INFO - [2026-04-02T12:11:22.931+0000] {dagbag.py:588} INFO - Filling up the DagBag from /opt/airflow/dags/keycloak/setup_keycloak.py
[2026-04-02T12:11:22.944+0000] {processor.py:925} INFO - DAG(s) 'keycloak_setup' retrieved from /opt/airflow/dags/keycloak/setup_keycloak.py
[2026-04-02T12:11:22.969+0000] {logging_mixin.py:190} INFO - [2026-04-02T12:11:22.969+0000] {dag.py:3239} INFO - Sync 1 DAGs
[2026-04-02T12:11:22.979+0000] {logging_mixin.py:190} INFO - [2026-04-02T12:11:22.979+0000] {dag.py:4180} INFO - Setting next_dagrun for keycloak_setup to None, run_after=None
[2026-04-02T12:11:22.991+0000] {processor.py:208} INFO - Processing /opt/airflow/dags/keycloak/setup_keycloak.py took 0.067 seconds
[2026-04-02T12:11:53.215+0000] {processor.py:186} INFO - Started process (PID=4777) to work on /opt/airflow/dags/keycloak/setup_keycloak.py
[2026-04-02T12:11:53.230+0000] {processor.py:914} INFO - Processing file /opt/airflow/dags/keycloak/setup_keycloak.py for tasks to queue
[2026-04-02T12:11:53.232+0000] {logging_mixin.py:190} INFO - [2026-04-02T12:11:53.232+0000] {dagbag.py:588} INFO - Filling up the DagBag from /opt/airflow/dags/keycloak/setup_keycloak.py
[2026-04-02T12:11:53.240+0000] {processor.py:925} INFO - DAG(s) 'keycloak_setup' retrieved from /opt/airflow/dags/keycloak/setup_keycloak.py
[2026-04-02T12:11:53.261+0000] {logging_mixin.py:190} INFO - [2026-04-02T12:11:53.261+0000] {dag.py:3239} INFO - Sync 1 DAGs
[2026-04-02T12:11:53.271+0000] {logging_mixin.py:190} INFO - [2026-04-02T12:11:53.271+0000] {dag.py:4180} INFO - Setting next_dagrun for keycloak_setup to None, run_after=None
[2026-04-02T12:11:53.284+0000] {processor.py:208} INFO - Processing /opt/airflow/dags/keycloak/setup_keycloak.py took 0.073 seconds
[2026-04-02T12:12:23.542+0000] {processor.py:186} INFO - Started process (PID=4787) to work on /opt/airflow/dags/keycloak/setup_keycloak.py
[2026-04-02T12:12:23.543+0000] {processor.py:914} INFO - Processing file /opt/airflow/dags/keycloak/setup_keycloak.py for tasks to queue
[2026-04-02T12:12:23.544+0000] {logging_mixin.py:190} INFO - [2026-04-02T12:12:23.544+0000] {dagbag.py:588} INFO - Filling up the DagBag from /opt/airflow/dags/keycloak/setup_keycloak.py
[2026-04-02T12:12:23.551+0000] {processor.py:925} INFO - DAG(s) 'keycloak_setup' retrieved from /opt/airflow/dags/keycloak/setup_keycloak.py
[2026-04-02T12:12:23.573+0000] {logging_mixin.py:190} INFO - [2026-04-02T12:12:23.572+0000] {dag.py:3239} INFO - Sync 1 DAGs
[2026-04-02T12:12:23.582+0000] {logging_mixin.py:190} INFO - [2026-04-02T12:12:23.582+0000] {dag.py:4180} INFO - Setting next_dagrun for keycloak_setup to None, run_after=None
[2026-04-02T12:12:23.597+0000] {processor.py:208} INFO - Processing /opt/airflow/dags/keycloak/setup_keycloak.py took 0.060 seconds
[2026-04-02T12:12:53.798+0000] {processor.py:186} INFO - Started process (PID=4797) to work on /opt/airflow/dags/keycloak/setup_keycloak.py
[2026-04-02T12:12:53.800+0000] {processor.py:914} INFO - Processing file /opt/airflow/dags/keycloak/setup_keycloak.py for tasks to queue
[2026-04-02T12:12:53.802+0000] {logging_mixin.py:190} INFO - [2026-04-02T12:12:53.801+0000] {dagbag.py:588} INFO - Filling up the DagBag from /opt/airflow/dags/keycloak/setup_keycloak.py
[2026-04-02T12:12:53.811+0000] {processor.py:925} INFO - DAG(s) 'keycloak_setup' retrieved from /opt/airflow/dags/keycloak/setup_keycloak.py
[2026-04-02T12:12:53.835+0000] {logging_mixin.py:190} INFO - [2026-04-02T12:12:53.835+0000] {dag.py:3239} INFO - Sync 1 DAGs
[2026-04-02T12:12:53.847+0000] {logging_mixin.py:190} INFO - [2026-04-02T12:12:53.847+0000] {dag.py:4180} INFO - Setting next_dagrun for keycloak_setup to None, run_after=None
[2026-04-02T12:12:53.861+0000] {processor.py:208} INFO - Processing /opt/airflow/dags/keycloak/setup_keycloak.py took 0.067 seconds
[2026-04-02T12:13:24.084+0000] {processor.py:186} INFO - Started process (PID=4807) to work on /opt/airflow/dags/keycloak/setup_keycloak.py
[2026-04-02T12:13:24.085+0000] {processor.py:914} INFO - Processing file /opt/airflow/dags/keycloak/setup_keycloak.py for tasks to queue
[2026-04-02T12:13:24.087+0000] {logging_mixin.py:190} INFO - [2026-04-02T12:13:24.086+0000] {dagbag.py:588} INFO - Filling up the DagBag from /opt/airflow/dags/keycloak/setup_keycloak.py
[2026-04-02T12:13:24.094+0000] {processor.py:925} INFO - DAG(s) 'keycloak_setup' retrieved from /opt/airflow/dags/keycloak/setup_keycloak.py
[2026-04-02T12:13:24.116+0000] {logging_mixin.py:190} INFO - [2026-04-02T12:13:24.116+0000] {dag.py:3239} INFO - Sync 1 DAGs
[2026-04-02T12:13:24.126+0000] {logging_mixin.py:190} INFO - [2026-04-02T12:13:24.126+0000] {dag.py:4180} INFO - Setting next_dagrun for keycloak_setup to None, run_after=None
[2026-04-02T12:13:24.139+0000] {processor.py:208} INFO - Processing /opt/airflow/dags/keycloak/setup_keycloak.py took 0.059 seconds
[2026-04-02T12:13:54.358+0000] {processor.py:186} INFO - Started process (PID=4817) to work on /opt/airflow/dags/keycloak/setup_keycloak.py
[2026-04-02T12:13:54.360+0000] {processor.py:914} INFO - Processing file /opt/airflow/dags/keycloak/setup_keycloak.py for tasks to queue
[2026-04-02T12:13:54.361+0000] {logging_mixin.py:190} INFO - [2026-04-02T12:13:54.361+0000] {dagbag.py:588} INFO - Filling up the DagBag from /opt/airflow/dags/keycloak/setup_keycloak.py
[2026-04-02T12:13:54.369+0000] {processor.py:925} INFO - DAG(s) 'keycloak_setup' retrieved from /opt/airflow/dags/keycloak/setup_keycloak.py
[2026-04-02T12:13:54.395+0000] {logging_mixin.py:190} INFO - [2026-04-02T12:13:54.394+0000] {dag.py:3239} INFO - Sync 1 DAGs
[2026-04-02T12:13:54.407+0000] {logging_mixin.py:190} INFO - [2026-04-02T12:13:54.407+0000] {dag.py:4180} INFO - Setting next_dagrun for keycloak_setup to None, run_after=None
[2026-04-02T12:13:54.423+0000] {processor.py:208} INFO - Processing /opt/airflow/dags/keycloak/setup_keycloak.py took 0.069 seconds
[2026-04-02T12:14:24.649+0000] {processor.py:186} INFO - Started process (PID=4827) to work on /opt/airflow/dags/keycloak/setup_keycloak.py
[2026-04-02T12:14:24.650+0000] {processor.py:914} INFO - Processing file /opt/airflow/dags/keycloak/setup_keycloak.py for tasks to queue
[2026-04-02T12:14:24.652+0000] {logging_mixin.py:190} INFO - [2026-04-02T12:14:24.651+0000] {dagbag.py:588} INFO - Filling up the DagBag from /opt/airflow/dags/keycloak/setup_keycloak.py
[2026-04-02T12:14:24.659+0000] {processor.py:925} INFO - DAG(s) 'keycloak_setup' retrieved from /opt/airflow/dags/keycloak/setup_keycloak.py
[2026-04-02T12:14:24.680+0000] {logging_mixin.py:190} INFO - [2026-04-02T12:14:24.680+0000] {dag.py:3239} INFO - Sync 1 DAGs
[2026-04-02T12:14:24.690+0000] {logging_mixin.py:190} INFO - [2026-04-02T12:14:24.690+0000] {dag.py:4180} INFO - Setting next_dagrun for keycloak_setup to None, run_after=None
[2026-04-02T12:14:24.705+0000] {processor.py:208} INFO - Processing /opt/airflow/dags/keycloak/setup_keycloak.py took 0.060 seconds
[2026-04-02T12:14:54.921+0000] {processor.py:186} INFO - Started process (PID=4837) to work on /opt/airflow/dags/keycloak/setup_keycloak.py
[2026-04-02T12:14:54.923+0000] {processor.py:914} INFO - Processing file /opt/airflow/dags/keycloak/setup_keycloak.py for tasks to queue
[2026-04-02T12:14:54.925+0000] {logging_mixin.py:190} INFO - [2026-04-02T12:14:54.925+0000] {dagbag.py:588} INFO - Filling up the DagBag from /opt/airflow/dags/keycloak/setup_keycloak.py
[2026-04-02T12:14:54.933+0000] {processor.py:925} INFO - DAG(s) 'keycloak_setup' retrieved from /opt/airflow/dags/keycloak/setup_keycloak.py
[2026-04-02T12:14:54.957+0000] {logging_mixin.py:190} INFO - [2026-04-02T12:14:54.957+0000] {dag.py:3239} INFO - Sync 1 DAGs
[2026-04-02T12:14:54.967+0000] {logging_mixin.py:190} INFO - [2026-04-02T12:14:54.967+0000] {dag.py:4180} INFO - Setting next_dagrun for keycloak_setup to None, run_after=None
[2026-04-02T12:14:54.981+0000] {processor.py:208} INFO - Processing /opt/airflow/dags/keycloak/setup_keycloak.py took 0.064 seconds
[2026-04-02T12:15:25.204+0000] {processor.py:186} INFO - Started process (PID=4847) to work on /opt/airflow/dags/keycloak/setup_keycloak.py
[2026-04-02T12:15:25.204+0000] {processor.py:914} INFO - Processing file /opt/airflow/dags/keycloak/setup_keycloak.py for tasks to queue
[2026-04-02T12:15:25.206+0000] {logging_mixin.py:190} INFO - [2026-04-02T12:15:25.206+0000] {dagbag.py:588} INFO - Filling up the DagBag from /opt/airflow/dags/keycloak/setup_keycloak.py
[2026-04-02T12:15:25.214+0000] {processor.py:925} INFO - DAG(s) 'keycloak_setup' retrieved from /opt/airflow/dags/keycloak/setup_keycloak.py
[2026-04-02T12:15:25.235+0000] {logging_mixin.py:190} INFO - [2026-04-02T12:15:25.235+0000] {dag.py:3239} INFO - Sync 1 DAGs
[2026-04-02T12:15:25.247+0000] {logging_mixin.py:190} INFO - [2026-04-02T12:15:25.246+0000] {dag.py:4180} INFO - Setting next_dagrun for keycloak_setup to None, run_after=None
[2026-04-02T12:15:25.260+0000] {processor.py:208} INFO - Processing /opt/airflow/dags/keycloak/setup_keycloak.py took 0.062 seconds
[2026-04-02T12:15:55.501+0000] {processor.py:186} INFO - Started process (PID=4857) to work on /opt/airflow/dags/keycloak/setup_keycloak.py
[2026-04-02T12:15:55.518+0000] {processor.py:914} INFO - Processing file /opt/airflow/dags/keycloak/setup_keycloak.py for tasks to queue
[2026-04-02T12:15:55.521+0000] {logging_mixin.py:190} INFO - [2026-04-02T12:15:55.520+0000] {dagbag.py:588} INFO - Filling up the DagBag from /opt/airflow/dags/keycloak/setup_keycloak.py
[2026-04-02T12:15:55.528+0000] {processor.py:925} INFO - DAG(s) 'keycloak_setup' retrieved from /opt/airflow/dags/keycloak/setup_keycloak.py
[2026-04-02T12:15:55.550+0000] {logging_mixin.py:190} INFO - [2026-04-02T12:15:55.550+0000] {dag.py:3239} INFO - Sync 1 DAGs
[2026-04-02T12:15:55.561+0000] {logging_mixin.py:190} INFO - [2026-04-02T12:15:55.561+0000] {dag.py:4180} INFO - Setting next_dagrun for keycloak_setup to None, run_after=None
[2026-04-02T12:15:55.576+0000] {processor.py:208} INFO - Processing /opt/airflow/dags/keycloak/setup_keycloak.py took 0.080 seconds
[2026-04-02T12:16:25.719+0000] {processor.py:186} INFO - Started process (PID=4867) to work on /opt/airflow/dags/keycloak/setup_keycloak.py
[2026-04-02T12:16:25.720+0000] {processor.py:914} INFO - Processing file /opt/airflow/dags/keycloak/setup_keycloak.py for tasks to queue
[2026-04-02T12:16:25.722+0000] {logging_mixin.py:190} INFO - [2026-04-02T12:16:25.721+0000] {dagbag.py:588} INFO - Filling up the DagBag from /opt/airflow/dags/keycloak/setup_keycloak.py
[2026-04-02T12:16:25.729+0000] {processor.py:925} INFO - DAG(s) 'keycloak_setup' retrieved from /opt/airflow/dags/keycloak/setup_keycloak.py
[2026-04-02T12:16:25.752+0000] {logging_mixin.py:190} INFO - [2026-04-02T12:16:25.752+0000] {dag.py:3239} INFO - Sync 1 DAGs
[2026-04-02T12:16:25.762+0000] {logging_mixin.py:190} INFO - [2026-04-02T12:16:25.762+0000] {dag.py:4180} INFO - Setting next_dagrun for keycloak_setup to None, run_after=None
[2026-04-02T12:16:25.776+0000] {processor.py:208} INFO - Processing /opt/airflow/dags/keycloak/setup_keycloak.py took 0.061 seconds
[2026-04-02T12:16:55.971+0000] {processor.py:186} INFO - Started process (PID=4877) to work on /opt/airflow/dags/keycloak/setup_keycloak.py
[2026-04-02T12:16:55.980+0000] {processor.py:914} INFO - Processing file /opt/airflow/dags/keycloak/setup_keycloak.py for tasks to queue
[2026-04-02T12:16:55.982+0000] {logging_mixin.py:190} INFO - [2026-04-02T12:16:55.982+0000] {dagbag.py:588} INFO - Filling up the DagBag from /opt/airflow/dags/keycloak/setup_keycloak.py
[2026-04-02T12:16:55.990+0000] {processor.py:925} INFO - DAG(s) 'keycloak_setup' retrieved from /opt/airflow/dags/keycloak/setup_keycloak.py
[2026-04-02T12:16:56.012+0000] {logging_mixin.py:190} INFO - [2026-04-02T12:16:56.012+0000] {dag.py:3239} INFO - Sync 1 DAGs
[2026-04-02T12:16:56.023+0000] {logging_mixin.py:190} INFO - [2026-04-02T12:16:56.023+0000] {dag.py:4180} INFO - Setting next_dagrun for keycloak_setup to None, run_after=None
[2026-04-02T12:16:56.038+0000] {processor.py:208} INFO - Processing /opt/airflow/dags/keycloak/setup_keycloak.py took 0.072 seconds
[2026-04-02T12:17:26.253+0000] {processor.py:186} INFO - Started process (PID=4887) to work on /opt/airflow/dags/keycloak/setup_keycloak.py
[2026-04-02T12:17:26.254+0000] {processor.py:914} INFO - Processing file /opt/airflow/dags/keycloak/setup_keycloak.py for tasks to queue
[2026-04-02T12:17:26.257+0000] {logging_mixin.py:190} INFO - [2026-04-02T12:17:26.257+0000] {dagbag.py:588} INFO - Filling up the DagBag from /opt/airflow/dags/keycloak/setup_keycloak.py
[2026-04-02T12:17:26.271+0000] {processor.py:925} INFO - DAG(s) 'keycloak_setup' retrieved from /opt/airflow/dags/keycloak/setup_keycloak.py
[2026-04-02T12:17:26.316+0000] {logging_mixin.py:190} INFO - [2026-04-02T12:17:26.315+0000] {dag.py:3239} INFO - Sync 1 DAGs
[2026-04-02T12:17:26.338+0000] {logging_mixin.py:190} INFO - [2026-04-02T12:17:26.338+0000] {dag.py:4180} INFO - Setting next_dagrun for keycloak_setup to None, run_after=None
[2026-04-02T12:17:26.367+0000] {processor.py:208} INFO - Processing /opt/airflow/dags/keycloak/setup_keycloak.py took 0.123 seconds
[2026-04-02T12:17:56.494+0000] {processor.py:186} INFO - Started process (PID=4897) to work on /opt/airflow/dags/keycloak/setup_keycloak.py
[2026-04-02T12:17:56.495+0000] {processor.py:914} INFO - Processing file /opt/airflow/dags/keycloak/setup_keycloak.py for tasks to queue
[2026-04-02T12:17:56.497+0000] {logging_mixin.py:190} INFO - [2026-04-02T12:17:56.496+0000] {dagbag.py:588} INFO - Filling up the DagBag from /opt/airflow/dags/keycloak/setup_keycloak.py
[2026-04-02T12:17:56.504+0000] {processor.py:925} INFO - DAG(s) 'keycloak_setup' retrieved from /opt/airflow/dags/keycloak/setup_keycloak.py
[2026-04-02T12:17:56.525+0000] {logging_mixin.py:190} INFO - [2026-04-02T12:17:56.525+0000] {dag.py:3239} INFO - Sync 1 DAGs
[2026-04-02T12:17:56.536+0000] {logging_mixin.py:190} INFO - [2026-04-02T12:17:56.536+0000] {dag.py:4180} INFO - Setting next_dagrun for keycloak_setup to None, run_after=None
[2026-04-02T12:17:56.550+0000] {processor.py:208} INFO - Processing /opt/airflow/dags/keycloak/setup_keycloak.py took 0.061 seconds
[2026-04-02T12:18:26.754+0000] {processor.py:186} INFO - Started process (PID=4907) to work on /opt/airflow/dags/keycloak/setup_keycloak.py
[2026-04-02T12:18:26.755+0000] {processor.py:914} INFO - Processing file /opt/airflow/dags/keycloak/setup_keycloak.py for tasks to queue
[2026-04-02T12:18:26.757+0000] {logging_mixin.py:190} INFO - [2026-04-02T12:18:26.757+0000] {dagbag.py:588} INFO - Filling up the DagBag from /opt/airflow/dags/keycloak/setup_keycloak.py
[2026-04-02T12:18:26.765+0000] {processor.py:925} INFO - DAG(s) 'keycloak_setup' retrieved from /opt/airflow/dags/keycloak/setup_keycloak.py
[2026-04-02T12:18:26.787+0000] {logging_mixin.py:190} INFO - [2026-04-02T12:18:26.786+0000] {dag.py:3239} INFO - Sync 1 DAGs
[2026-04-02T12:18:26.797+0000] {logging_mixin.py:190} INFO - [2026-04-02T12:18:26.797+0000] {dag.py:4180} INFO - Setting next_dagrun for keycloak_setup to None, run_after=None
[2026-04-02T12:18:26.813+0000] {processor.py:208} INFO - Processing /opt/airflow/dags/keycloak/setup_keycloak.py took 0.064 seconds
[2026-04-02T12:18:57.045+0000] {processor.py:186} INFO - Started process (PID=4917) to work on /opt/airflow/dags/keycloak/setup_keycloak.py
[2026-04-02T12:18:57.063+0000] {processor.py:914} INFO - Processing file /opt/airflow/dags/keycloak/setup_keycloak.py for tasks to queue
[2026-04-02T12:18:57.065+0000] {logging_mixin.py:190} INFO - [2026-04-02T12:18:57.065+0000] {dagbag.py:588} INFO - Filling up the DagBag from /opt/airflow/dags/keycloak/setup_keycloak.py
[2026-04-02T12:18:57.073+0000] {processor.py:925} INFO - DAG(s) 'keycloak_setup' retrieved from /opt/airflow/dags/keycloak/setup_keycloak.py
[2026-04-02T12:18:57.094+0000] {logging_mixin.py:190} INFO - [2026-04-02T12:18:57.094+0000] {dag.py:3239} INFO - Sync 1 DAGs
[2026-04-02T12:18:57.105+0000] {logging_mixin.py:190} INFO - [2026-04-02T12:18:57.105+0000] {dag.py:4180} INFO - Setting next_dagrun for keycloak_setup to None, run_after=None
[2026-04-02T12:18:57.120+0000] {processor.py:208} INFO - Processing /opt/airflow/dags/keycloak/setup_keycloak.py took 0.079 seconds
[2026-04-02T12:19:27.333+0000] {processor.py:186} INFO - Started process (PID=4927) to work on /opt/airflow/dags/keycloak/setup_keycloak.py
[2026-04-02T12:19:27.334+0000] {processor.py:914} INFO - Processing file /opt/airflow/dags/keycloak/setup_keycloak.py for tasks to queue
[2026-04-02T12:19:27.335+0000] {logging_mixin.py:190} INFO - [2026-04-02T12:19:27.335+0000] {dagbag.py:588} INFO - Filling up the DagBag from /opt/airflow/dags/keycloak/setup_keycloak.py
[2026-04-02T12:19:27.343+0000] {processor.py:925} INFO - DAG(s) 'keycloak_setup' retrieved from /opt/airflow/dags/keycloak/setup_keycloak.py
[2026-04-02T12:19:27.363+0000] {logging_mixin.py:190} INFO - [2026-04-02T12:19:27.363+0000] {dag.py:3239} INFO - Sync 1 DAGs
[2026-04-02T12:19:27.373+0000] {logging_mixin.py:190} INFO - [2026-04-02T12:19:27.373+0000] {dag.py:4180} INFO - Setting next_dagrun for keycloak_setup to None, run_after=None
[2026-04-02T12:19:27.387+0000] {processor.py:208} INFO - Processing /opt/airflow/dags/keycloak/setup_keycloak.py took 0.058 seconds
[2026-04-02T12:19:57.613+0000] {processor.py:186} INFO - Started process (PID=4937) to work on /opt/airflow/dags/keycloak/setup_keycloak.py
[2026-04-02T12:19:57.614+0000] {processor.py:914} INFO - Processing file /opt/airflow/dags/keycloak/setup_keycloak.py for tasks to queue
[2026-04-02T12:19:57.616+0000] {logging_mixin.py:190} INFO - [2026-04-02T12:19:57.616+0000] {dagbag.py:588} INFO - Filling up the DagBag from /opt/airflow/dags/keycloak/setup_keycloak.py
[2026-04-02T12:19:57.623+0000] {processor.py:925} INFO - DAG(s) 'keycloak_setup' retrieved from /opt/airflow/dags/keycloak/setup_keycloak.py
[2026-04-02T12:19:57.647+0000] {logging_mixin.py:190} INFO - [2026-04-02T12:19:57.647+0000] {dag.py:3239} INFO - Sync 1 DAGs
[2026-04-02T12:19:57.658+0000] {logging_mixin.py:190} INFO - [2026-04-02T12:19:57.658+0000] {dag.py:4180} INFO - Setting next_dagrun for keycloak_setup to None, run_after=None
[2026-04-02T12:19:57.672+0000] {processor.py:208} INFO - Processing /opt/airflow/dags/keycloak/setup_keycloak.py took 0.063 seconds
[2026-04-02T12:20:27.897+0000] {processor.py:186} INFO - Started process (PID=4947) to work on /opt/airflow/dags/keycloak/setup_keycloak.py
[2026-04-02T12:20:27.897+0000] {processor.py:914} INFO - Processing file /opt/airflow/dags/keycloak/setup_keycloak.py for tasks to queue
[2026-04-02T12:20:27.899+0000] {logging_mixin.py:190} INFO - [2026-04-02T12:20:27.899+0000] {dagbag.py:588} INFO - Filling up the DagBag from /opt/airflow/dags/keycloak/setup_keycloak.py
[2026-04-02T12:20:27.911+0000] {processor.py:925} INFO - DAG(s) 'keycloak_setup' retrieved from /opt/airflow/dags/keycloak/setup_keycloak.py
[2026-04-02T12:20:27.939+0000] {logging_mixin.py:190} INFO - [2026-04-02T12:20:27.938+0000] {dag.py:3239} INFO - Sync 1 DAGs
[2026-04-02T12:20:27.949+0000] {logging_mixin.py:190} INFO - [2026-04-02T12:20:27.949+0000] {dag.py:4180} INFO - Setting next_dagrun for keycloak_setup to None, run_after=None
[2026-04-02T12:20:27.964+0000] {processor.py:208} INFO - Processing /opt/airflow/dags/keycloak/setup_keycloak.py took 0.072 seconds
[2026-04-02T12:20:58.210+0000] {processor.py:186} INFO - Started process (PID=4957) to work on /opt/airflow/dags/keycloak/setup_keycloak.py
[2026-04-02T12:20:58.222+0000] {processor.py:914} INFO - Processing file /opt/airflow/dags/keycloak/setup_keycloak.py for tasks to queue
[2026-04-02T12:20:58.224+0000] {logging_mixin.py:190} INFO - [2026-04-02T12:20:58.224+0000] {dagbag.py:588} INFO - Filling up the DagBag from /opt/airflow/dags/keycloak/setup_keycloak.py
[2026-04-02T12:20:58.232+0000] {processor.py:925} INFO - DAG(s) 'keycloak_setup' retrieved from /opt/airflow/dags/keycloak/setup_keycloak.py
[2026-04-02T12:20:58.255+0000] {logging_mixin.py:190} INFO - [2026-04-02T12:20:58.255+0000] {dag.py:3239} INFO - Sync 1 DAGs
[2026-04-02T12:20:58.267+0000] {logging_mixin.py:190} INFO - [2026-04-02T12:20:58.266+0000] {dag.py:4180} INFO - Setting next_dagrun for keycloak_setup to None, run_after=None
[2026-04-02T12:20:58.281+0000] {processor.py:208} INFO - Processing /opt/airflow/dags/keycloak/setup_keycloak.py took 0.076 seconds
[2026-04-02T12:21:28.537+0000] {processor.py:186} INFO - Started process (PID=4967) to work on /opt/airflow/dags/keycloak/setup_keycloak.py
[2026-04-02T12:21:28.537+0000] {processor.py:914} INFO - Processing file /opt/airflow/dags/keycloak/setup_keycloak.py for tasks to queue
[2026-04-02T12:21:28.539+0000] {logging_mixin.py:190} INFO - [2026-04-02T12:21:28.539+0000] {dagbag.py:588} INFO - Filling up the DagBag from /opt/airflow/dags/keycloak/setup_keycloak.py
[2026-04-02T12:21:28.546+0000] {processor.py:925} INFO - DAG(s) 'keycloak_setup' retrieved from /opt/airflow/dags/keycloak/setup_keycloak.py
[2026-04-02T12:21:28.569+0000] {logging_mixin.py:190} INFO - [2026-04-02T12:21:28.569+0000] {dag.py:3239} INFO - Sync 1 DAGs
[2026-04-02T12:21:28.582+0000] {logging_mixin.py:190} INFO - [2026-04-02T12:21:28.581+0000] {dag.py:4180} INFO - Setting next_dagrun for keycloak_setup to None, run_after=None
[2026-04-02T12:21:28.600+0000] {processor.py:208} INFO - Processing /opt/airflow/dags/keycloak/setup_keycloak.py took 0.068 seconds
[2026-04-02T12:21:58.814+0000] {processor.py:186} INFO - Started process (PID=4977) to work on /opt/airflow/dags/keycloak/setup_keycloak.py
[2026-04-02T12:21:58.824+0000] {processor.py:914} INFO - Processing file /opt/airflow/dags/keycloak/setup_keycloak.py for tasks to queue
[2026-04-02T12:21:58.826+0000] {logging_mixin.py:190} INFO - [2026-04-02T12:21:58.825+0000] {dagbag.py:588} INFO - Filling up the DagBag from /opt/airflow/dags/keycloak/setup_keycloak.py
[2026-04-02T12:21:58.833+0000] {processor.py:925} INFO - DAG(s) 'keycloak_setup' retrieved from /opt/airflow/dags/keycloak/setup_keycloak.py
[2026-04-02T12:21:58.858+0000] {logging_mixin.py:190} INFO - [2026-04-02T12:21:58.858+0000] {dag.py:3239} INFO - Sync 1 DAGs
[2026-04-02T12:21:58.869+0000] {logging_mixin.py:190} INFO - [2026-04-02T12:21:58.869+0000] {dag.py:4180} INFO - Setting next_dagrun for keycloak_setup to None, run_after=None
[2026-04-02T12:21:58.883+0000] {processor.py:208} INFO - Processing /opt/airflow/dags/keycloak/setup_keycloak.py took 0.074 seconds
[2026-04-02T12:22:29.098+0000] {processor.py:186} INFO - Started process (PID=4987) to work on /opt/airflow/dags/keycloak/setup_keycloak.py
[2026-04-02T12:22:29.099+0000] {processor.py:914} INFO - Processing file /opt/airflow/dags/keycloak/setup_keycloak.py for tasks to queue
[2026-04-02T12:22:29.101+0000] {logging_mixin.py:190} INFO - [2026-04-02T12:22:29.100+0000] {dagbag.py:588} INFO - Filling up the DagBag from /opt/airflow/dags/keycloak/setup_keycloak.py
[2026-04-02T12:22:29.108+0000] {processor.py:925} INFO - DAG(s) 'keycloak_setup' retrieved from /opt/airflow/dags/keycloak/setup_keycloak.py
[2026-04-02T12:22:29.130+0000] {logging_mixin.py:190} INFO - [2026-04-02T12:22:29.129+0000] {dag.py:3239} INFO - Sync 1 DAGs
[2026-04-02T12:22:29.141+0000] {logging_mixin.py:190} INFO - [2026-04-02T12:22:29.141+0000] {dag.py:4180} INFO - Setting next_dagrun for keycloak_setup to None, run_after=None
[2026-04-02T12:22:29.159+0000] {processor.py:208} INFO - Processing /opt/airflow/dags/keycloak/setup_keycloak.py took 0.065 seconds
[2026-04-02T12:22:59.370+0000] {processor.py:186} INFO - Started process (PID=4997) to work on /opt/airflow/dags/keycloak/setup_keycloak.py
[2026-04-02T12:22:59.371+0000] {processor.py:914} INFO - Processing file /opt/airflow/dags/keycloak/setup_keycloak.py for tasks to queue
[2026-04-02T12:22:59.373+0000] {logging_mixin.py:190} INFO - [2026-04-02T12:22:59.373+0000] {dagbag.py:588} INFO - Filling up the DagBag from /opt/airflow/dags/keycloak/setup_keycloak.py
[2026-04-02T12:22:59.380+0000] {processor.py:925} INFO - DAG(s) 'keycloak_setup' retrieved from /opt/airflow/dags/keycloak/setup_keycloak.py
[2026-04-02T12:22:59.402+0000] {logging_mixin.py:190} INFO - [2026-04-02T12:22:59.402+0000] {dag.py:3239} INFO - Sync 1 DAGs
[2026-04-02T12:22:59.413+0000] {logging_mixin.py:190} INFO - [2026-04-02T12:22:59.412+0000] {dag.py:4180} INFO - Setting next_dagrun for keycloak_setup to None, run_after=None
[2026-04-02T12:22:59.425+0000] {processor.py:208} INFO - Processing /opt/airflow/dags/keycloak/setup_keycloak.py took 0.060 seconds
[2026-04-02T12:23:29.631+0000] {processor.py:186} INFO - Started process (PID=5007) to work on /opt/airflow/dags/keycloak/setup_keycloak.py
[2026-04-02T12:23:29.632+0000] {processor.py:914} INFO - Processing file /opt/airflow/dags/keycloak/setup_keycloak.py for tasks to queue
[2026-04-02T12:23:29.634+0000] {logging_mixin.py:190} INFO - [2026-04-02T12:23:29.633+0000] {dagbag.py:588} INFO - Filling up the DagBag from /opt/airflow/dags/keycloak/setup_keycloak.py
[2026-04-02T12:23:29.642+0000] {processor.py:925} INFO - DAG(s) 'keycloak_setup' retrieved from /opt/airflow/dags/keycloak/setup_keycloak.py
[2026-04-02T12:23:29.664+0000] {logging_mixin.py:190} INFO - [2026-04-02T12:23:29.664+0000] {dag.py:3239} INFO - Sync 1 DAGs
[2026-04-02T12:23:29.675+0000] {logging_mixin.py:190} INFO - [2026-04-02T12:23:29.675+0000] {dag.py:4180} INFO - Setting next_dagrun for keycloak_setup to None, run_after=None
[2026-04-02T12:23:29.689+0000] {processor.py:208} INFO - Processing /opt/airflow/dags/keycloak/setup_keycloak.py took 0.062 seconds
[2026-04-02T12:23:59.883+0000] {processor.py:186} INFO - Started process (PID=5017) to work on /opt/airflow/dags/keycloak/setup_keycloak.py
[2026-04-02T12:23:59.885+0000] {processor.py:914} INFO - Processing file /opt/airflow/dags/keycloak/setup_keycloak.py for tasks to queue
[2026-04-02T12:23:59.887+0000] {logging_mixin.py:190} INFO - [2026-04-02T12:23:59.886+0000] {dagbag.py:588} INFO - Filling up the DagBag from /opt/airflow/dags/keycloak/setup_keycloak.py
[2026-04-02T12:23:59.894+0000] {processor.py:925} INFO - DAG(s) 'keycloak_setup' retrieved from /opt/airflow/dags/keycloak/setup_keycloak.py
[2026-04-02T12:23:59.915+0000] {logging_mixin.py:190} INFO - [2026-04-02T12:23:59.914+0000] {dag.py:3239} INFO - Sync 1 DAGs
[2026-04-02T12:23:59.925+0000] {logging_mixin.py:190} INFO - [2026-04-02T12:23:59.925+0000] {dag.py:4180} INFO - Setting next_dagrun for keycloak_setup to None, run_after=None
[2026-04-02T12:23:59.939+0000] {processor.py:208} INFO - Processing /opt/airflow/dags/keycloak/setup_keycloak.py took 0.060 seconds
[2026-04-02T12:24:30.162+0000] {processor.py:186} INFO - Started process (PID=5027) to work on /opt/airflow/dags/keycloak/setup_keycloak.py
[2026-04-02T12:24:30.163+0000] {processor.py:914} INFO - Processing file /opt/airflow/dags/keycloak/setup_keycloak.py for tasks to queue
[2026-04-02T12:24:30.164+0000] {logging_mixin.py:190} INFO - [2026-04-02T12:24:30.164+0000] {dagbag.py:588} INFO - Filling up the DagBag from /opt/airflow/dags/keycloak/setup_keycloak.py
[2026-04-02T12:24:30.177+0000] {processor.py:925} INFO - DAG(s) 'keycloak_setup' retrieved from /opt/airflow/dags/keycloak/setup_keycloak.py
[2026-04-02T12:24:30.205+0000] {logging_mixin.py:190} INFO - [2026-04-02T12:24:30.204+0000] {dag.py:3239} INFO - Sync 1 DAGs
[2026-04-02T12:24:30.216+0000] {logging_mixin.py:190} INFO - [2026-04-02T12:24:30.216+0000] {dag.py:4180} INFO - Setting next_dagrun for keycloak_setup to None, run_after=None
[2026-04-02T12:24:30.231+0000] {processor.py:208} INFO - Processing /opt/airflow/dags/keycloak/setup_keycloak.py took 0.074 seconds
[2026-04-02T12:25:00.455+0000] {processor.py:186} INFO - Started process (PID=5037) to work on /opt/airflow/dags/keycloak/setup_keycloak.py
[2026-04-02T12:25:00.456+0000] {processor.py:914} INFO - Processing file /opt/airflow/dags/keycloak/setup_keycloak.py for tasks to queue
[2026-04-02T12:25:00.458+0000] {logging_mixin.py:190} INFO - [2026-04-02T12:25:00.458+0000] {dagbag.py:588} INFO - Filling up the DagBag from /opt/airflow/dags/keycloak/setup_keycloak.py
[2026-04-02T12:25:00.465+0000] {processor.py:925} INFO - DAG(s) 'keycloak_setup' retrieved from /opt/airflow/dags/keycloak/setup_keycloak.py
[2026-04-02T12:25:00.488+0000] {logging_mixin.py:190} INFO - [2026-04-02T12:25:00.488+0000] {dag.py:3239} INFO - Sync 1 DAGs
[2026-04-02T12:25:00.499+0000] {logging_mixin.py:190} INFO - [2026-04-02T12:25:00.498+0000] {dag.py:4180} INFO - Setting next_dagrun for keycloak_setup to None, run_after=None
[2026-04-02T12:25:00.512+0000] {processor.py:208} INFO - Processing /opt/airflow/dags/keycloak/setup_keycloak.py took 0.062 seconds
[2026-04-02T12:25:30.769+0000] {processor.py:186} INFO - Started process (PID=5047) to work on /opt/airflow/dags/keycloak/setup_keycloak.py
[2026-04-02T12:25:30.769+0000] {processor.py:914} INFO - Processing file /opt/airflow/dags/keycloak/setup_keycloak.py for tasks to queue
[2026-04-02T12:25:30.772+0000] {logging_mixin.py:190} INFO - [2026-04-02T12:25:30.771+0000] {dagbag.py:588} INFO - Filling up the DagBag from /opt/airflow/dags/keycloak/setup_keycloak.py
[2026-04-02T12:25:30.780+0000] {processor.py:925} INFO - DAG(s) 'keycloak_setup' retrieved from /opt/airflow/dags/keycloak/setup_keycloak.py
[2026-04-02T12:25:30.810+0000] {logging_mixin.py:190} INFO - [2026-04-02T12:25:30.810+0000] {dag.py:3239} INFO - Sync 1 DAGs
[2026-04-02T12:25:30.821+0000] {logging_mixin.py:190} INFO - [2026-04-02T12:25:30.821+0000] {dag.py:4180} INFO - Setting next_dagrun for keycloak_setup to None, run_after=None
[2026-04-02T12:25:30.835+0000] {processor.py:208} INFO - Processing /opt/airflow/dags/keycloak/setup_keycloak.py took 0.071 seconds
[2026-04-02T12:26:01.051+0000] {processor.py:186} INFO - Started process (PID=5057) to work on /opt/airflow/dags/keycloak/setup_keycloak.py
[2026-04-02T12:26:01.068+0000] {processor.py:914} INFO - Processing file /opt/airflow/dags/keycloak/setup_keycloak.py for tasks to queue
[2026-04-02T12:26:01.070+0000] {logging_mixin.py:190} INFO - [2026-04-02T12:26:01.070+0000] {dagbag.py:588} INFO - Filling up the DagBag from /opt/airflow/dags/keycloak/setup_keycloak.py
[2026-04-02T12:26:01.079+0000] {processor.py:925} INFO - DAG(s) 'keycloak_setup' retrieved from /opt/airflow/dags/keycloak/setup_keycloak.py
[2026-04-02T12:26:01.104+0000] {logging_mixin.py:190} INFO - [2026-04-02T12:26:01.103+0000] {dag.py:3239} INFO - Sync 1 DAGs
[2026-04-02T12:26:01.115+0000] {logging_mixin.py:190} INFO - [2026-04-02T12:26:01.115+0000] {dag.py:4180} INFO - Setting next_dagrun for keycloak_setup to None, run_after=None
[2026-04-02T12:26:01.131+0000] {processor.py:208} INFO - Processing /opt/airflow/dags/keycloak/setup_keycloak.py took 0.085 seconds
[2026-04-02T12:26:31.355+0000] {processor.py:186} INFO - Started process (PID=5067) to work on /opt/airflow/dags/keycloak/setup_keycloak.py
[2026-04-02T12:26:31.356+0000] {processor.py:914} INFO - Processing file /opt/airflow/dags/keycloak/setup_keycloak.py for tasks to queue
[2026-04-02T12:26:31.357+0000] {logging_mixin.py:190} INFO - [2026-04-02T12:26:31.357+0000] {dagbag.py:588} INFO - Filling up the DagBag from /opt/airflow/dags/keycloak/setup_keycloak.py
[2026-04-02T12:26:31.369+0000] {processor.py:925} INFO - DAG(s) 'keycloak_setup' retrieved from /opt/airflow/dags/keycloak/setup_keycloak.py
[2026-04-02T12:26:31.395+0000] {logging_mixin.py:190} INFO - [2026-04-02T12:26:31.395+0000] {dag.py:3239} INFO - Sync 1 DAGs
[2026-04-02T12:26:31.405+0000] {logging_mixin.py:190} INFO - [2026-04-02T12:26:31.404+0000] {dag.py:4180} INFO - Setting next_dagrun for keycloak_setup to None, run_after=None
[2026-04-02T12:26:31.417+0000] {processor.py:208} INFO - Processing /opt/airflow/dags/keycloak/setup_keycloak.py took 0.067 seconds
[2026-04-02T12:27:01.636+0000] {processor.py:186} INFO - Started process (PID=5077) to work on /opt/airflow/dags/keycloak/setup_keycloak.py
[2026-04-02T12:27:01.654+0000] {processor.py:914} INFO - Processing file /opt/airflow/dags/keycloak/setup_keycloak.py for tasks to queue
[2026-04-02T12:27:01.656+0000] {logging_mixin.py:190} INFO - [2026-04-02T12:27:01.656+0000] {dagbag.py:588} INFO - Filling up the DagBag from /opt/airflow/dags/keycloak/setup_keycloak.py
[2026-04-02T12:27:01.664+0000] {processor.py:925} INFO - DAG(s) 'keycloak_setup' retrieved from /opt/airflow/dags/keycloak/setup_keycloak.py
[2026-04-02T12:27:01.692+0000] {logging_mixin.py:190} INFO - [2026-04-02T12:27:01.692+0000] {dag.py:3239} INFO - Sync 1 DAGs
[2026-04-02T12:27:01.703+0000] {logging_mixin.py:190} INFO - [2026-04-02T12:27:01.703+0000] {dag.py:4180} INFO - Setting next_dagrun for keycloak_setup to None, run_after=None
[2026-04-02T12:27:01.719+0000] {processor.py:208} INFO - Processing /opt/airflow/dags/keycloak/setup_keycloak.py took 0.088 seconds
[2026-04-02T12:27:31.831+0000] {processor.py:186} INFO - Started process (PID=5087) to work on /opt/airflow/dags/keycloak/setup_keycloak.py
[2026-04-02T12:27:31.832+0000] {processor.py:914} INFO - Processing file /opt/airflow/dags/keycloak/setup_keycloak.py for tasks to queue
[2026-04-02T12:27:31.834+0000] {logging_mixin.py:190} INFO - [2026-04-02T12:27:31.834+0000] {dagbag.py:588} INFO - Filling up the DagBag from /opt/airflow/dags/keycloak/setup_keycloak.py
[2026-04-02T12:27:31.845+0000] {processor.py:925} INFO - DAG(s) 'keycloak_setup' retrieved from /opt/airflow/dags/keycloak/setup_keycloak.py
[2026-04-02T12:27:31.870+0000] {logging_mixin.py:190} INFO - [2026-04-02T12:27:31.870+0000] {dag.py:3239} INFO - Sync 1 DAGs
[2026-04-02T12:27:31.882+0000] {logging_mixin.py:190} INFO - [2026-04-02T12:27:31.881+0000] {dag.py:4180} INFO - Setting next_dagrun for keycloak_setup to None, run_after=None
[2026-04-02T12:27:31.901+0000] {processor.py:208} INFO - Processing /opt/airflow/dags/keycloak/setup_keycloak.py took 0.075 seconds
[2026-04-02T12:28:02.117+0000] {processor.py:186} INFO - Started process (PID=5097) to work on /opt/airflow/dags/keycloak/setup_keycloak.py
[2026-04-02T12:28:02.118+0000] {processor.py:914} INFO - Processing file /opt/airflow/dags/keycloak/setup_keycloak.py for tasks to queue
[2026-04-02T12:28:02.120+0000] {logging_mixin.py:190} INFO - [2026-04-02T12:28:02.120+0000] {dagbag.py:588} INFO - Filling up the DagBag from /opt/airflow/dags/keycloak/setup_keycloak.py
[2026-04-02T12:28:02.128+0000] {processor.py:925} INFO - DAG(s) 'keycloak_setup' retrieved from /opt/airflow/dags/keycloak/setup_keycloak.py
[2026-04-02T12:28:02.151+0000] {logging_mixin.py:190} INFO - [2026-04-02T12:28:02.150+0000] {dag.py:3239} INFO - Sync 1 DAGs
[2026-04-02T12:28:02.162+0000] {logging_mixin.py:190} INFO - [2026-04-02T12:28:02.161+0000] {dag.py:4180} INFO - Setting next_dagrun for keycloak_setup to None, run_after=None
[2026-04-02T12:28:02.176+0000] {processor.py:208} INFO - Processing /opt/airflow/dags/keycloak/setup_keycloak.py took 0.063 seconds
[2026-04-02T12:28:32.399+0000] {processor.py:186} INFO - Started process (PID=5107) to work on /opt/airflow/dags/keycloak/setup_keycloak.py
[2026-04-02T12:28:32.399+0000] {processor.py:914} INFO - Processing file /opt/airflow/dags/keycloak/setup_keycloak.py for tasks to queue
[2026-04-02T12:28:32.401+0000] {logging_mixin.py:190} INFO - [2026-04-02T12:28:32.401+0000] {dagbag.py:588} INFO - Filling up the DagBag from /opt/airflow/dags/keycloak/setup_keycloak.py
[2026-04-02T12:28:32.414+0000] {processor.py:925} INFO - DAG(s) 'keycloak_setup' retrieved from /opt/airflow/dags/keycloak/setup_keycloak.py
[2026-04-02T12:28:32.440+0000] {logging_mixin.py:190} INFO - [2026-04-02T12:28:32.440+0000] {dag.py:3239} INFO - Sync 1 DAGs
[2026-04-02T12:28:32.450+0000] {logging_mixin.py:190} INFO - [2026-04-02T12:28:32.450+0000] {dag.py:4180} INFO - Setting next_dagrun for keycloak_setup to None, run_after=None
[2026-04-02T12:28:32.464+0000] {processor.py:208} INFO - Processing /opt/airflow/dags/keycloak/setup_keycloak.py took 0.071 seconds
[2026-04-02T12:29:02.699+0000] {processor.py:186} INFO - Started process (PID=5117) to work on /opt/airflow/dags/keycloak/setup_keycloak.py
[2026-04-02T12:29:02.700+0000] {processor.py:914} INFO - Processing file /opt/airflow/dags/keycloak/setup_keycloak.py for tasks to queue
[2026-04-02T12:29:02.702+0000] {logging_mixin.py:190} INFO - [2026-04-02T12:29:02.701+0000] {dagbag.py:588} INFO - Filling up the DagBag from /opt/airflow/dags/keycloak/setup_keycloak.py
[2026-04-02T12:29:02.710+0000] {processor.py:925} INFO - DAG(s) 'keycloak_setup' retrieved from /opt/airflow/dags/keycloak/setup_keycloak.py
[2026-04-02T12:29:02.731+0000] {logging_mixin.py:190} INFO - [2026-04-02T12:29:02.731+0000] {dag.py:3239} INFO - Sync 1 DAGs
[2026-04-02T12:29:02.742+0000] {logging_mixin.py:190} INFO - [2026-04-02T12:29:02.742+0000] {dag.py:4180} INFO - Setting next_dagrun for keycloak_setup to None, run_after=None
[2026-04-02T12:29:02.756+0000] {processor.py:208} INFO - Processing /opt/airflow/dags/keycloak/setup_keycloak.py took 0.062 seconds
[2026-04-02T12:29:32.985+0000] {processor.py:186} INFO - Started process (PID=5127) to work on /opt/airflow/dags/keycloak/setup_keycloak.py
[2026-04-02T12:29:32.986+0000] {processor.py:914} INFO - Processing file /opt/airflow/dags/keycloak/setup_keycloak.py for tasks to queue
[2026-04-02T12:29:32.988+0000] {logging_mixin.py:190} INFO - [2026-04-02T12:29:32.988+0000] {dagbag.py:588} INFO - Filling up the DagBag from /opt/airflow/dags/keycloak/setup_keycloak.py
[2026-04-02T12:29:32.996+0000] {processor.py:925} INFO - DAG(s) 'keycloak_setup' retrieved from /opt/airflow/dags/keycloak/setup_keycloak.py
[2026-04-02T12:29:33.022+0000] {logging_mixin.py:190} INFO - [2026-04-02T12:29:33.021+0000] {dag.py:3239} INFO - Sync 1 DAGs
[2026-04-02T12:29:33.032+0000] {logging_mixin.py:190} INFO - [2026-04-02T12:29:33.032+0000] {dag.py:4180} INFO - Setting next_dagrun for keycloak_setup to None, run_after=None
[2026-04-02T12:29:33.046+0000] {processor.py:208} INFO - Processing /opt/airflow/dags/keycloak/setup_keycloak.py took 0.066 seconds
[2026-04-02T12:30:03.246+0000] {processor.py:186} INFO - Started process (PID=5137) to work on /opt/airflow/dags/keycloak/setup_keycloak.py
[2026-04-02T12:30:03.263+0000] {processor.py:914} INFO - Processing file /opt/airflow/dags/keycloak/setup_keycloak.py for tasks to queue
[2026-04-02T12:30:03.265+0000] {logging_mixin.py:190} INFO - [2026-04-02T12:30:03.265+0000] {dagbag.py:588} INFO - Filling up the DagBag from /opt/airflow/dags/keycloak/setup_keycloak.py
[2026-04-02T12:30:03.272+0000] {processor.py:925} INFO - DAG(s) 'keycloak_setup' retrieved from /opt/airflow/dags/keycloak/setup_keycloak.py
[2026-04-02T12:30:03.295+0000] {logging_mixin.py:190} INFO - [2026-04-02T12:30:03.295+0000] {dag.py:3239} INFO - Sync 1 DAGs
[2026-04-02T12:30:03.307+0000] {logging_mixin.py:190} INFO - [2026-04-02T12:30:03.307+0000] {dag.py:4180} INFO - Setting next_dagrun for keycloak_setup to None, run_after=None
[2026-04-02T12:30:03.322+0000] {processor.py:208} INFO - Processing /opt/airflow/dags/keycloak/setup_keycloak.py took 0.080 seconds
[2026-04-02T12:30:33.543+0000] {processor.py:186} INFO - Started process (PID=5147) to work on /opt/airflow/dags/keycloak/setup_keycloak.py
[2026-04-02T12:30:33.544+0000] {processor.py:914} INFO - Processing file /opt/airflow/dags/keycloak/setup_keycloak.py for tasks to queue
[2026-04-02T12:30:33.546+0000] {logging_mixin.py:190} INFO - [2026-04-02T12:30:33.545+0000] {dagbag.py:588} INFO - Filling up the DagBag from /opt/airflow/dags/keycloak/setup_keycloak.py
[2026-04-02T12:30:33.553+0000] {processor.py:925} INFO - DAG(s) 'keycloak_setup' retrieved from /opt/airflow/dags/keycloak/setup_keycloak.py
[2026-04-02T12:30:33.576+0000] {logging_mixin.py:190} INFO - [2026-04-02T12:30:33.576+0000] {dag.py:3239} INFO - Sync 1 DAGs
[2026-04-02T12:30:33.587+0000] {logging_mixin.py:190} INFO - [2026-04-02T12:30:33.586+0000] {dag.py:4180} INFO - Setting next_dagrun for keycloak_setup to None, run_after=None
[2026-04-02T12:30:33.601+0000] {processor.py:208} INFO - Processing /opt/airflow/dags/keycloak/setup_keycloak.py took 0.062 seconds
[2026-04-02T12:31:03.797+0000] {processor.py:186} INFO - Started process (PID=5157) to work on /opt/airflow/dags/keycloak/setup_keycloak.py
[2026-04-02T12:31:03.798+0000] {processor.py:914} INFO - Processing file /opt/airflow/dags/keycloak/setup_keycloak.py for tasks to queue
[2026-04-02T12:31:03.799+0000] {logging_mixin.py:190} INFO - [2026-04-02T12:31:03.799+0000] {dagbag.py:588} INFO - Filling up the DagBag from /opt/airflow/dags/keycloak/setup_keycloak.py
[2026-04-02T12:31:03.808+0000] {processor.py:925} INFO - DAG(s) 'keycloak_setup' retrieved from /opt/airflow/dags/keycloak/setup_keycloak.py
[2026-04-02T12:31:03.834+0000] {logging_mixin.py:190} INFO - [2026-04-02T12:31:03.834+0000] {dag.py:3239} INFO - Sync 1 DAGs
[2026-04-02T12:31:03.846+0000] {logging_mixin.py:190} INFO - [2026-04-02T12:31:03.845+0000] {dag.py:4180} INFO - Setting next_dagrun for keycloak_setup to None, run_after=None
[2026-04-02T12:31:03.860+0000] {processor.py:208} INFO - Processing /opt/airflow/dags/keycloak/setup_keycloak.py took 0.068 seconds
[2026-04-02T12:31:34.074+0000] {processor.py:186} INFO - Started process (PID=5167) to work on /opt/airflow/dags/keycloak/setup_keycloak.py
[2026-04-02T12:31:34.075+0000] {processor.py:914} INFO - Processing file /opt/airflow/dags/keycloak/setup_keycloak.py for tasks to queue
[2026-04-02T12:31:34.076+0000] {logging_mixin.py:190} INFO - [2026-04-02T12:31:34.076+0000] {dagbag.py:588} INFO - Filling up the DagBag from /opt/airflow/dags/keycloak/setup_keycloak.py
[2026-04-02T12:31:34.088+0000] {processor.py:925} INFO - DAG(s) 'keycloak_setup' retrieved from /opt/airflow/dags/keycloak/setup_keycloak.py
[2026-04-02T12:31:34.117+0000] {logging_mixin.py:190} INFO - [2026-04-02T12:31:34.117+0000] {dag.py:3239} INFO - Sync 1 DAGs
[2026-04-02T12:31:34.128+0000] {logging_mixin.py:190} INFO - [2026-04-02T12:31:34.128+0000] {dag.py:4180} INFO - Setting next_dagrun for keycloak_setup to None, run_after=None
[2026-04-02T12:31:34.145+0000] {processor.py:208} INFO - Processing /opt/airflow/dags/keycloak/setup_keycloak.py took 0.076 seconds
[2026-04-02T12:32:04.373+0000] {processor.py:186} INFO - Started process (PID=5177) to work on /opt/airflow/dags/keycloak/setup_keycloak.py
[2026-04-02T12:32:04.374+0000] {processor.py:914} INFO - Processing file /opt/airflow/dags/keycloak/setup_keycloak.py for tasks to queue
[2026-04-02T12:32:04.376+0000] {logging_mixin.py:190} INFO - [2026-04-02T12:32:04.376+0000] {dagbag.py:588} INFO - Filling up the DagBag from /opt/airflow/dags/keycloak/setup_keycloak.py
[2026-04-02T12:32:04.383+0000] {processor.py:925} INFO - DAG(s) 'keycloak_setup' retrieved from /opt/airflow/dags/keycloak/setup_keycloak.py
[2026-04-02T12:32:04.406+0000] {logging_mixin.py:190} INFO - [2026-04-02T12:32:04.406+0000] {dag.py:3239} INFO - Sync 1 DAGs
[2026-04-02T12:32:04.416+0000] {logging_mixin.py:190} INFO - [2026-04-02T12:32:04.416+0000] {dag.py:4180} INFO - Setting next_dagrun for keycloak_setup to None, run_after=None
[2026-04-02T12:32:04.430+0000] {processor.py:208} INFO - Processing /opt/airflow/dags/keycloak/setup_keycloak.py took 0.061 seconds
[2026-04-02T12:32:34.677+0000] {processor.py:186} INFO - Started process (PID=5187) to work on /opt/airflow/dags/keycloak/setup_keycloak.py
[2026-04-02T12:32:34.678+0000] {processor.py:914} INFO - Processing file /opt/airflow/dags/keycloak/setup_keycloak.py for tasks to queue
[2026-04-02T12:32:34.679+0000] {logging_mixin.py:190} INFO - [2026-04-02T12:32:34.679+0000] {dagbag.py:588} INFO - Filling up the DagBag from /opt/airflow/dags/keycloak/setup_keycloak.py
[2026-04-02T12:32:34.686+0000] {processor.py:925} INFO - DAG(s) 'keycloak_setup' retrieved from /opt/airflow/dags/keycloak/setup_keycloak.py
[2026-04-02T12:32:34.712+0000] {logging_mixin.py:190} INFO - [2026-04-02T12:32:34.711+0000] {dag.py:3239} INFO - Sync 1 DAGs
[2026-04-02T12:32:34.722+0000] {logging_mixin.py:190} INFO - [2026-04-02T12:32:34.722+0000] {dag.py:4180} INFO - Setting next_dagrun for keycloak_setup to None, run_after=None
[2026-04-02T12:32:34.738+0000] {processor.py:208} INFO - Processing /opt/airflow/dags/keycloak/setup_keycloak.py took 0.066 seconds
[2026-04-02T12:33:04.956+0000] {processor.py:186} INFO - Started process (PID=5197) to work on /opt/airflow/dags/keycloak/setup_keycloak.py
[2026-04-02T12:33:04.974+0000] {processor.py:914} INFO - Processing file /opt/airflow/dags/keycloak/setup_keycloak.py for tasks to queue
[2026-04-02T12:33:04.976+0000] {logging_mixin.py:190} INFO - [2026-04-02T12:33:04.976+0000] {dagbag.py:588} INFO - Filling up the DagBag from /opt/airflow/dags/keycloak/setup_keycloak.py
[2026-04-02T12:33:04.984+0000] {processor.py:925} INFO - DAG(s) 'keycloak_setup' retrieved from /opt/airflow/dags/keycloak/setup_keycloak.py
[2026-04-02T12:33:05.008+0000] {logging_mixin.py:190} INFO - [2026-04-02T12:33:05.008+0000] {dag.py:3239} INFO - Sync 1 DAGs
[2026-04-02T12:33:05.019+0000] {logging_mixin.py:190} INFO - [2026-04-02T12:33:05.019+0000] {dag.py:4180} INFO - Setting next_dagrun for keycloak_setup to None, run_after=None
[2026-04-02T12:33:05.034+0000] {processor.py:208} INFO - Processing /opt/airflow/dags/keycloak/setup_keycloak.py took 0.082 seconds
[2026-04-02T12:33:35.154+0000] {processor.py:186} INFO - Started process (PID=5207) to work on /opt/airflow/dags/keycloak/setup_keycloak.py
[2026-04-02T12:33:35.155+0000] {processor.py:914} INFO - Processing file /opt/airflow/dags/keycloak/setup_keycloak.py for tasks to queue
[2026-04-02T12:33:35.157+0000] {logging_mixin.py:190} INFO - [2026-04-02T12:33:35.157+0000] {dagbag.py:588} INFO - Filling up the DagBag from /opt/airflow/dags/keycloak/setup_keycloak.py
[2026-04-02T12:33:35.170+0000] {processor.py:925} INFO - DAG(s) 'keycloak_setup' retrieved from /opt/airflow/dags/keycloak/setup_keycloak.py
[2026-04-02T12:33:35.201+0000] {logging_mixin.py:190} INFO - [2026-04-02T12:33:35.201+0000] {dag.py:3239} INFO - Sync 1 DAGs
[2026-04-02T12:33:35.213+0000] {logging_mixin.py:190} INFO - [2026-04-02T12:33:35.212+0000] {dag.py:4180} INFO - Setting next_dagrun for keycloak_setup to None, run_after=None
[2026-04-02T12:33:35.226+0000] {processor.py:208} INFO - Processing /opt/airflow/dags/keycloak/setup_keycloak.py took 0.077 seconds
[2026-04-02T12:34:05.473+0000] {processor.py:186} INFO - Started process (PID=5217) to work on /opt/airflow/dags/keycloak/setup_keycloak.py
[2026-04-02T12:34:05.491+0000] {processor.py:914} INFO - Processing file /opt/airflow/dags/keycloak/setup_keycloak.py for tasks to queue
[2026-04-02T12:34:05.494+0000] {logging_mixin.py:190} INFO - [2026-04-02T12:34:05.493+0000] {dagbag.py:588} INFO - Filling up the DagBag from /opt/airflow/dags/keycloak/setup_keycloak.py
[2026-04-02T12:34:05.501+0000] {processor.py:925} INFO - DAG(s) 'keycloak_setup' retrieved from /opt/airflow/dags/keycloak/setup_keycloak.py
[2026-04-02T12:34:05.525+0000] {logging_mixin.py:190} INFO - [2026-04-02T12:34:05.525+0000] {dag.py:3239} INFO - Sync 1 DAGs
[2026-04-02T12:34:05.535+0000] {logging_mixin.py:190} INFO - [2026-04-02T12:34:05.535+0000] {dag.py:4180} INFO - Setting next_dagrun for keycloak_setup to None, run_after=None
[2026-04-02T12:34:05.548+0000] {processor.py:208} INFO - Processing /opt/airflow/dags/keycloak/setup_keycloak.py took 0.080 seconds
[2026-04-02T12:34:35.774+0000] {processor.py:186} INFO - Started process (PID=5227) to work on /opt/airflow/dags/keycloak/setup_keycloak.py
[2026-04-02T12:34:35.775+0000] {processor.py:914} INFO - Processing file /opt/airflow/dags/keycloak/setup_keycloak.py for tasks to queue
[2026-04-02T12:34:35.777+0000] {logging_mixin.py:190} INFO - [2026-04-02T12:34:35.776+0000] {dagbag.py:588} INFO - Filling up the DagBag from /opt/airflow/dags/keycloak/setup_keycloak.py
[2026-04-02T12:34:35.791+0000] {processor.py:925} INFO - DAG(s) 'keycloak_setup' retrieved from /opt/airflow/dags/keycloak/setup_keycloak.py
[2026-04-02T12:34:35.842+0000] {logging_mixin.py:190} INFO - [2026-04-02T12:34:35.842+0000] {dag.py:3239} INFO - Sync 1 DAGs
[2026-04-02T12:34:35.864+0000] {logging_mixin.py:190} INFO - [2026-04-02T12:34:35.864+0000] {dag.py:4180} INFO - Setting next_dagrun for keycloak_setup to None, run_after=None
[2026-04-02T12:34:35.892+0000] {processor.py:208} INFO - Processing /opt/airflow/dags/keycloak/setup_keycloak.py took 0.123 seconds
[2026-04-02T12:35:06.084+0000] {processor.py:186} INFO - Started process (PID=5237) to work on /opt/airflow/dags/keycloak/setup_keycloak.py
[2026-04-02T12:35:06.101+0000] {processor.py:914} INFO - Processing file /opt/airflow/dags/keycloak/setup_keycloak.py for tasks to queue
[2026-04-02T12:35:06.103+0000] {logging_mixin.py:190} INFO - [2026-04-02T12:35:06.103+0000] {dagbag.py:588} INFO - Filling up the DagBag from /opt/airflow/dags/keycloak/setup_keycloak.py
[2026-04-02T12:35:06.110+0000] {processor.py:925} INFO - DAG(s) 'keycloak_setup' retrieved from /opt/airflow/dags/keycloak/setup_keycloak.py
[2026-04-02T12:35:06.131+0000] {logging_mixin.py:190} INFO - [2026-04-02T12:35:06.130+0000] {dag.py:3239} INFO - Sync 1 DAGs
[2026-04-02T12:35:06.142+0000] {logging_mixin.py:190} INFO - [2026-04-02T12:35:06.141+0000] {dag.py:4180} INFO - Setting next_dagrun for keycloak_setup to None, run_after=None
[2026-04-02T12:35:06.156+0000] {processor.py:208} INFO - Processing /opt/airflow/dags/keycloak/setup_keycloak.py took 0.076 seconds
[2026-04-02T12:35:36.384+0000] {processor.py:186} INFO - Started process (PID=5247) to work on /opt/airflow/dags/keycloak/setup_keycloak.py
[2026-04-02T12:35:36.384+0000] {processor.py:914} INFO - Processing file /opt/airflow/dags/keycloak/setup_keycloak.py for tasks to queue
[2026-04-02T12:35:36.386+0000] {logging_mixin.py:190} INFO - [2026-04-02T12:35:36.386+0000] {dagbag.py:588} INFO - Filling up the DagBag from /opt/airflow/dags/keycloak/setup_keycloak.py
[2026-04-02T12:35:36.398+0000] {processor.py:925} INFO - DAG(s) 'keycloak_setup' retrieved from /opt/airflow/dags/keycloak/setup_keycloak.py
[2026-04-02T12:35:36.424+0000] {logging_mixin.py:190} INFO - [2026-04-02T12:35:36.424+0000] {dag.py:3239} INFO - Sync 1 DAGs
[2026-04-02T12:35:36.435+0000] {logging_mixin.py:190} INFO - [2026-04-02T12:35:36.435+0000] {dag.py:4180} INFO - Setting next_dagrun for keycloak_setup to None, run_after=None
[2026-04-02T12:35:36.448+0000] {processor.py:208} INFO - Processing /opt/airflow/dags/keycloak/setup_keycloak.py took 0.069 seconds
[2026-04-02T12:36:06.682+0000] {processor.py:186} INFO - Started process (PID=5257) to work on /opt/airflow/dags/keycloak/setup_keycloak.py
[2026-04-02T12:36:06.683+0000] {processor.py:914} INFO - Processing file /opt/airflow/dags/keycloak/setup_keycloak.py for tasks to queue
[2026-04-02T12:36:06.685+0000] {logging_mixin.py:190} INFO - [2026-04-02T12:36:06.685+0000] {dagbag.py:588} INFO - Filling up the DagBag from /opt/airflow/dags/keycloak/setup_keycloak.py
[2026-04-02T12:36:06.693+0000] {processor.py:925} INFO - DAG(s) 'keycloak_setup' retrieved from /opt/airflow/dags/keycloak/setup_keycloak.py
[2026-04-02T12:36:06.716+0000] {logging_mixin.py:190} INFO - [2026-04-02T12:36:06.716+0000] {dag.py:3239} INFO - Sync 1 DAGs
[2026-04-02T12:36:06.727+0000] {logging_mixin.py:190} INFO - [2026-04-02T12:36:06.727+0000] {dag.py:4180} INFO - Setting next_dagrun for keycloak_setup to None, run_after=None
[2026-04-02T12:36:06.744+0000] {processor.py:208} INFO - Processing /opt/airflow/dags/keycloak/setup_keycloak.py took 0.067 seconds
[2026-04-02T12:36:36.975+0000] {processor.py:186} INFO - Started process (PID=5267) to work on /opt/airflow/dags/keycloak/setup_keycloak.py
[2026-04-02T12:36:36.976+0000] {processor.py:914} INFO - Processing file /opt/airflow/dags/keycloak/setup_keycloak.py for tasks to queue
[2026-04-02T12:36:36.977+0000] {logging_mixin.py:190} INFO - [2026-04-02T12:36:36.977+0000] {dagbag.py:588} INFO - Filling up the DagBag from /opt/airflow/dags/keycloak/setup_keycloak.py
[2026-04-02T12:36:36.984+0000] {processor.py:925} INFO - DAG(s) 'keycloak_setup' retrieved from /opt/airflow/dags/keycloak/setup_keycloak.py
[2026-04-02T12:36:37.008+0000] {logging_mixin.py:190} INFO - [2026-04-02T12:36:37.008+0000] {dag.py:3239} INFO - Sync 1 DAGs
[2026-04-02T12:36:37.019+0000] {logging_mixin.py:190} INFO - [2026-04-02T12:36:37.019+0000] {dag.py:4180} INFO - Setting next_dagrun for keycloak_setup to None, run_after=None
[2026-04-02T12:36:37.034+0000] {processor.py:208} INFO - Processing /opt/airflow/dags/keycloak/setup_keycloak.py took 0.064 seconds
[2026-04-02T12:37:07.235+0000] {processor.py:186} INFO - Started process (PID=5277) to work on /opt/airflow/dags/keycloak/setup_keycloak.py
[2026-04-02T12:37:07.253+0000] {processor.py:914} INFO - Processing file /opt/airflow/dags/keycloak/setup_keycloak.py for tasks to queue
[2026-04-02T12:37:07.255+0000] {logging_mixin.py:190} INFO - [2026-04-02T12:37:07.255+0000] {dagbag.py:588} INFO - Filling up the DagBag from /opt/airflow/dags/keycloak/setup_keycloak.py
[2026-04-02T12:37:07.263+0000] {processor.py:925} INFO - DAG(s) 'keycloak_setup' retrieved from /opt/airflow/dags/keycloak/setup_keycloak.py
[2026-04-02T12:37:07.283+0000] {logging_mixin.py:190} INFO - [2026-04-02T12:37:07.283+0000] {dag.py:3239} INFO - Sync 1 DAGs
[2026-04-02T12:37:07.296+0000] {logging_mixin.py:190} INFO - [2026-04-02T12:37:07.296+0000] {dag.py:4180} INFO - Setting next_dagrun for keycloak_setup to None, run_after=None
[2026-04-02T12:37:07.311+0000] {processor.py:208} INFO - Processing /opt/airflow/dags/keycloak/setup_keycloak.py took 0.080 seconds
[2026-04-02T12:37:37.452+0000] {processor.py:186} INFO - Started process (PID=5287) to work on /opt/airflow/dags/keycloak/setup_keycloak.py
[2026-04-02T12:37:37.453+0000] {processor.py:914} INFO - Processing file /opt/airflow/dags/keycloak/setup_keycloak.py for tasks to queue
[2026-04-02T12:37:37.455+0000] {logging_mixin.py:190} INFO - [2026-04-02T12:37:37.454+0000] {dagbag.py:588} INFO - Filling up the DagBag from /opt/airflow/dags/keycloak/setup_keycloak.py
[2026-04-02T12:37:37.463+0000] {processor.py:925} INFO - DAG(s) 'keycloak_setup' retrieved from /opt/airflow/dags/keycloak/setup_keycloak.py
[2026-04-02T12:37:37.488+0000] {logging_mixin.py:190} INFO - [2026-04-02T12:37:37.488+0000] {dag.py:3239} INFO - Sync 1 DAGs
[2026-04-02T12:37:37.499+0000] {logging_mixin.py:190} INFO - [2026-04-02T12:37:37.499+0000] {dag.py:4180} INFO - Setting next_dagrun for keycloak_setup to None, run_after=None
[2026-04-02T12:37:37.514+0000] {processor.py:208} INFO - Processing /opt/airflow/dags/keycloak/setup_keycloak.py took 0.066 seconds
[2026-04-02T12:38:07.718+0000] {processor.py:186} INFO - Started process (PID=5297) to work on /opt/airflow/dags/keycloak/setup_keycloak.py
[2026-04-02T12:38:07.736+0000] {processor.py:914} INFO - Processing file /opt/airflow/dags/keycloak/setup_keycloak.py for tasks to queue
[2026-04-02T12:38:07.738+0000] {logging_mixin.py:190} INFO - [2026-04-02T12:38:07.738+0000] {dagbag.py:588} INFO - Filling up the DagBag from /opt/airflow/dags/keycloak/setup_keycloak.py
[2026-04-02T12:38:07.746+0000] {processor.py:925} INFO - DAG(s) 'keycloak_setup' retrieved from /opt/airflow/dags/keycloak/setup_keycloak.py
[2026-04-02T12:38:07.767+0000] {logging_mixin.py:190} INFO - [2026-04-02T12:38:07.767+0000] {dag.py:3239} INFO - Sync 1 DAGs
[2026-04-02T12:38:07.777+0000] {logging_mixin.py:190} INFO - [2026-04-02T12:38:07.777+0000] {dag.py:4180} INFO - Setting next_dagrun for keycloak_setup to None, run_after=None
[2026-04-02T12:38:07.791+0000] {processor.py:208} INFO - Processing /opt/airflow/dags/keycloak/setup_keycloak.py took 0.078 seconds
[2026-04-02T12:38:37.991+0000] {processor.py:186} INFO - Started process (PID=5307) to work on /opt/airflow/dags/keycloak/setup_keycloak.py
[2026-04-02T12:38:37.992+0000] {processor.py:914} INFO - Processing file /opt/airflow/dags/keycloak/setup_keycloak.py for tasks to queue
[2026-04-02T12:38:37.994+0000] {logging_mixin.py:190} INFO - [2026-04-02T12:38:37.994+0000] {dagbag.py:588} INFO - Filling up the DagBag from /opt/airflow/dags/keycloak/setup_keycloak.py
[2026-04-02T12:38:38.002+0000] {processor.py:925} INFO - DAG(s) 'keycloak_setup' retrieved from /opt/airflow/dags/keycloak/setup_keycloak.py
[2026-04-02T12:38:38.025+0000] {logging_mixin.py:190} INFO - [2026-04-02T12:38:38.025+0000] {dag.py:3239} INFO - Sync 1 DAGs
[2026-04-02T12:38:38.037+0000] {logging_mixin.py:190} INFO - [2026-04-02T12:38:38.036+0000] {dag.py:4180} INFO - Setting next_dagrun for keycloak_setup to None, run_after=None
[2026-04-02T12:38:38.052+0000] {processor.py:208} INFO - Processing /opt/airflow/dags/keycloak/setup_keycloak.py took 0.066 seconds
[2026-04-02T12:39:08.242+0000] {processor.py:186} INFO - Started process (PID=5317) to work on /opt/airflow/dags/keycloak/setup_keycloak.py
[2026-04-02T12:39:08.260+0000] {processor.py:914} INFO - Processing file /opt/airflow/dags/keycloak/setup_keycloak.py for tasks to queue
[2026-04-02T12:39:08.262+0000] {logging_mixin.py:190} INFO - [2026-04-02T12:39:08.262+0000] {dagbag.py:588} INFO - Filling up the DagBag from /opt/airflow/dags/keycloak/setup_keycloak.py
[2026-04-02T12:39:08.270+0000] {processor.py:925} INFO - DAG(s) 'keycloak_setup' retrieved from /opt/airflow/dags/keycloak/setup_keycloak.py
[2026-04-02T12:39:08.295+0000] {logging_mixin.py:190} INFO - [2026-04-02T12:39:08.295+0000] {dag.py:3239} INFO - Sync 1 DAGs
[2026-04-02T12:39:08.307+0000] {logging_mixin.py:190} INFO - [2026-04-02T12:39:08.306+0000] {dag.py:4180} INFO - Setting next_dagrun for keycloak_setup to None, run_after=None
[2026-04-02T12:39:08.320+0000] {processor.py:208} INFO - Processing /opt/airflow/dags/keycloak/setup_keycloak.py took 0.083 seconds
[2026-04-02T12:39:38.449+0000] {processor.py:186} INFO - Started process (PID=5327) to work on /opt/airflow/dags/keycloak/setup_keycloak.py
[2026-04-02T12:39:38.450+0000] {processor.py:914} INFO - Processing file /opt/airflow/dags/keycloak/setup_keycloak.py for tasks to queue
[2026-04-02T12:39:38.453+0000] {logging_mixin.py:190} INFO - [2026-04-02T12:39:38.453+0000] {dagbag.py:588} INFO - Filling up the DagBag from /opt/airflow/dags/keycloak/setup_keycloak.py
[2026-04-02T12:39:38.461+0000] {processor.py:925} INFO - DAG(s) 'keycloak_setup' retrieved from /opt/airflow/dags/keycloak/setup_keycloak.py
[2026-04-02T12:39:38.486+0000] {logging_mixin.py:190} INFO - [2026-04-02T12:39:38.486+0000] {dag.py:3239} INFO - Sync 1 DAGs
[2026-04-02T12:39:38.497+0000] {logging_mixin.py:190} INFO - [2026-04-02T12:39:38.497+0000] {dag.py:4180} INFO - Setting next_dagrun for keycloak_setup to None, run_after=None
[2026-04-02T12:39:38.512+0000] {processor.py:208} INFO - Processing /opt/airflow/dags/keycloak/setup_keycloak.py took 0.068 seconds
[2026-04-02T12:40:08.722+0000] {processor.py:186} INFO - Started process (PID=5337) to work on /opt/airflow/dags/keycloak/setup_keycloak.py
[2026-04-02T12:40:08.724+0000] {processor.py:914} INFO - Processing file /opt/airflow/dags/keycloak/setup_keycloak.py for tasks to queue
[2026-04-02T12:40:08.725+0000] {logging_mixin.py:190} INFO - [2026-04-02T12:40:08.725+0000] {dagbag.py:588} INFO - Filling up the DagBag from /opt/airflow/dags/keycloak/setup_keycloak.py
[2026-04-02T12:40:08.733+0000] {processor.py:925} INFO - DAG(s) 'keycloak_setup' retrieved from /opt/airflow/dags/keycloak/setup_keycloak.py
[2026-04-02T12:40:08.756+0000] {logging_mixin.py:190} INFO - [2026-04-02T12:40:08.756+0000] {dag.py:3239} INFO - Sync 1 DAGs
[2026-04-02T12:40:08.767+0000] {logging_mixin.py:190} INFO - [2026-04-02T12:40:08.767+0000] {dag.py:4180} INFO - Setting next_dagrun for keycloak_setup to None, run_after=None
[2026-04-02T12:40:08.781+0000] {processor.py:208} INFO - Processing /opt/airflow/dags/keycloak/setup_keycloak.py took 0.064 seconds
[2026-04-02T12:40:39.001+0000] {processor.py:186} INFO - Started process (PID=5347) to work on /opt/airflow/dags/keycloak/setup_keycloak.py
[2026-04-02T12:40:39.002+0000] {processor.py:914} INFO - Processing file /opt/airflow/dags/keycloak/setup_keycloak.py for tasks to queue
[2026-04-02T12:40:39.004+0000] {logging_mixin.py:190} INFO - [2026-04-02T12:40:39.004+0000] {dagbag.py:588} INFO - Filling up the DagBag from /opt/airflow/dags/keycloak/setup_keycloak.py
[2026-04-02T12:40:39.015+0000] {processor.py:925} INFO - DAG(s) 'keycloak_setup' retrieved from /opt/airflow/dags/keycloak/setup_keycloak.py
[2026-04-02T12:40:39.048+0000] {logging_mixin.py:190} INFO - [2026-04-02T12:40:39.048+0000] {dag.py:3239} INFO - Sync 1 DAGs
[2026-04-02T12:40:39.063+0000] {logging_mixin.py:190} INFO - [2026-04-02T12:40:39.063+0000] {dag.py:4180} INFO - Setting next_dagrun for keycloak_setup to None, run_after=None
[2026-04-02T12:40:39.084+0000] {processor.py:208} INFO - Processing /opt/airflow/dags/keycloak/setup_keycloak.py took 0.089 seconds
[2026-04-02T12:41:09.294+0000] {processor.py:186} INFO - Started process (PID=5357) to work on /opt/airflow/dags/keycloak/setup_keycloak.py
[2026-04-02T12:41:09.295+0000] {processor.py:914} INFO - Processing file /opt/airflow/dags/keycloak/setup_keycloak.py for tasks to queue
[2026-04-02T12:41:09.297+0000] {logging_mixin.py:190} INFO - [2026-04-02T12:41:09.297+0000] {dagbag.py:588} INFO - Filling up the DagBag from /opt/airflow/dags/keycloak/setup_keycloak.py
[2026-04-02T12:41:09.304+0000] {processor.py:925} INFO - DAG(s) 'keycloak_setup' retrieved from /opt/airflow/dags/keycloak/setup_keycloak.py
[2026-04-02T12:41:09.325+0000] {logging_mixin.py:190} INFO - [2026-04-02T12:41:09.325+0000] {dag.py:3239} INFO - Sync 1 DAGs
[2026-04-02T12:41:09.336+0000] {logging_mixin.py:190} INFO - [2026-04-02T12:41:09.336+0000] {dag.py:4180} INFO - Setting next_dagrun for keycloak_setup to None, run_after=None
[2026-04-02T12:41:09.349+0000] {processor.py:208} INFO - Processing /opt/airflow/dags/keycloak/setup_keycloak.py took 0.060 seconds
[2026-04-02T12:41:39.619+0000] {processor.py:186} INFO - Started process (PID=5367) to work on /opt/airflow/dags/keycloak/setup_keycloak.py
[2026-04-02T12:41:39.620+0000] {processor.py:914} INFO - Processing file /opt/airflow/dags/keycloak/setup_keycloak.py for tasks to queue
[2026-04-02T12:41:39.622+0000] {logging_mixin.py:190} INFO - [2026-04-02T12:41:39.622+0000] {dagbag.py:588} INFO - Filling up the DagBag from /opt/airflow/dags/keycloak/setup_keycloak.py
[2026-04-02T12:41:39.634+0000] {processor.py:925} INFO - DAG(s) 'keycloak_setup' retrieved from /opt/airflow/dags/keycloak/setup_keycloak.py
[2026-04-02T12:41:39.663+0000] {logging_mixin.py:190} INFO - [2026-04-02T12:41:39.662+0000] {dag.py:3239} INFO - Sync 1 DAGs
[2026-04-02T12:41:39.673+0000] {logging_mixin.py:190} INFO - [2026-04-02T12:41:39.673+0000] {dag.py:4180} INFO - Setting next_dagrun for keycloak_setup to None, run_after=None
[2026-04-02T12:41:39.688+0000] {processor.py:208} INFO - Processing /opt/airflow/dags/keycloak/setup_keycloak.py took 0.073 seconds
[2026-04-02T12:42:09.916+0000] {processor.py:186} INFO - Started process (PID=5377) to work on /opt/airflow/dags/keycloak/setup_keycloak.py
[2026-04-02T12:42:09.918+0000] {processor.py:914} INFO - Processing file /opt/airflow/dags/keycloak/setup_keycloak.py for tasks to queue
[2026-04-02T12:42:09.923+0000] {logging_mixin.py:190} INFO - [2026-04-02T12:42:09.922+0000] {dagbag.py:588} INFO - Filling up the DagBag from /opt/airflow/dags/keycloak/setup_keycloak.py
[2026-04-02T12:42:09.941+0000] {processor.py:925} INFO - DAG(s) 'keycloak_setup' retrieved from /opt/airflow/dags/keycloak/setup_keycloak.py
[2026-04-02T12:42:09.989+0000] {logging_mixin.py:190} INFO - [2026-04-02T12:42:09.988+0000] {dag.py:3239} INFO - Sync 1 DAGs
[2026-04-02T12:42:10.011+0000] {logging_mixin.py:190} INFO - [2026-04-02T12:42:10.011+0000] {dag.py:4180} INFO - Setting next_dagrun for keycloak_setup to None, run_after=None
[2026-04-02T12:42:10.041+0000] {processor.py:208} INFO - Processing /opt/airflow/dags/keycloak/setup_keycloak.py took 0.131 seconds
[2026-04-02T12:42:40.114+0000] {processor.py:186} INFO - Started process (PID=5387) to work on /opt/airflow/dags/keycloak/setup_keycloak.py
[2026-04-02T12:42:40.115+0000] {processor.py:914} INFO - Processing file /opt/airflow/dags/keycloak/setup_keycloak.py for tasks to queue
[2026-04-02T12:42:40.117+0000] {logging_mixin.py:190} INFO - [2026-04-02T12:42:40.117+0000] {dagbag.py:588} INFO - Filling up the DagBag from /opt/airflow/dags/keycloak/setup_keycloak.py
[2026-04-02T12:42:40.135+0000] {processor.py:925} INFO - DAG(s) 'keycloak_setup' retrieved from /opt/airflow/dags/keycloak/setup_keycloak.py
[2026-04-02T12:42:40.167+0000] {logging_mixin.py:190} INFO - [2026-04-02T12:42:40.166+0000] {dag.py:3239} INFO - Sync 1 DAGs
[2026-04-02T12:42:40.179+0000] {logging_mixin.py:190} INFO - [2026-04-02T12:42:40.178+0000] {dag.py:4180} INFO - Setting next_dagrun for keycloak_setup to None, run_after=None
[2026-04-02T12:42:40.199+0000] {processor.py:208} INFO - Processing /opt/airflow/dags/keycloak/setup_keycloak.py took 0.090 seconds
[2026-04-02T12:43:10.394+0000] {processor.py:186} INFO - Started process (PID=5397) to work on /opt/airflow/dags/keycloak/setup_keycloak.py
[2026-04-02T12:43:10.396+0000] {processor.py:914} INFO - Processing file /opt/airflow/dags/keycloak/setup_keycloak.py for tasks to queue
[2026-04-02T12:43:10.397+0000] {logging_mixin.py:190} INFO - [2026-04-02T12:43:10.397+0000] {dagbag.py:588} INFO - Filling up the DagBag from /opt/airflow/dags/keycloak/setup_keycloak.py
[2026-04-02T12:43:10.407+0000] {processor.py:925} INFO - DAG(s) 'keycloak_setup' retrieved from /opt/airflow/dags/keycloak/setup_keycloak.py
[2026-04-02T12:43:10.438+0000] {logging_mixin.py:190} INFO - [2026-04-02T12:43:10.438+0000] {dag.py:3239} INFO - Sync 1 DAGs
[2026-04-02T12:43:10.450+0000] {logging_mixin.py:190} INFO - [2026-04-02T12:43:10.450+0000] {dag.py:4180} INFO - Setting next_dagrun for keycloak_setup to None, run_after=None
[2026-04-02T12:43:10.466+0000] {processor.py:208} INFO - Processing /opt/airflow/dags/keycloak/setup_keycloak.py took 0.076 seconds
[2026-04-02T12:43:40.680+0000] {processor.py:186} INFO - Started process (PID=5407) to work on /opt/airflow/dags/keycloak/setup_keycloak.py
[2026-04-02T12:43:40.682+0000] {processor.py:914} INFO - Processing file /opt/airflow/dags/keycloak/setup_keycloak.py for tasks to queue
[2026-04-02T12:43:40.684+0000] {logging_mixin.py:190} INFO - [2026-04-02T12:43:40.683+0000] {dagbag.py:588} INFO - Filling up the DagBag from /opt/airflow/dags/keycloak/setup_keycloak.py
[2026-04-02T12:43:40.697+0000] {processor.py:925} INFO - DAG(s) 'keycloak_setup' retrieved from /opt/airflow/dags/keycloak/setup_keycloak.py
[2026-04-02T12:43:40.727+0000] {logging_mixin.py:190} INFO - [2026-04-02T12:43:40.727+0000] {dag.py:3239} INFO - Sync 1 DAGs
[2026-04-02T12:43:40.738+0000] {logging_mixin.py:190} INFO - [2026-04-02T12:43:40.738+0000] {dag.py:4180} INFO - Setting next_dagrun for keycloak_setup to None, run_after=None
[2026-04-02T12:43:40.753+0000] {processor.py:208} INFO - Processing /opt/airflow/dags/keycloak/setup_keycloak.py took 0.078 seconds
[2026-04-02T12:44:10.946+0000] {processor.py:186} INFO - Started process (PID=5417) to work on /opt/airflow/dags/keycloak/setup_keycloak.py
[2026-04-02T12:44:10.964+0000] {processor.py:914} INFO - Processing file /opt/airflow/dags/keycloak/setup_keycloak.py for tasks to queue
[2026-04-02T12:44:10.968+0000] {logging_mixin.py:190} INFO - [2026-04-02T12:44:10.967+0000] {dagbag.py:588} INFO - Filling up the DagBag from /opt/airflow/dags/keycloak/setup_keycloak.py
[2026-04-02T12:44:10.979+0000] {processor.py:925} INFO - DAG(s) 'keycloak_setup' retrieved from /opt/airflow/dags/keycloak/setup_keycloak.py
[2026-04-02T12:44:11.008+0000] {logging_mixin.py:190} INFO - [2026-04-02T12:44:11.007+0000] {dag.py:3239} INFO - Sync 1 DAGs
[2026-04-02T12:44:11.020+0000] {logging_mixin.py:190} INFO - [2026-04-02T12:44:11.020+0000] {dag.py:4180} INFO - Setting next_dagrun for keycloak_setup to None, run_after=None
[2026-04-02T12:44:11.038+0000] {processor.py:208} INFO - Processing /opt/airflow/dags/keycloak/setup_keycloak.py took 0.099 seconds
[2026-04-02T12:44:28.152+0000] {processor.py:186} INFO - Started process (PID=5427) to work on /opt/airflow/dags/keycloak/setup_keycloak.py
[2026-04-02T12:44:28.153+0000] {processor.py:914} INFO - Processing file /opt/airflow/dags/keycloak/setup_keycloak.py for tasks to queue
[2026-04-02T12:44:28.155+0000] {logging_mixin.py:190} INFO - [2026-04-02T12:44:28.155+0000] {dagbag.py:588} INFO - Filling up the DagBag from /opt/airflow/dags/keycloak/setup_keycloak.py
[2026-04-02T12:44:28.166+0000] {processor.py:925} INFO - DAG(s) 'keycloak_setup' retrieved from /opt/airflow/dags/keycloak/setup_keycloak.py
[2026-04-02T12:44:28.196+0000] {logging_mixin.py:190} INFO - [2026-04-02T12:44:28.196+0000] {dag.py:3239} INFO - Sync 1 DAGs
[2026-04-02T12:44:28.212+0000] {logging_mixin.py:190} INFO - [2026-04-02T12:44:28.212+0000] {dag.py:4180} INFO - Setting next_dagrun for keycloak_setup to None, run_after=None
[2026-04-02T12:44:28.237+0000] {processor.py:208} INFO - Processing /opt/airflow/dags/keycloak/setup_keycloak.py took 0.092 seconds
[2026-04-02T12:44:58.413+0000] {processor.py:186} INFO - Started process (PID=5437) to work on /opt/airflow/dags/keycloak/setup_keycloak.py
[2026-04-02T12:44:58.421+0000] {processor.py:914} INFO - Processing file /opt/airflow/dags/keycloak/setup_keycloak.py for tasks to queue
[2026-04-02T12:44:58.423+0000] {logging_mixin.py:190} INFO - [2026-04-02T12:44:58.423+0000] {dagbag.py:588} INFO - Filling up the DagBag from /opt/airflow/dags/keycloak/setup_keycloak.py
[2026-04-02T12:44:58.431+0000] {processor.py:925} INFO - DAG(s) 'keycloak_setup' retrieved from /opt/airflow/dags/keycloak/setup_keycloak.py
[2026-04-02T12:44:58.458+0000] {logging_mixin.py:190} INFO - [2026-04-02T12:44:58.457+0000] {dag.py:3239} INFO - Sync 1 DAGs
[2026-04-02T12:44:58.469+0000] {logging_mixin.py:190} INFO - [2026-04-02T12:44:58.469+0000] {dag.py:4180} INFO - Setting next_dagrun for keycloak_setup to None, run_after=None
[2026-04-02T12:44:58.504+0000] {processor.py:208} INFO - Processing /opt/airflow/dags/keycloak/setup_keycloak.py took 0.096 seconds
[2026-04-02T12:45:28.724+0000] {processor.py:186} INFO - Started process (PID=5447) to work on /opt/airflow/dags/keycloak/setup_keycloak.py
[2026-04-02T12:45:28.725+0000] {processor.py:914} INFO - Processing file /opt/airflow/dags/keycloak/setup_keycloak.py for tasks to queue
[2026-04-02T12:45:28.729+0000] {logging_mixin.py:190} INFO - [2026-04-02T12:45:28.728+0000] {dagbag.py:588} INFO - Filling up the DagBag from /opt/airflow/dags/keycloak/setup_keycloak.py
[2026-04-02T12:45:28.747+0000] {processor.py:925} INFO - DAG(s) 'keycloak_setup' retrieved from /opt/airflow/dags/keycloak/setup_keycloak.py
[2026-04-02T12:45:28.788+0000] {logging_mixin.py:190} INFO - [2026-04-02T12:45:28.788+0000] {dag.py:3239} INFO - Sync 1 DAGs
[2026-04-02T12:45:28.804+0000] {logging_mixin.py:190} INFO - [2026-04-02T12:45:28.804+0000] {dag.py:4180} INFO - Setting next_dagrun for keycloak_setup to None, run_after=None
[2026-04-02T12:45:28.826+0000] {processor.py:208} INFO - Processing /opt/airflow/dags/keycloak/setup_keycloak.py took 0.110 seconds
[2026-04-02T12:45:59.029+0000] {processor.py:186} INFO - Started process (PID=5457) to work on /opt/airflow/dags/keycloak/setup_keycloak.py
[2026-04-02T12:45:59.046+0000] {processor.py:914} INFO - Processing file /opt/airflow/dags/keycloak/setup_keycloak.py for tasks to queue
[2026-04-02T12:45:59.049+0000] {logging_mixin.py:190} INFO - [2026-04-02T12:45:59.049+0000] {dagbag.py:588} INFO - Filling up the DagBag from /opt/airflow/dags/keycloak/setup_keycloak.py
[2026-04-02T12:45:59.059+0000] {processor.py:925} INFO - DAG(s) 'keycloak_setup' retrieved from /opt/airflow/dags/keycloak/setup_keycloak.py
[2026-04-02T12:45:59.087+0000] {logging_mixin.py:190} INFO - [2026-04-02T12:45:59.087+0000] {dag.py:3239} INFO - Sync 1 DAGs
[2026-04-02T12:45:59.100+0000] {logging_mixin.py:190} INFO - [2026-04-02T12:45:59.099+0000] {dag.py:4180} INFO - Setting next_dagrun for keycloak_setup to None, run_after=None
[2026-04-02T12:45:59.116+0000] {processor.py:208} INFO - Processing /opt/airflow/dags/keycloak/setup_keycloak.py took 0.094 seconds
[2026-04-02T12:46:29.311+0000] {processor.py:186} INFO - Started process (PID=5467) to work on /opt/airflow/dags/keycloak/setup_keycloak.py
[2026-04-02T12:46:29.312+0000] {processor.py:914} INFO - Processing file /opt/airflow/dags/keycloak/setup_keycloak.py for tasks to queue
[2026-04-02T12:46:29.315+0000] {logging_mixin.py:190} INFO - [2026-04-02T12:46:29.315+0000] {dagbag.py:588} INFO - Filling up the DagBag from /opt/airflow/dags/keycloak/setup_keycloak.py
[2026-04-02T12:46:29.325+0000] {processor.py:925} INFO - DAG(s) 'keycloak_setup' retrieved from /opt/airflow/dags/keycloak/setup_keycloak.py
[2026-04-02T12:46:29.358+0000] {logging_mixin.py:190} INFO - [2026-04-02T12:46:29.357+0000] {dag.py:3239} INFO - Sync 1 DAGs
[2026-04-02T12:46:29.372+0000] {logging_mixin.py:190} INFO - [2026-04-02T12:46:29.372+0000] {dag.py:4180} INFO - Setting next_dagrun for keycloak_setup to None, run_after=None
[2026-04-02T12:46:29.388+0000] {processor.py:208} INFO - Processing /opt/airflow/dags/keycloak/setup_keycloak.py took 0.084 seconds
[2026-04-02T12:46:59.568+0000] {processor.py:186} INFO - Started process (PID=5477) to work on /opt/airflow/dags/keycloak/setup_keycloak.py
[2026-04-02T12:46:59.569+0000] {processor.py:914} INFO - Processing file /opt/airflow/dags/keycloak/setup_keycloak.py for tasks to queue
[2026-04-02T12:46:59.571+0000] {logging_mixin.py:190} INFO - [2026-04-02T12:46:59.571+0000] {dagbag.py:588} INFO - Filling up the DagBag from /opt/airflow/dags/keycloak/setup_keycloak.py
[2026-04-02T12:46:59.580+0000] {processor.py:925} INFO - DAG(s) 'keycloak_setup' retrieved from /opt/airflow/dags/keycloak/setup_keycloak.py
[2026-04-02T12:46:59.608+0000] {logging_mixin.py:190} INFO - [2026-04-02T12:46:59.608+0000] {dag.py:3239} INFO - Sync 1 DAGs
[2026-04-02T12:46:59.622+0000] {logging_mixin.py:190} INFO - [2026-04-02T12:46:59.622+0000] {dag.py:4180} INFO - Setting next_dagrun for keycloak_setup to None, run_after=None
[2026-04-02T12:46:59.642+0000] {processor.py:208} INFO - Processing /opt/airflow/dags/keycloak/setup_keycloak.py took 0.079 seconds
[2026-04-02T12:47:29.843+0000] {processor.py:186} INFO - Started process (PID=5487) to work on /opt/airflow/dags/keycloak/setup_keycloak.py
[2026-04-02T12:47:29.843+0000] {processor.py:914} INFO - Processing file /opt/airflow/dags/keycloak/setup_keycloak.py for tasks to queue
[2026-04-02T12:47:29.846+0000] {logging_mixin.py:190} INFO - [2026-04-02T12:47:29.845+0000] {dagbag.py:588} INFO - Filling up the DagBag from /opt/airflow/dags/keycloak/setup_keycloak.py
[2026-04-02T12:47:29.855+0000] {processor.py:925} INFO - DAG(s) 'keycloak_setup' retrieved from /opt/airflow/dags/keycloak/setup_keycloak.py
[2026-04-02T12:47:29.882+0000] {logging_mixin.py:190} INFO - [2026-04-02T12:47:29.882+0000] {dag.py:3239} INFO - Sync 1 DAGs
[2026-04-02T12:47:29.896+0000] {logging_mixin.py:190} INFO - [2026-04-02T12:47:29.895+0000] {dag.py:4180} INFO - Setting next_dagrun for keycloak_setup to None, run_after=None
[2026-04-02T12:47:29.917+0000] {processor.py:208} INFO - Processing /opt/airflow/dags/keycloak/setup_keycloak.py took 0.079 seconds
[2026-04-02T12:48:00.110+0000] {processor.py:186} INFO - Started process (PID=5497) to work on /opt/airflow/dags/keycloak/setup_keycloak.py
[2026-04-02T12:48:00.111+0000] {processor.py:914} INFO - Processing file /opt/airflow/dags/keycloak/setup_keycloak.py for tasks to queue
[2026-04-02T12:48:00.113+0000] {logging_mixin.py:190} INFO - [2026-04-02T12:48:00.113+0000] {dagbag.py:588} INFO - Filling up the DagBag from /opt/airflow/dags/keycloak/setup_keycloak.py
[2026-04-02T12:48:00.122+0000] {processor.py:925} INFO - DAG(s) 'keycloak_setup' retrieved from /opt/airflow/dags/keycloak/setup_keycloak.py
[2026-04-02T12:48:00.146+0000] {logging_mixin.py:190} INFO - [2026-04-02T12:48:00.146+0000] {dag.py:3239} INFO - Sync 1 DAGs
[2026-04-02T12:48:00.156+0000] {logging_mixin.py:190} INFO - [2026-04-02T12:48:00.156+0000] {dag.py:4180} INFO - Setting next_dagrun for keycloak_setup to None, run_after=None
[2026-04-02T12:48:00.169+0000] {processor.py:208} INFO - Processing /opt/airflow/dags/keycloak/setup_keycloak.py took 0.065 seconds
[2026-04-02T12:48:30.341+0000] {processor.py:186} INFO - Started process (PID=5507) to work on /opt/airflow/dags/keycloak/setup_keycloak.py
[2026-04-02T12:48:30.342+0000] {processor.py:914} INFO - Processing file /opt/airflow/dags/keycloak/setup_keycloak.py for tasks to queue
[2026-04-02T12:48:30.344+0000] {logging_mixin.py:190} INFO - [2026-04-02T12:48:30.344+0000] {dagbag.py:588} INFO - Filling up the DagBag from /opt/airflow/dags/keycloak/setup_keycloak.py
[2026-04-02T12:48:30.353+0000] {processor.py:925} INFO - DAG(s) 'keycloak_setup' retrieved from /opt/airflow/dags/keycloak/setup_keycloak.py
[2026-04-02T12:48:30.380+0000] {logging_mixin.py:190} INFO - [2026-04-02T12:48:30.380+0000] {dag.py:3239} INFO - Sync 1 DAGs
[2026-04-02T12:48:30.391+0000] {logging_mixin.py:190} INFO - [2026-04-02T12:48:30.391+0000] {dag.py:4180} INFO - Setting next_dagrun for keycloak_setup to None, run_after=None
[2026-04-02T12:48:30.406+0000] {processor.py:208} INFO - Processing /opt/airflow/dags/keycloak/setup_keycloak.py took 0.069 seconds
[2026-04-02T12:48:59.593+0000] {processor.py:186} INFO - Started process (PID=5517) to work on /opt/airflow/dags/keycloak/setup_keycloak.py
[2026-04-02T12:48:59.594+0000] {processor.py:914} INFO - Processing file /opt/airflow/dags/keycloak/setup_keycloak.py for tasks to queue
[2026-04-02T12:48:59.596+0000] {logging_mixin.py:190} INFO - [2026-04-02T12:48:59.596+0000] {dagbag.py:588} INFO - Filling up the DagBag from /opt/airflow/dags/keycloak/setup_keycloak.py
[2026-04-02T12:48:59.606+0000] {processor.py:925} INFO - DAG(s) 'keycloak_setup' retrieved from /opt/airflow/dags/keycloak/setup_keycloak.py
[2026-04-02T12:48:59.747+0000] {logging_mixin.py:190} INFO - [2026-04-02T12:48:59.747+0000] {dag.py:3239} INFO - Sync 1 DAGs
[2026-04-02T12:48:59.757+0000] {logging_mixin.py:190} INFO - [2026-04-02T12:48:59.757+0000] {dag.py:4180} INFO - Setting next_dagrun for keycloak_setup to None, run_after=None
[2026-04-02T12:48:59.773+0000] {processor.py:208} INFO - Processing /opt/airflow/dags/keycloak/setup_keycloak.py took 0.186 seconds
[2026-04-02T12:49:29.813+0000] {processor.py:186} INFO - Started process (PID=5527) to work on /opt/airflow/dags/keycloak/setup_keycloak.py
[2026-04-02T12:49:29.814+0000] {processor.py:914} INFO - Processing file /opt/airflow/dags/keycloak/setup_keycloak.py for tasks to queue
[2026-04-02T12:49:29.817+0000] {logging_mixin.py:190} INFO - [2026-04-02T12:49:29.817+0000] {dagbag.py:588} INFO - Filling up the DagBag from /opt/airflow/dags/keycloak/setup_keycloak.py
[2026-04-02T12:49:29.831+0000] {processor.py:925} INFO - DAG(s) 'keycloak_setup' retrieved from /opt/airflow/dags/keycloak/setup_keycloak.py
[2026-04-02T12:49:29.877+0000] {logging_mixin.py:190} INFO - [2026-04-02T12:49:29.877+0000] {dag.py:3239} INFO - Sync 1 DAGs
[2026-04-02T12:49:29.897+0000] {logging_mixin.py:190} INFO - [2026-04-02T12:49:29.897+0000] {dag.py:4180} INFO - Setting next_dagrun for keycloak_setup to None, run_after=None
[2026-04-02T12:49:29.927+0000] {processor.py:208} INFO - Processing /opt/airflow/dags/keycloak/setup_keycloak.py took 0.122 seconds
[2026-04-02T12:50:00.107+0000] {processor.py:186} INFO - Started process (PID=5537) to work on /opt/airflow/dags/keycloak/setup_keycloak.py
[2026-04-02T12:50:00.108+0000] {processor.py:914} INFO - Processing file /opt/airflow/dags/keycloak/setup_keycloak.py for tasks to queue
[2026-04-02T12:50:00.110+0000] {logging_mixin.py:190} INFO - [2026-04-02T12:50:00.110+0000] {dagbag.py:588} INFO - Filling up the DagBag from /opt/airflow/dags/keycloak/setup_keycloak.py
[2026-04-02T12:50:00.118+0000] {processor.py:925} INFO - DAG(s) 'keycloak_setup' retrieved from /opt/airflow/dags/keycloak/setup_keycloak.py
[2026-04-02T12:50:00.148+0000] {logging_mixin.py:190} INFO - [2026-04-02T12:50:00.148+0000] {dag.py:3239} INFO - Sync 1 DAGs
[2026-04-02T12:50:00.161+0000] {logging_mixin.py:190} INFO - [2026-04-02T12:50:00.161+0000] {dag.py:4180} INFO - Setting next_dagrun for keycloak_setup to None, run_after=None
[2026-04-02T12:50:00.181+0000] {processor.py:208} INFO - Processing /opt/airflow/dags/keycloak/setup_keycloak.py took 0.079 seconds
[2026-04-02T12:50:30.366+0000] {processor.py:186} INFO - Started process (PID=5547) to work on /opt/airflow/dags/keycloak/setup_keycloak.py
[2026-04-02T12:50:30.367+0000] {processor.py:914} INFO - Processing file /opt/airflow/dags/keycloak/setup_keycloak.py for tasks to queue
[2026-04-02T12:50:30.369+0000] {logging_mixin.py:190} INFO - [2026-04-02T12:50:30.369+0000] {dagbag.py:588} INFO - Filling up the DagBag from /opt/airflow/dags/keycloak/setup_keycloak.py
[2026-04-02T12:50:30.382+0000] {processor.py:925} INFO - DAG(s) 'keycloak_setup' retrieved from /opt/airflow/dags/keycloak/setup_keycloak.py
[2026-04-02T12:50:30.413+0000] {logging_mixin.py:190} INFO - [2026-04-02T12:50:30.413+0000] {dag.py:3239} INFO - Sync 1 DAGs
[2026-04-02T12:50:30.425+0000] {logging_mixin.py:190} INFO - [2026-04-02T12:50:30.425+0000] {dag.py:4180} INFO - Setting next_dagrun for keycloak_setup to None, run_after=None
[2026-04-02T12:50:30.442+0000] {processor.py:208} INFO - Processing /opt/airflow/dags/keycloak/setup_keycloak.py took 0.081 seconds
[2026-04-02T12:51:00.665+0000] {processor.py:186} INFO - Started process (PID=5587) to work on /opt/airflow/dags/keycloak/setup_keycloak.py
[2026-04-02T12:51:00.678+0000] {processor.py:914} INFO - Processing file /opt/airflow/dags/keycloak/setup_keycloak.py for tasks to queue
[2026-04-02T12:51:00.680+0000] {logging_mixin.py:190} INFO - [2026-04-02T12:51:00.680+0000] {dagbag.py:588} INFO - Filling up the DagBag from /opt/airflow/dags/keycloak/setup_keycloak.py
[2026-04-02T12:51:00.688+0000] {processor.py:925} INFO - DAG(s) 'keycloak_setup' retrieved from /opt/airflow/dags/keycloak/setup_keycloak.py
[2026-04-02T12:51:00.712+0000] {logging_mixin.py:190} INFO - [2026-04-02T12:51:00.711+0000] {dag.py:3239} INFO - Sync 1 DAGs
[2026-04-02T12:51:00.723+0000] {logging_mixin.py:190} INFO - [2026-04-02T12:51:00.722+0000] {dag.py:4180} INFO - Setting next_dagrun for keycloak_setup to None, run_after=None
[2026-04-02T12:51:00.739+0000] {processor.py:208} INFO - Processing /opt/airflow/dags/keycloak/setup_keycloak.py took 0.079 seconds
[2026-04-02T12:51:30.953+0000] {processor.py:186} INFO - Started process (PID=5603) to work on /opt/airflow/dags/keycloak/setup_keycloak.py
[2026-04-02T12:51:30.954+0000] {processor.py:914} INFO - Processing file /opt/airflow/dags/keycloak/setup_keycloak.py for tasks to queue
[2026-04-02T12:51:30.956+0000] {logging_mixin.py:190} INFO - [2026-04-02T12:51:30.956+0000] {dagbag.py:588} INFO - Filling up the DagBag from /opt/airflow/dags/keycloak/setup_keycloak.py
[2026-04-02T12:51:30.964+0000] {processor.py:925} INFO - DAG(s) 'keycloak_setup' retrieved from /opt/airflow/dags/keycloak/setup_keycloak.py
[2026-04-02T12:51:30.990+0000] {logging_mixin.py:190} INFO - [2026-04-02T12:51:30.989+0000] {dag.py:3239} INFO - Sync 1 DAGs
[2026-04-02T12:51:31.002+0000] {logging_mixin.py:190} INFO - [2026-04-02T12:51:31.002+0000] {dag.py:4180} INFO - Setting next_dagrun for keycloak_setup to None, run_after=None
[2026-04-02T12:51:31.018+0000] {processor.py:208} INFO - Processing /opt/airflow/dags/keycloak/setup_keycloak.py took 0.070 seconds
[2026-04-02T12:52:01.208+0000] {processor.py:186} INFO - Started process (PID=5613) to work on /opt/airflow/dags/keycloak/setup_keycloak.py
[2026-04-02T12:52:01.225+0000] {processor.py:914} INFO - Processing file /opt/airflow/dags/keycloak/setup_keycloak.py for tasks to queue
[2026-04-02T12:52:01.227+0000] {logging_mixin.py:190} INFO - [2026-04-02T12:52:01.227+0000] {dagbag.py:588} INFO - Filling up the DagBag from /opt/airflow/dags/keycloak/setup_keycloak.py
[2026-04-02T12:52:01.235+0000] {processor.py:925} INFO - DAG(s) 'keycloak_setup' retrieved from /opt/airflow/dags/keycloak/setup_keycloak.py
[2026-04-02T12:52:01.258+0000] {logging_mixin.py:190} INFO - [2026-04-02T12:52:01.258+0000] {dag.py:3239} INFO - Sync 1 DAGs
[2026-04-02T12:52:01.268+0000] {logging_mixin.py:190} INFO - [2026-04-02T12:52:01.268+0000] {dag.py:4180} INFO - Setting next_dagrun for keycloak_setup to None, run_after=None
[2026-04-02T12:52:01.282+0000] {processor.py:208} INFO - Processing /opt/airflow/dags/keycloak/setup_keycloak.py took 0.079 seconds
[2026-04-02T12:52:31.446+0000] {processor.py:186} INFO - Started process (PID=5623) to work on /opt/airflow/dags/keycloak/setup_keycloak.py
[2026-04-02T12:52:31.447+0000] {processor.py:914} INFO - Processing file /opt/airflow/dags/keycloak/setup_keycloak.py for tasks to queue
[2026-04-02T12:52:31.450+0000] {logging_mixin.py:190} INFO - [2026-04-02T12:52:31.450+0000] {dagbag.py:588} INFO - Filling up the DagBag from /opt/airflow/dags/keycloak/setup_keycloak.py
[2026-04-02T12:52:31.463+0000] {processor.py:925} INFO - DAG(s) 'keycloak_setup' retrieved from /opt/airflow/dags/keycloak/setup_keycloak.py
[2026-04-02T12:52:31.497+0000] {logging_mixin.py:190} INFO - [2026-04-02T12:52:31.497+0000] {dag.py:3239} INFO - Sync 1 DAGs
[2026-04-02T12:52:31.508+0000] {logging_mixin.py:190} INFO - [2026-04-02T12:52:31.508+0000] {dag.py:4180} INFO - Setting next_dagrun for keycloak_setup to None, run_after=None
[2026-04-02T12:52:31.525+0000] {processor.py:208} INFO - Processing /opt/airflow/dags/keycloak/setup_keycloak.py took 0.086 seconds
[2026-04-02T12:53:01.714+0000] {processor.py:186} INFO - Started process (PID=5633) to work on /opt/airflow/dags/keycloak/setup_keycloak.py
[2026-04-02T12:53:01.715+0000] {processor.py:914} INFO - Processing file /opt/airflow/dags/keycloak/setup_keycloak.py for tasks to queue
[2026-04-02T12:53:01.718+0000] {logging_mixin.py:190} INFO - [2026-04-02T12:53:01.717+0000] {dagbag.py:588} INFO - Filling up the DagBag from /opt/airflow/dags/keycloak/setup_keycloak.py
[2026-04-02T12:53:01.726+0000] {processor.py:925} INFO - DAG(s) 'keycloak_setup' retrieved from /opt/airflow/dags/keycloak/setup_keycloak.py
[2026-04-02T12:53:01.754+0000] {logging_mixin.py:190} INFO - [2026-04-02T12:53:01.753+0000] {dag.py:3239} INFO - Sync 1 DAGs
[2026-04-02T12:53:01.765+0000] {logging_mixin.py:190} INFO - [2026-04-02T12:53:01.765+0000] {dag.py:4180} INFO - Setting next_dagrun for keycloak_setup to None, run_after=None
[2026-04-02T12:53:01.782+0000] {processor.py:208} INFO - Processing /opt/airflow/dags/keycloak/setup_keycloak.py took 0.074 seconds
[2026-04-02T12:53:32.028+0000] {processor.py:186} INFO - Started process (PID=5643) to work on /opt/airflow/dags/keycloak/setup_keycloak.py
[2026-04-02T12:53:32.030+0000] {processor.py:914} INFO - Processing file /opt/airflow/dags/keycloak/setup_keycloak.py for tasks to queue
[2026-04-02T12:53:32.036+0000] {logging_mixin.py:190} INFO - [2026-04-02T12:53:32.035+0000] {dagbag.py:588} INFO - Filling up the DagBag from /opt/airflow/dags/keycloak/setup_keycloak.py
[2026-04-02T12:53:32.059+0000] {processor.py:925} INFO - DAG(s) 'keycloak_setup' retrieved from /opt/airflow/dags/keycloak/setup_keycloak.py
[2026-04-02T12:53:32.143+0000] {logging_mixin.py:190} INFO - [2026-04-02T12:53:32.143+0000] {dag.py:3239} INFO - Sync 1 DAGs
[2026-04-02T12:53:32.185+0000] {logging_mixin.py:190} INFO - [2026-04-02T12:53:32.184+0000] {dag.py:4180} INFO - Setting next_dagrun for keycloak_setup to None, run_after=None
[2026-04-02T12:53:32.246+0000] {processor.py:208} INFO - Processing /opt/airflow/dags/keycloak/setup_keycloak.py took 0.235 seconds
[2026-04-02T12:54:02.630+0000] {processor.py:186} INFO - Started process (PID=5653) to work on /opt/airflow/dags/keycloak/setup_keycloak.py
[2026-04-02T12:54:02.633+0000] {processor.py:914} INFO - Processing file /opt/airflow/dags/keycloak/setup_keycloak.py for tasks to queue
[2026-04-02T12:54:02.640+0000] {logging_mixin.py:190} INFO - [2026-04-02T12:54:02.638+0000] {dagbag.py:588} INFO - Filling up the DagBag from /opt/airflow/dags/keycloak/setup_keycloak.py
[2026-04-02T12:54:02.668+0000] {processor.py:925} INFO - DAG(s) 'keycloak_setup' retrieved from /opt/airflow/dags/keycloak/setup_keycloak.py
[2026-04-02T12:54:02.758+0000] {logging_mixin.py:190} INFO - [2026-04-02T12:54:02.758+0000] {dag.py:3239} INFO - Sync 1 DAGs
[2026-04-02T12:54:02.802+0000] {logging_mixin.py:190} INFO - [2026-04-02T12:54:02.801+0000] {dag.py:4180} INFO - Setting next_dagrun for keycloak_setup to None, run_after=None
[2026-04-02T12:54:02.861+0000] {processor.py:208} INFO - Processing /opt/airflow/dags/keycloak/setup_keycloak.py took 0.247 seconds
[2026-04-02T12:54:32.944+0000] {processor.py:186} INFO - Started process (PID=5663) to work on /opt/airflow/dags/keycloak/setup_keycloak.py
[2026-04-02T12:54:32.945+0000] {processor.py:914} INFO - Processing file /opt/airflow/dags/keycloak/setup_keycloak.py for tasks to queue
[2026-04-02T12:54:32.950+0000] {logging_mixin.py:190} INFO - [2026-04-02T12:54:32.949+0000] {dagbag.py:588} INFO - Filling up the DagBag from /opt/airflow/dags/keycloak/setup_keycloak.py
[2026-04-02T12:54:32.969+0000] {processor.py:925} INFO - DAG(s) 'keycloak_setup' retrieved from /opt/airflow/dags/keycloak/setup_keycloak.py
[2026-04-02T12:54:33.020+0000] {logging_mixin.py:190} INFO - [2026-04-02T12:54:33.019+0000] {dag.py:3239} INFO - Sync 1 DAGs
[2026-04-02T12:54:33.043+0000] {logging_mixin.py:190} INFO - [2026-04-02T12:54:33.043+0000] {dag.py:4180} INFO - Setting next_dagrun for keycloak_setup to None, run_after=None
[2026-04-02T12:54:33.070+0000] {processor.py:208} INFO - Processing /opt/airflow/dags/keycloak/setup_keycloak.py took 0.140 seconds
[2026-04-02T12:55:03.341+0000] {processor.py:186} INFO - Started process (PID=5673) to work on /opt/airflow/dags/keycloak/setup_keycloak.py
[2026-04-02T12:55:03.343+0000] {processor.py:914} INFO - Processing file /opt/airflow/dags/keycloak/setup_keycloak.py for tasks to queue
[2026-04-02T12:55:03.347+0000] {logging_mixin.py:190} INFO - [2026-04-02T12:55:03.346+0000] {dagbag.py:588} INFO - Filling up the DagBag from /opt/airflow/dags/keycloak/setup_keycloak.py
[2026-04-02T12:55:03.363+0000] {processor.py:925} INFO - DAG(s) 'keycloak_setup' retrieved from /opt/airflow/dags/keycloak/setup_keycloak.py
[2026-04-02T12:55:03.416+0000] {logging_mixin.py:190} INFO - [2026-04-02T12:55:03.416+0000] {dag.py:3239} INFO - Sync 1 DAGs
[2026-04-02T12:55:03.442+0000] {logging_mixin.py:190} INFO - [2026-04-02T12:55:03.442+0000] {dag.py:4180} INFO - Setting next_dagrun for keycloak_setup to None, run_after=None
[2026-04-02T12:55:03.480+0000] {processor.py:208} INFO - Processing /opt/airflow/dags/keycloak/setup_keycloak.py took 0.152 seconds
[2026-04-02T12:55:19.452+0000] {processor.py:186} INFO - Started process (PID=5678) to work on /opt/airflow/dags/keycloak/setup_keycloak.py
[2026-04-02T12:55:19.453+0000] {processor.py:914} INFO - Processing file /opt/airflow/dags/keycloak/setup_keycloak.py for tasks to queue
[2026-04-02T12:55:19.456+0000] {logging_mixin.py:190} INFO - [2026-04-02T12:55:19.455+0000] {dagbag.py:588} INFO - Filling up the DagBag from /opt/airflow/dags/keycloak/setup_keycloak.py
[2026-04-02T12:55:19.468+0000] {logging_mixin.py:190} INFO - [2026-04-02T12:55:19.465+0000] {dagbag.py:387} ERROR - Failed to import: /opt/airflow/dags/keycloak/setup_keycloak.py
Traceback (most recent call last):
  File "/home/airflow/.local/lib/python3.12/site-packages/airflow/models/dagbag.py", line 383, in parse
    loader.exec_module(new_module)
  File "<frozen importlib._bootstrap_external>", line 995, in exec_module
  File "<frozen importlib._bootstrap>", line 488, in _call_with_frames_removed
  File "/opt/airflow/dags/keycloak/setup_keycloak.py", line 212, in <module>
    realm_client = realm_cfg["client"]
                   ~~~~~~~~~^^^^^^^^^^
KeyError: 'client'
[2026-04-02T12:55:19.469+0000] {processor.py:927} WARNING - No viable dags retrieved from /opt/airflow/dags/keycloak/setup_keycloak.py
[2026-04-02T12:55:19.496+0000] {processor.py:208} INFO - Processing /opt/airflow/dags/keycloak/setup_keycloak.py took 0.051 seconds
[2026-04-02T12:55:49.715+0000] {processor.py:186} INFO - Started process (PID=5688) to work on /opt/airflow/dags/keycloak/setup_keycloak.py
[2026-04-02T12:55:49.732+0000] {processor.py:914} INFO - Processing file /opt/airflow/dags/keycloak/setup_keycloak.py for tasks to queue
[2026-04-02T12:55:49.735+0000] {logging_mixin.py:190} INFO - [2026-04-02T12:55:49.735+0000] {dagbag.py:588} INFO - Filling up the DagBag from /opt/airflow/dags/keycloak/setup_keycloak.py
[2026-04-02T12:55:49.741+0000] {logging_mixin.py:190} INFO - [2026-04-02T12:55:49.739+0000] {dagbag.py:387} ERROR - Failed to import: /opt/airflow/dags/keycloak/setup_keycloak.py
Traceback (most recent call last):
  File "/home/airflow/.local/lib/python3.12/site-packages/airflow/models/dagbag.py", line 383, in parse
    loader.exec_module(new_module)
  File "<frozen importlib._bootstrap_external>", line 995, in exec_module
  File "<frozen importlib._bootstrap>", line 488, in _call_with_frames_removed
  File "/opt/airflow/dags/keycloak/setup_keycloak.py", line 212, in <module>
    realm_client = realm_cfg["client"]
                   ~~~~~~~~~^^^^^^^^^^
KeyError: 'client'
[2026-04-02T12:55:49.742+0000] {processor.py:927} WARNING - No viable dags retrieved from /opt/airflow/dags/keycloak/setup_keycloak.py
[2026-04-02T12:55:49.762+0000] {processor.py:208} INFO - Processing /opt/airflow/dags/keycloak/setup_keycloak.py took 0.053 seconds
[2026-04-02T12:56:19.952+0000] {processor.py:186} INFO - Started process (PID=5698) to work on /opt/airflow/dags/keycloak/setup_keycloak.py
[2026-04-02T12:56:19.953+0000] {processor.py:914} INFO - Processing file /opt/airflow/dags/keycloak/setup_keycloak.py for tasks to queue
[2026-04-02T12:56:19.955+0000] {logging_mixin.py:190} INFO - [2026-04-02T12:56:19.955+0000] {dagbag.py:588} INFO - Filling up the DagBag from /opt/airflow/dags/keycloak/setup_keycloak.py
[2026-04-02T12:56:19.960+0000] {logging_mixin.py:190} INFO - [2026-04-02T12:56:19.959+0000] {dagbag.py:387} ERROR - Failed to import: /opt/airflow/dags/keycloak/setup_keycloak.py
Traceback (most recent call last):
  File "/home/airflow/.local/lib/python3.12/site-packages/airflow/models/dagbag.py", line 383, in parse
    loader.exec_module(new_module)
  File "<frozen importlib._bootstrap_external>", line 995, in exec_module
  File "<frozen importlib._bootstrap>", line 488, in _call_with_frames_removed
  File "/opt/airflow/dags/keycloak/setup_keycloak.py", line 212, in <module>
    realm_client = realm_cfg["client"]
                   ~~~~~~~~~^^^^^^^^^^
KeyError: 'client'
[2026-04-02T12:56:19.961+0000] {processor.py:927} WARNING - No viable dags retrieved from /opt/airflow/dags/keycloak/setup_keycloak.py
[2026-04-02T12:56:19.979+0000] {processor.py:208} INFO - Processing /opt/airflow/dags/keycloak/setup_keycloak.py took 0.032 seconds
[2026-04-02T12:56:50.208+0000] {processor.py:186} INFO - Started process (PID=5708) to work on /opt/airflow/dags/keycloak/setup_keycloak.py
[2026-04-02T12:56:50.210+0000] {processor.py:914} INFO - Processing file /opt/airflow/dags/keycloak/setup_keycloak.py for tasks to queue
[2026-04-02T12:56:50.211+0000] {logging_mixin.py:190} INFO - [2026-04-02T12:56:50.211+0000] {dagbag.py:588} INFO - Filling up the DagBag from /opt/airflow/dags/keycloak/setup_keycloak.py
[2026-04-02T12:56:50.216+0000] {logging_mixin.py:190} INFO - [2026-04-02T12:56:50.215+0000] {dagbag.py:387} ERROR - Failed to import: /opt/airflow/dags/keycloak/setup_keycloak.py
Traceback (most recent call last):
  File "/home/airflow/.local/lib/python3.12/site-packages/airflow/models/dagbag.py", line 383, in parse
    loader.exec_module(new_module)
  File "<frozen importlib._bootstrap_external>", line 995, in exec_module
  File "<frozen importlib._bootstrap>", line 488, in _call_with_frames_removed
  File "/opt/airflow/dags/keycloak/setup_keycloak.py", line 212, in <module>
    realm_client = realm_cfg["client"]
                   ~~~~~~~~~^^^^^^^^^^
KeyError: 'client'
[2026-04-02T12:56:50.216+0000] {processor.py:927} WARNING - No viable dags retrieved from /opt/airflow/dags/keycloak/setup_keycloak.py
[2026-04-02T12:56:50.234+0000] {processor.py:208} INFO - Processing /opt/airflow/dags/keycloak/setup_keycloak.py took 0.031 seconds
[2026-04-02T12:57:20.428+0000] {processor.py:186} INFO - Started process (PID=5718) to work on /opt/airflow/dags/keycloak/setup_keycloak.py
[2026-04-02T12:57:20.428+0000] {processor.py:914} INFO - Processing file /opt/airflow/dags/keycloak/setup_keycloak.py for tasks to queue
[2026-04-02T12:57:20.430+0000] {logging_mixin.py:190} INFO - [2026-04-02T12:57:20.429+0000] {dagbag.py:588} INFO - Filling up the DagBag from /opt/airflow/dags/keycloak/setup_keycloak.py
[2026-04-02T12:57:20.435+0000] {logging_mixin.py:190} INFO - [2026-04-02T12:57:20.433+0000] {dagbag.py:387} ERROR - Failed to import: /opt/airflow/dags/keycloak/setup_keycloak.py
Traceback (most recent call last):
  File "/home/airflow/.local/lib/python3.12/site-packages/airflow/models/dagbag.py", line 383, in parse
    loader.exec_module(new_module)
  File "<frozen importlib._bootstrap_external>", line 995, in exec_module
  File "<frozen importlib._bootstrap>", line 488, in _call_with_frames_removed
  File "/opt/airflow/dags/keycloak/setup_keycloak.py", line 212, in <module>
    realm_client = realm_cfg["client"]
                   ~~~~~~~~~^^^^^^^^^^
KeyError: 'client'
[2026-04-02T12:57:20.435+0000] {processor.py:927} WARNING - No viable dags retrieved from /opt/airflow/dags/keycloak/setup_keycloak.py
[2026-04-02T12:57:20.451+0000] {processor.py:208} INFO - Processing /opt/airflow/dags/keycloak/setup_keycloak.py took 0.029 seconds
[2026-04-02T12:57:50.652+0000] {processor.py:186} INFO - Started process (PID=5728) to work on /opt/airflow/dags/keycloak/setup_keycloak.py
[2026-04-02T12:57:50.653+0000] {processor.py:914} INFO - Processing file /opt/airflow/dags/keycloak/setup_keycloak.py for tasks to queue
[2026-04-02T12:57:50.654+0000] {logging_mixin.py:190} INFO - [2026-04-02T12:57:50.654+0000] {dagbag.py:588} INFO - Filling up the DagBag from /opt/airflow/dags/keycloak/setup_keycloak.py
[2026-04-02T12:57:50.659+0000] {logging_mixin.py:190} INFO - [2026-04-02T12:57:50.658+0000] {dagbag.py:387} ERROR - Failed to import: /opt/airflow/dags/keycloak/setup_keycloak.py
Traceback (most recent call last):
  File "/home/airflow/.local/lib/python3.12/site-packages/airflow/models/dagbag.py", line 383, in parse
    loader.exec_module(new_module)
  File "<frozen importlib._bootstrap_external>", line 995, in exec_module
  File "<frozen importlib._bootstrap>", line 488, in _call_with_frames_removed
  File "/opt/airflow/dags/keycloak/setup_keycloak.py", line 212, in <module>
    realm_client = realm_cfg["client"]
                   ~~~~~~~~~^^^^^^^^^^
KeyError: 'client'
[2026-04-02T12:57:50.659+0000] {processor.py:927} WARNING - No viable dags retrieved from /opt/airflow/dags/keycloak/setup_keycloak.py
[2026-04-02T12:57:50.676+0000] {processor.py:208} INFO - Processing /opt/airflow/dags/keycloak/setup_keycloak.py took 0.029 seconds
[2026-04-02T12:58:20.878+0000] {processor.py:186} INFO - Started process (PID=5738) to work on /opt/airflow/dags/keycloak/setup_keycloak.py
[2026-04-02T12:58:20.879+0000] {processor.py:914} INFO - Processing file /opt/airflow/dags/keycloak/setup_keycloak.py for tasks to queue
[2026-04-02T12:58:20.880+0000] {logging_mixin.py:190} INFO - [2026-04-02T12:58:20.880+0000] {dagbag.py:588} INFO - Filling up the DagBag from /opt/airflow/dags/keycloak/setup_keycloak.py
[2026-04-02T12:58:20.884+0000] {logging_mixin.py:190} INFO - [2026-04-02T12:58:20.883+0000] {dagbag.py:387} ERROR - Failed to import: /opt/airflow/dags/keycloak/setup_keycloak.py
Traceback (most recent call last):
  File "/home/airflow/.local/lib/python3.12/site-packages/airflow/models/dagbag.py", line 383, in parse
    loader.exec_module(new_module)
  File "<frozen importlib._bootstrap_external>", line 995, in exec_module
  File "<frozen importlib._bootstrap>", line 488, in _call_with_frames_removed
  File "/opt/airflow/dags/keycloak/setup_keycloak.py", line 212, in <module>
    realm_client = realm_cfg["client"]
                   ~~~~~~~~~^^^^^^^^^^
KeyError: 'client'
[2026-04-02T12:58:20.884+0000] {processor.py:927} WARNING - No viable dags retrieved from /opt/airflow/dags/keycloak/setup_keycloak.py
[2026-04-02T12:58:20.901+0000] {processor.py:208} INFO - Processing /opt/airflow/dags/keycloak/setup_keycloak.py took 0.027 seconds
[2026-04-02T12:58:51.116+0000] {processor.py:186} INFO - Started process (PID=5748) to work on /opt/airflow/dags/keycloak/setup_keycloak.py
[2026-04-02T12:58:51.117+0000] {processor.py:914} INFO - Processing file /opt/airflow/dags/keycloak/setup_keycloak.py for tasks to queue
[2026-04-02T12:58:51.118+0000] {logging_mixin.py:190} INFO - [2026-04-02T12:58:51.118+0000] {dagbag.py:588} INFO - Filling up the DagBag from /opt/airflow/dags/keycloak/setup_keycloak.py
[2026-04-02T12:58:51.122+0000] {logging_mixin.py:190} INFO - [2026-04-02T12:58:51.121+0000] {dagbag.py:387} ERROR - Failed to import: /opt/airflow/dags/keycloak/setup_keycloak.py
Traceback (most recent call last):
  File "/home/airflow/.local/lib/python3.12/site-packages/airflow/models/dagbag.py", line 383, in parse
    loader.exec_module(new_module)
  File "<frozen importlib._bootstrap_external>", line 995, in exec_module
  File "<frozen importlib._bootstrap>", line 488, in _call_with_frames_removed
  File "/opt/airflow/dags/keycloak/setup_keycloak.py", line 212, in <module>
    realm_client = realm_cfg["client"]
                   ~~~~~~~~~^^^^^^^^^^
KeyError: 'client'
[2026-04-02T12:58:51.122+0000] {processor.py:927} WARNING - No viable dags retrieved from /opt/airflow/dags/keycloak/setup_keycloak.py
[2026-04-02T12:58:51.139+0000] {processor.py:208} INFO - Processing /opt/airflow/dags/keycloak/setup_keycloak.py took 0.028 seconds
[2026-04-02T12:59:21.349+0000] {processor.py:186} INFO - Started process (PID=5758) to work on /opt/airflow/dags/keycloak/setup_keycloak.py
[2026-04-02T12:59:21.350+0000] {processor.py:914} INFO - Processing file /opt/airflow/dags/keycloak/setup_keycloak.py for tasks to queue
[2026-04-02T12:59:21.351+0000] {logging_mixin.py:190} INFO - [2026-04-02T12:59:21.351+0000] {dagbag.py:588} INFO - Filling up the DagBag from /opt/airflow/dags/keycloak/setup_keycloak.py
[2026-04-02T12:59:21.356+0000] {logging_mixin.py:190} INFO - [2026-04-02T12:59:21.355+0000] {dagbag.py:387} ERROR - Failed to import: /opt/airflow/dags/keycloak/setup_keycloak.py
Traceback (most recent call last):
  File "/home/airflow/.local/lib/python3.12/site-packages/airflow/models/dagbag.py", line 383, in parse
    loader.exec_module(new_module)
  File "<frozen importlib._bootstrap_external>", line 995, in exec_module
  File "<frozen importlib._bootstrap>", line 488, in _call_with_frames_removed
  File "/opt/airflow/dags/keycloak/setup_keycloak.py", line 212, in <module>
    realm_client = realm_cfg["client"]
                   ~~~~~~~~~^^^^^^^^^^
KeyError: 'client'
[2026-04-02T12:59:21.357+0000] {processor.py:927} WARNING - No viable dags retrieved from /opt/airflow/dags/keycloak/setup_keycloak.py
[2026-04-02T12:59:21.376+0000] {processor.py:208} INFO - Processing /opt/airflow/dags/keycloak/setup_keycloak.py took 0.032 seconds
[2026-04-02T12:59:51.586+0000] {processor.py:186} INFO - Started process (PID=5768) to work on /opt/airflow/dags/keycloak/setup_keycloak.py
[2026-04-02T12:59:51.587+0000] {processor.py:914} INFO - Processing file /opt/airflow/dags/keycloak/setup_keycloak.py for tasks to queue
[2026-04-02T12:59:51.588+0000] {logging_mixin.py:190} INFO - [2026-04-02T12:59:51.588+0000] {dagbag.py:588} INFO - Filling up the DagBag from /opt/airflow/dags/keycloak/setup_keycloak.py
[2026-04-02T12:59:51.592+0000] {logging_mixin.py:190} INFO - [2026-04-02T12:59:51.592+0000] {dagbag.py:387} ERROR - Failed to import: /opt/airflow/dags/keycloak/setup_keycloak.py
Traceback (most recent call last):
  File "/home/airflow/.local/lib/python3.12/site-packages/airflow/models/dagbag.py", line 383, in parse
    loader.exec_module(new_module)
  File "<frozen importlib._bootstrap_external>", line 995, in exec_module
  File "<frozen importlib._bootstrap>", line 488, in _call_with_frames_removed
  File "/opt/airflow/dags/keycloak/setup_keycloak.py", line 212, in <module>
    realm_client = realm_cfg["client"]
                   ~~~~~~~~~^^^^^^^^^^
KeyError: 'client'
[2026-04-02T12:59:51.593+0000] {processor.py:927} WARNING - No viable dags retrieved from /opt/airflow/dags/keycloak/setup_keycloak.py
[2026-04-02T12:59:51.609+0000] {processor.py:208} INFO - Processing /opt/airflow/dags/keycloak/setup_keycloak.py took 0.027 seconds
[2026-04-02T13:00:21.806+0000] {processor.py:186} INFO - Started process (PID=5778) to work on /opt/airflow/dags/keycloak/setup_keycloak.py
[2026-04-02T13:00:21.807+0000] {processor.py:914} INFO - Processing file /opt/airflow/dags/keycloak/setup_keycloak.py for tasks to queue
[2026-04-02T13:00:21.808+0000] {logging_mixin.py:190} INFO - [2026-04-02T13:00:21.808+0000] {dagbag.py:588} INFO - Filling up the DagBag from /opt/airflow/dags/keycloak/setup_keycloak.py
[2026-04-02T13:00:21.812+0000] {logging_mixin.py:190} INFO - [2026-04-02T13:00:21.811+0000] {dagbag.py:387} ERROR - Failed to import: /opt/airflow/dags/keycloak/setup_keycloak.py
Traceback (most recent call last):
  File "/home/airflow/.local/lib/python3.12/site-packages/airflow/models/dagbag.py", line 383, in parse
    loader.exec_module(new_module)
  File "<frozen importlib._bootstrap_external>", line 995, in exec_module
  File "<frozen importlib._bootstrap>", line 488, in _call_with_frames_removed
  File "/opt/airflow/dags/keycloak/setup_keycloak.py", line 212, in <module>
    realm_client = realm_cfg["client"]
                   ~~~~~~~~~^^^^^^^^^^
KeyError: 'client'
[2026-04-02T13:00:21.813+0000] {processor.py:927} WARNING - No viable dags retrieved from /opt/airflow/dags/keycloak/setup_keycloak.py
[2026-04-02T13:00:21.837+0000] {processor.py:208} INFO - Processing /opt/airflow/dags/keycloak/setup_keycloak.py took 0.035 seconds
[2026-04-02T13:00:52.029+0000] {processor.py:186} INFO - Started process (PID=5788) to work on /opt/airflow/dags/keycloak/setup_keycloak.py
[2026-04-02T13:00:52.030+0000] {processor.py:914} INFO - Processing file /opt/airflow/dags/keycloak/setup_keycloak.py for tasks to queue
[2026-04-02T13:00:52.031+0000] {logging_mixin.py:190} INFO - [2026-04-02T13:00:52.031+0000] {dagbag.py:588} INFO - Filling up the DagBag from /opt/airflow/dags/keycloak/setup_keycloak.py
[2026-04-02T13:00:52.036+0000] {logging_mixin.py:190} INFO - [2026-04-02T13:00:52.035+0000] {dagbag.py:387} ERROR - Failed to import: /opt/airflow/dags/keycloak/setup_keycloak.py
Traceback (most recent call last):
  File "/home/airflow/.local/lib/python3.12/site-packages/airflow/models/dagbag.py", line 383, in parse
    loader.exec_module(new_module)
  File "<frozen importlib._bootstrap_external>", line 995, in exec_module
  File "<frozen importlib._bootstrap>", line 488, in _call_with_frames_removed
  File "/opt/airflow/dags/keycloak/setup_keycloak.py", line 212, in <module>
    realm_client = realm_cfg["client"]
                   ~~~~~~~~~^^^^^^^^^^
KeyError: 'client'
[2026-04-02T13:00:52.037+0000] {processor.py:927} WARNING - No viable dags retrieved from /opt/airflow/dags/keycloak/setup_keycloak.py
[2026-04-02T13:00:52.057+0000] {processor.py:208} INFO - Processing /opt/airflow/dags/keycloak/setup_keycloak.py took 0.034 seconds
[2026-04-02T13:00:59.128+0000] {processor.py:186} INFO - Started process (PID=5798) to work on /opt/airflow/dags/keycloak/setup_keycloak.py
[2026-04-02T13:00:59.128+0000] {processor.py:914} INFO - Processing file /opt/airflow/dags/keycloak/setup_keycloak.py for tasks to queue
[2026-04-02T13:00:59.130+0000] {logging_mixin.py:190} INFO - [2026-04-02T13:00:59.129+0000] {dagbag.py:588} INFO - Filling up the DagBag from /opt/airflow/dags/keycloak/setup_keycloak.py
[2026-04-02T13:00:59.142+0000] {processor.py:925} INFO - DAG(s) 'keycloak_setup' retrieved from /opt/airflow/dags/keycloak/setup_keycloak.py
[2026-04-02T13:00:59.257+0000] {logging_mixin.py:190} INFO - [2026-04-02T13:00:59.256+0000] {dag.py:3239} INFO - Sync 1 DAGs
[2026-04-02T13:00:59.269+0000] {logging_mixin.py:190} INFO - [2026-04-02T13:00:59.268+0000] {dag.py:4180} INFO - Setting next_dagrun for keycloak_setup to None, run_after=None
[2026-04-02T13:00:59.294+0000] {processor.py:208} INFO - Processing /opt/airflow/dags/keycloak/setup_keycloak.py took 0.172 seconds
[2026-04-02T13:01:29.617+0000] {processor.py:186} INFO - Started process (PID=5808) to work on /opt/airflow/dags/keycloak/setup_keycloak.py
[2026-04-02T13:01:29.620+0000] {processor.py:914} INFO - Processing file /opt/airflow/dags/keycloak/setup_keycloak.py for tasks to queue
[2026-04-02T13:01:29.624+0000] {logging_mixin.py:190} INFO - [2026-04-02T13:01:29.622+0000] {dagbag.py:588} INFO - Filling up the DagBag from /opt/airflow/dags/keycloak/setup_keycloak.py
[2026-04-02T13:01:29.655+0000] {processor.py:925} INFO - DAG(s) 'keycloak_setup' retrieved from /opt/airflow/dags/keycloak/setup_keycloak.py
[2026-04-02T13:01:29.752+0000] {logging_mixin.py:190} INFO - [2026-04-02T13:01:29.751+0000] {dag.py:3239} INFO - Sync 1 DAGs
[2026-04-02T13:01:29.820+0000] {logging_mixin.py:190} INFO - [2026-04-02T13:01:29.819+0000] {dag.py:4180} INFO - Setting next_dagrun for keycloak_setup to None, run_after=None
[2026-04-02T13:01:29.874+0000] {processor.py:208} INFO - Processing /opt/airflow/dags/keycloak/setup_keycloak.py took 0.275 seconds
[2026-04-02T13:02:00.207+0000] {processor.py:186} INFO - Started process (PID=5845) to work on /opt/airflow/dags/keycloak/setup_keycloak.py
[2026-04-02T13:02:00.210+0000] {processor.py:914} INFO - Processing file /opt/airflow/dags/keycloak/setup_keycloak.py for tasks to queue
[2026-04-02T13:02:00.214+0000] {logging_mixin.py:190} INFO - [2026-04-02T13:02:00.213+0000] {dagbag.py:588} INFO - Filling up the DagBag from /opt/airflow/dags/keycloak/setup_keycloak.py
[2026-04-02T13:02:00.239+0000] {processor.py:925} INFO - DAG(s) 'keycloak_setup' retrieved from /opt/airflow/dags/keycloak/setup_keycloak.py
[2026-04-02T13:02:00.312+0000] {logging_mixin.py:190} INFO - [2026-04-02T13:02:00.311+0000] {dag.py:3239} INFO - Sync 1 DAGs
[2026-04-02T13:02:00.332+0000] {logging_mixin.py:190} INFO - [2026-04-02T13:02:00.332+0000] {dag.py:4180} INFO - Setting next_dagrun for keycloak_setup to None, run_after=None
[2026-04-02T13:02:00.350+0000] {processor.py:208} INFO - Processing /opt/airflow/dags/keycloak/setup_keycloak.py took 0.157 seconds
[2026-04-02T13:02:30.629+0000] {processor.py:186} INFO - Started process (PID=5861) to work on /opt/airflow/dags/keycloak/setup_keycloak.py
[2026-04-02T13:02:30.630+0000] {processor.py:914} INFO - Processing file /opt/airflow/dags/keycloak/setup_keycloak.py for tasks to queue
[2026-04-02T13:02:30.631+0000] {logging_mixin.py:190} INFO - [2026-04-02T13:02:30.631+0000] {dagbag.py:588} INFO - Filling up the DagBag from /opt/airflow/dags/keycloak/setup_keycloak.py
[2026-04-02T13:02:30.642+0000] {processor.py:925} INFO - DAG(s) 'keycloak_setup' retrieved from /opt/airflow/dags/keycloak/setup_keycloak.py
[2026-04-02T13:02:30.669+0000] {logging_mixin.py:190} INFO - [2026-04-02T13:02:30.669+0000] {dag.py:3239} INFO - Sync 1 DAGs
[2026-04-02T13:02:30.682+0000] {logging_mixin.py:190} INFO - [2026-04-02T13:02:30.682+0000] {dag.py:4180} INFO - Setting next_dagrun for keycloak_setup to None, run_after=None
[2026-04-02T13:02:30.700+0000] {processor.py:208} INFO - Processing /opt/airflow/dags/keycloak/setup_keycloak.py took 0.076 seconds
[2026-04-02T13:03:00.998+0000] {processor.py:186} INFO - Started process (PID=5871) to work on /opt/airflow/dags/keycloak/setup_keycloak.py
[2026-04-02T13:03:01.000+0000] {processor.py:914} INFO - Processing file /opt/airflow/dags/keycloak/setup_keycloak.py for tasks to queue
[2026-04-02T13:03:01.004+0000] {logging_mixin.py:190} INFO - [2026-04-02T13:03:01.003+0000] {dagbag.py:588} INFO - Filling up the DagBag from /opt/airflow/dags/keycloak/setup_keycloak.py
[2026-04-02T13:03:01.030+0000] {processor.py:925} INFO - DAG(s) 'keycloak_setup' retrieved from /opt/airflow/dags/keycloak/setup_keycloak.py
[2026-04-02T13:03:01.109+0000] {logging_mixin.py:190} INFO - [2026-04-02T13:03:01.108+0000] {dag.py:3239} INFO - Sync 1 DAGs
[2026-04-02T13:03:01.147+0000] {logging_mixin.py:190} INFO - [2026-04-02T13:03:01.146+0000] {dag.py:4180} INFO - Setting next_dagrun for keycloak_setup to None, run_after=None
[2026-04-02T13:03:01.199+0000] {processor.py:208} INFO - Processing /opt/airflow/dags/keycloak/setup_keycloak.py took 0.217 seconds
[2026-04-02T13:03:31.546+0000] {processor.py:186} INFO - Started process (PID=5881) to work on /opt/airflow/dags/keycloak/setup_keycloak.py
[2026-04-02T13:03:31.548+0000] {processor.py:914} INFO - Processing file /opt/airflow/dags/keycloak/setup_keycloak.py for tasks to queue
[2026-04-02T13:03:31.550+0000] {logging_mixin.py:190} INFO - [2026-04-02T13:03:31.550+0000] {dagbag.py:588} INFO - Filling up the DagBag from /opt/airflow/dags/keycloak/setup_keycloak.py
[2026-04-02T13:03:31.577+0000] {processor.py:925} INFO - DAG(s) 'keycloak_setup' retrieved from /opt/airflow/dags/keycloak/setup_keycloak.py
[2026-04-02T13:03:31.654+0000] {logging_mixin.py:190} INFO - [2026-04-02T13:03:31.653+0000] {dag.py:3239} INFO - Sync 1 DAGs
[2026-04-02T13:03:31.690+0000] {logging_mixin.py:190} INFO - [2026-04-02T13:03:31.689+0000] {dag.py:4180} INFO - Setting next_dagrun for keycloak_setup to None, run_after=None
[2026-04-02T13:03:31.745+0000] {processor.py:208} INFO - Processing /opt/airflow/dags/keycloak/setup_keycloak.py took 0.217 seconds
[2026-04-02T13:04:02.088+0000] {processor.py:186} INFO - Started process (PID=5891) to work on /opt/airflow/dags/keycloak/setup_keycloak.py
[2026-04-02T13:04:02.091+0000] {processor.py:914} INFO - Processing file /opt/airflow/dags/keycloak/setup_keycloak.py for tasks to queue
[2026-04-02T13:04:02.093+0000] {logging_mixin.py:190} INFO - [2026-04-02T13:04:02.093+0000] {dagbag.py:588} INFO - Filling up the DagBag from /opt/airflow/dags/keycloak/setup_keycloak.py
[2026-04-02T13:04:02.118+0000] {processor.py:925} INFO - DAG(s) 'keycloak_setup' retrieved from /opt/airflow/dags/keycloak/setup_keycloak.py
[2026-04-02T13:04:02.164+0000] {logging_mixin.py:190} INFO - [2026-04-02T13:04:02.163+0000] {dag.py:3239} INFO - Sync 1 DAGs
[2026-04-02T13:04:02.189+0000] {logging_mixin.py:190} INFO - [2026-04-02T13:04:02.188+0000] {dag.py:4180} INFO - Setting next_dagrun for keycloak_setup to None, run_after=None
[2026-04-02T13:04:02.225+0000] {processor.py:208} INFO - Processing /opt/airflow/dags/keycloak/setup_keycloak.py took 0.150 seconds
[2026-04-02T13:04:32.536+0000] {processor.py:186} INFO - Started process (PID=5901) to work on /opt/airflow/dags/keycloak/setup_keycloak.py
[2026-04-02T13:04:32.537+0000] {processor.py:914} INFO - Processing file /opt/airflow/dags/keycloak/setup_keycloak.py for tasks to queue
[2026-04-02T13:04:32.539+0000] {logging_mixin.py:190} INFO - [2026-04-02T13:04:32.539+0000] {dagbag.py:588} INFO - Filling up the DagBag from /opt/airflow/dags/keycloak/setup_keycloak.py
[2026-04-02T13:04:32.552+0000] {processor.py:925} INFO - DAG(s) 'keycloak_setup' retrieved from /opt/airflow/dags/keycloak/setup_keycloak.py
[2026-04-02T13:04:32.610+0000] {logging_mixin.py:190} INFO - [2026-04-02T13:04:32.609+0000] {dag.py:3239} INFO - Sync 1 DAGs
[2026-04-02T13:04:32.638+0000] {logging_mixin.py:190} INFO - [2026-04-02T13:04:32.638+0000] {dag.py:4180} INFO - Setting next_dagrun for keycloak_setup to None, run_after=None
[2026-04-02T13:04:32.675+0000] {processor.py:208} INFO - Processing /opt/airflow/dags/keycloak/setup_keycloak.py took 0.147 seconds
[2026-04-02T13:05:03.054+0000] {processor.py:186} INFO - Started process (PID=5911) to work on /opt/airflow/dags/keycloak/setup_keycloak.py
[2026-04-02T13:05:03.074+0000] {processor.py:914} INFO - Processing file /opt/airflow/dags/keycloak/setup_keycloak.py for tasks to queue
[2026-04-02T13:05:03.078+0000] {logging_mixin.py:190} INFO - [2026-04-02T13:05:03.077+0000] {dagbag.py:588} INFO - Filling up the DagBag from /opt/airflow/dags/keycloak/setup_keycloak.py
[2026-04-02T13:05:03.105+0000] {processor.py:925} INFO - DAG(s) 'keycloak_setup' retrieved from /opt/airflow/dags/keycloak/setup_keycloak.py
[2026-04-02T13:05:03.159+0000] {logging_mixin.py:190} INFO - [2026-04-02T13:05:03.158+0000] {dag.py:3239} INFO - Sync 1 DAGs
[2026-04-02T13:05:03.187+0000] {logging_mixin.py:190} INFO - [2026-04-02T13:05:03.186+0000] {dag.py:4180} INFO - Setting next_dagrun for keycloak_setup to None, run_after=None
[2026-04-02T13:05:03.222+0000] {processor.py:208} INFO - Processing /opt/airflow/dags/keycloak/setup_keycloak.py took 0.179 seconds
[2026-04-02T13:05:33.544+0000] {processor.py:186} INFO - Started process (PID=5921) to work on /opt/airflow/dags/keycloak/setup_keycloak.py
[2026-04-02T13:05:33.546+0000] {processor.py:914} INFO - Processing file /opt/airflow/dags/keycloak/setup_keycloak.py for tasks to queue
[2026-04-02T13:05:33.550+0000] {logging_mixin.py:190} INFO - [2026-04-02T13:05:33.549+0000] {dagbag.py:588} INFO - Filling up the DagBag from /opt/airflow/dags/keycloak/setup_keycloak.py
[2026-04-02T13:05:33.582+0000] {processor.py:925} INFO - DAG(s) 'keycloak_setup' retrieved from /opt/airflow/dags/keycloak/setup_keycloak.py
[2026-04-02T13:05:33.675+0000] {logging_mixin.py:190} INFO - [2026-04-02T13:05:33.674+0000] {dag.py:3239} INFO - Sync 1 DAGs
[2026-04-02T13:05:33.719+0000] {logging_mixin.py:190} INFO - [2026-04-02T13:05:33.718+0000] {dag.py:4180} INFO - Setting next_dagrun for keycloak_setup to None, run_after=None
[2026-04-02T13:05:33.770+0000] {processor.py:208} INFO - Processing /opt/airflow/dags/keycloak/setup_keycloak.py took 0.245 seconds
[2026-04-02T13:06:04.091+0000] {processor.py:186} INFO - Started process (PID=5931) to work on /opt/airflow/dags/keycloak/setup_keycloak.py
[2026-04-02T13:06:04.094+0000] {processor.py:914} INFO - Processing file /opt/airflow/dags/keycloak/setup_keycloak.py for tasks to queue
[2026-04-02T13:06:04.096+0000] {logging_mixin.py:190} INFO - [2026-04-02T13:06:04.095+0000] {dagbag.py:588} INFO - Filling up the DagBag from /opt/airflow/dags/keycloak/setup_keycloak.py
[2026-04-02T13:06:04.115+0000] {processor.py:925} INFO - DAG(s) 'keycloak_setup' retrieved from /opt/airflow/dags/keycloak/setup_keycloak.py
[2026-04-02T13:06:04.172+0000] {logging_mixin.py:190} INFO - [2026-04-02T13:06:04.171+0000] {dag.py:3239} INFO - Sync 1 DAGs
[2026-04-02T13:06:04.208+0000] {logging_mixin.py:190} INFO - [2026-04-02T13:06:04.207+0000] {dag.py:4180} INFO - Setting next_dagrun for keycloak_setup to None, run_after=None
[2026-04-02T13:06:04.249+0000] {processor.py:208} INFO - Processing /opt/airflow/dags/keycloak/setup_keycloak.py took 0.169 seconds
[2026-04-02T13:06:34.606+0000] {processor.py:186} INFO - Started process (PID=5941) to work on /opt/airflow/dags/keycloak/setup_keycloak.py
[2026-04-02T13:06:34.608+0000] {processor.py:914} INFO - Processing file /opt/airflow/dags/keycloak/setup_keycloak.py for tasks to queue
[2026-04-02T13:06:34.611+0000] {logging_mixin.py:190} INFO - [2026-04-02T13:06:34.610+0000] {dagbag.py:588} INFO - Filling up the DagBag from /opt/airflow/dags/keycloak/setup_keycloak.py
[2026-04-02T13:06:34.636+0000] {processor.py:925} INFO - DAG(s) 'keycloak_setup' retrieved from /opt/airflow/dags/keycloak/setup_keycloak.py
[2026-04-02T13:06:34.713+0000] {logging_mixin.py:190} INFO - [2026-04-02T13:06:34.712+0000] {dag.py:3239} INFO - Sync 1 DAGs
[2026-04-02T13:06:34.745+0000] {logging_mixin.py:190} INFO - [2026-04-02T13:06:34.744+0000] {dag.py:4180} INFO - Setting next_dagrun for keycloak_setup to None, run_after=None
[2026-04-02T13:06:34.779+0000] {processor.py:208} INFO - Processing /opt/airflow/dags/keycloak/setup_keycloak.py took 0.188 seconds
[2026-04-02T13:07:05.084+0000] {processor.py:186} INFO - Started process (PID=5951) to work on /opt/airflow/dags/keycloak/setup_keycloak.py
[2026-04-02T13:07:05.088+0000] {processor.py:914} INFO - Processing file /opt/airflow/dags/keycloak/setup_keycloak.py for tasks to queue
[2026-04-02T13:07:05.090+0000] {logging_mixin.py:190} INFO - [2026-04-02T13:07:05.089+0000] {dagbag.py:588} INFO - Filling up the DagBag from /opt/airflow/dags/keycloak/setup_keycloak.py
[2026-04-02T13:07:05.113+0000] {processor.py:925} INFO - DAG(s) 'keycloak_setup' retrieved from /opt/airflow/dags/keycloak/setup_keycloak.py
[2026-04-02T13:07:05.184+0000] {logging_mixin.py:190} INFO - [2026-04-02T13:07:05.183+0000] {dag.py:3239} INFO - Sync 1 DAGs
[2026-04-02T13:07:05.225+0000] {logging_mixin.py:190} INFO - [2026-04-02T13:07:05.224+0000] {dag.py:4180} INFO - Setting next_dagrun for keycloak_setup to None, run_after=None
[2026-04-02T13:07:05.275+0000] {processor.py:208} INFO - Processing /opt/airflow/dags/keycloak/setup_keycloak.py took 0.203 seconds
[2026-04-02T13:07:35.610+0000] {processor.py:186} INFO - Started process (PID=5961) to work on /opt/airflow/dags/keycloak/setup_keycloak.py
[2026-04-02T13:07:35.629+0000] {processor.py:914} INFO - Processing file /opt/airflow/dags/keycloak/setup_keycloak.py for tasks to queue
[2026-04-02T13:07:35.633+0000] {logging_mixin.py:190} INFO - [2026-04-02T13:07:35.632+0000] {dagbag.py:588} INFO - Filling up the DagBag from /opt/airflow/dags/keycloak/setup_keycloak.py
[2026-04-02T13:07:35.659+0000] {processor.py:925} INFO - DAG(s) 'keycloak_setup' retrieved from /opt/airflow/dags/keycloak/setup_keycloak.py
[2026-04-02T13:07:35.736+0000] {logging_mixin.py:190} INFO - [2026-04-02T13:07:35.735+0000] {dag.py:3239} INFO - Sync 1 DAGs
[2026-04-02T13:07:35.775+0000] {logging_mixin.py:190} INFO - [2026-04-02T13:07:35.774+0000] {dag.py:4180} INFO - Setting next_dagrun for keycloak_setup to None, run_after=None
[2026-04-02T13:07:35.827+0000] {processor.py:208} INFO - Processing /opt/airflow/dags/keycloak/setup_keycloak.py took 0.234 seconds
[2026-04-02T13:08:06.193+0000] {processor.py:186} INFO - Started process (PID=5971) to work on /opt/airflow/dags/keycloak/setup_keycloak.py
[2026-04-02T13:08:06.196+0000] {processor.py:914} INFO - Processing file /opt/airflow/dags/keycloak/setup_keycloak.py for tasks to queue
[2026-04-02T13:08:06.198+0000] {logging_mixin.py:190} INFO - [2026-04-02T13:08:06.197+0000] {dagbag.py:588} INFO - Filling up the DagBag from /opt/airflow/dags/keycloak/setup_keycloak.py
[2026-04-02T13:08:06.216+0000] {processor.py:925} INFO - DAG(s) 'keycloak_setup' retrieved from /opt/airflow/dags/keycloak/setup_keycloak.py
[2026-04-02T13:08:06.269+0000] {logging_mixin.py:190} INFO - [2026-04-02T13:08:06.269+0000] {dag.py:3239} INFO - Sync 1 DAGs
[2026-04-02T13:08:06.298+0000] {logging_mixin.py:190} INFO - [2026-04-02T13:08:06.297+0000] {dag.py:4180} INFO - Setting next_dagrun for keycloak_setup to None, run_after=None
[2026-04-02T13:08:06.331+0000] {processor.py:208} INFO - Processing /opt/airflow/dags/keycloak/setup_keycloak.py took 0.149 seconds
[2026-04-02T13:08:36.721+0000] {processor.py:186} INFO - Started process (PID=5981) to work on /opt/airflow/dags/keycloak/setup_keycloak.py
[2026-04-02T13:08:36.741+0000] {processor.py:914} INFO - Processing file /opt/airflow/dags/keycloak/setup_keycloak.py for tasks to queue
[2026-04-02T13:08:36.744+0000] {logging_mixin.py:190} INFO - [2026-04-02T13:08:36.743+0000] {dagbag.py:588} INFO - Filling up the DagBag from /opt/airflow/dags/keycloak/setup_keycloak.py
[2026-04-02T13:08:36.769+0000] {processor.py:925} INFO - DAG(s) 'keycloak_setup' retrieved from /opt/airflow/dags/keycloak/setup_keycloak.py
[2026-04-02T13:08:36.841+0000] {logging_mixin.py:190} INFO - [2026-04-02T13:08:36.841+0000] {dag.py:3239} INFO - Sync 1 DAGs
[2026-04-02T13:08:36.872+0000] {logging_mixin.py:190} INFO - [2026-04-02T13:08:36.871+0000] {dag.py:4180} INFO - Setting next_dagrun for keycloak_setup to None, run_after=None
[2026-04-02T13:08:36.909+0000] {processor.py:208} INFO - Processing /opt/airflow/dags/keycloak/setup_keycloak.py took 0.199 seconds
[2026-04-02T13:09:07.312+0000] {processor.py:186} INFO - Started process (PID=5991) to work on /opt/airflow/dags/keycloak/setup_keycloak.py
[2026-04-02T13:09:07.314+0000] {processor.py:914} INFO - Processing file /opt/airflow/dags/keycloak/setup_keycloak.py for tasks to queue
[2026-04-02T13:09:07.317+0000] {logging_mixin.py:190} INFO - [2026-04-02T13:09:07.316+0000] {dagbag.py:588} INFO - Filling up the DagBag from /opt/airflow/dags/keycloak/setup_keycloak.py
[2026-04-02T13:09:07.336+0000] {processor.py:925} INFO - DAG(s) 'keycloak_setup' retrieved from /opt/airflow/dags/keycloak/setup_keycloak.py
[2026-04-02T13:09:07.389+0000] {logging_mixin.py:190} INFO - [2026-04-02T13:09:07.389+0000] {dag.py:3239} INFO - Sync 1 DAGs
[2026-04-02T13:09:07.416+0000] {logging_mixin.py:190} INFO - [2026-04-02T13:09:07.415+0000] {dag.py:4180} INFO - Setting next_dagrun for keycloak_setup to None, run_after=None
[2026-04-02T13:09:07.447+0000] {processor.py:208} INFO - Processing /opt/airflow/dags/keycloak/setup_keycloak.py took 0.149 seconds
[2026-04-02T13:09:29.573+0000] {processor.py:186} INFO - Started process (PID=5996) to work on /opt/airflow/dags/keycloak/setup_keycloak.py
[2026-04-02T13:09:29.576+0000] {processor.py:914} INFO - Processing file /opt/airflow/dags/keycloak/setup_keycloak.py for tasks to queue
[2026-04-02T13:09:29.579+0000] {logging_mixin.py:190} INFO - [2026-04-02T13:09:29.578+0000] {dagbag.py:588} INFO - Filling up the DagBag from /opt/airflow/dags/keycloak/setup_keycloak.py
[2026-04-02T13:09:29.609+0000] {processor.py:925} INFO - DAG(s) 'keycloak_setup' retrieved from /opt/airflow/dags/keycloak/setup_keycloak.py
[2026-04-02T13:09:29.944+0000] {logging_mixin.py:190} INFO - [2026-04-02T13:09:29.944+0000] {dag.py:3239} INFO - Sync 1 DAGs
[2026-04-02T13:09:29.969+0000] {logging_mixin.py:190} INFO - [2026-04-02T13:09:29.969+0000] {dag.py:4180} INFO - Setting next_dagrun for keycloak_setup to None, run_after=None
[2026-04-02T13:09:30.008+0000] {processor.py:208} INFO - Processing /opt/airflow/dags/keycloak/setup_keycloak.py took 0.450 seconds
[2026-04-02T13:10:00.045+0000] {processor.py:186} INFO - Started process (PID=6033) to work on /opt/airflow/dags/keycloak/setup_keycloak.py
[2026-04-02T13:10:00.046+0000] {processor.py:914} INFO - Processing file /opt/airflow/dags/keycloak/setup_keycloak.py for tasks to queue
[2026-04-02T13:10:00.047+0000] {logging_mixin.py:190} INFO - [2026-04-02T13:10:00.046+0000] {dagbag.py:588} INFO - Filling up the DagBag from /opt/airflow/dags/keycloak/setup_keycloak.py
[2026-04-02T13:10:00.056+0000] {processor.py:925} INFO - DAG(s) 'keycloak_setup' retrieved from /opt/airflow/dags/keycloak/setup_keycloak.py
[2026-04-02T13:10:00.083+0000] {logging_mixin.py:190} INFO - [2026-04-02T13:10:00.082+0000] {dag.py:3239} INFO - Sync 1 DAGs
[2026-04-02T13:10:00.097+0000] {logging_mixin.py:190} INFO - [2026-04-02T13:10:00.097+0000] {dag.py:4180} INFO - Setting next_dagrun for keycloak_setup to None, run_after=None
[2026-04-02T13:10:00.114+0000] {processor.py:208} INFO - Processing /opt/airflow/dags/keycloak/setup_keycloak.py took 0.076 seconds
[2026-04-02T13:10:30.447+0000] {processor.py:186} INFO - Started process (PID=6052) to work on /opt/airflow/dags/keycloak/setup_keycloak.py
[2026-04-02T13:10:30.466+0000] {processor.py:914} INFO - Processing file /opt/airflow/dags/keycloak/setup_keycloak.py for tasks to queue
[2026-04-02T13:10:30.467+0000] {logging_mixin.py:190} INFO - [2026-04-02T13:10:30.467+0000] {dagbag.py:588} INFO - Filling up the DagBag from /opt/airflow/dags/keycloak/setup_keycloak.py
[2026-04-02T13:10:30.479+0000] {processor.py:925} INFO - DAG(s) 'keycloak_setup' retrieved from /opt/airflow/dags/keycloak/setup_keycloak.py
[2026-04-02T13:10:30.507+0000] {logging_mixin.py:190} INFO - [2026-04-02T13:10:30.507+0000] {dag.py:3239} INFO - Sync 1 DAGs
[2026-04-02T13:10:30.522+0000] {logging_mixin.py:190} INFO - [2026-04-02T13:10:30.521+0000] {dag.py:4180} INFO - Setting next_dagrun for keycloak_setup to None, run_after=None
[2026-04-02T13:10:30.540+0000] {processor.py:208} INFO - Processing /opt/airflow/dags/keycloak/setup_keycloak.py took 0.099 seconds
[2026-04-02T13:11:00.888+0000] {processor.py:186} INFO - Started process (PID=6062) to work on /opt/airflow/dags/keycloak/setup_keycloak.py
[2026-04-02T13:11:00.889+0000] {processor.py:914} INFO - Processing file /opt/airflow/dags/keycloak/setup_keycloak.py for tasks to queue
[2026-04-02T13:11:00.890+0000] {logging_mixin.py:190} INFO - [2026-04-02T13:11:00.890+0000] {dagbag.py:588} INFO - Filling up the DagBag from /opt/airflow/dags/keycloak/setup_keycloak.py
[2026-04-02T13:11:00.900+0000] {processor.py:925} INFO - DAG(s) 'keycloak_setup' retrieved from /opt/airflow/dags/keycloak/setup_keycloak.py
[2026-04-02T13:11:00.933+0000] {logging_mixin.py:190} INFO - [2026-04-02T13:11:00.933+0000] {dag.py:3239} INFO - Sync 1 DAGs
[2026-04-02T13:11:00.950+0000] {logging_mixin.py:190} INFO - [2026-04-02T13:11:00.949+0000] {dag.py:4180} INFO - Setting next_dagrun for keycloak_setup to None, run_after=None
[2026-04-02T13:11:00.971+0000] {processor.py:208} INFO - Processing /opt/airflow/dags/keycloak/setup_keycloak.py took 0.088 seconds
[2026-04-02T13:11:31.299+0000] {processor.py:186} INFO - Started process (PID=6072) to work on /opt/airflow/dags/keycloak/setup_keycloak.py
[2026-04-02T13:11:31.300+0000] {processor.py:914} INFO - Processing file /opt/airflow/dags/keycloak/setup_keycloak.py for tasks to queue
[2026-04-02T13:11:31.301+0000] {logging_mixin.py:190} INFO - [2026-04-02T13:11:31.301+0000] {dagbag.py:588} INFO - Filling up the DagBag from /opt/airflow/dags/keycloak/setup_keycloak.py
[2026-04-02T13:11:31.311+0000] {processor.py:925} INFO - DAG(s) 'keycloak_setup' retrieved from /opt/airflow/dags/keycloak/setup_keycloak.py
[2026-04-02T13:11:31.340+0000] {logging_mixin.py:190} INFO - [2026-04-02T13:11:31.340+0000] {dag.py:3239} INFO - Sync 1 DAGs
[2026-04-02T13:11:31.355+0000] {logging_mixin.py:190} INFO - [2026-04-02T13:11:31.355+0000] {dag.py:4180} INFO - Setting next_dagrun for keycloak_setup to None, run_after=None
[2026-04-02T13:11:31.371+0000] {processor.py:208} INFO - Processing /opt/airflow/dags/keycloak/setup_keycloak.py took 0.077 seconds
[2026-04-02T13:12:01.681+0000] {processor.py:186} INFO - Started process (PID=6082) to work on /opt/airflow/dags/keycloak/setup_keycloak.py
[2026-04-02T13:12:01.682+0000] {processor.py:914} INFO - Processing file /opt/airflow/dags/keycloak/setup_keycloak.py for tasks to queue
[2026-04-02T13:12:01.683+0000] {logging_mixin.py:190} INFO - [2026-04-02T13:12:01.683+0000] {dagbag.py:588} INFO - Filling up the DagBag from /opt/airflow/dags/keycloak/setup_keycloak.py
[2026-04-02T13:12:01.694+0000] {processor.py:925} INFO - DAG(s) 'keycloak_setup' retrieved from /opt/airflow/dags/keycloak/setup_keycloak.py
[2026-04-02T13:12:01.721+0000] {logging_mixin.py:190} INFO - [2026-04-02T13:12:01.720+0000] {dag.py:3239} INFO - Sync 1 DAGs
[2026-04-02T13:12:01.734+0000] {logging_mixin.py:190} INFO - [2026-04-02T13:12:01.734+0000] {dag.py:4180} INFO - Setting next_dagrun for keycloak_setup to None, run_after=None
[2026-04-02T13:12:01.752+0000] {processor.py:208} INFO - Processing /opt/airflow/dags/keycloak/setup_keycloak.py took 0.077 seconds
[2026-04-02T13:12:32.111+0000] {processor.py:186} INFO - Started process (PID=6092) to work on /opt/airflow/dags/keycloak/setup_keycloak.py
[2026-04-02T13:12:32.114+0000] {processor.py:914} INFO - Processing file /opt/airflow/dags/keycloak/setup_keycloak.py for tasks to queue
[2026-04-02T13:12:32.116+0000] {logging_mixin.py:190} INFO - [2026-04-02T13:12:32.115+0000] {dagbag.py:588} INFO - Filling up the DagBag from /opt/airflow/dags/keycloak/setup_keycloak.py
[2026-04-02T13:12:32.136+0000] {processor.py:925} INFO - DAG(s) 'keycloak_setup' retrieved from /opt/airflow/dags/keycloak/setup_keycloak.py
[2026-04-02T13:12:32.187+0000] {logging_mixin.py:190} INFO - [2026-04-02T13:12:32.186+0000] {dag.py:3239} INFO - Sync 1 DAGs
[2026-04-02T13:12:32.215+0000] {logging_mixin.py:190} INFO - [2026-04-02T13:12:32.214+0000] {dag.py:4180} INFO - Setting next_dagrun for keycloak_setup to None, run_after=None
[2026-04-02T13:12:32.245+0000] {processor.py:208} INFO - Processing /opt/airflow/dags/keycloak/setup_keycloak.py took 0.145 seconds
[2026-04-02T13:13:02.608+0000] {processor.py:186} INFO - Started process (PID=6102) to work on /opt/airflow/dags/keycloak/setup_keycloak.py
[2026-04-02T13:13:02.610+0000] {processor.py:914} INFO - Processing file /opt/airflow/dags/keycloak/setup_keycloak.py for tasks to queue
[2026-04-02T13:13:02.613+0000] {logging_mixin.py:190} INFO - [2026-04-02T13:13:02.612+0000] {dagbag.py:588} INFO - Filling up the DagBag from /opt/airflow/dags/keycloak/setup_keycloak.py
[2026-04-02T13:13:02.646+0000] {processor.py:925} INFO - DAG(s) 'keycloak_setup' retrieved from /opt/airflow/dags/keycloak/setup_keycloak.py
[2026-04-02T13:13:02.734+0000] {logging_mixin.py:190} INFO - [2026-04-02T13:13:02.733+0000] {dag.py:3239} INFO - Sync 1 DAGs
[2026-04-02T13:13:02.776+0000] {logging_mixin.py:190} INFO - [2026-04-02T13:13:02.776+0000] {dag.py:4180} INFO - Setting next_dagrun for keycloak_setup to None, run_after=None
[2026-04-02T13:13:02.825+0000] {processor.py:208} INFO - Processing /opt/airflow/dags/keycloak/setup_keycloak.py took 0.234 seconds
[2026-04-02T13:13:33.234+0000] {processor.py:186} INFO - Started process (PID=6112) to work on /opt/airflow/dags/keycloak/setup_keycloak.py
[2026-04-02T13:13:33.238+0000] {processor.py:914} INFO - Processing file /opt/airflow/dags/keycloak/setup_keycloak.py for tasks to queue
[2026-04-02T13:13:33.241+0000] {logging_mixin.py:190} INFO - [2026-04-02T13:13:33.241+0000] {dagbag.py:588} INFO - Filling up the DagBag from /opt/airflow/dags/keycloak/setup_keycloak.py
[2026-04-02T13:13:33.275+0000] {processor.py:925} INFO - DAG(s) 'keycloak_setup' retrieved from /opt/airflow/dags/keycloak/setup_keycloak.py
[2026-04-02T13:13:33.357+0000] {logging_mixin.py:190} INFO - [2026-04-02T13:13:33.357+0000] {dag.py:3239} INFO - Sync 1 DAGs
[2026-04-02T13:13:33.398+0000] {logging_mixin.py:190} INFO - [2026-04-02T13:13:33.397+0000] {dag.py:4180} INFO - Setting next_dagrun for keycloak_setup to None, run_after=None
[2026-04-02T13:13:33.453+0000] {processor.py:208} INFO - Processing /opt/airflow/dags/keycloak/setup_keycloak.py took 0.233 seconds
[2026-04-02T13:14:03.800+0000] {processor.py:186} INFO - Started process (PID=6122) to work on /opt/airflow/dags/keycloak/setup_keycloak.py
[2026-04-02T13:14:03.802+0000] {processor.py:914} INFO - Processing file /opt/airflow/dags/keycloak/setup_keycloak.py for tasks to queue
[2026-04-02T13:14:03.805+0000] {logging_mixin.py:190} INFO - [2026-04-02T13:14:03.804+0000] {dagbag.py:588} INFO - Filling up the DagBag from /opt/airflow/dags/keycloak/setup_keycloak.py
[2026-04-02T13:14:03.833+0000] {processor.py:925} INFO - DAG(s) 'keycloak_setup' retrieved from /opt/airflow/dags/keycloak/setup_keycloak.py
[2026-04-02T13:14:03.912+0000] {logging_mixin.py:190} INFO - [2026-04-02T13:14:03.911+0000] {dag.py:3239} INFO - Sync 1 DAGs
[2026-04-02T13:14:03.953+0000] {logging_mixin.py:190} INFO - [2026-04-02T13:14:03.952+0000] {dag.py:4180} INFO - Setting next_dagrun for keycloak_setup to None, run_after=None
[2026-04-02T13:14:04.005+0000] {processor.py:208} INFO - Processing /opt/airflow/dags/keycloak/setup_keycloak.py took 0.220 seconds
[2026-04-02T13:14:34.102+0000] {processor.py:186} INFO - Started process (PID=6133) to work on /opt/airflow/dags/keycloak/setup_keycloak.py
[2026-04-02T13:14:34.122+0000] {processor.py:914} INFO - Processing file /opt/airflow/dags/keycloak/setup_keycloak.py for tasks to queue
[2026-04-02T13:14:34.126+0000] {logging_mixin.py:190} INFO - [2026-04-02T13:14:34.125+0000] {dagbag.py:588} INFO - Filling up the DagBag from /opt/airflow/dags/keycloak/setup_keycloak.py
[2026-04-02T13:14:34.161+0000] {processor.py:925} INFO - DAG(s) 'keycloak_setup' retrieved from /opt/airflow/dags/keycloak/setup_keycloak.py
[2026-04-02T13:14:34.238+0000] {logging_mixin.py:190} INFO - [2026-04-02T13:14:34.237+0000] {dag.py:3239} INFO - Sync 1 DAGs
[2026-04-02T13:14:34.277+0000] {logging_mixin.py:190} INFO - [2026-04-02T13:14:34.276+0000] {dag.py:4180} INFO - Setting next_dagrun for keycloak_setup to None, run_after=None
[2026-04-02T13:14:34.329+0000] {processor.py:208} INFO - Processing /opt/airflow/dags/keycloak/setup_keycloak.py took 0.246 seconds
[2026-04-02T13:15:04.416+0000] {processor.py:186} INFO - Started process (PID=6143) to work on /opt/airflow/dags/keycloak/setup_keycloak.py
[2026-04-02T13:15:04.416+0000] {processor.py:914} INFO - Processing file /opt/airflow/dags/keycloak/setup_keycloak.py for tasks to queue
[2026-04-02T13:15:04.417+0000] {logging_mixin.py:190} INFO - [2026-04-02T13:15:04.417+0000] {dagbag.py:588} INFO - Filling up the DagBag from /opt/airflow/dags/keycloak/setup_keycloak.py
[2026-04-02T13:15:04.428+0000] {processor.py:925} INFO - DAG(s) 'keycloak_setup' retrieved from /opt/airflow/dags/keycloak/setup_keycloak.py
[2026-04-02T13:15:04.456+0000] {logging_mixin.py:190} INFO - [2026-04-02T13:15:04.456+0000] {dag.py:3239} INFO - Sync 1 DAGs
[2026-04-02T13:15:04.472+0000] {logging_mixin.py:190} INFO - [2026-04-02T13:15:04.472+0000] {dag.py:4180} INFO - Setting next_dagrun for keycloak_setup to None, run_after=None
[2026-04-02T13:15:04.492+0000] {processor.py:208} INFO - Processing /opt/airflow/dags/keycloak/setup_keycloak.py took 0.082 seconds
[2026-04-02T13:15:34.840+0000] {processor.py:186} INFO - Started process (PID=6153) to work on /opt/airflow/dags/keycloak/setup_keycloak.py
[2026-04-02T13:15:34.859+0000] {processor.py:914} INFO - Processing file /opt/airflow/dags/keycloak/setup_keycloak.py for tasks to queue
[2026-04-02T13:15:34.860+0000] {logging_mixin.py:190} INFO - [2026-04-02T13:15:34.860+0000] {dagbag.py:588} INFO - Filling up the DagBag from /opt/airflow/dags/keycloak/setup_keycloak.py
[2026-04-02T13:15:34.875+0000] {processor.py:925} INFO - DAG(s) 'keycloak_setup' retrieved from /opt/airflow/dags/keycloak/setup_keycloak.py
[2026-04-02T13:15:34.923+0000] {logging_mixin.py:190} INFO - [2026-04-02T13:15:34.923+0000] {dag.py:3239} INFO - Sync 1 DAGs
[2026-04-02T13:15:34.952+0000] {logging_mixin.py:190} INFO - [2026-04-02T13:15:34.952+0000] {dag.py:4180} INFO - Setting next_dagrun for keycloak_setup to None, run_after=None
[2026-04-02T13:15:34.983+0000] {processor.py:208} INFO - Processing /opt/airflow/dags/keycloak/setup_keycloak.py took 0.152 seconds
[2026-04-02T13:16:05.334+0000] {processor.py:186} INFO - Started process (PID=6163) to work on /opt/airflow/dags/keycloak/setup_keycloak.py
[2026-04-02T13:16:05.336+0000] {processor.py:914} INFO - Processing file /opt/airflow/dags/keycloak/setup_keycloak.py for tasks to queue
[2026-04-02T13:16:05.338+0000] {logging_mixin.py:190} INFO - [2026-04-02T13:16:05.338+0000] {dagbag.py:588} INFO - Filling up the DagBag from /opt/airflow/dags/keycloak/setup_keycloak.py
[2026-04-02T13:16:05.356+0000] {processor.py:925} INFO - DAG(s) 'keycloak_setup' retrieved from /opt/airflow/dags/keycloak/setup_keycloak.py
[2026-04-02T13:16:05.410+0000] {logging_mixin.py:190} INFO - [2026-04-02T13:16:05.409+0000] {dag.py:3239} INFO - Sync 1 DAGs
[2026-04-02T13:16:05.439+0000] {logging_mixin.py:190} INFO - [2026-04-02T13:16:05.438+0000] {dag.py:4180} INFO - Setting next_dagrun for keycloak_setup to None, run_after=None
[2026-04-02T13:16:05.472+0000] {processor.py:208} INFO - Processing /opt/airflow/dags/keycloak/setup_keycloak.py took 0.149 seconds
[2026-04-02T13:16:36.279+0000] {processor.py:186} INFO - Started process (PID=6173) to work on /opt/airflow/dags/keycloak/setup_keycloak.py
[2026-04-02T13:16:36.282+0000] {processor.py:914} INFO - Processing file /opt/airflow/dags/keycloak/setup_keycloak.py for tasks to queue
[2026-04-02T13:16:36.286+0000] {logging_mixin.py:190} INFO - [2026-04-02T13:16:36.284+0000] {dagbag.py:588} INFO - Filling up the DagBag from /opt/airflow/dags/keycloak/setup_keycloak.py
[2026-04-02T13:16:36.309+0000] {processor.py:925} INFO - DAG(s) 'keycloak_setup' retrieved from /opt/airflow/dags/keycloak/setup_keycloak.py
[2026-04-02T13:16:36.377+0000] {logging_mixin.py:190} INFO - [2026-04-02T13:16:36.377+0000] {dag.py:3239} INFO - Sync 1 DAGs
[2026-04-02T13:16:36.413+0000] {logging_mixin.py:190} INFO - [2026-04-02T13:16:36.412+0000] {dag.py:4180} INFO - Setting next_dagrun for keycloak_setup to None, run_after=None
[2026-04-02T13:16:36.479+0000] {processor.py:208} INFO - Processing /opt/airflow/dags/keycloak/setup_keycloak.py took 0.220 seconds
[2026-04-02T13:17:06.870+0000] {processor.py:186} INFO - Started process (PID=6183) to work on /opt/airflow/dags/keycloak/setup_keycloak.py
[2026-04-02T13:17:06.872+0000] {processor.py:914} INFO - Processing file /opt/airflow/dags/keycloak/setup_keycloak.py for tasks to queue
[2026-04-02T13:17:06.874+0000] {logging_mixin.py:190} INFO - [2026-04-02T13:17:06.873+0000] {dagbag.py:588} INFO - Filling up the DagBag from /opt/airflow/dags/keycloak/setup_keycloak.py
[2026-04-02T13:17:06.898+0000] {processor.py:925} INFO - DAG(s) 'keycloak_setup' retrieved from /opt/airflow/dags/keycloak/setup_keycloak.py
[2026-04-02T13:17:06.948+0000] {logging_mixin.py:190} INFO - [2026-04-02T13:17:06.947+0000] {dag.py:3239} INFO - Sync 1 DAGs
[2026-04-02T13:17:06.980+0000] {logging_mixin.py:190} INFO - [2026-04-02T13:17:06.980+0000] {dag.py:4180} INFO - Setting next_dagrun for keycloak_setup to None, run_after=None
[2026-04-02T13:17:07.023+0000] {processor.py:208} INFO - Processing /opt/airflow/dags/keycloak/setup_keycloak.py took 0.169 seconds
[2026-04-02T13:17:37.350+0000] {processor.py:186} INFO - Started process (PID=6193) to work on /opt/airflow/dags/keycloak/setup_keycloak.py
[2026-04-02T13:17:37.351+0000] {processor.py:914} INFO - Processing file /opt/airflow/dags/keycloak/setup_keycloak.py for tasks to queue
[2026-04-02T13:17:37.352+0000] {logging_mixin.py:190} INFO - [2026-04-02T13:17:37.352+0000] {dagbag.py:588} INFO - Filling up the DagBag from /opt/airflow/dags/keycloak/setup_keycloak.py
[2026-04-02T13:17:37.361+0000] {processor.py:925} INFO - DAG(s) 'keycloak_setup' retrieved from /opt/airflow/dags/keycloak/setup_keycloak.py
[2026-04-02T13:17:37.388+0000] {logging_mixin.py:190} INFO - [2026-04-02T13:17:37.388+0000] {dag.py:3239} INFO - Sync 1 DAGs
[2026-04-02T13:17:37.402+0000] {logging_mixin.py:190} INFO - [2026-04-02T13:17:37.401+0000] {dag.py:4180} INFO - Setting next_dagrun for keycloak_setup to None, run_after=None
[2026-04-02T13:17:37.420+0000] {processor.py:208} INFO - Processing /opt/airflow/dags/keycloak/setup_keycloak.py took 0.075 seconds
[2026-04-02T13:18:07.751+0000] {processor.py:186} INFO - Started process (PID=6203) to work on /opt/airflow/dags/keycloak/setup_keycloak.py
[2026-04-02T13:18:07.752+0000] {processor.py:914} INFO - Processing file /opt/airflow/dags/keycloak/setup_keycloak.py for tasks to queue
[2026-04-02T13:18:07.754+0000] {logging_mixin.py:190} INFO - [2026-04-02T13:18:07.753+0000] {dagbag.py:588} INFO - Filling up the DagBag from /opt/airflow/dags/keycloak/setup_keycloak.py
[2026-04-02T13:18:07.774+0000] {processor.py:925} INFO - DAG(s) 'keycloak_setup' retrieved from /opt/airflow/dags/keycloak/setup_keycloak.py
[2026-04-02T13:18:07.826+0000] {logging_mixin.py:190} INFO - [2026-04-02T13:18:07.824+0000] {dag.py:3239} INFO - Sync 1 DAGs
[2026-04-02T13:18:07.856+0000] {logging_mixin.py:190} INFO - [2026-04-02T13:18:07.855+0000] {dag.py:4180} INFO - Setting next_dagrun for keycloak_setup to None, run_after=None
[2026-04-02T13:18:07.891+0000] {processor.py:208} INFO - Processing /opt/airflow/dags/keycloak/setup_keycloak.py took 0.151 seconds
[2026-04-02T13:18:38.200+0000] {processor.py:186} INFO - Started process (PID=6213) to work on /opt/airflow/dags/keycloak/setup_keycloak.py
[2026-04-02T13:18:38.202+0000] {processor.py:914} INFO - Processing file /opt/airflow/dags/keycloak/setup_keycloak.py for tasks to queue
[2026-04-02T13:18:38.203+0000] {logging_mixin.py:190} INFO - [2026-04-02T13:18:38.203+0000] {dagbag.py:588} INFO - Filling up the DagBag from /opt/airflow/dags/keycloak/setup_keycloak.py
[2026-04-02T13:18:38.219+0000] {processor.py:925} INFO - DAG(s) 'keycloak_setup' retrieved from /opt/airflow/dags/keycloak/setup_keycloak.py
[2026-04-02T13:18:38.253+0000] {logging_mixin.py:190} INFO - [2026-04-02T13:18:38.252+0000] {dag.py:3239} INFO - Sync 1 DAGs
[2026-04-02T13:18:38.268+0000] {logging_mixin.py:190} INFO - [2026-04-02T13:18:38.267+0000] {dag.py:4180} INFO - Setting next_dagrun for keycloak_setup to None, run_after=None
[2026-04-02T13:18:38.291+0000] {processor.py:208} INFO - Processing /opt/airflow/dags/keycloak/setup_keycloak.py took 0.098 seconds
[2026-04-02T13:19:08.636+0000] {processor.py:186} INFO - Started process (PID=6223) to work on /opt/airflow/dags/keycloak/setup_keycloak.py
[2026-04-02T13:19:08.638+0000] {processor.py:914} INFO - Processing file /opt/airflow/dags/keycloak/setup_keycloak.py for tasks to queue
[2026-04-02T13:19:08.642+0000] {logging_mixin.py:190} INFO - [2026-04-02T13:19:08.641+0000] {dagbag.py:588} INFO - Filling up the DagBag from /opt/airflow/dags/keycloak/setup_keycloak.py
[2026-04-02T13:19:08.668+0000] {processor.py:925} INFO - DAG(s) 'keycloak_setup' retrieved from /opt/airflow/dags/keycloak/setup_keycloak.py
[2026-04-02T13:19:08.751+0000] {logging_mixin.py:190} INFO - [2026-04-02T13:19:08.750+0000] {dag.py:3239} INFO - Sync 1 DAGs
[2026-04-02T13:19:08.799+0000] {logging_mixin.py:190} INFO - [2026-04-02T13:19:08.798+0000] {dag.py:4180} INFO - Setting next_dagrun for keycloak_setup to None, run_after=None
[2026-04-02T13:19:08.825+0000] {processor.py:208} INFO - Processing /opt/airflow/dags/keycloak/setup_keycloak.py took 0.206 seconds
[2026-04-02T13:19:39.175+0000] {processor.py:186} INFO - Started process (PID=6233) to work on /opt/airflow/dags/keycloak/setup_keycloak.py
[2026-04-02T13:19:39.179+0000] {processor.py:914} INFO - Processing file /opt/airflow/dags/keycloak/setup_keycloak.py for tasks to queue
[2026-04-02T13:19:39.182+0000] {logging_mixin.py:190} INFO - [2026-04-02T13:19:39.181+0000] {dagbag.py:588} INFO - Filling up the DagBag from /opt/airflow/dags/keycloak/setup_keycloak.py
[2026-04-02T13:19:39.218+0000] {processor.py:925} INFO - DAG(s) 'keycloak_setup' retrieved from /opt/airflow/dags/keycloak/setup_keycloak.py
[2026-04-02T13:19:39.299+0000] {logging_mixin.py:190} INFO - [2026-04-02T13:19:39.298+0000] {dag.py:3239} INFO - Sync 1 DAGs
[2026-04-02T13:19:39.337+0000] {logging_mixin.py:190} INFO - [2026-04-02T13:19:39.337+0000] {dag.py:4180} INFO - Setting next_dagrun for keycloak_setup to None, run_after=None
[2026-04-02T13:19:39.382+0000] {processor.py:208} INFO - Processing /opt/airflow/dags/keycloak/setup_keycloak.py took 0.223 seconds
[2026-04-02T13:20:09.693+0000] {processor.py:186} INFO - Started process (PID=6243) to work on /opt/airflow/dags/keycloak/setup_keycloak.py
[2026-04-02T13:20:09.694+0000] {processor.py:914} INFO - Processing file /opt/airflow/dags/keycloak/setup_keycloak.py for tasks to queue
[2026-04-02T13:20:09.695+0000] {logging_mixin.py:190} INFO - [2026-04-02T13:20:09.695+0000] {dagbag.py:588} INFO - Filling up the DagBag from /opt/airflow/dags/keycloak/setup_keycloak.py
[2026-04-02T13:20:09.705+0000] {processor.py:925} INFO - DAG(s) 'keycloak_setup' retrieved from /opt/airflow/dags/keycloak/setup_keycloak.py
[2026-04-02T13:20:09.736+0000] {logging_mixin.py:190} INFO - [2026-04-02T13:20:09.736+0000] {dag.py:3239} INFO - Sync 1 DAGs
[2026-04-02T13:20:09.752+0000] {logging_mixin.py:190} INFO - [2026-04-02T13:20:09.752+0000] {dag.py:4180} INFO - Setting next_dagrun for keycloak_setup to None, run_after=None
[2026-04-02T13:20:09.772+0000] {processor.py:208} INFO - Processing /opt/airflow/dags/keycloak/setup_keycloak.py took 0.087 seconds
[2026-04-02T13:20:40.128+0000] {processor.py:186} INFO - Started process (PID=6253) to work on /opt/airflow/dags/keycloak/setup_keycloak.py
[2026-04-02T13:20:40.132+0000] {processor.py:914} INFO - Processing file /opt/airflow/dags/keycloak/setup_keycloak.py for tasks to queue
[2026-04-02T13:20:40.135+0000] {logging_mixin.py:190} INFO - [2026-04-02T13:20:40.134+0000] {dagbag.py:588} INFO - Filling up the DagBag from /opt/airflow/dags/keycloak/setup_keycloak.py
[2026-04-02T13:20:40.160+0000] {processor.py:925} INFO - DAG(s) 'keycloak_setup' retrieved from /opt/airflow/dags/keycloak/setup_keycloak.py
[2026-04-02T13:20:40.193+0000] {logging_mixin.py:190} INFO - [2026-04-02T13:20:40.193+0000] {dag.py:3239} INFO - Sync 1 DAGs
[2026-04-02T13:20:40.206+0000] {logging_mixin.py:190} INFO - [2026-04-02T13:20:40.206+0000] {dag.py:4180} INFO - Setting next_dagrun for keycloak_setup to None, run_after=None
[2026-04-02T13:20:40.225+0000] {processor.py:208} INFO - Processing /opt/airflow/dags/keycloak/setup_keycloak.py took 0.111 seconds
[2026-04-02T13:21:10.522+0000] {processor.py:186} INFO - Started process (PID=6263) to work on /opt/airflow/dags/keycloak/setup_keycloak.py
[2026-04-02T13:21:10.522+0000] {processor.py:914} INFO - Processing file /opt/airflow/dags/keycloak/setup_keycloak.py for tasks to queue
[2026-04-02T13:21:10.523+0000] {logging_mixin.py:190} INFO - [2026-04-02T13:21:10.523+0000] {dagbag.py:588} INFO - Filling up the DagBag from /opt/airflow/dags/keycloak/setup_keycloak.py
[2026-04-02T13:21:10.533+0000] {processor.py:925} INFO - DAG(s) 'keycloak_setup' retrieved from /opt/airflow/dags/keycloak/setup_keycloak.py
[2026-04-02T13:21:10.561+0000] {logging_mixin.py:190} INFO - [2026-04-02T13:21:10.561+0000] {dag.py:3239} INFO - Sync 1 DAGs
[2026-04-02T13:21:10.575+0000] {logging_mixin.py:190} INFO - [2026-04-02T13:21:10.575+0000] {dag.py:4180} INFO - Setting next_dagrun for keycloak_setup to None, run_after=None
[2026-04-02T13:21:10.595+0000] {processor.py:208} INFO - Processing /opt/airflow/dags/keycloak/setup_keycloak.py took 0.080 seconds
[2026-04-02T13:21:40.933+0000] {processor.py:186} INFO - Started process (PID=6273) to work on /opt/airflow/dags/keycloak/setup_keycloak.py
[2026-04-02T13:21:40.936+0000] {processor.py:914} INFO - Processing file /opt/airflow/dags/keycloak/setup_keycloak.py for tasks to queue
[2026-04-02T13:21:40.940+0000] {logging_mixin.py:190} INFO - [2026-04-02T13:21:40.939+0000] {dagbag.py:588} INFO - Filling up the DagBag from /opt/airflow/dags/keycloak/setup_keycloak.py
[2026-04-02T13:21:40.971+0000] {processor.py:925} INFO - DAG(s) 'keycloak_setup' retrieved from /opt/airflow/dags/keycloak/setup_keycloak.py
[2026-04-02T13:21:41.057+0000] {logging_mixin.py:190} INFO - [2026-04-02T13:21:41.055+0000] {dag.py:3239} INFO - Sync 1 DAGs
[2026-04-02T13:21:41.115+0000] {logging_mixin.py:190} INFO - [2026-04-02T13:21:41.111+0000] {dag.py:4180} INFO - Setting next_dagrun for keycloak_setup to None, run_after=None
[2026-04-02T13:21:41.180+0000] {processor.py:208} INFO - Processing /opt/airflow/dags/keycloak/setup_keycloak.py took 0.262 seconds
[2026-04-02T13:22:11.234+0000] {processor.py:186} INFO - Started process (PID=6283) to work on /opt/airflow/dags/keycloak/setup_keycloak.py
[2026-04-02T13:22:11.235+0000] {processor.py:914} INFO - Processing file /opt/airflow/dags/keycloak/setup_keycloak.py for tasks to queue
[2026-04-02T13:22:11.236+0000] {logging_mixin.py:190} INFO - [2026-04-02T13:22:11.236+0000] {dagbag.py:588} INFO - Filling up the DagBag from /opt/airflow/dags/keycloak/setup_keycloak.py
[2026-04-02T13:22:11.248+0000] {processor.py:925} INFO - DAG(s) 'keycloak_setup' retrieved from /opt/airflow/dags/keycloak/setup_keycloak.py
[2026-04-02T13:22:11.278+0000] {logging_mixin.py:190} INFO - [2026-04-02T13:22:11.278+0000] {dag.py:3239} INFO - Sync 1 DAGs
[2026-04-02T13:22:11.295+0000] {logging_mixin.py:190} INFO - [2026-04-02T13:22:11.295+0000] {dag.py:4180} INFO - Setting next_dagrun for keycloak_setup to None, run_after=None
[2026-04-02T13:22:11.317+0000] {processor.py:208} INFO - Processing /opt/airflow/dags/keycloak/setup_keycloak.py took 0.088 seconds
[2026-04-02T13:22:41.614+0000] {processor.py:186} INFO - Started process (PID=6293) to work on /opt/airflow/dags/keycloak/setup_keycloak.py
[2026-04-02T13:22:41.617+0000] {processor.py:914} INFO - Processing file /opt/airflow/dags/keycloak/setup_keycloak.py for tasks to queue
[2026-04-02T13:22:41.618+0000] {logging_mixin.py:190} INFO - [2026-04-02T13:22:41.618+0000] {dagbag.py:588} INFO - Filling up the DagBag from /opt/airflow/dags/keycloak/setup_keycloak.py
[2026-04-02T13:22:41.631+0000] {processor.py:925} INFO - DAG(s) 'keycloak_setup' retrieved from /opt/airflow/dags/keycloak/setup_keycloak.py
[2026-04-02T13:22:41.669+0000] {logging_mixin.py:190} INFO - [2026-04-02T13:22:41.669+0000] {dag.py:3239} INFO - Sync 1 DAGs
[2026-04-02T13:22:41.693+0000] {logging_mixin.py:190} INFO - [2026-04-02T13:22:41.692+0000] {dag.py:4180} INFO - Setting next_dagrun for keycloak_setup to None, run_after=None
[2026-04-02T13:22:41.715+0000] {processor.py:208} INFO - Processing /opt/airflow/dags/keycloak/setup_keycloak.py took 0.111 seconds
[2026-04-02T13:23:12.048+0000] {processor.py:186} INFO - Started process (PID=6303) to work on /opt/airflow/dags/keycloak/setup_keycloak.py
[2026-04-02T13:23:12.051+0000] {processor.py:914} INFO - Processing file /opt/airflow/dags/keycloak/setup_keycloak.py for tasks to queue
[2026-04-02T13:23:12.055+0000] {logging_mixin.py:190} INFO - [2026-04-02T13:23:12.054+0000] {dagbag.py:588} INFO - Filling up the DagBag from /opt/airflow/dags/keycloak/setup_keycloak.py
[2026-04-02T13:23:12.082+0000] {processor.py:925} INFO - DAG(s) 'keycloak_setup' retrieved from /opt/airflow/dags/keycloak/setup_keycloak.py
[2026-04-02T13:23:12.168+0000] {logging_mixin.py:190} INFO - [2026-04-02T13:23:12.168+0000] {dag.py:3239} INFO - Sync 1 DAGs
[2026-04-02T13:23:12.214+0000] {logging_mixin.py:190} INFO - [2026-04-02T13:23:12.213+0000] {dag.py:4180} INFO - Setting next_dagrun for keycloak_setup to None, run_after=None
[2026-04-02T13:23:12.274+0000] {processor.py:208} INFO - Processing /opt/airflow/dags/keycloak/setup_keycloak.py took 0.240 seconds
[2026-04-02T13:23:42.571+0000] {processor.py:186} INFO - Started process (PID=6313) to work on /opt/airflow/dags/keycloak/setup_keycloak.py
[2026-04-02T13:23:42.573+0000] {processor.py:914} INFO - Processing file /opt/airflow/dags/keycloak/setup_keycloak.py for tasks to queue
[2026-04-02T13:23:42.574+0000] {logging_mixin.py:190} INFO - [2026-04-02T13:23:42.574+0000] {dagbag.py:588} INFO - Filling up the DagBag from /opt/airflow/dags/keycloak/setup_keycloak.py
[2026-04-02T13:23:42.585+0000] {processor.py:925} INFO - DAG(s) 'keycloak_setup' retrieved from /opt/airflow/dags/keycloak/setup_keycloak.py
[2026-04-02T13:23:42.624+0000] {logging_mixin.py:190} INFO - [2026-04-02T13:23:42.624+0000] {dag.py:3239} INFO - Sync 1 DAGs
[2026-04-02T13:23:42.644+0000] {logging_mixin.py:190} INFO - [2026-04-02T13:23:42.644+0000] {dag.py:4180} INFO - Setting next_dagrun for keycloak_setup to None, run_after=None
[2026-04-02T13:23:42.666+0000] {processor.py:208} INFO - Processing /opt/airflow/dags/keycloak/setup_keycloak.py took 0.102 seconds
[2026-04-02T13:24:12.963+0000] {processor.py:186} INFO - Started process (PID=6323) to work on /opt/airflow/dags/keycloak/setup_keycloak.py
[2026-04-02T13:24:12.964+0000] {processor.py:914} INFO - Processing file /opt/airflow/dags/keycloak/setup_keycloak.py for tasks to queue
[2026-04-02T13:24:12.966+0000] {logging_mixin.py:190} INFO - [2026-04-02T13:24:12.965+0000] {dagbag.py:588} INFO - Filling up the DagBag from /opt/airflow/dags/keycloak/setup_keycloak.py
[2026-04-02T13:24:12.977+0000] {processor.py:925} INFO - DAG(s) 'keycloak_setup' retrieved from /opt/airflow/dags/keycloak/setup_keycloak.py
[2026-04-02T13:24:13.006+0000] {logging_mixin.py:190} INFO - [2026-04-02T13:24:13.005+0000] {dag.py:3239} INFO - Sync 1 DAGs
[2026-04-02T13:24:13.020+0000] {logging_mixin.py:190} INFO - [2026-04-02T13:24:13.020+0000] {dag.py:4180} INFO - Setting next_dagrun for keycloak_setup to None, run_after=None
[2026-04-02T13:24:13.042+0000] {processor.py:208} INFO - Processing /opt/airflow/dags/keycloak/setup_keycloak.py took 0.085 seconds
[2026-04-02T13:24:43.345+0000] {processor.py:186} INFO - Started process (PID=6333) to work on /opt/airflow/dags/keycloak/setup_keycloak.py
[2026-04-02T13:24:43.346+0000] {processor.py:914} INFO - Processing file /opt/airflow/dags/keycloak/setup_keycloak.py for tasks to queue
[2026-04-02T13:24:43.348+0000] {logging_mixin.py:190} INFO - [2026-04-02T13:24:43.347+0000] {dagbag.py:588} INFO - Filling up the DagBag from /opt/airflow/dags/keycloak/setup_keycloak.py
[2026-04-02T13:24:43.366+0000] {processor.py:925} INFO - DAG(s) 'keycloak_setup' retrieved from /opt/airflow/dags/keycloak/setup_keycloak.py
[2026-04-02T13:24:43.415+0000] {logging_mixin.py:190} INFO - [2026-04-02T13:24:43.414+0000] {dag.py:3239} INFO - Sync 1 DAGs
[2026-04-02T13:24:43.442+0000] {logging_mixin.py:190} INFO - [2026-04-02T13:24:43.442+0000] {dag.py:4180} INFO - Setting next_dagrun for keycloak_setup to None, run_after=None
[2026-04-02T13:24:43.474+0000] {processor.py:208} INFO - Processing /opt/airflow/dags/keycloak/setup_keycloak.py took 0.140 seconds
[2026-04-02T13:25:13.804+0000] {processor.py:186} INFO - Started process (PID=6343) to work on /opt/airflow/dags/keycloak/setup_keycloak.py
[2026-04-02T13:25:13.824+0000] {processor.py:914} INFO - Processing file /opt/airflow/dags/keycloak/setup_keycloak.py for tasks to queue
[2026-04-02T13:25:13.829+0000] {logging_mixin.py:190} INFO - [2026-04-02T13:25:13.827+0000] {dagbag.py:588} INFO - Filling up the DagBag from /opt/airflow/dags/keycloak/setup_keycloak.py
[2026-04-02T13:25:13.857+0000] {processor.py:925} INFO - DAG(s) 'keycloak_setup' retrieved from /opt/airflow/dags/keycloak/setup_keycloak.py
[2026-04-02T13:25:13.932+0000] {logging_mixin.py:190} INFO - [2026-04-02T13:25:13.931+0000] {dag.py:3239} INFO - Sync 1 DAGs
[2026-04-02T13:25:13.969+0000] {logging_mixin.py:190} INFO - [2026-04-02T13:25:13.968+0000] {dag.py:4180} INFO - Setting next_dagrun for keycloak_setup to None, run_after=None
[2026-04-02T13:25:14.029+0000] {processor.py:208} INFO - Processing /opt/airflow/dags/keycloak/setup_keycloak.py took 0.244 seconds
[2026-04-02T13:25:44.153+0000] {processor.py:186} INFO - Started process (PID=6353) to work on /opt/airflow/dags/keycloak/setup_keycloak.py
[2026-04-02T13:25:44.155+0000] {processor.py:914} INFO - Processing file /opt/airflow/dags/keycloak/setup_keycloak.py for tasks to queue
[2026-04-02T13:25:44.158+0000] {logging_mixin.py:190} INFO - [2026-04-02T13:25:44.158+0000] {dagbag.py:588} INFO - Filling up the DagBag from /opt/airflow/dags/keycloak/setup_keycloak.py
[2026-04-02T13:25:44.191+0000] {processor.py:925} INFO - DAG(s) 'keycloak_setup' retrieved from /opt/airflow/dags/keycloak/setup_keycloak.py
[2026-04-02T13:25:44.294+0000] {logging_mixin.py:190} INFO - [2026-04-02T13:25:44.293+0000] {dag.py:3239} INFO - Sync 1 DAGs
[2026-04-02T13:25:44.348+0000] {logging_mixin.py:190} INFO - [2026-04-02T13:25:44.347+0000] {dag.py:4180} INFO - Setting next_dagrun for keycloak_setup to None, run_after=None
[2026-04-02T13:25:44.385+0000] {processor.py:208} INFO - Processing /opt/airflow/dags/keycloak/setup_keycloak.py took 0.250 seconds
[2026-04-02T13:26:14.660+0000] {processor.py:186} INFO - Started process (PID=6363) to work on /opt/airflow/dags/keycloak/setup_keycloak.py
[2026-04-02T13:26:14.671+0000] {processor.py:914} INFO - Processing file /opt/airflow/dags/keycloak/setup_keycloak.py for tasks to queue
[2026-04-02T13:26:14.672+0000] {logging_mixin.py:190} INFO - [2026-04-02T13:26:14.672+0000] {dagbag.py:588} INFO - Filling up the DagBag from /opt/airflow/dags/keycloak/setup_keycloak.py
[2026-04-02T13:26:14.682+0000] {processor.py:925} INFO - DAG(s) 'keycloak_setup' retrieved from /opt/airflow/dags/keycloak/setup_keycloak.py
[2026-04-02T13:26:14.714+0000] {logging_mixin.py:190} INFO - [2026-04-02T13:26:14.714+0000] {dag.py:3239} INFO - Sync 1 DAGs
[2026-04-02T13:26:14.730+0000] {logging_mixin.py:190} INFO - [2026-04-02T13:26:14.730+0000] {dag.py:4180} INFO - Setting next_dagrun for keycloak_setup to None, run_after=None
[2026-04-02T13:26:14.757+0000] {processor.py:208} INFO - Processing /opt/airflow/dags/keycloak/setup_keycloak.py took 0.102 seconds
[2026-04-02T13:26:45.046+0000] {processor.py:186} INFO - Started process (PID=6373) to work on /opt/airflow/dags/keycloak/setup_keycloak.py
[2026-04-02T13:26:45.047+0000] {processor.py:914} INFO - Processing file /opt/airflow/dags/keycloak/setup_keycloak.py for tasks to queue
[2026-04-02T13:26:45.048+0000] {logging_mixin.py:190} INFO - [2026-04-02T13:26:45.048+0000] {dagbag.py:588} INFO - Filling up the DagBag from /opt/airflow/dags/keycloak/setup_keycloak.py
[2026-04-02T13:26:45.059+0000] {processor.py:925} INFO - DAG(s) 'keycloak_setup' retrieved from /opt/airflow/dags/keycloak/setup_keycloak.py
[2026-04-02T13:26:45.090+0000] {logging_mixin.py:190} INFO - [2026-04-02T13:26:45.089+0000] {dag.py:3239} INFO - Sync 1 DAGs
[2026-04-02T13:26:45.106+0000] {logging_mixin.py:190} INFO - [2026-04-02T13:26:45.106+0000] {dag.py:4180} INFO - Setting next_dagrun for keycloak_setup to None, run_after=None
[2026-04-02T13:26:45.124+0000] {processor.py:208} INFO - Processing /opt/airflow/dags/keycloak/setup_keycloak.py took 0.083 seconds
[2026-04-02T13:27:15.435+0000] {processor.py:186} INFO - Started process (PID=6383) to work on /opt/airflow/dags/keycloak/setup_keycloak.py
[2026-04-02T13:27:15.437+0000] {processor.py:914} INFO - Processing file /opt/airflow/dags/keycloak/setup_keycloak.py for tasks to queue
[2026-04-02T13:27:15.438+0000] {logging_mixin.py:190} INFO - [2026-04-02T13:27:15.438+0000] {dagbag.py:588} INFO - Filling up the DagBag from /opt/airflow/dags/keycloak/setup_keycloak.py
[2026-04-02T13:27:15.452+0000] {processor.py:925} INFO - DAG(s) 'keycloak_setup' retrieved from /opt/airflow/dags/keycloak/setup_keycloak.py
[2026-04-02T13:27:15.495+0000] {logging_mixin.py:190} INFO - [2026-04-02T13:27:15.494+0000] {dag.py:3239} INFO - Sync 1 DAGs
[2026-04-02T13:27:15.516+0000] {logging_mixin.py:190} INFO - [2026-04-02T13:27:15.516+0000] {dag.py:4180} INFO - Setting next_dagrun for keycloak_setup to None, run_after=None
[2026-04-02T13:27:15.563+0000] {processor.py:208} INFO - Processing /opt/airflow/dags/keycloak/setup_keycloak.py took 0.137 seconds
[2026-04-02T13:27:45.931+0000] {processor.py:186} INFO - Started process (PID=6393) to work on /opt/airflow/dags/keycloak/setup_keycloak.py
[2026-04-02T13:27:45.933+0000] {processor.py:914} INFO - Processing file /opt/airflow/dags/keycloak/setup_keycloak.py for tasks to queue
[2026-04-02T13:27:45.937+0000] {logging_mixin.py:190} INFO - [2026-04-02T13:27:45.936+0000] {dagbag.py:588} INFO - Filling up the DagBag from /opt/airflow/dags/keycloak/setup_keycloak.py
[2026-04-02T13:27:45.964+0000] {processor.py:925} INFO - DAG(s) 'keycloak_setup' retrieved from /opt/airflow/dags/keycloak/setup_keycloak.py
[2026-04-02T13:27:46.042+0000] {logging_mixin.py:190} INFO - [2026-04-02T13:27:46.041+0000] {dag.py:3239} INFO - Sync 1 DAGs
[2026-04-02T13:27:46.089+0000] {logging_mixin.py:190} INFO - [2026-04-02T13:27:46.088+0000] {dag.py:4180} INFO - Setting next_dagrun for keycloak_setup to None, run_after=None
[2026-04-02T13:27:46.161+0000] {processor.py:208} INFO - Processing /opt/airflow/dags/keycloak/setup_keycloak.py took 0.245 seconds
[2026-04-02T13:28:16.214+0000] {processor.py:186} INFO - Started process (PID=6403) to work on /opt/airflow/dags/keycloak/setup_keycloak.py
[2026-04-02T13:28:16.216+0000] {processor.py:914} INFO - Processing file /opt/airflow/dags/keycloak/setup_keycloak.py for tasks to queue
[2026-04-02T13:28:16.217+0000] {logging_mixin.py:190} INFO - [2026-04-02T13:28:16.217+0000] {dagbag.py:588} INFO - Filling up the DagBag from /opt/airflow/dags/keycloak/setup_keycloak.py
[2026-04-02T13:28:16.233+0000] {processor.py:925} INFO - DAG(s) 'keycloak_setup' retrieved from /opt/airflow/dags/keycloak/setup_keycloak.py
[2026-04-02T13:28:16.276+0000] {logging_mixin.py:190} INFO - [2026-04-02T13:28:16.276+0000] {dag.py:3239} INFO - Sync 1 DAGs
[2026-04-02T13:28:16.297+0000] {logging_mixin.py:190} INFO - [2026-04-02T13:28:16.297+0000] {dag.py:4180} INFO - Setting next_dagrun for keycloak_setup to None, run_after=None
[2026-04-02T13:28:16.325+0000] {processor.py:208} INFO - Processing /opt/airflow/dags/keycloak/setup_keycloak.py took 0.120 seconds
[2026-04-02T13:28:46.603+0000] {processor.py:186} INFO - Started process (PID=6413) to work on /opt/airflow/dags/keycloak/setup_keycloak.py
[2026-04-02T13:28:46.605+0000] {processor.py:914} INFO - Processing file /opt/airflow/dags/keycloak/setup_keycloak.py for tasks to queue
[2026-04-02T13:28:46.607+0000] {logging_mixin.py:190} INFO - [2026-04-02T13:28:46.606+0000] {dagbag.py:588} INFO - Filling up the DagBag from /opt/airflow/dags/keycloak/setup_keycloak.py
[2026-04-02T13:28:46.621+0000] {processor.py:925} INFO - DAG(s) 'keycloak_setup' retrieved from /opt/airflow/dags/keycloak/setup_keycloak.py
[2026-04-02T13:28:46.670+0000] {logging_mixin.py:190} INFO - [2026-04-02T13:28:46.669+0000] {dag.py:3239} INFO - Sync 1 DAGs
[2026-04-02T13:28:46.692+0000] {logging_mixin.py:190} INFO - [2026-04-02T13:28:46.692+0000] {dag.py:4180} INFO - Setting next_dagrun for keycloak_setup to None, run_after=None
[2026-04-02T13:28:46.721+0000] {processor.py:208} INFO - Processing /opt/airflow/dags/keycloak/setup_keycloak.py took 0.126 seconds
[2026-04-02T13:29:17.053+0000] {processor.py:186} INFO - Started process (PID=6423) to work on /opt/airflow/dags/keycloak/setup_keycloak.py
[2026-04-02T13:29:17.056+0000] {processor.py:914} INFO - Processing file /opt/airflow/dags/keycloak/setup_keycloak.py for tasks to queue
[2026-04-02T13:29:17.059+0000] {logging_mixin.py:190} INFO - [2026-04-02T13:29:17.059+0000] {dagbag.py:588} INFO - Filling up the DagBag from /opt/airflow/dags/keycloak/setup_keycloak.py
[2026-04-02T13:29:17.086+0000] {processor.py:925} INFO - DAG(s) 'keycloak_setup' retrieved from /opt/airflow/dags/keycloak/setup_keycloak.py
[2026-04-02T13:29:17.164+0000] {logging_mixin.py:190} INFO - [2026-04-02T13:29:17.163+0000] {dag.py:3239} INFO - Sync 1 DAGs
[2026-04-02T13:29:17.210+0000] {logging_mixin.py:190} INFO - [2026-04-02T13:29:17.210+0000] {dag.py:4180} INFO - Setting next_dagrun for keycloak_setup to None, run_after=None
[2026-04-02T13:29:17.284+0000] {processor.py:208} INFO - Processing /opt/airflow/dags/keycloak/setup_keycloak.py took 0.248 seconds
[2026-04-02T13:29:47.573+0000] {processor.py:186} INFO - Started process (PID=6433) to work on /opt/airflow/dags/keycloak/setup_keycloak.py
[2026-04-02T13:29:47.574+0000] {processor.py:914} INFO - Processing file /opt/airflow/dags/keycloak/setup_keycloak.py for tasks to queue
[2026-04-02T13:29:47.576+0000] {logging_mixin.py:190} INFO - [2026-04-02T13:29:47.575+0000] {dagbag.py:588} INFO - Filling up the DagBag from /opt/airflow/dags/keycloak/setup_keycloak.py
[2026-04-02T13:29:47.591+0000] {processor.py:925} INFO - DAG(s) 'keycloak_setup' retrieved from /opt/airflow/dags/keycloak/setup_keycloak.py
[2026-04-02T13:29:47.625+0000] {logging_mixin.py:190} INFO - [2026-04-02T13:29:47.625+0000] {dag.py:3239} INFO - Sync 1 DAGs
[2026-04-02T13:29:47.642+0000] {logging_mixin.py:190} INFO - [2026-04-02T13:29:47.641+0000] {dag.py:4180} INFO - Setting next_dagrun for keycloak_setup to None, run_after=None
[2026-04-02T13:29:47.664+0000] {processor.py:208} INFO - Processing /opt/airflow/dags/keycloak/setup_keycloak.py took 0.097 seconds
[2026-04-02T13:30:17.945+0000] {processor.py:186} INFO - Started process (PID=6443) to work on /opt/airflow/dags/keycloak/setup_keycloak.py
[2026-04-02T13:30:17.962+0000] {processor.py:914} INFO - Processing file /opt/airflow/dags/keycloak/setup_keycloak.py for tasks to queue
[2026-04-02T13:30:17.964+0000] {logging_mixin.py:190} INFO - [2026-04-02T13:30:17.964+0000] {dagbag.py:588} INFO - Filling up the DagBag from /opt/airflow/dags/keycloak/setup_keycloak.py
[2026-04-02T13:30:17.977+0000] {processor.py:925} INFO - DAG(s) 'keycloak_setup' retrieved from /opt/airflow/dags/keycloak/setup_keycloak.py
[2026-04-02T13:30:18.011+0000] {logging_mixin.py:190} INFO - [2026-04-02T13:30:18.010+0000] {dag.py:3239} INFO - Sync 1 DAGs
[2026-04-02T13:30:18.027+0000] {logging_mixin.py:190} INFO - [2026-04-02T13:30:18.027+0000] {dag.py:4180} INFO - Setting next_dagrun for keycloak_setup to None, run_after=None
[2026-04-02T13:30:18.047+0000] {processor.py:208} INFO - Processing /opt/airflow/dags/keycloak/setup_keycloak.py took 0.108 seconds
[2026-04-02T13:30:48.357+0000] {processor.py:186} INFO - Started process (PID=6453) to work on /opt/airflow/dags/keycloak/setup_keycloak.py
[2026-04-02T13:30:48.359+0000] {processor.py:914} INFO - Processing file /opt/airflow/dags/keycloak/setup_keycloak.py for tasks to queue
[2026-04-02T13:30:48.362+0000] {logging_mixin.py:190} INFO - [2026-04-02T13:30:48.361+0000] {dagbag.py:588} INFO - Filling up the DagBag from /opt/airflow/dags/keycloak/setup_keycloak.py
[2026-04-02T13:30:48.388+0000] {processor.py:925} INFO - DAG(s) 'keycloak_setup' retrieved from /opt/airflow/dags/keycloak/setup_keycloak.py
[2026-04-02T13:30:48.473+0000] {logging_mixin.py:190} INFO - [2026-04-02T13:30:48.472+0000] {dag.py:3239} INFO - Sync 1 DAGs
[2026-04-02T13:30:48.508+0000] {logging_mixin.py:190} INFO - [2026-04-02T13:30:48.508+0000] {dag.py:4180} INFO - Setting next_dagrun for keycloak_setup to None, run_after=None
[2026-04-02T13:30:48.560+0000] {processor.py:208} INFO - Processing /opt/airflow/dags/keycloak/setup_keycloak.py took 0.218 seconds
[2026-04-02T13:31:18.879+0000] {processor.py:186} INFO - Started process (PID=6463) to work on /opt/airflow/dags/keycloak/setup_keycloak.py
[2026-04-02T13:31:18.882+0000] {processor.py:914} INFO - Processing file /opt/airflow/dags/keycloak/setup_keycloak.py for tasks to queue
[2026-04-02T13:31:18.883+0000] {logging_mixin.py:190} INFO - [2026-04-02T13:31:18.883+0000] {dagbag.py:588} INFO - Filling up the DagBag from /opt/airflow/dags/keycloak/setup_keycloak.py
[2026-04-02T13:31:18.901+0000] {processor.py:925} INFO - DAG(s) 'keycloak_setup' retrieved from /opt/airflow/dags/keycloak/setup_keycloak.py
[2026-04-02T13:31:18.937+0000] {logging_mixin.py:190} INFO - [2026-04-02T13:31:18.937+0000] {dag.py:3239} INFO - Sync 1 DAGs
[2026-04-02T13:31:18.953+0000] {logging_mixin.py:190} INFO - [2026-04-02T13:31:18.952+0000] {dag.py:4180} INFO - Setting next_dagrun for keycloak_setup to None, run_after=None
[2026-04-02T13:31:18.975+0000] {processor.py:208} INFO - Processing /opt/airflow/dags/keycloak/setup_keycloak.py took 0.108 seconds
[2026-04-02T13:31:49.277+0000] {processor.py:186} INFO - Started process (PID=6473) to work on /opt/airflow/dags/keycloak/setup_keycloak.py
[2026-04-02T13:31:49.277+0000] {processor.py:914} INFO - Processing file /opt/airflow/dags/keycloak/setup_keycloak.py for tasks to queue
[2026-04-02T13:31:49.278+0000] {logging_mixin.py:190} INFO - [2026-04-02T13:31:49.278+0000] {dagbag.py:588} INFO - Filling up the DagBag from /opt/airflow/dags/keycloak/setup_keycloak.py
[2026-04-02T13:31:49.289+0000] {processor.py:925} INFO - DAG(s) 'keycloak_setup' retrieved from /opt/airflow/dags/keycloak/setup_keycloak.py
[2026-04-02T13:31:49.318+0000] {logging_mixin.py:190} INFO - [2026-04-02T13:31:49.318+0000] {dag.py:3239} INFO - Sync 1 DAGs
[2026-04-02T13:31:49.332+0000] {logging_mixin.py:190} INFO - [2026-04-02T13:31:49.332+0000] {dag.py:4180} INFO - Setting next_dagrun for keycloak_setup to None, run_after=None
[2026-04-02T13:31:49.349+0000] {processor.py:208} INFO - Processing /opt/airflow/dags/keycloak/setup_keycloak.py took 0.079 seconds
[2026-04-02T13:32:19.646+0000] {processor.py:186} INFO - Started process (PID=6483) to work on /opt/airflow/dags/keycloak/setup_keycloak.py
[2026-04-02T13:32:19.648+0000] {processor.py:914} INFO - Processing file /opt/airflow/dags/keycloak/setup_keycloak.py for tasks to queue
[2026-04-02T13:32:19.649+0000] {logging_mixin.py:190} INFO - [2026-04-02T13:32:19.649+0000] {dagbag.py:588} INFO - Filling up the DagBag from /opt/airflow/dags/keycloak/setup_keycloak.py
[2026-04-02T13:32:19.660+0000] {processor.py:925} INFO - DAG(s) 'keycloak_setup' retrieved from /opt/airflow/dags/keycloak/setup_keycloak.py
[2026-04-02T13:32:19.699+0000] {logging_mixin.py:190} INFO - [2026-04-02T13:32:19.699+0000] {dag.py:3239} INFO - Sync 1 DAGs
[2026-04-02T13:32:19.720+0000] {logging_mixin.py:190} INFO - [2026-04-02T13:32:19.720+0000] {dag.py:4180} INFO - Setting next_dagrun for keycloak_setup to None, run_after=None
[2026-04-02T13:32:19.753+0000] {processor.py:208} INFO - Processing /opt/airflow/dags/keycloak/setup_keycloak.py took 0.113 seconds
[2026-04-02T13:32:50.033+0000] {processor.py:186} INFO - Started process (PID=6493) to work on /opt/airflow/dags/keycloak/setup_keycloak.py
[2026-04-02T13:32:50.034+0000] {processor.py:914} INFO - Processing file /opt/airflow/dags/keycloak/setup_keycloak.py for tasks to queue
[2026-04-02T13:32:50.035+0000] {logging_mixin.py:190} INFO - [2026-04-02T13:32:50.035+0000] {dagbag.py:588} INFO - Filling up the DagBag from /opt/airflow/dags/keycloak/setup_keycloak.py
[2026-04-02T13:32:50.046+0000] {processor.py:925} INFO - DAG(s) 'keycloak_setup' retrieved from /opt/airflow/dags/keycloak/setup_keycloak.py
[2026-04-02T13:32:50.076+0000] {logging_mixin.py:190} INFO - [2026-04-02T13:32:50.075+0000] {dag.py:3239} INFO - Sync 1 DAGs
[2026-04-02T13:32:50.091+0000] {logging_mixin.py:190} INFO - [2026-04-02T13:32:50.091+0000] {dag.py:4180} INFO - Setting next_dagrun for keycloak_setup to None, run_after=None
[2026-04-02T13:32:50.108+0000] {processor.py:208} INFO - Processing /opt/airflow/dags/keycloak/setup_keycloak.py took 0.082 seconds
[2026-04-02T13:33:20.316+0000] {processor.py:186} INFO - Started process (PID=6503) to work on /opt/airflow/dags/keycloak/setup_keycloak.py
[2026-04-02T13:33:20.333+0000] {processor.py:914} INFO - Processing file /opt/airflow/dags/keycloak/setup_keycloak.py for tasks to queue
[2026-04-02T13:33:20.334+0000] {logging_mixin.py:190} INFO - [2026-04-02T13:33:20.334+0000] {dagbag.py:588} INFO - Filling up the DagBag from /opt/airflow/dags/keycloak/setup_keycloak.py
[2026-04-02T13:33:20.342+0000] {processor.py:925} INFO - DAG(s) 'keycloak_setup' retrieved from /opt/airflow/dags/keycloak/setup_keycloak.py
[2026-04-02T13:33:20.366+0000] {logging_mixin.py:190} INFO - [2026-04-02T13:33:20.365+0000] {dag.py:3239} INFO - Sync 1 DAGs
[2026-04-02T13:33:20.378+0000] {logging_mixin.py:190} INFO - [2026-04-02T13:33:20.378+0000] {dag.py:4180} INFO - Setting next_dagrun for keycloak_setup to None, run_after=None
[2026-04-02T13:33:20.393+0000] {processor.py:208} INFO - Processing /opt/airflow/dags/keycloak/setup_keycloak.py took 0.082 seconds
[2026-04-02T13:33:50.594+0000] {processor.py:186} INFO - Started process (PID=6513) to work on /opt/airflow/dags/keycloak/setup_keycloak.py
[2026-04-02T13:33:50.595+0000] {processor.py:914} INFO - Processing file /opt/airflow/dags/keycloak/setup_keycloak.py for tasks to queue
[2026-04-02T13:33:50.596+0000] {logging_mixin.py:190} INFO - [2026-04-02T13:33:50.596+0000] {dagbag.py:588} INFO - Filling up the DagBag from /opt/airflow/dags/keycloak/setup_keycloak.py
[2026-04-02T13:33:50.610+0000] {processor.py:925} INFO - DAG(s) 'keycloak_setup' retrieved from /opt/airflow/dags/keycloak/setup_keycloak.py
[2026-04-02T13:33:50.642+0000] {logging_mixin.py:190} INFO - [2026-04-02T13:33:50.642+0000] {dag.py:3239} INFO - Sync 1 DAGs
[2026-04-02T13:33:50.658+0000] {logging_mixin.py:190} INFO - [2026-04-02T13:33:50.657+0000] {dag.py:4180} INFO - Setting next_dagrun for keycloak_setup to None, run_after=None
[2026-04-02T13:33:50.681+0000] {processor.py:208} INFO - Processing /opt/airflow/dags/keycloak/setup_keycloak.py took 0.094 seconds
[2026-04-02T13:34:20.877+0000] {processor.py:186} INFO - Started process (PID=6523) to work on /opt/airflow/dags/keycloak/setup_keycloak.py
[2026-04-02T13:34:20.878+0000] {processor.py:914} INFO - Processing file /opt/airflow/dags/keycloak/setup_keycloak.py for tasks to queue
[2026-04-02T13:34:20.879+0000] {logging_mixin.py:190} INFO - [2026-04-02T13:34:20.879+0000] {dagbag.py:588} INFO - Filling up the DagBag from /opt/airflow/dags/keycloak/setup_keycloak.py
[2026-04-02T13:34:20.887+0000] {processor.py:925} INFO - DAG(s) 'keycloak_setup' retrieved from /opt/airflow/dags/keycloak/setup_keycloak.py
[2026-04-02T13:34:20.911+0000] {logging_mixin.py:190} INFO - [2026-04-02T13:34:20.911+0000] {dag.py:3239} INFO - Sync 1 DAGs
[2026-04-02T13:34:20.923+0000] {logging_mixin.py:190} INFO - [2026-04-02T13:34:20.923+0000] {dag.py:4180} INFO - Setting next_dagrun for keycloak_setup to None, run_after=None
[2026-04-02T13:34:20.937+0000] {processor.py:208} INFO - Processing /opt/airflow/dags/keycloak/setup_keycloak.py took 0.066 seconds
[2026-04-02T13:34:51.147+0000] {processor.py:186} INFO - Started process (PID=6533) to work on /opt/airflow/dags/keycloak/setup_keycloak.py
[2026-04-02T13:34:51.148+0000] {processor.py:914} INFO - Processing file /opt/airflow/dags/keycloak/setup_keycloak.py for tasks to queue
[2026-04-02T13:34:51.149+0000] {logging_mixin.py:190} INFO - [2026-04-02T13:34:51.149+0000] {dagbag.py:588} INFO - Filling up the DagBag from /opt/airflow/dags/keycloak/setup_keycloak.py
[2026-04-02T13:34:51.156+0000] {processor.py:925} INFO - DAG(s) 'keycloak_setup' retrieved from /opt/airflow/dags/keycloak/setup_keycloak.py
[2026-04-02T13:34:51.179+0000] {logging_mixin.py:190} INFO - [2026-04-02T13:34:51.178+0000] {dag.py:3239} INFO - Sync 1 DAGs
[2026-04-02T13:34:51.190+0000] {logging_mixin.py:190} INFO - [2026-04-02T13:34:51.190+0000] {dag.py:4180} INFO - Setting next_dagrun for keycloak_setup to None, run_after=None
[2026-04-02T13:34:51.204+0000] {processor.py:208} INFO - Processing /opt/airflow/dags/keycloak/setup_keycloak.py took 0.061 seconds
[2026-04-02T13:35:21.395+0000] {processor.py:186} INFO - Started process (PID=6543) to work on /opt/airflow/dags/keycloak/setup_keycloak.py
[2026-04-02T13:35:21.396+0000] {processor.py:914} INFO - Processing file /opt/airflow/dags/keycloak/setup_keycloak.py for tasks to queue
[2026-04-02T13:35:21.397+0000] {logging_mixin.py:190} INFO - [2026-04-02T13:35:21.397+0000] {dagbag.py:588} INFO - Filling up the DagBag from /opt/airflow/dags/keycloak/setup_keycloak.py
[2026-04-02T13:35:21.405+0000] {processor.py:925} INFO - DAG(s) 'keycloak_setup' retrieved from /opt/airflow/dags/keycloak/setup_keycloak.py
[2026-04-02T13:35:21.431+0000] {logging_mixin.py:190} INFO - [2026-04-02T13:35:21.431+0000] {dag.py:3239} INFO - Sync 1 DAGs
[2026-04-02T13:35:21.448+0000] {logging_mixin.py:190} INFO - [2026-04-02T13:35:21.447+0000] {dag.py:4180} INFO - Setting next_dagrun for keycloak_setup to None, run_after=None
[2026-04-02T13:35:21.473+0000] {processor.py:208} INFO - Processing /opt/airflow/dags/keycloak/setup_keycloak.py took 0.082 seconds
[2026-04-02T13:35:51.684+0000] {processor.py:186} INFO - Started process (PID=6553) to work on /opt/airflow/dags/keycloak/setup_keycloak.py
[2026-04-02T13:35:51.685+0000] {processor.py:914} INFO - Processing file /opt/airflow/dags/keycloak/setup_keycloak.py for tasks to queue
[2026-04-02T13:35:51.686+0000] {logging_mixin.py:190} INFO - [2026-04-02T13:35:51.685+0000] {dagbag.py:588} INFO - Filling up the DagBag from /opt/airflow/dags/keycloak/setup_keycloak.py
[2026-04-02T13:35:51.695+0000] {processor.py:925} INFO - DAG(s) 'keycloak_setup' retrieved from /opt/airflow/dags/keycloak/setup_keycloak.py
[2026-04-02T13:35:51.730+0000] {logging_mixin.py:190} INFO - [2026-04-02T13:35:51.729+0000] {dag.py:3239} INFO - Sync 1 DAGs
[2026-04-02T13:35:51.745+0000] {logging_mixin.py:190} INFO - [2026-04-02T13:35:51.745+0000] {dag.py:4180} INFO - Setting next_dagrun for keycloak_setup to None, run_after=None
[2026-04-02T13:35:51.772+0000] {processor.py:208} INFO - Processing /opt/airflow/dags/keycloak/setup_keycloak.py took 0.096 seconds
[2026-04-02T13:36:21.974+0000] {processor.py:186} INFO - Started process (PID=6563) to work on /opt/airflow/dags/keycloak/setup_keycloak.py
[2026-04-02T13:36:21.976+0000] {processor.py:914} INFO - Processing file /opt/airflow/dags/keycloak/setup_keycloak.py for tasks to queue
[2026-04-02T13:36:21.977+0000] {logging_mixin.py:190} INFO - [2026-04-02T13:36:21.976+0000] {dagbag.py:588} INFO - Filling up the DagBag from /opt/airflow/dags/keycloak/setup_keycloak.py
[2026-04-02T13:36:21.985+0000] {processor.py:925} INFO - DAG(s) 'keycloak_setup' retrieved from /opt/airflow/dags/keycloak/setup_keycloak.py
[2026-04-02T13:36:22.006+0000] {logging_mixin.py:190} INFO - [2026-04-02T13:36:22.006+0000] {dag.py:3239} INFO - Sync 1 DAGs
[2026-04-02T13:36:22.018+0000] {logging_mixin.py:190} INFO - [2026-04-02T13:36:22.018+0000] {dag.py:4180} INFO - Setting next_dagrun for keycloak_setup to None, run_after=None
[2026-04-02T13:36:22.033+0000] {processor.py:208} INFO - Processing /opt/airflow/dags/keycloak/setup_keycloak.py took 0.063 seconds
[2026-04-02T13:36:52.225+0000] {processor.py:186} INFO - Started process (PID=6573) to work on /opt/airflow/dags/keycloak/setup_keycloak.py
[2026-04-02T13:36:52.226+0000] {processor.py:914} INFO - Processing file /opt/airflow/dags/keycloak/setup_keycloak.py for tasks to queue
[2026-04-02T13:36:52.226+0000] {logging_mixin.py:190} INFO - [2026-04-02T13:36:52.226+0000] {dagbag.py:588} INFO - Filling up the DagBag from /opt/airflow/dags/keycloak/setup_keycloak.py
[2026-04-02T13:36:52.234+0000] {processor.py:925} INFO - DAG(s) 'keycloak_setup' retrieved from /opt/airflow/dags/keycloak/setup_keycloak.py
[2026-04-02T13:36:52.257+0000] {logging_mixin.py:190} INFO - [2026-04-02T13:36:52.256+0000] {dag.py:3239} INFO - Sync 1 DAGs
[2026-04-02T13:36:52.270+0000] {logging_mixin.py:190} INFO - [2026-04-02T13:36:52.270+0000] {dag.py:4180} INFO - Setting next_dagrun for keycloak_setup to None, run_after=None
[2026-04-02T13:36:52.286+0000] {processor.py:208} INFO - Processing /opt/airflow/dags/keycloak/setup_keycloak.py took 0.065 seconds
[2026-04-02T13:37:22.494+0000] {processor.py:186} INFO - Started process (PID=6583) to work on /opt/airflow/dags/keycloak/setup_keycloak.py
[2026-04-02T13:37:22.495+0000] {processor.py:914} INFO - Processing file /opt/airflow/dags/keycloak/setup_keycloak.py for tasks to queue
[2026-04-02T13:37:22.496+0000] {logging_mixin.py:190} INFO - [2026-04-02T13:37:22.496+0000] {dagbag.py:588} INFO - Filling up the DagBag from /opt/airflow/dags/keycloak/setup_keycloak.py
[2026-04-02T13:37:22.505+0000] {processor.py:925} INFO - DAG(s) 'keycloak_setup' retrieved from /opt/airflow/dags/keycloak/setup_keycloak.py
[2026-04-02T13:37:22.530+0000] {logging_mixin.py:190} INFO - [2026-04-02T13:37:22.530+0000] {dag.py:3239} INFO - Sync 1 DAGs
[2026-04-02T13:37:22.542+0000] {logging_mixin.py:190} INFO - [2026-04-02T13:37:22.542+0000] {dag.py:4180} INFO - Setting next_dagrun for keycloak_setup to None, run_after=None
[2026-04-02T13:37:22.563+0000] {processor.py:208} INFO - Processing /opt/airflow/dags/keycloak/setup_keycloak.py took 0.074 seconds
[2026-04-02T13:37:52.764+0000] {processor.py:186} INFO - Started process (PID=6593) to work on /opt/airflow/dags/keycloak/setup_keycloak.py
[2026-04-02T13:37:52.764+0000] {processor.py:914} INFO - Processing file /opt/airflow/dags/keycloak/setup_keycloak.py for tasks to queue
[2026-04-02T13:37:52.765+0000] {logging_mixin.py:190} INFO - [2026-04-02T13:37:52.765+0000] {dagbag.py:588} INFO - Filling up the DagBag from /opt/airflow/dags/keycloak/setup_keycloak.py
[2026-04-02T13:37:52.776+0000] {processor.py:925} INFO - DAG(s) 'keycloak_setup' retrieved from /opt/airflow/dags/keycloak/setup_keycloak.py
[2026-04-02T13:37:52.800+0000] {logging_mixin.py:190} INFO - [2026-04-02T13:37:52.800+0000] {dag.py:3239} INFO - Sync 1 DAGs
[2026-04-02T13:37:52.814+0000] {logging_mixin.py:190} INFO - [2026-04-02T13:37:52.813+0000] {dag.py:4180} INFO - Setting next_dagrun for keycloak_setup to None, run_after=None
[2026-04-02T13:37:52.850+0000] {processor.py:208} INFO - Processing /opt/airflow/dags/keycloak/setup_keycloak.py took 0.091 seconds
[2026-04-02T13:38:23.063+0000] {processor.py:186} INFO - Started process (PID=6603) to work on /opt/airflow/dags/keycloak/setup_keycloak.py
[2026-04-02T13:38:23.066+0000] {processor.py:914} INFO - Processing file /opt/airflow/dags/keycloak/setup_keycloak.py for tasks to queue
[2026-04-02T13:38:23.070+0000] {logging_mixin.py:190} INFO - [2026-04-02T13:38:23.070+0000] {dagbag.py:588} INFO - Filling up the DagBag from /opt/airflow/dags/keycloak/setup_keycloak.py
[2026-04-02T13:38:23.087+0000] {processor.py:925} INFO - DAG(s) 'keycloak_setup' retrieved from /opt/airflow/dags/keycloak/setup_keycloak.py
[2026-04-02T13:38:23.129+0000] {logging_mixin.py:190} INFO - [2026-04-02T13:38:23.128+0000] {dag.py:3239} INFO - Sync 1 DAGs
[2026-04-02T13:38:23.151+0000] {logging_mixin.py:190} INFO - [2026-04-02T13:38:23.151+0000] {dag.py:4180} INFO - Setting next_dagrun for keycloak_setup to None, run_after=None
[2026-04-02T13:38:23.174+0000] {processor.py:208} INFO - Processing /opt/airflow/dags/keycloak/setup_keycloak.py took 0.121 seconds
[2026-04-02T13:38:53.264+0000] {processor.py:186} INFO - Started process (PID=6613) to work on /opt/airflow/dags/keycloak/setup_keycloak.py
[2026-04-02T13:38:53.265+0000] {processor.py:914} INFO - Processing file /opt/airflow/dags/keycloak/setup_keycloak.py for tasks to queue
[2026-04-02T13:38:53.266+0000] {logging_mixin.py:190} INFO - [2026-04-02T13:38:53.265+0000] {dagbag.py:588} INFO - Filling up the DagBag from /opt/airflow/dags/keycloak/setup_keycloak.py
[2026-04-02T13:38:53.275+0000] {processor.py:925} INFO - DAG(s) 'keycloak_setup' retrieved from /opt/airflow/dags/keycloak/setup_keycloak.py
[2026-04-02T13:38:53.301+0000] {logging_mixin.py:190} INFO - [2026-04-02T13:38:53.301+0000] {dag.py:3239} INFO - Sync 1 DAGs
[2026-04-02T13:38:53.314+0000] {logging_mixin.py:190} INFO - [2026-04-02T13:38:53.313+0000] {dag.py:4180} INFO - Setting next_dagrun for keycloak_setup to None, run_after=None
[2026-04-02T13:38:53.331+0000] {processor.py:208} INFO - Processing /opt/airflow/dags/keycloak/setup_keycloak.py took 0.074 seconds
[2026-04-02T13:39:23.530+0000] {processor.py:186} INFO - Started process (PID=6623) to work on /opt/airflow/dags/keycloak/setup_keycloak.py
[2026-04-02T13:39:23.531+0000] {processor.py:914} INFO - Processing file /opt/airflow/dags/keycloak/setup_keycloak.py for tasks to queue
[2026-04-02T13:39:23.532+0000] {logging_mixin.py:190} INFO - [2026-04-02T13:39:23.531+0000] {dagbag.py:588} INFO - Filling up the DagBag from /opt/airflow/dags/keycloak/setup_keycloak.py
[2026-04-02T13:39:23.540+0000] {processor.py:925} INFO - DAG(s) 'keycloak_setup' retrieved from /opt/airflow/dags/keycloak/setup_keycloak.py
[2026-04-02T13:39:23.563+0000] {logging_mixin.py:190} INFO - [2026-04-02T13:39:23.562+0000] {dag.py:3239} INFO - Sync 1 DAGs
[2026-04-02T13:39:23.574+0000] {logging_mixin.py:190} INFO - [2026-04-02T13:39:23.574+0000] {dag.py:4180} INFO - Setting next_dagrun for keycloak_setup to None, run_after=None
[2026-04-02T13:39:23.590+0000] {processor.py:208} INFO - Processing /opt/airflow/dags/keycloak/setup_keycloak.py took 0.066 seconds
[2026-04-02T13:39:53.782+0000] {processor.py:186} INFO - Started process (PID=6633) to work on /opt/airflow/dags/keycloak/setup_keycloak.py
[2026-04-02T13:39:53.782+0000] {processor.py:914} INFO - Processing file /opt/airflow/dags/keycloak/setup_keycloak.py for tasks to queue
[2026-04-02T13:39:53.783+0000] {logging_mixin.py:190} INFO - [2026-04-02T13:39:53.783+0000] {dagbag.py:588} INFO - Filling up the DagBag from /opt/airflow/dags/keycloak/setup_keycloak.py
[2026-04-02T13:39:53.796+0000] {processor.py:925} INFO - DAG(s) 'keycloak_setup' retrieved from /opt/airflow/dags/keycloak/setup_keycloak.py
[2026-04-02T13:39:53.824+0000] {logging_mixin.py:190} INFO - [2026-04-02T13:39:53.824+0000] {dag.py:3239} INFO - Sync 1 DAGs
[2026-04-02T13:39:53.841+0000] {logging_mixin.py:190} INFO - [2026-04-02T13:39:53.841+0000] {dag.py:4180} INFO - Setting next_dagrun for keycloak_setup to None, run_after=None
[2026-04-02T13:39:53.865+0000] {processor.py:208} INFO - Processing /opt/airflow/dags/keycloak/setup_keycloak.py took 0.089 seconds
[2026-04-02T13:40:24.085+0000] {processor.py:186} INFO - Started process (PID=6643) to work on /opt/airflow/dags/keycloak/setup_keycloak.py
[2026-04-02T13:40:24.087+0000] {processor.py:914} INFO - Processing file /opt/airflow/dags/keycloak/setup_keycloak.py for tasks to queue
[2026-04-02T13:40:24.089+0000] {logging_mixin.py:190} INFO - [2026-04-02T13:40:24.088+0000] {dagbag.py:588} INFO - Filling up the DagBag from /opt/airflow/dags/keycloak/setup_keycloak.py
[2026-04-02T13:40:24.107+0000] {processor.py:925} INFO - DAG(s) 'keycloak_setup' retrieved from /opt/airflow/dags/keycloak/setup_keycloak.py
[2026-04-02T13:40:24.148+0000] {logging_mixin.py:190} INFO - [2026-04-02T13:40:24.147+0000] {dag.py:3239} INFO - Sync 1 DAGs
[2026-04-02T13:40:24.166+0000] {logging_mixin.py:190} INFO - [2026-04-02T13:40:24.166+0000] {dag.py:4180} INFO - Setting next_dagrun for keycloak_setup to None, run_after=None
[2026-04-02T13:40:24.189+0000] {processor.py:208} INFO - Processing /opt/airflow/dags/keycloak/setup_keycloak.py took 0.115 seconds
[2026-04-02T13:40:54.392+0000] {processor.py:186} INFO - Started process (PID=6653) to work on /opt/airflow/dags/keycloak/setup_keycloak.py
[2026-04-02T13:40:54.392+0000] {processor.py:914} INFO - Processing file /opt/airflow/dags/keycloak/setup_keycloak.py for tasks to queue
[2026-04-02T13:40:54.393+0000] {logging_mixin.py:190} INFO - [2026-04-02T13:40:54.393+0000] {dagbag.py:588} INFO - Filling up the DagBag from /opt/airflow/dags/keycloak/setup_keycloak.py
[2026-04-02T13:40:54.402+0000] {processor.py:925} INFO - DAG(s) 'keycloak_setup' retrieved from /opt/airflow/dags/keycloak/setup_keycloak.py
[2026-04-02T13:40:54.425+0000] {logging_mixin.py:190} INFO - [2026-04-02T13:40:54.425+0000] {dag.py:3239} INFO - Sync 1 DAGs
[2026-04-02T13:40:54.436+0000] {logging_mixin.py:190} INFO - [2026-04-02T13:40:54.436+0000] {dag.py:4180} INFO - Setting next_dagrun for keycloak_setup to None, run_after=None
[2026-04-02T13:40:54.450+0000] {processor.py:208} INFO - Processing /opt/airflow/dags/keycloak/setup_keycloak.py took 0.062 seconds
[2026-04-02T13:41:24.670+0000] {processor.py:186} INFO - Started process (PID=6663) to work on /opt/airflow/dags/keycloak/setup_keycloak.py
[2026-04-02T13:41:24.671+0000] {processor.py:914} INFO - Processing file /opt/airflow/dags/keycloak/setup_keycloak.py for tasks to queue
[2026-04-02T13:41:24.673+0000] {logging_mixin.py:190} INFO - [2026-04-02T13:41:24.672+0000] {dagbag.py:588} INFO - Filling up the DagBag from /opt/airflow/dags/keycloak/setup_keycloak.py
[2026-04-02T13:41:24.682+0000] {processor.py:925} INFO - DAG(s) 'keycloak_setup' retrieved from /opt/airflow/dags/keycloak/setup_keycloak.py
[2026-04-02T13:41:24.708+0000] {logging_mixin.py:190} INFO - [2026-04-02T13:41:24.707+0000] {dag.py:3239} INFO - Sync 1 DAGs
[2026-04-02T13:41:24.720+0000] {logging_mixin.py:190} INFO - [2026-04-02T13:41:24.720+0000] {dag.py:4180} INFO - Setting next_dagrun for keycloak_setup to None, run_after=None
[2026-04-02T13:41:24.735+0000] {processor.py:208} INFO - Processing /opt/airflow/dags/keycloak/setup_keycloak.py took 0.069 seconds
[2026-04-02T13:41:54.962+0000] {processor.py:186} INFO - Started process (PID=6673) to work on /opt/airflow/dags/keycloak/setup_keycloak.py
[2026-04-02T13:41:54.963+0000] {processor.py:914} INFO - Processing file /opt/airflow/dags/keycloak/setup_keycloak.py for tasks to queue
[2026-04-02T13:41:54.964+0000] {logging_mixin.py:190} INFO - [2026-04-02T13:41:54.963+0000] {dagbag.py:588} INFO - Filling up the DagBag from /opt/airflow/dags/keycloak/setup_keycloak.py
[2026-04-02T13:41:54.973+0000] {processor.py:925} INFO - DAG(s) 'keycloak_setup' retrieved from /opt/airflow/dags/keycloak/setup_keycloak.py
[2026-04-02T13:41:55.000+0000] {logging_mixin.py:190} INFO - [2026-04-02T13:41:55.000+0000] {dag.py:3239} INFO - Sync 1 DAGs
[2026-04-02T13:41:55.014+0000] {logging_mixin.py:190} INFO - [2026-04-02T13:41:55.014+0000] {dag.py:4180} INFO - Setting next_dagrun for keycloak_setup to None, run_after=None
[2026-04-02T13:41:55.029+0000] {processor.py:208} INFO - Processing /opt/airflow/dags/keycloak/setup_keycloak.py took 0.072 seconds
[2026-04-02T13:42:25.275+0000] {processor.py:186} INFO - Started process (PID=6683) to work on /opt/airflow/dags/keycloak/setup_keycloak.py
[2026-04-02T13:42:25.277+0000] {processor.py:914} INFO - Processing file /opt/airflow/dags/keycloak/setup_keycloak.py for tasks to queue
[2026-04-02T13:42:25.278+0000] {logging_mixin.py:190} INFO - [2026-04-02T13:42:25.278+0000] {dagbag.py:588} INFO - Filling up the DagBag from /opt/airflow/dags/keycloak/setup_keycloak.py
[2026-04-02T13:42:25.287+0000] {processor.py:925} INFO - DAG(s) 'keycloak_setup' retrieved from /opt/airflow/dags/keycloak/setup_keycloak.py
[2026-04-02T13:42:25.318+0000] {logging_mixin.py:190} INFO - [2026-04-02T13:42:25.318+0000] {dag.py:3239} INFO - Sync 1 DAGs
[2026-04-02T13:42:25.332+0000] {logging_mixin.py:190} INFO - [2026-04-02T13:42:25.332+0000] {dag.py:4180} INFO - Setting next_dagrun for keycloak_setup to None, run_after=None
[2026-04-02T13:42:25.348+0000] {processor.py:208} INFO - Processing /opt/airflow/dags/keycloak/setup_keycloak.py took 0.078 seconds
[2026-04-02T13:42:55.560+0000] {processor.py:186} INFO - Started process (PID=6693) to work on /opt/airflow/dags/keycloak/setup_keycloak.py
[2026-04-02T13:42:55.561+0000] {processor.py:914} INFO - Processing file /opt/airflow/dags/keycloak/setup_keycloak.py for tasks to queue
[2026-04-02T13:42:55.562+0000] {logging_mixin.py:190} INFO - [2026-04-02T13:42:55.562+0000] {dagbag.py:588} INFO - Filling up the DagBag from /opt/airflow/dags/keycloak/setup_keycloak.py
[2026-04-02T13:42:55.571+0000] {processor.py:925} INFO - DAG(s) 'keycloak_setup' retrieved from /opt/airflow/dags/keycloak/setup_keycloak.py
[2026-04-02T13:42:55.596+0000] {logging_mixin.py:190} INFO - [2026-04-02T13:42:55.596+0000] {dag.py:3239} INFO - Sync 1 DAGs
[2026-04-02T13:42:55.609+0000] {logging_mixin.py:190} INFO - [2026-04-02T13:42:55.608+0000] {dag.py:4180} INFO - Setting next_dagrun for keycloak_setup to None, run_after=None
[2026-04-02T13:42:55.623+0000] {processor.py:208} INFO - Processing /opt/airflow/dags/keycloak/setup_keycloak.py took 0.068 seconds
[2026-04-02T13:43:25.844+0000] {processor.py:186} INFO - Started process (PID=6703) to work on /opt/airflow/dags/keycloak/setup_keycloak.py
[2026-04-02T13:43:25.862+0000] {processor.py:914} INFO - Processing file /opt/airflow/dags/keycloak/setup_keycloak.py for tasks to queue
[2026-04-02T13:43:25.863+0000] {logging_mixin.py:190} INFO - [2026-04-02T13:43:25.863+0000] {dagbag.py:588} INFO - Filling up the DagBag from /opt/airflow/dags/keycloak/setup_keycloak.py
[2026-04-02T13:43:25.871+0000] {processor.py:925} INFO - DAG(s) 'keycloak_setup' retrieved from /opt/airflow/dags/keycloak/setup_keycloak.py
[2026-04-02T13:43:25.898+0000] {logging_mixin.py:190} INFO - [2026-04-02T13:43:25.898+0000] {dag.py:3239} INFO - Sync 1 DAGs
[2026-04-02T13:43:25.912+0000] {logging_mixin.py:190} INFO - [2026-04-02T13:43:25.912+0000] {dag.py:4180} INFO - Setting next_dagrun for keycloak_setup to None, run_after=None
[2026-04-02T13:43:25.932+0000] {processor.py:208} INFO - Processing /opt/airflow/dags/keycloak/setup_keycloak.py took 0.093 seconds
[2026-04-02T13:43:56.044+0000] {processor.py:186} INFO - Started process (PID=6713) to work on /opt/airflow/dags/keycloak/setup_keycloak.py
[2026-04-02T13:43:56.045+0000] {processor.py:914} INFO - Processing file /opt/airflow/dags/keycloak/setup_keycloak.py for tasks to queue
[2026-04-02T13:43:56.046+0000] {logging_mixin.py:190} INFO - [2026-04-02T13:43:56.046+0000] {dagbag.py:588} INFO - Filling up the DagBag from /opt/airflow/dags/keycloak/setup_keycloak.py
[2026-04-02T13:43:56.055+0000] {processor.py:925} INFO - DAG(s) 'keycloak_setup' retrieved from /opt/airflow/dags/keycloak/setup_keycloak.py
[2026-04-02T13:43:56.082+0000] {logging_mixin.py:190} INFO - [2026-04-02T13:43:56.082+0000] {dag.py:3239} INFO - Sync 1 DAGs
[2026-04-02T13:43:56.096+0000] {logging_mixin.py:190} INFO - [2026-04-02T13:43:56.096+0000] {dag.py:4180} INFO - Setting next_dagrun for keycloak_setup to None, run_after=None
[2026-04-02T13:43:56.113+0000] {processor.py:208} INFO - Processing /opt/airflow/dags/keycloak/setup_keycloak.py took 0.074 seconds
[2026-04-02T13:44:26.296+0000] {processor.py:186} INFO - Started process (PID=6723) to work on /opt/airflow/dags/keycloak/setup_keycloak.py
[2026-04-02T13:44:26.297+0000] {processor.py:914} INFO - Processing file /opt/airflow/dags/keycloak/setup_keycloak.py for tasks to queue
[2026-04-02T13:44:26.298+0000] {logging_mixin.py:190} INFO - [2026-04-02T13:44:26.298+0000] {dagbag.py:588} INFO - Filling up the DagBag from /opt/airflow/dags/keycloak/setup_keycloak.py
[2026-04-02T13:44:26.308+0000] {processor.py:925} INFO - DAG(s) 'keycloak_setup' retrieved from /opt/airflow/dags/keycloak/setup_keycloak.py
[2026-04-02T13:44:26.333+0000] {logging_mixin.py:190} INFO - [2026-04-02T13:44:26.333+0000] {dag.py:3239} INFO - Sync 1 DAGs
[2026-04-02T13:44:26.348+0000] {logging_mixin.py:190} INFO - [2026-04-02T13:44:26.347+0000] {dag.py:4180} INFO - Setting next_dagrun for keycloak_setup to None, run_after=None
[2026-04-02T13:44:26.365+0000] {processor.py:208} INFO - Processing /opt/airflow/dags/keycloak/setup_keycloak.py took 0.075 seconds
[2026-04-02T13:44:56.557+0000] {processor.py:186} INFO - Started process (PID=6733) to work on /opt/airflow/dags/keycloak/setup_keycloak.py
[2026-04-02T13:44:56.557+0000] {processor.py:914} INFO - Processing file /opt/airflow/dags/keycloak/setup_keycloak.py for tasks to queue
[2026-04-02T13:44:56.558+0000] {logging_mixin.py:190} INFO - [2026-04-02T13:44:56.558+0000] {dagbag.py:588} INFO - Filling up the DagBag from /opt/airflow/dags/keycloak/setup_keycloak.py
[2026-04-02T13:44:56.571+0000] {processor.py:925} INFO - DAG(s) 'keycloak_setup' retrieved from /opt/airflow/dags/keycloak/setup_keycloak.py
[2026-04-02T13:44:56.605+0000] {logging_mixin.py:190} INFO - [2026-04-02T13:44:56.604+0000] {dag.py:3239} INFO - Sync 1 DAGs
[2026-04-02T13:44:56.624+0000] {logging_mixin.py:190} INFO - [2026-04-02T13:44:56.624+0000] {dag.py:4180} INFO - Setting next_dagrun for keycloak_setup to None, run_after=None
[2026-04-02T13:44:56.649+0000] {processor.py:208} INFO - Processing /opt/airflow/dags/keycloak/setup_keycloak.py took 0.097 seconds
[2026-04-02T13:45:26.862+0000] {processor.py:186} INFO - Started process (PID=6743) to work on /opt/airflow/dags/keycloak/setup_keycloak.py
[2026-04-02T13:45:26.864+0000] {processor.py:914} INFO - Processing file /opt/airflow/dags/keycloak/setup_keycloak.py for tasks to queue
[2026-04-02T13:45:26.865+0000] {logging_mixin.py:190} INFO - [2026-04-02T13:45:26.864+0000] {dagbag.py:588} INFO - Filling up the DagBag from /opt/airflow/dags/keycloak/setup_keycloak.py
[2026-04-02T13:45:26.874+0000] {processor.py:925} INFO - DAG(s) 'keycloak_setup' retrieved from /opt/airflow/dags/keycloak/setup_keycloak.py
[2026-04-02T13:45:26.898+0000] {logging_mixin.py:190} INFO - [2026-04-02T13:45:26.898+0000] {dag.py:3239} INFO - Sync 1 DAGs
[2026-04-02T13:45:26.913+0000] {logging_mixin.py:190} INFO - [2026-04-02T13:45:26.912+0000] {dag.py:4180} INFO - Setting next_dagrun for keycloak_setup to None, run_after=None
[2026-04-02T13:45:26.931+0000] {processor.py:208} INFO - Processing /opt/airflow/dags/keycloak/setup_keycloak.py took 0.074 seconds
[2026-04-02T13:45:57.144+0000] {processor.py:186} INFO - Started process (PID=6753) to work on /opt/airflow/dags/keycloak/setup_keycloak.py
[2026-04-02T13:45:57.145+0000] {processor.py:914} INFO - Processing file /opt/airflow/dags/keycloak/setup_keycloak.py for tasks to queue
[2026-04-02T13:45:57.146+0000] {logging_mixin.py:190} INFO - [2026-04-02T13:45:57.145+0000] {dagbag.py:588} INFO - Filling up the DagBag from /opt/airflow/dags/keycloak/setup_keycloak.py
[2026-04-02T13:45:57.153+0000] {processor.py:925} INFO - DAG(s) 'keycloak_setup' retrieved from /opt/airflow/dags/keycloak/setup_keycloak.py
[2026-04-02T13:45:57.178+0000] {logging_mixin.py:190} INFO - [2026-04-02T13:45:57.177+0000] {dag.py:3239} INFO - Sync 1 DAGs
[2026-04-02T13:45:57.191+0000] {logging_mixin.py:190} INFO - [2026-04-02T13:45:57.191+0000] {dag.py:4180} INFO - Setting next_dagrun for keycloak_setup to None, run_after=None
[2026-04-02T13:45:57.207+0000] {processor.py:208} INFO - Processing /opt/airflow/dags/keycloak/setup_keycloak.py took 0.068 seconds
[2026-04-02T13:46:27.398+0000] {processor.py:186} INFO - Started process (PID=6763) to work on /opt/airflow/dags/keycloak/setup_keycloak.py
[2026-04-02T13:46:27.399+0000] {processor.py:914} INFO - Processing file /opt/airflow/dags/keycloak/setup_keycloak.py for tasks to queue
[2026-04-02T13:46:27.400+0000] {logging_mixin.py:190} INFO - [2026-04-02T13:46:27.400+0000] {dagbag.py:588} INFO - Filling up the DagBag from /opt/airflow/dags/keycloak/setup_keycloak.py
[2026-04-02T13:46:27.408+0000] {processor.py:925} INFO - DAG(s) 'keycloak_setup' retrieved from /opt/airflow/dags/keycloak/setup_keycloak.py
[2026-04-02T13:46:27.436+0000] {logging_mixin.py:190} INFO - [2026-04-02T13:46:27.436+0000] {dag.py:3239} INFO - Sync 1 DAGs
[2026-04-02T13:46:27.448+0000] {logging_mixin.py:190} INFO - [2026-04-02T13:46:27.448+0000] {dag.py:4180} INFO - Setting next_dagrun for keycloak_setup to None, run_after=None
[2026-04-02T13:46:27.462+0000] {processor.py:208} INFO - Processing /opt/airflow/dags/keycloak/setup_keycloak.py took 0.069 seconds
[2026-04-02T13:46:57.679+0000] {processor.py:186} INFO - Started process (PID=6773) to work on /opt/airflow/dags/keycloak/setup_keycloak.py
[2026-04-02T13:46:57.681+0000] {processor.py:914} INFO - Processing file /opt/airflow/dags/keycloak/setup_keycloak.py for tasks to queue
[2026-04-02T13:46:57.683+0000] {logging_mixin.py:190} INFO - [2026-04-02T13:46:57.682+0000] {dagbag.py:588} INFO - Filling up the DagBag from /opt/airflow/dags/keycloak/setup_keycloak.py
[2026-04-02T13:46:57.692+0000] {processor.py:925} INFO - DAG(s) 'keycloak_setup' retrieved from /opt/airflow/dags/keycloak/setup_keycloak.py
[2026-04-02T13:46:57.725+0000] {logging_mixin.py:190} INFO - [2026-04-02T13:46:57.724+0000] {dag.py:3239} INFO - Sync 1 DAGs
[2026-04-02T13:46:57.741+0000] {logging_mixin.py:190} INFO - [2026-04-02T13:46:57.740+0000] {dag.py:4180} INFO - Setting next_dagrun for keycloak_setup to None, run_after=None
[2026-04-02T13:46:57.769+0000] {processor.py:208} INFO - Processing /opt/airflow/dags/keycloak/setup_keycloak.py took 0.095 seconds
[2026-04-02T13:47:27.896+0000] {processor.py:186} INFO - Started process (PID=6783) to work on /opt/airflow/dags/keycloak/setup_keycloak.py
[2026-04-02T13:47:27.897+0000] {processor.py:914} INFO - Processing file /opt/airflow/dags/keycloak/setup_keycloak.py for tasks to queue
[2026-04-02T13:47:27.898+0000] {logging_mixin.py:190} INFO - [2026-04-02T13:47:27.898+0000] {dagbag.py:588} INFO - Filling up the DagBag from /opt/airflow/dags/keycloak/setup_keycloak.py
[2026-04-02T13:47:27.906+0000] {processor.py:925} INFO - DAG(s) 'keycloak_setup' retrieved from /opt/airflow/dags/keycloak/setup_keycloak.py
[2026-04-02T13:47:27.930+0000] {logging_mixin.py:190} INFO - [2026-04-02T13:47:27.930+0000] {dag.py:3239} INFO - Sync 1 DAGs
[2026-04-02T13:47:27.944+0000] {logging_mixin.py:190} INFO - [2026-04-02T13:47:27.944+0000] {dag.py:4180} INFO - Setting next_dagrun for keycloak_setup to None, run_after=None
[2026-04-02T13:47:27.960+0000] {processor.py:208} INFO - Processing /opt/airflow/dags/keycloak/setup_keycloak.py took 0.069 seconds
[2026-04-02T13:47:58.256+0000] {processor.py:186} INFO - Started process (PID=6793) to work on /opt/airflow/dags/keycloak/setup_keycloak.py
[2026-04-02T13:47:58.257+0000] {processor.py:914} INFO - Processing file /opt/airflow/dags/keycloak/setup_keycloak.py for tasks to queue
[2026-04-02T13:47:58.259+0000] {logging_mixin.py:190} INFO - [2026-04-02T13:47:58.258+0000] {dagbag.py:588} INFO - Filling up the DagBag from /opt/airflow/dags/keycloak/setup_keycloak.py
[2026-04-02T13:47:58.269+0000] {processor.py:925} INFO - DAG(s) 'keycloak_setup' retrieved from /opt/airflow/dags/keycloak/setup_keycloak.py
[2026-04-02T13:47:58.301+0000] {logging_mixin.py:190} INFO - [2026-04-02T13:47:58.301+0000] {dag.py:3239} INFO - Sync 1 DAGs
[2026-04-02T13:47:58.319+0000] {logging_mixin.py:190} INFO - [2026-04-02T13:47:58.318+0000] {dag.py:4180} INFO - Setting next_dagrun for keycloak_setup to None, run_after=None
[2026-04-02T13:47:58.338+0000] {processor.py:208} INFO - Processing /opt/airflow/dags/keycloak/setup_keycloak.py took 0.089 seconds
[2026-04-02T13:48:28.566+0000] {processor.py:186} INFO - Started process (PID=6803) to work on /opt/airflow/dags/keycloak/setup_keycloak.py
[2026-04-02T13:48:28.567+0000] {processor.py:914} INFO - Processing file /opt/airflow/dags/keycloak/setup_keycloak.py for tasks to queue
[2026-04-02T13:48:28.568+0000] {logging_mixin.py:190} INFO - [2026-04-02T13:48:28.568+0000] {dagbag.py:588} INFO - Filling up the DagBag from /opt/airflow/dags/keycloak/setup_keycloak.py
[2026-04-02T13:48:28.581+0000] {processor.py:925} INFO - DAG(s) 'keycloak_setup' retrieved from /opt/airflow/dags/keycloak/setup_keycloak.py
[2026-04-02T13:48:28.623+0000] {logging_mixin.py:190} INFO - [2026-04-02T13:48:28.623+0000] {dag.py:3239} INFO - Sync 1 DAGs
[2026-04-02T13:48:28.643+0000] {logging_mixin.py:190} INFO - [2026-04-02T13:48:28.643+0000] {dag.py:4180} INFO - Setting next_dagrun for keycloak_setup to None, run_after=None
[2026-04-02T13:48:28.670+0000] {processor.py:208} INFO - Processing /opt/airflow/dags/keycloak/setup_keycloak.py took 0.113 seconds
[2026-04-02T13:48:58.894+0000] {processor.py:186} INFO - Started process (PID=6813) to work on /opt/airflow/dags/keycloak/setup_keycloak.py
[2026-04-02T13:48:58.896+0000] {processor.py:914} INFO - Processing file /opt/airflow/dags/keycloak/setup_keycloak.py for tasks to queue
[2026-04-02T13:48:58.898+0000] {logging_mixin.py:190} INFO - [2026-04-02T13:48:58.897+0000] {dagbag.py:588} INFO - Filling up the DagBag from /opt/airflow/dags/keycloak/setup_keycloak.py
[2026-04-02T13:48:58.908+0000] {processor.py:925} INFO - DAG(s) 'keycloak_setup' retrieved from /opt/airflow/dags/keycloak/setup_keycloak.py
[2026-04-02T13:48:58.934+0000] {logging_mixin.py:190} INFO - [2026-04-02T13:48:58.933+0000] {dag.py:3239} INFO - Sync 1 DAGs
[2026-04-02T13:48:58.946+0000] {logging_mixin.py:190} INFO - [2026-04-02T13:48:58.945+0000] {dag.py:4180} INFO - Setting next_dagrun for keycloak_setup to None, run_after=None
[2026-04-02T13:48:58.964+0000] {processor.py:208} INFO - Processing /opt/airflow/dags/keycloak/setup_keycloak.py took 0.077 seconds
[2026-04-02T13:49:29.163+0000] {processor.py:186} INFO - Started process (PID=6823) to work on /opt/airflow/dags/keycloak/setup_keycloak.py
[2026-04-02T13:49:29.181+0000] {processor.py:914} INFO - Processing file /opt/airflow/dags/keycloak/setup_keycloak.py for tasks to queue
[2026-04-02T13:49:29.182+0000] {logging_mixin.py:190} INFO - [2026-04-02T13:49:29.182+0000] {dagbag.py:588} INFO - Filling up the DagBag from /opt/airflow/dags/keycloak/setup_keycloak.py
[2026-04-02T13:49:29.191+0000] {processor.py:925} INFO - DAG(s) 'keycloak_setup' retrieved from /opt/airflow/dags/keycloak/setup_keycloak.py
[2026-04-02T13:49:29.217+0000] {logging_mixin.py:190} INFO - [2026-04-02T13:49:29.217+0000] {dag.py:3239} INFO - Sync 1 DAGs
[2026-04-02T13:49:29.229+0000] {logging_mixin.py:190} INFO - [2026-04-02T13:49:29.229+0000] {dag.py:4180} INFO - Setting next_dagrun for keycloak_setup to None, run_after=None
[2026-04-02T13:49:29.249+0000] {processor.py:208} INFO - Processing /opt/airflow/dags/keycloak/setup_keycloak.py took 0.092 seconds
[2026-04-02T13:49:59.468+0000] {processor.py:186} INFO - Started process (PID=6833) to work on /opt/airflow/dags/keycloak/setup_keycloak.py
[2026-04-02T13:49:59.469+0000] {processor.py:914} INFO - Processing file /opt/airflow/dags/keycloak/setup_keycloak.py for tasks to queue
[2026-04-02T13:49:59.471+0000] {logging_mixin.py:190} INFO - [2026-04-02T13:49:59.471+0000] {dagbag.py:588} INFO - Filling up the DagBag from /opt/airflow/dags/keycloak/setup_keycloak.py
[2026-04-02T13:49:59.480+0000] {processor.py:925} INFO - DAG(s) 'keycloak_setup' retrieved from /opt/airflow/dags/keycloak/setup_keycloak.py
[2026-04-02T13:49:59.508+0000] {logging_mixin.py:190} INFO - [2026-04-02T13:49:59.507+0000] {dag.py:3239} INFO - Sync 1 DAGs
[2026-04-02T13:49:59.521+0000] {logging_mixin.py:190} INFO - [2026-04-02T13:49:59.521+0000] {dag.py:4180} INFO - Setting next_dagrun for keycloak_setup to None, run_after=None
[2026-04-02T13:49:59.537+0000] {processor.py:208} INFO - Processing /opt/airflow/dags/keycloak/setup_keycloak.py took 0.076 seconds
[2026-04-02T13:50:29.740+0000] {processor.py:186} INFO - Started process (PID=6843) to work on /opt/airflow/dags/keycloak/setup_keycloak.py
[2026-04-02T13:50:29.742+0000] {processor.py:914} INFO - Processing file /opt/airflow/dags/keycloak/setup_keycloak.py for tasks to queue
[2026-04-02T13:50:29.743+0000] {logging_mixin.py:190} INFO - [2026-04-02T13:50:29.742+0000] {dagbag.py:588} INFO - Filling up the DagBag from /opt/airflow/dags/keycloak/setup_keycloak.py
[2026-04-02T13:50:29.750+0000] {processor.py:925} INFO - DAG(s) 'keycloak_setup' retrieved from /opt/airflow/dags/keycloak/setup_keycloak.py
[2026-04-02T13:50:29.774+0000] {logging_mixin.py:190} INFO - [2026-04-02T13:50:29.773+0000] {dag.py:3239} INFO - Sync 1 DAGs
[2026-04-02T13:50:29.786+0000] {logging_mixin.py:190} INFO - [2026-04-02T13:50:29.786+0000] {dag.py:4180} INFO - Setting next_dagrun for keycloak_setup to None, run_after=None
[2026-04-02T13:50:29.801+0000] {processor.py:208} INFO - Processing /opt/airflow/dags/keycloak/setup_keycloak.py took 0.066 seconds
[2026-04-02T13:51:00.006+0000] {processor.py:186} INFO - Started process (PID=6853) to work on /opt/airflow/dags/keycloak/setup_keycloak.py
[2026-04-02T13:51:00.008+0000] {processor.py:914} INFO - Processing file /opt/airflow/dags/keycloak/setup_keycloak.py for tasks to queue
[2026-04-02T13:51:00.009+0000] {logging_mixin.py:190} INFO - [2026-04-02T13:51:00.009+0000] {dagbag.py:588} INFO - Filling up the DagBag from /opt/airflow/dags/keycloak/setup_keycloak.py
[2026-04-02T13:51:00.019+0000] {processor.py:925} INFO - DAG(s) 'keycloak_setup' retrieved from /opt/airflow/dags/keycloak/setup_keycloak.py
[2026-04-02T13:51:00.047+0000] {logging_mixin.py:190} INFO - [2026-04-02T13:51:00.047+0000] {dag.py:3239} INFO - Sync 1 DAGs
[2026-04-02T13:51:00.062+0000] {logging_mixin.py:190} INFO - [2026-04-02T13:51:00.062+0000] {dag.py:4180} INFO - Setting next_dagrun for keycloak_setup to None, run_after=None
[2026-04-02T13:51:00.079+0000] {processor.py:208} INFO - Processing /opt/airflow/dags/keycloak/setup_keycloak.py took 0.081 seconds
[2026-04-02T13:51:30.275+0000] {processor.py:186} INFO - Started process (PID=6863) to work on /opt/airflow/dags/keycloak/setup_keycloak.py
[2026-04-02T13:51:30.276+0000] {processor.py:914} INFO - Processing file /opt/airflow/dags/keycloak/setup_keycloak.py for tasks to queue
[2026-04-02T13:51:30.277+0000] {logging_mixin.py:190} INFO - [2026-04-02T13:51:30.277+0000] {dagbag.py:588} INFO - Filling up the DagBag from /opt/airflow/dags/keycloak/setup_keycloak.py
[2026-04-02T13:51:30.287+0000] {processor.py:925} INFO - DAG(s) 'keycloak_setup' retrieved from /opt/airflow/dags/keycloak/setup_keycloak.py
[2026-04-02T13:51:30.313+0000] {logging_mixin.py:190} INFO - [2026-04-02T13:51:30.313+0000] {dag.py:3239} INFO - Sync 1 DAGs
[2026-04-02T13:51:30.327+0000] {logging_mixin.py:190} INFO - [2026-04-02T13:51:30.327+0000] {dag.py:4180} INFO - Setting next_dagrun for keycloak_setup to None, run_after=None
[2026-04-02T13:51:30.343+0000] {processor.py:208} INFO - Processing /opt/airflow/dags/keycloak/setup_keycloak.py took 0.074 seconds
[2026-04-02T13:52:00.534+0000] {processor.py:186} INFO - Started process (PID=6873) to work on /opt/airflow/dags/keycloak/setup_keycloak.py
[2026-04-02T13:52:00.535+0000] {processor.py:914} INFO - Processing file /opt/airflow/dags/keycloak/setup_keycloak.py for tasks to queue
[2026-04-02T13:52:00.537+0000] {logging_mixin.py:190} INFO - [2026-04-02T13:52:00.537+0000] {dagbag.py:588} INFO - Filling up the DagBag from /opt/airflow/dags/keycloak/setup_keycloak.py
[2026-04-02T13:52:00.551+0000] {processor.py:925} INFO - DAG(s) 'keycloak_setup' retrieved from /opt/airflow/dags/keycloak/setup_keycloak.py
[2026-04-02T13:52:00.590+0000] {logging_mixin.py:190} INFO - [2026-04-02T13:52:00.589+0000] {dag.py:3239} INFO - Sync 1 DAGs
[2026-04-02T13:52:00.606+0000] {logging_mixin.py:190} INFO - [2026-04-02T13:52:00.606+0000] {dag.py:4180} INFO - Setting next_dagrun for keycloak_setup to None, run_after=None
[2026-04-02T13:52:00.629+0000] {processor.py:208} INFO - Processing /opt/airflow/dags/keycloak/setup_keycloak.py took 0.102 seconds
[2026-04-02T13:52:30.824+0000] {processor.py:186} INFO - Started process (PID=6883) to work on /opt/airflow/dags/keycloak/setup_keycloak.py
[2026-04-02T13:52:30.825+0000] {processor.py:914} INFO - Processing file /opt/airflow/dags/keycloak/setup_keycloak.py for tasks to queue
[2026-04-02T13:52:30.827+0000] {logging_mixin.py:190} INFO - [2026-04-02T13:52:30.826+0000] {dagbag.py:588} INFO - Filling up the DagBag from /opt/airflow/dags/keycloak/setup_keycloak.py
[2026-04-02T13:52:30.835+0000] {processor.py:925} INFO - DAG(s) 'keycloak_setup' retrieved from /opt/airflow/dags/keycloak/setup_keycloak.py
[2026-04-02T13:52:30.866+0000] {logging_mixin.py:190} INFO - [2026-04-02T13:52:30.865+0000] {dag.py:3239} INFO - Sync 1 DAGs
[2026-04-02T13:52:30.880+0000] {logging_mixin.py:190} INFO - [2026-04-02T13:52:30.879+0000] {dag.py:4180} INFO - Setting next_dagrun for keycloak_setup to None, run_after=None
[2026-04-02T13:52:30.897+0000] {processor.py:208} INFO - Processing /opt/airflow/dags/keycloak/setup_keycloak.py took 0.078 seconds
[2026-04-02T13:53:01.091+0000] {processor.py:186} INFO - Started process (PID=6893) to work on /opt/airflow/dags/keycloak/setup_keycloak.py
[2026-04-02T13:53:01.092+0000] {processor.py:914} INFO - Processing file /opt/airflow/dags/keycloak/setup_keycloak.py for tasks to queue
[2026-04-02T13:53:01.093+0000] {logging_mixin.py:190} INFO - [2026-04-02T13:53:01.092+0000] {dagbag.py:588} INFO - Filling up the DagBag from /opt/airflow/dags/keycloak/setup_keycloak.py
[2026-04-02T13:53:01.100+0000] {processor.py:925} INFO - DAG(s) 'keycloak_setup' retrieved from /opt/airflow/dags/keycloak/setup_keycloak.py
[2026-04-02T13:53:01.124+0000] {logging_mixin.py:190} INFO - [2026-04-02T13:53:01.123+0000] {dag.py:3239} INFO - Sync 1 DAGs
[2026-04-02T13:53:01.136+0000] {logging_mixin.py:190} INFO - [2026-04-02T13:53:01.136+0000] {dag.py:4180} INFO - Setting next_dagrun for keycloak_setup to None, run_after=None
[2026-04-02T13:53:01.151+0000] {processor.py:208} INFO - Processing /opt/airflow/dags/keycloak/setup_keycloak.py took 0.065 seconds
[2026-04-02T13:53:31.333+0000] {processor.py:186} INFO - Started process (PID=6903) to work on /opt/airflow/dags/keycloak/setup_keycloak.py
[2026-04-02T13:53:31.335+0000] {processor.py:914} INFO - Processing file /opt/airflow/dags/keycloak/setup_keycloak.py for tasks to queue
[2026-04-02T13:53:31.339+0000] {logging_mixin.py:190} INFO - [2026-04-02T13:53:31.337+0000] {dagbag.py:588} INFO - Filling up the DagBag from /opt/airflow/dags/keycloak/setup_keycloak.py
[2026-04-02T13:53:31.352+0000] {processor.py:925} INFO - DAG(s) 'keycloak_setup' retrieved from /opt/airflow/dags/keycloak/setup_keycloak.py
[2026-04-02T13:53:31.385+0000] {logging_mixin.py:190} INFO - [2026-04-02T13:53:31.385+0000] {dag.py:3239} INFO - Sync 1 DAGs
[2026-04-02T13:53:31.399+0000] {logging_mixin.py:190} INFO - [2026-04-02T13:53:31.399+0000] {dag.py:4180} INFO - Setting next_dagrun for keycloak_setup to None, run_after=None
[2026-04-02T13:53:31.419+0000] {processor.py:208} INFO - Processing /opt/airflow/dags/keycloak/setup_keycloak.py took 0.092 seconds
[2026-04-02T13:54:01.629+0000] {processor.py:186} INFO - Started process (PID=6913) to work on /opt/airflow/dags/keycloak/setup_keycloak.py
[2026-04-02T13:54:01.630+0000] {processor.py:914} INFO - Processing file /opt/airflow/dags/keycloak/setup_keycloak.py for tasks to queue
[2026-04-02T13:54:01.630+0000] {logging_mixin.py:190} INFO - [2026-04-02T13:54:01.630+0000] {dagbag.py:588} INFO - Filling up the DagBag from /opt/airflow/dags/keycloak/setup_keycloak.py
[2026-04-02T13:54:01.638+0000] {processor.py:925} INFO - DAG(s) 'keycloak_setup' retrieved from /opt/airflow/dags/keycloak/setup_keycloak.py
[2026-04-02T13:54:01.666+0000] {logging_mixin.py:190} INFO - [2026-04-02T13:54:01.666+0000] {dag.py:3239} INFO - Sync 1 DAGs
[2026-04-02T13:54:01.682+0000] {logging_mixin.py:190} INFO - [2026-04-02T13:54:01.682+0000] {dag.py:4180} INFO - Setting next_dagrun for keycloak_setup to None, run_after=None
[2026-04-02T13:54:01.702+0000] {processor.py:208} INFO - Processing /opt/airflow/dags/keycloak/setup_keycloak.py took 0.077 seconds
[2026-04-02T13:54:31.900+0000] {processor.py:186} INFO - Started process (PID=6923) to work on /opt/airflow/dags/keycloak/setup_keycloak.py
[2026-04-02T13:54:31.917+0000] {processor.py:914} INFO - Processing file /opt/airflow/dags/keycloak/setup_keycloak.py for tasks to queue
[2026-04-02T13:54:31.918+0000] {logging_mixin.py:190} INFO - [2026-04-02T13:54:31.918+0000] {dagbag.py:588} INFO - Filling up the DagBag from /opt/airflow/dags/keycloak/setup_keycloak.py
[2026-04-02T13:54:31.926+0000] {processor.py:925} INFO - DAG(s) 'keycloak_setup' retrieved from /opt/airflow/dags/keycloak/setup_keycloak.py
[2026-04-02T13:54:31.954+0000] {logging_mixin.py:190} INFO - [2026-04-02T13:54:31.954+0000] {dag.py:3239} INFO - Sync 1 DAGs
[2026-04-02T13:54:31.968+0000] {logging_mixin.py:190} INFO - [2026-04-02T13:54:31.968+0000] {dag.py:4180} INFO - Setting next_dagrun for keycloak_setup to None, run_after=None
[2026-04-02T13:54:31.985+0000] {processor.py:208} INFO - Processing /opt/airflow/dags/keycloak/setup_keycloak.py took 0.090 seconds
[2026-04-02T13:55:02.184+0000] {processor.py:186} INFO - Started process (PID=6933) to work on /opt/airflow/dags/keycloak/setup_keycloak.py
[2026-04-02T13:55:02.185+0000] {processor.py:914} INFO - Processing file /opt/airflow/dags/keycloak/setup_keycloak.py for tasks to queue
[2026-04-02T13:55:02.186+0000] {logging_mixin.py:190} INFO - [2026-04-02T13:55:02.186+0000] {dagbag.py:588} INFO - Filling up the DagBag from /opt/airflow/dags/keycloak/setup_keycloak.py
[2026-04-02T13:55:02.196+0000] {processor.py:925} INFO - DAG(s) 'keycloak_setup' retrieved from /opt/airflow/dags/keycloak/setup_keycloak.py
[2026-04-02T13:55:02.222+0000] {logging_mixin.py:190} INFO - [2026-04-02T13:55:02.222+0000] {dag.py:3239} INFO - Sync 1 DAGs
[2026-04-02T13:55:02.234+0000] {logging_mixin.py:190} INFO - [2026-04-02T13:55:02.234+0000] {dag.py:4180} INFO - Setting next_dagrun for keycloak_setup to None, run_after=None
[2026-04-02T13:55:02.250+0000] {processor.py:208} INFO - Processing /opt/airflow/dags/keycloak/setup_keycloak.py took 0.071 seconds
[2026-04-02T13:55:32.473+0000] {processor.py:186} INFO - Started process (PID=6943) to work on /opt/airflow/dags/keycloak/setup_keycloak.py
[2026-04-02T13:55:32.475+0000] {processor.py:914} INFO - Processing file /opt/airflow/dags/keycloak/setup_keycloak.py for tasks to queue
[2026-04-02T13:55:32.476+0000] {logging_mixin.py:190} INFO - [2026-04-02T13:55:32.476+0000] {dagbag.py:588} INFO - Filling up the DagBag from /opt/airflow/dags/keycloak/setup_keycloak.py
[2026-04-02T13:55:32.491+0000] {processor.py:925} INFO - DAG(s) 'keycloak_setup' retrieved from /opt/airflow/dags/keycloak/setup_keycloak.py
[2026-04-02T13:55:32.531+0000] {logging_mixin.py:190} INFO - [2026-04-02T13:55:32.531+0000] {dag.py:3239} INFO - Sync 1 DAGs
[2026-04-02T13:55:32.550+0000] {logging_mixin.py:190} INFO - [2026-04-02T13:55:32.549+0000] {dag.py:4180} INFO - Setting next_dagrun for keycloak_setup to None, run_after=None
[2026-04-02T13:55:32.582+0000] {processor.py:208} INFO - Processing /opt/airflow/dags/keycloak/setup_keycloak.py took 0.116 seconds
[2026-04-02T13:56:02.817+0000] {processor.py:186} INFO - Started process (PID=6953) to work on /opt/airflow/dags/keycloak/setup_keycloak.py
[2026-04-02T13:56:02.818+0000] {processor.py:914} INFO - Processing file /opt/airflow/dags/keycloak/setup_keycloak.py for tasks to queue
[2026-04-02T13:56:02.819+0000] {logging_mixin.py:190} INFO - [2026-04-02T13:56:02.819+0000] {dagbag.py:588} INFO - Filling up the DagBag from /opt/airflow/dags/keycloak/setup_keycloak.py
[2026-04-02T13:56:02.828+0000] {processor.py:925} INFO - DAG(s) 'keycloak_setup' retrieved from /opt/airflow/dags/keycloak/setup_keycloak.py
[2026-04-02T13:56:02.853+0000] {logging_mixin.py:190} INFO - [2026-04-02T13:56:02.853+0000] {dag.py:3239} INFO - Sync 1 DAGs
[2026-04-02T13:56:02.868+0000] {logging_mixin.py:190} INFO - [2026-04-02T13:56:02.867+0000] {dag.py:4180} INFO - Setting next_dagrun for keycloak_setup to None, run_after=None
[2026-04-02T13:56:02.885+0000] {processor.py:208} INFO - Processing /opt/airflow/dags/keycloak/setup_keycloak.py took 0.073 seconds
[2026-04-02T13:56:33.096+0000] {processor.py:186} INFO - Started process (PID=6963) to work on /opt/airflow/dags/keycloak/setup_keycloak.py
[2026-04-02T13:56:33.098+0000] {processor.py:914} INFO - Processing file /opt/airflow/dags/keycloak/setup_keycloak.py for tasks to queue
[2026-04-02T13:56:33.099+0000] {logging_mixin.py:190} INFO - [2026-04-02T13:56:33.098+0000] {dagbag.py:588} INFO - Filling up the DagBag from /opt/airflow/dags/keycloak/setup_keycloak.py
[2026-04-02T13:56:33.106+0000] {processor.py:925} INFO - DAG(s) 'keycloak_setup' retrieved from /opt/airflow/dags/keycloak/setup_keycloak.py
[2026-04-02T13:56:33.132+0000] {logging_mixin.py:190} INFO - [2026-04-02T13:56:33.132+0000] {dag.py:3239} INFO - Sync 1 DAGs
[2026-04-02T13:56:33.143+0000] {logging_mixin.py:190} INFO - [2026-04-02T13:56:33.143+0000] {dag.py:4180} INFO - Setting next_dagrun for keycloak_setup to None, run_after=None
[2026-04-02T13:56:33.157+0000] {processor.py:208} INFO - Processing /opt/airflow/dags/keycloak/setup_keycloak.py took 0.066 seconds
[2026-04-02T13:57:03.351+0000] {processor.py:186} INFO - Started process (PID=6973) to work on /opt/airflow/dags/keycloak/setup_keycloak.py
[2026-04-02T13:57:03.352+0000] {processor.py:914} INFO - Processing file /opt/airflow/dags/keycloak/setup_keycloak.py for tasks to queue
[2026-04-02T13:57:03.353+0000] {logging_mixin.py:190} INFO - [2026-04-02T13:57:03.353+0000] {dagbag.py:588} INFO - Filling up the DagBag from /opt/airflow/dags/keycloak/setup_keycloak.py
[2026-04-02T13:57:03.360+0000] {processor.py:925} INFO - DAG(s) 'keycloak_setup' retrieved from /opt/airflow/dags/keycloak/setup_keycloak.py
[2026-04-02T13:57:03.383+0000] {logging_mixin.py:190} INFO - [2026-04-02T13:57:03.383+0000] {dag.py:3239} INFO - Sync 1 DAGs
[2026-04-02T13:57:03.394+0000] {logging_mixin.py:190} INFO - [2026-04-02T13:57:03.394+0000] {dag.py:4180} INFO - Setting next_dagrun for keycloak_setup to None, run_after=None
[2026-04-02T13:57:03.408+0000] {processor.py:208} INFO - Processing /opt/airflow/dags/keycloak/setup_keycloak.py took 0.061 seconds
[2026-04-02T13:57:33.603+0000] {processor.py:186} INFO - Started process (PID=6983) to work on /opt/airflow/dags/keycloak/setup_keycloak.py
[2026-04-02T13:57:33.605+0000] {processor.py:914} INFO - Processing file /opt/airflow/dags/keycloak/setup_keycloak.py for tasks to queue
[2026-04-02T13:57:33.606+0000] {logging_mixin.py:190} INFO - [2026-04-02T13:57:33.605+0000] {dagbag.py:588} INFO - Filling up the DagBag from /opt/airflow/dags/keycloak/setup_keycloak.py
[2026-04-02T13:57:33.613+0000] {processor.py:925} INFO - DAG(s) 'keycloak_setup' retrieved from /opt/airflow/dags/keycloak/setup_keycloak.py
[2026-04-02T13:57:33.641+0000] {logging_mixin.py:190} INFO - [2026-04-02T13:57:33.641+0000] {dag.py:3239} INFO - Sync 1 DAGs
[2026-04-02T13:57:33.653+0000] {logging_mixin.py:190} INFO - [2026-04-02T13:57:33.653+0000] {dag.py:4180} INFO - Setting next_dagrun for keycloak_setup to None, run_after=None
[2026-04-02T13:57:33.671+0000] {processor.py:208} INFO - Processing /opt/airflow/dags/keycloak/setup_keycloak.py took 0.073 seconds
[2026-04-02T13:58:03.861+0000] {processor.py:186} INFO - Started process (PID=6993) to work on /opt/airflow/dags/keycloak/setup_keycloak.py
[2026-04-02T13:58:03.862+0000] {processor.py:914} INFO - Processing file /opt/airflow/dags/keycloak/setup_keycloak.py for tasks to queue
[2026-04-02T13:58:03.862+0000] {logging_mixin.py:190} INFO - [2026-04-02T13:58:03.862+0000] {dagbag.py:588} INFO - Filling up the DagBag from /opt/airflow/dags/keycloak/setup_keycloak.py
[2026-04-02T13:58:03.871+0000] {processor.py:925} INFO - DAG(s) 'keycloak_setup' retrieved from /opt/airflow/dags/keycloak/setup_keycloak.py
[2026-04-02T13:58:03.895+0000] {logging_mixin.py:190} INFO - [2026-04-02T13:58:03.895+0000] {dag.py:3239} INFO - Sync 1 DAGs
[2026-04-02T13:58:03.911+0000] {logging_mixin.py:190} INFO - [2026-04-02T13:58:03.910+0000] {dag.py:4180} INFO - Setting next_dagrun for keycloak_setup to None, run_after=None
[2026-04-02T13:58:03.927+0000] {processor.py:208} INFO - Processing /opt/airflow/dags/keycloak/setup_keycloak.py took 0.071 seconds
[2026-04-02T13:58:34.136+0000] {processor.py:186} INFO - Started process (PID=7003) to work on /opt/airflow/dags/keycloak/setup_keycloak.py
[2026-04-02T13:58:34.139+0000] {processor.py:914} INFO - Processing file /opt/airflow/dags/keycloak/setup_keycloak.py for tasks to queue
[2026-04-02T13:58:34.141+0000] {logging_mixin.py:190} INFO - [2026-04-02T13:58:34.140+0000] {dagbag.py:588} INFO - Filling up the DagBag from /opt/airflow/dags/keycloak/setup_keycloak.py
[2026-04-02T13:58:34.156+0000] {processor.py:925} INFO - DAG(s) 'keycloak_setup' retrieved from /opt/airflow/dags/keycloak/setup_keycloak.py
[2026-04-02T13:58:34.194+0000] {logging_mixin.py:190} INFO - [2026-04-02T13:58:34.194+0000] {dag.py:3239} INFO - Sync 1 DAGs
[2026-04-02T13:58:34.215+0000] {logging_mixin.py:190} INFO - [2026-04-02T13:58:34.215+0000] {dag.py:4180} INFO - Setting next_dagrun for keycloak_setup to None, run_after=None
[2026-04-02T13:58:34.237+0000] {processor.py:208} INFO - Processing /opt/airflow/dags/keycloak/setup_keycloak.py took 0.113 seconds
[2026-04-02T13:59:04.440+0000] {processor.py:186} INFO - Started process (PID=7013) to work on /opt/airflow/dags/keycloak/setup_keycloak.py
[2026-04-02T13:59:04.440+0000] {processor.py:914} INFO - Processing file /opt/airflow/dags/keycloak/setup_keycloak.py for tasks to queue
[2026-04-02T13:59:04.441+0000] {logging_mixin.py:190} INFO - [2026-04-02T13:59:04.441+0000] {dagbag.py:588} INFO - Filling up the DagBag from /opt/airflow/dags/keycloak/setup_keycloak.py
[2026-04-02T13:59:04.449+0000] {processor.py:925} INFO - DAG(s) 'keycloak_setup' retrieved from /opt/airflow/dags/keycloak/setup_keycloak.py
[2026-04-02T13:59:04.469+0000] {logging_mixin.py:190} INFO - [2026-04-02T13:59:04.469+0000] {dag.py:3239} INFO - Sync 1 DAGs
[2026-04-02T13:59:04.482+0000] {logging_mixin.py:190} INFO - [2026-04-02T13:59:04.482+0000] {dag.py:4180} INFO - Setting next_dagrun for keycloak_setup to None, run_after=None
[2026-04-02T13:59:04.496+0000] {processor.py:208} INFO - Processing /opt/airflow/dags/keycloak/setup_keycloak.py took 0.061 seconds
[2026-04-02T13:59:34.692+0000] {processor.py:186} INFO - Started process (PID=7023) to work on /opt/airflow/dags/keycloak/setup_keycloak.py
[2026-04-02T13:59:34.699+0000] {processor.py:914} INFO - Processing file /opt/airflow/dags/keycloak/setup_keycloak.py for tasks to queue
[2026-04-02T13:59:34.700+0000] {logging_mixin.py:190} INFO - [2026-04-02T13:59:34.700+0000] {dagbag.py:588} INFO - Filling up the DagBag from /opt/airflow/dags/keycloak/setup_keycloak.py
[2026-04-02T13:59:34.712+0000] {processor.py:925} INFO - DAG(s) 'keycloak_setup' retrieved from /opt/airflow/dags/keycloak/setup_keycloak.py
[2026-04-02T13:59:34.752+0000] {logging_mixin.py:190} INFO - [2026-04-02T13:59:34.751+0000] {dag.py:3239} INFO - Sync 1 DAGs
[2026-04-02T13:59:34.770+0000] {logging_mixin.py:190} INFO - [2026-04-02T13:59:34.770+0000] {dag.py:4180} INFO - Setting next_dagrun for keycloak_setup to None, run_after=None
[2026-04-02T13:59:34.801+0000] {processor.py:208} INFO - Processing /opt/airflow/dags/keycloak/setup_keycloak.py took 0.116 seconds
[2026-04-02T13:59:39.747+0000] {processor.py:186} INFO - Started process (PID=7033) to work on /opt/airflow/dags/keycloak/setup_keycloak.py
[2026-04-02T13:59:39.748+0000] {processor.py:914} INFO - Processing file /opt/airflow/dags/keycloak/setup_keycloak.py for tasks to queue
[2026-04-02T13:59:39.749+0000] {logging_mixin.py:190} INFO - [2026-04-02T13:59:39.749+0000] {dagbag.py:588} INFO - Filling up the DagBag from /opt/airflow/dags/keycloak/setup_keycloak.py
[2026-04-02T13:59:39.762+0000] {processor.py:925} INFO - DAG(s) 'keycloak_setup' retrieved from /opt/airflow/dags/keycloak/setup_keycloak.py
[2026-04-02T13:59:39.943+0000] {logging_mixin.py:190} INFO - [2026-04-02T13:59:39.942+0000] {dag.py:3239} INFO - Sync 1 DAGs
[2026-04-02T13:59:39.957+0000] {logging_mixin.py:190} INFO - [2026-04-02T13:59:39.956+0000] {dag.py:4180} INFO - Setting next_dagrun for keycloak_setup to None, run_after=None
[2026-04-02T13:59:39.983+0000] {processor.py:208} INFO - Processing /opt/airflow/dags/keycloak/setup_keycloak.py took 0.242 seconds
[2026-04-02T14:00:10.193+0000] {processor.py:186} INFO - Started process (PID=7043) to work on /opt/airflow/dags/keycloak/setup_keycloak.py
[2026-04-02T14:00:10.195+0000] {processor.py:914} INFO - Processing file /opt/airflow/dags/keycloak/setup_keycloak.py for tasks to queue
[2026-04-02T14:00:10.197+0000] {logging_mixin.py:190} INFO - [2026-04-02T14:00:10.197+0000] {dagbag.py:588} INFO - Filling up the DagBag from /opt/airflow/dags/keycloak/setup_keycloak.py
[2026-04-02T14:00:10.218+0000] {processor.py:925} INFO - DAG(s) 'keycloak_setup' retrieved from /opt/airflow/dags/keycloak/setup_keycloak.py
[2026-04-02T14:00:10.270+0000] {logging_mixin.py:190} INFO - [2026-04-02T14:00:10.269+0000] {dag.py:3239} INFO - Sync 1 DAGs
[2026-04-02T14:00:10.297+0000] {logging_mixin.py:190} INFO - [2026-04-02T14:00:10.297+0000] {dag.py:4180} INFO - Setting next_dagrun for keycloak_setup to None, run_after=None
[2026-04-02T14:00:10.327+0000] {processor.py:208} INFO - Processing /opt/airflow/dags/keycloak/setup_keycloak.py took 0.146 seconds
[2026-04-02T14:00:40.673+0000] {processor.py:186} INFO - Started process (PID=7053) to work on /opt/airflow/dags/keycloak/setup_keycloak.py
[2026-04-02T14:00:40.676+0000] {processor.py:914} INFO - Processing file /opt/airflow/dags/keycloak/setup_keycloak.py for tasks to queue
[2026-04-02T14:00:40.678+0000] {logging_mixin.py:190} INFO - [2026-04-02T14:00:40.677+0000] {dagbag.py:588} INFO - Filling up the DagBag from /opt/airflow/dags/keycloak/setup_keycloak.py
[2026-04-02T14:00:40.693+0000] {processor.py:925} INFO - DAG(s) 'keycloak_setup' retrieved from /opt/airflow/dags/keycloak/setup_keycloak.py
[2026-04-02T14:00:40.736+0000] {logging_mixin.py:190} INFO - [2026-04-02T14:00:40.735+0000] {dag.py:3239} INFO - Sync 1 DAGs
[2026-04-02T14:00:40.763+0000] {logging_mixin.py:190} INFO - [2026-04-02T14:00:40.763+0000] {dag.py:4180} INFO - Setting next_dagrun for keycloak_setup to None, run_after=None
[2026-04-02T14:00:40.797+0000] {processor.py:208} INFO - Processing /opt/airflow/dags/keycloak/setup_keycloak.py took 0.136 seconds
[2026-04-02T14:01:10.999+0000] {processor.py:186} INFO - Started process (PID=7063) to work on /opt/airflow/dags/keycloak/setup_keycloak.py
[2026-04-02T14:01:11.000+0000] {processor.py:914} INFO - Processing file /opt/airflow/dags/keycloak/setup_keycloak.py for tasks to queue
[2026-04-02T14:01:11.001+0000] {logging_mixin.py:190} INFO - [2026-04-02T14:01:11.001+0000] {dagbag.py:588} INFO - Filling up the DagBag from /opt/airflow/dags/keycloak/setup_keycloak.py
[2026-04-02T14:01:11.012+0000] {processor.py:925} INFO - DAG(s) 'keycloak_setup' retrieved from /opt/airflow/dags/keycloak/setup_keycloak.py
[2026-04-02T14:01:11.046+0000] {logging_mixin.py:190} INFO - [2026-04-02T14:01:11.046+0000] {dag.py:3239} INFO - Sync 1 DAGs
[2026-04-02T14:01:11.064+0000] {logging_mixin.py:190} INFO - [2026-04-02T14:01:11.063+0000] {dag.py:4180} INFO - Setting next_dagrun for keycloak_setup to None, run_after=None
[2026-04-02T14:01:11.087+0000] {processor.py:208} INFO - Processing /opt/airflow/dags/keycloak/setup_keycloak.py took 0.094 seconds
[2026-04-02T14:01:41.301+0000] {processor.py:186} INFO - Started process (PID=7073) to work on /opt/airflow/dags/keycloak/setup_keycloak.py
[2026-04-02T14:01:41.310+0000] {processor.py:914} INFO - Processing file /opt/airflow/dags/keycloak/setup_keycloak.py for tasks to queue
[2026-04-02T14:01:41.312+0000] {logging_mixin.py:190} INFO - [2026-04-02T14:01:41.311+0000] {dagbag.py:588} INFO - Filling up the DagBag from /opt/airflow/dags/keycloak/setup_keycloak.py
[2026-04-02T14:01:41.324+0000] {processor.py:925} INFO - DAG(s) 'keycloak_setup' retrieved from /opt/airflow/dags/keycloak/setup_keycloak.py
[2026-04-02T14:01:41.361+0000] {logging_mixin.py:190} INFO - [2026-04-02T14:01:41.361+0000] {dag.py:3239} INFO - Sync 1 DAGs
[2026-04-02T14:01:41.383+0000] {logging_mixin.py:190} INFO - [2026-04-02T14:01:41.382+0000] {dag.py:4180} INFO - Setting next_dagrun for keycloak_setup to None, run_after=None
[2026-04-02T14:01:41.406+0000] {processor.py:208} INFO - Processing /opt/airflow/dags/keycloak/setup_keycloak.py took 0.113 seconds
[2026-04-02T14:02:11.616+0000] {processor.py:186} INFO - Started process (PID=7083) to work on /opt/airflow/dags/keycloak/setup_keycloak.py
[2026-04-02T14:02:11.616+0000] {processor.py:914} INFO - Processing file /opt/airflow/dags/keycloak/setup_keycloak.py for tasks to queue
[2026-04-02T14:02:11.618+0000] {logging_mixin.py:190} INFO - [2026-04-02T14:02:11.617+0000] {dagbag.py:588} INFO - Filling up the DagBag from /opt/airflow/dags/keycloak/setup_keycloak.py
[2026-04-02T14:02:11.634+0000] {processor.py:925} INFO - DAG(s) 'keycloak_setup' retrieved from /opt/airflow/dags/keycloak/setup_keycloak.py
[2026-04-02T14:02:11.667+0000] {logging_mixin.py:190} INFO - [2026-04-02T14:02:11.667+0000] {dag.py:3239} INFO - Sync 1 DAGs
[2026-04-02T14:02:11.683+0000] {logging_mixin.py:190} INFO - [2026-04-02T14:02:11.683+0000] {dag.py:4180} INFO - Setting next_dagrun for keycloak_setup to None, run_after=None
[2026-04-02T14:02:11.701+0000] {processor.py:208} INFO - Processing /opt/airflow/dags/keycloak/setup_keycloak.py took 0.096 seconds
[2026-04-02T14:02:41.881+0000] {processor.py:186} INFO - Started process (PID=7093) to work on /opt/airflow/dags/keycloak/setup_keycloak.py
[2026-04-02T14:02:41.883+0000] {processor.py:914} INFO - Processing file /opt/airflow/dags/keycloak/setup_keycloak.py for tasks to queue
[2026-04-02T14:02:41.884+0000] {logging_mixin.py:190} INFO - [2026-04-02T14:02:41.884+0000] {dagbag.py:588} INFO - Filling up the DagBag from /opt/airflow/dags/keycloak/setup_keycloak.py
[2026-04-02T14:02:41.896+0000] {processor.py:925} INFO - DAG(s) 'keycloak_setup' retrieved from /opt/airflow/dags/keycloak/setup_keycloak.py
[2026-04-02T14:02:41.927+0000] {logging_mixin.py:190} INFO - [2026-04-02T14:02:41.927+0000] {dag.py:3239} INFO - Sync 1 DAGs
[2026-04-02T14:02:41.945+0000] {logging_mixin.py:190} INFO - [2026-04-02T14:02:41.945+0000] {dag.py:4180} INFO - Setting next_dagrun for keycloak_setup to None, run_after=None
[2026-04-02T14:02:41.969+0000] {processor.py:208} INFO - Processing /opt/airflow/dags/keycloak/setup_keycloak.py took 0.095 seconds
[2026-04-02T14:02:47.014+0000] {processor.py:186} INFO - Started process (PID=7098) to work on /opt/airflow/dags/keycloak/setup_keycloak.py
[2026-04-02T14:02:47.015+0000] {processor.py:914} INFO - Processing file /opt/airflow/dags/keycloak/setup_keycloak.py for tasks to queue
[2026-04-02T14:02:47.016+0000] {logging_mixin.py:190} INFO - [2026-04-02T14:02:47.015+0000] {dagbag.py:588} INFO - Filling up the DagBag from /opt/airflow/dags/keycloak/setup_keycloak.py
[2026-04-02T14:02:47.028+0000] {processor.py:925} INFO - DAG(s) 'keycloak_setup' retrieved from /opt/airflow/dags/keycloak/setup_keycloak.py
[2026-04-02T14:02:47.152+0000] {logging_mixin.py:190} INFO - [2026-04-02T14:02:47.152+0000] {dag.py:3239} INFO - Sync 1 DAGs
[2026-04-02T14:02:47.167+0000] {logging_mixin.py:190} INFO - [2026-04-02T14:02:47.166+0000] {dag.py:4180} INFO - Setting next_dagrun for keycloak_setup to None, run_after=None
[2026-04-02T14:02:47.189+0000] {processor.py:208} INFO - Processing /opt/airflow/dags/keycloak/setup_keycloak.py took 0.182 seconds
[2026-04-02T14:03:17.314+0000] {processor.py:186} INFO - Started process (PID=7108) to work on /opt/airflow/dags/keycloak/setup_keycloak.py
[2026-04-02T14:03:17.316+0000] {processor.py:914} INFO - Processing file /opt/airflow/dags/keycloak/setup_keycloak.py for tasks to queue
[2026-04-02T14:03:17.317+0000] {logging_mixin.py:190} INFO - [2026-04-02T14:03:17.317+0000] {dagbag.py:588} INFO - Filling up the DagBag from /opt/airflow/dags/keycloak/setup_keycloak.py
[2026-04-02T14:03:17.330+0000] {processor.py:925} INFO - DAG(s) 'keycloak_setup' retrieved from /opt/airflow/dags/keycloak/setup_keycloak.py
[2026-04-02T14:03:17.366+0000] {logging_mixin.py:190} INFO - [2026-04-02T14:03:17.366+0000] {dag.py:3239} INFO - Sync 1 DAGs
[2026-04-02T14:03:17.382+0000] {logging_mixin.py:190} INFO - [2026-04-02T14:03:17.382+0000] {dag.py:4180} INFO - Setting next_dagrun for keycloak_setup to None, run_after=None
[2026-04-02T14:03:17.404+0000] {processor.py:208} INFO - Processing /opt/airflow/dags/keycloak/setup_keycloak.py took 0.098 seconds
[2026-04-02T14:03:47.597+0000] {processor.py:186} INFO - Started process (PID=7145) to work on /opt/airflow/dags/keycloak/setup_keycloak.py
[2026-04-02T14:03:47.598+0000] {processor.py:914} INFO - Processing file /opt/airflow/dags/keycloak/setup_keycloak.py for tasks to queue
[2026-04-02T14:03:47.599+0000] {logging_mixin.py:190} INFO - [2026-04-02T14:03:47.599+0000] {dagbag.py:588} INFO - Filling up the DagBag from /opt/airflow/dags/keycloak/setup_keycloak.py
[2026-04-02T14:03:47.609+0000] {processor.py:925} INFO - DAG(s) 'keycloak_setup' retrieved from /opt/airflow/dags/keycloak/setup_keycloak.py
[2026-04-02T14:03:47.632+0000] {logging_mixin.py:190} INFO - [2026-04-02T14:03:47.632+0000] {dag.py:3239} INFO - Sync 1 DAGs
[2026-04-02T14:03:47.644+0000] {logging_mixin.py:190} INFO - [2026-04-02T14:03:47.644+0000] {dag.py:4180} INFO - Setting next_dagrun for keycloak_setup to None, run_after=None
[2026-04-02T14:03:47.657+0000] {processor.py:208} INFO - Processing /opt/airflow/dags/keycloak/setup_keycloak.py took 0.065 seconds
[2026-04-02T14:04:17.830+0000] {processor.py:186} INFO - Started process (PID=7155) to work on /opt/airflow/dags/keycloak/setup_keycloak.py
[2026-04-02T14:04:17.843+0000] {processor.py:914} INFO - Processing file /opt/airflow/dags/keycloak/setup_keycloak.py for tasks to queue
[2026-04-02T14:04:17.844+0000] {logging_mixin.py:190} INFO - [2026-04-02T14:04:17.844+0000] {dagbag.py:588} INFO - Filling up the DagBag from /opt/airflow/dags/keycloak/setup_keycloak.py
[2026-04-02T14:04:17.852+0000] {processor.py:925} INFO - DAG(s) 'keycloak_setup' retrieved from /opt/airflow/dags/keycloak/setup_keycloak.py
[2026-04-02T14:04:17.876+0000] {logging_mixin.py:190} INFO - [2026-04-02T14:04:17.876+0000] {dag.py:3239} INFO - Sync 1 DAGs
[2026-04-02T14:04:17.887+0000] {logging_mixin.py:190} INFO - [2026-04-02T14:04:17.887+0000] {dag.py:4180} INFO - Setting next_dagrun for keycloak_setup to None, run_after=None
[2026-04-02T14:04:17.900+0000] {processor.py:208} INFO - Processing /opt/airflow/dags/keycloak/setup_keycloak.py took 0.076 seconds
[2026-04-02T14:04:48.074+0000] {processor.py:186} INFO - Started process (PID=7165) to work on /opt/airflow/dags/keycloak/setup_keycloak.py
[2026-04-02T14:04:48.074+0000] {processor.py:914} INFO - Processing file /opt/airflow/dags/keycloak/setup_keycloak.py for tasks to queue
[2026-04-02T14:04:48.075+0000] {logging_mixin.py:190} INFO - [2026-04-02T14:04:48.075+0000] {dagbag.py:588} INFO - Filling up the DagBag from /opt/airflow/dags/keycloak/setup_keycloak.py
[2026-04-02T14:04:48.083+0000] {processor.py:925} INFO - DAG(s) 'keycloak_setup' retrieved from /opt/airflow/dags/keycloak/setup_keycloak.py
[2026-04-02T14:04:48.106+0000] {logging_mixin.py:190} INFO - [2026-04-02T14:04:48.106+0000] {dag.py:3239} INFO - Sync 1 DAGs
[2026-04-02T14:04:48.118+0000] {logging_mixin.py:190} INFO - [2026-04-02T14:04:48.118+0000] {dag.py:4180} INFO - Setting next_dagrun for keycloak_setup to None, run_after=None
[2026-04-02T14:04:48.133+0000] {processor.py:208} INFO - Processing /opt/airflow/dags/keycloak/setup_keycloak.py took 0.064 seconds
[2026-04-02T14:05:18.321+0000] {processor.py:186} INFO - Started process (PID=7175) to work on /opt/airflow/dags/keycloak/setup_keycloak.py
[2026-04-02T14:05:18.323+0000] {processor.py:914} INFO - Processing file /opt/airflow/dags/keycloak/setup_keycloak.py for tasks to queue
[2026-04-02T14:05:18.325+0000] {logging_mixin.py:190} INFO - [2026-04-02T14:05:18.324+0000] {dagbag.py:588} INFO - Filling up the DagBag from /opt/airflow/dags/keycloak/setup_keycloak.py
[2026-04-02T14:05:18.336+0000] {processor.py:925} INFO - DAG(s) 'keycloak_setup' retrieved from /opt/airflow/dags/keycloak/setup_keycloak.py
[2026-04-02T14:05:18.368+0000] {logging_mixin.py:190} INFO - [2026-04-02T14:05:18.368+0000] {dag.py:3239} INFO - Sync 1 DAGs
[2026-04-02T14:05:18.386+0000] {logging_mixin.py:190} INFO - [2026-04-02T14:05:18.386+0000] {dag.py:4180} INFO - Setting next_dagrun for keycloak_setup to None, run_after=None
[2026-04-02T14:05:18.414+0000] {processor.py:208} INFO - Processing /opt/airflow/dags/keycloak/setup_keycloak.py took 0.099 seconds
[2026-04-02T14:05:48.608+0000] {processor.py:186} INFO - Started process (PID=7185) to work on /opt/airflow/dags/keycloak/setup_keycloak.py
[2026-04-02T14:05:48.609+0000] {processor.py:914} INFO - Processing file /opt/airflow/dags/keycloak/setup_keycloak.py for tasks to queue
[2026-04-02T14:05:48.610+0000] {logging_mixin.py:190} INFO - [2026-04-02T14:05:48.609+0000] {dagbag.py:588} INFO - Filling up the DagBag from /opt/airflow/dags/keycloak/setup_keycloak.py
[2026-04-02T14:05:48.619+0000] {processor.py:925} INFO - DAG(s) 'keycloak_setup' retrieved from /opt/airflow/dags/keycloak/setup_keycloak.py
[2026-04-02T14:05:48.646+0000] {logging_mixin.py:190} INFO - [2026-04-02T14:05:48.646+0000] {dag.py:3239} INFO - Sync 1 DAGs
[2026-04-02T14:05:48.660+0000] {logging_mixin.py:190} INFO - [2026-04-02T14:05:48.659+0000] {dag.py:4180} INFO - Setting next_dagrun for keycloak_setup to None, run_after=None
[2026-04-02T14:05:48.675+0000] {processor.py:208} INFO - Processing /opt/airflow/dags/keycloak/setup_keycloak.py took 0.072 seconds
[2026-04-02T14:06:09.743+0000] {processor.py:186} INFO - Started process (PID=7190) to work on /opt/airflow/dags/keycloak/setup_keycloak.py
[2026-04-02T14:06:09.744+0000] {processor.py:914} INFO - Processing file /opt/airflow/dags/keycloak/setup_keycloak.py for tasks to queue
[2026-04-02T14:06:09.745+0000] {logging_mixin.py:190} INFO - [2026-04-02T14:06:09.745+0000] {dagbag.py:588} INFO - Filling up the DagBag from /opt/airflow/dags/keycloak/setup_keycloak.py
[2026-04-02T14:06:09.764+0000] {logging_mixin.py:190} INFO - [2026-04-02T14:06:09.762+0000] {dagbag.py:387} ERROR - Failed to import: /opt/airflow/dags/keycloak/setup_keycloak.py
Traceback (most recent call last):
  File "/home/airflow/.local/lib/python3.12/site-packages/airflow/models/dagbag.py", line 383, in parse
    loader.exec_module(new_module)
  File "<frozen importlib._bootstrap_external>", line 995, in exec_module
  File "<frozen importlib._bootstrap>", line 488, in _call_with_frames_removed
  File "/opt/airflow/dags/keycloak/setup_keycloak.py", line 9, in <module>
    KEYCLOAK_URL       = Variable.get("keycloak_url")
                         ^^^^^^^^^^^^^^^^^^^^^^^^^^^^
  File "/home/airflow/.local/lib/python3.12/site-packages/airflow/models/variable.py", line 145, in get
    raise KeyError(f"Variable {key} does not exist")
KeyError: 'Variable keycloak_url does not exist'
[2026-04-02T14:06:09.764+0000] {processor.py:927} WARNING - No viable dags retrieved from /opt/airflow/dags/keycloak/setup_keycloak.py
[2026-04-02T14:06:09.774+0000] {processor.py:208} INFO - Processing /opt/airflow/dags/keycloak/setup_keycloak.py took 0.037 seconds
[2026-04-02T14:06:39.963+0000] {processor.py:186} INFO - Started process (PID=7200) to work on /opt/airflow/dags/keycloak/setup_keycloak.py
[2026-04-02T14:06:39.963+0000] {processor.py:914} INFO - Processing file /opt/airflow/dags/keycloak/setup_keycloak.py for tasks to queue
[2026-04-02T14:06:39.964+0000] {logging_mixin.py:190} INFO - [2026-04-02T14:06:39.964+0000] {dagbag.py:588} INFO - Filling up the DagBag from /opt/airflow/dags/keycloak/setup_keycloak.py
[2026-04-02T14:06:39.986+0000] {logging_mixin.py:190} INFO - [2026-04-02T14:06:39.984+0000] {dagbag.py:387} ERROR - Failed to import: /opt/airflow/dags/keycloak/setup_keycloak.py
Traceback (most recent call last):
  File "/home/airflow/.local/lib/python3.12/site-packages/airflow/models/dagbag.py", line 383, in parse
    loader.exec_module(new_module)
  File "<frozen importlib._bootstrap_external>", line 995, in exec_module
  File "<frozen importlib._bootstrap>", line 488, in _call_with_frames_removed
  File "/opt/airflow/dags/keycloak/setup_keycloak.py", line 9, in <module>
    KEYCLOAK_URL       = Variable.get("keycloak_url")
                         ^^^^^^^^^^^^^^^^^^^^^^^^^^^^
  File "/home/airflow/.local/lib/python3.12/site-packages/airflow/models/variable.py", line 145, in get
    raise KeyError(f"Variable {key} does not exist")
KeyError: 'Variable keycloak_url does not exist'
[2026-04-02T14:06:39.987+0000] {processor.py:927} WARNING - No viable dags retrieved from /opt/airflow/dags/keycloak/setup_keycloak.py
[2026-04-02T14:06:39.999+0000] {processor.py:208} INFO - Processing /opt/airflow/dags/keycloak/setup_keycloak.py took 0.041 seconds
[2026-04-02T14:07:10.189+0000] {processor.py:186} INFO - Started process (PID=7210) to work on /opt/airflow/dags/keycloak/setup_keycloak.py
[2026-04-02T14:07:10.190+0000] {processor.py:914} INFO - Processing file /opt/airflow/dags/keycloak/setup_keycloak.py for tasks to queue
[2026-04-02T14:07:10.191+0000] {logging_mixin.py:190} INFO - [2026-04-02T14:07:10.191+0000] {dagbag.py:588} INFO - Filling up the DagBag from /opt/airflow/dags/keycloak/setup_keycloak.py
[2026-04-02T14:07:10.208+0000] {logging_mixin.py:190} INFO - [2026-04-02T14:07:10.206+0000] {dagbag.py:387} ERROR - Failed to import: /opt/airflow/dags/keycloak/setup_keycloak.py
Traceback (most recent call last):
  File "/home/airflow/.local/lib/python3.12/site-packages/airflow/models/dagbag.py", line 383, in parse
    loader.exec_module(new_module)
  File "<frozen importlib._bootstrap_external>", line 995, in exec_module
  File "<frozen importlib._bootstrap>", line 488, in _call_with_frames_removed
  File "/opt/airflow/dags/keycloak/setup_keycloak.py", line 11, in <module>
    ADMIN_PASSWORD     = Variable.get("keycloak_admin_password")
                         ^^^^^^^^^^^^^^^^^^^^^^^^^^^^^^^^^^^^^^^
  File "/home/airflow/.local/lib/python3.12/site-packages/airflow/models/variable.py", line 145, in get
    raise KeyError(f"Variable {key} does not exist")
KeyError: 'Variable keycloak_admin_password does not exist'
[2026-04-02T14:07:10.208+0000] {processor.py:927} WARNING - No viable dags retrieved from /opt/airflow/dags/keycloak/setup_keycloak.py
[2026-04-02T14:07:10.217+0000] {processor.py:208} INFO - Processing /opt/airflow/dags/keycloak/setup_keycloak.py took 0.033 seconds
[2026-04-02T14:07:40.415+0000] {processor.py:186} INFO - Started process (PID=7220) to work on /opt/airflow/dags/keycloak/setup_keycloak.py
[2026-04-02T14:07:40.416+0000] {processor.py:914} INFO - Processing file /opt/airflow/dags/keycloak/setup_keycloak.py for tasks to queue
[2026-04-02T14:07:40.418+0000] {logging_mixin.py:190} INFO - [2026-04-02T14:07:40.417+0000] {dagbag.py:588} INFO - Filling up the DagBag from /opt/airflow/dags/keycloak/setup_keycloak.py
[2026-04-02T14:07:40.446+0000] {processor.py:925} INFO - DAG(s) 'keycloak_setup' retrieved from /opt/airflow/dags/keycloak/setup_keycloak.py
[2026-04-02T14:07:40.545+0000] {logging_mixin.py:190} INFO - [2026-04-02T14:07:40.545+0000] {dag.py:3239} INFO - Sync 1 DAGs
[2026-04-02T14:07:40.560+0000] {logging_mixin.py:190} INFO - [2026-04-02T14:07:40.559+0000] {dag.py:4180} INFO - Setting next_dagrun for keycloak_setup to None, run_after=None
[2026-04-02T14:07:40.584+0000] {processor.py:208} INFO - Processing /opt/airflow/dags/keycloak/setup_keycloak.py took 0.177 seconds
[2026-04-02T14:08:10.668+0000] {processor.py:186} INFO - Started process (PID=7230) to work on /opt/airflow/dags/keycloak/setup_keycloak.py
[2026-04-02T14:08:10.670+0000] {processor.py:914} INFO - Processing file /opt/airflow/dags/keycloak/setup_keycloak.py for tasks to queue
[2026-04-02T14:08:10.671+0000] {logging_mixin.py:190} INFO - [2026-04-02T14:08:10.670+0000] {dagbag.py:588} INFO - Filling up the DagBag from /opt/airflow/dags/keycloak/setup_keycloak.py
[2026-04-02T14:08:10.695+0000] {processor.py:925} INFO - DAG(s) 'keycloak_setup' retrieved from /opt/airflow/dags/keycloak/setup_keycloak.py
[2026-04-02T14:08:10.711+0000] {logging_mixin.py:190} INFO - [2026-04-02T14:08:10.711+0000] {dag.py:3239} INFO - Sync 1 DAGs
[2026-04-02T14:08:10.723+0000] {logging_mixin.py:190} INFO - [2026-04-02T14:08:10.723+0000] {dag.py:4180} INFO - Setting next_dagrun for keycloak_setup to None, run_after=None
[2026-04-02T14:08:10.738+0000] {processor.py:208} INFO - Processing /opt/airflow/dags/keycloak/setup_keycloak.py took 0.074 seconds
[2026-04-02T14:08:41.033+0000] {processor.py:186} INFO - Started process (PID=7240) to work on /opt/airflow/dags/keycloak/setup_keycloak.py
[2026-04-02T14:08:41.035+0000] {processor.py:914} INFO - Processing file /opt/airflow/dags/keycloak/setup_keycloak.py for tasks to queue
[2026-04-02T14:08:41.036+0000] {logging_mixin.py:190} INFO - [2026-04-02T14:08:41.036+0000] {dagbag.py:588} INFO - Filling up the DagBag from /opt/airflow/dags/keycloak/setup_keycloak.py
[2026-04-02T14:08:41.080+0000] {processor.py:925} INFO - DAG(s) 'keycloak_setup' retrieved from /opt/airflow/dags/keycloak/setup_keycloak.py
[2026-04-02T14:08:41.111+0000] {logging_mixin.py:190} INFO - [2026-04-02T14:08:41.111+0000] {dag.py:3239} INFO - Sync 1 DAGs
[2026-04-02T14:08:41.132+0000] {logging_mixin.py:190} INFO - [2026-04-02T14:08:41.132+0000] {dag.py:4180} INFO - Setting next_dagrun for keycloak_setup to None, run_after=None
[2026-04-02T14:08:41.165+0000] {processor.py:208} INFO - Processing /opt/airflow/dags/keycloak/setup_keycloak.py took 0.140 seconds
[2026-04-02T14:09:11.248+0000] {processor.py:186} INFO - Started process (PID=7250) to work on /opt/airflow/dags/keycloak/setup_keycloak.py
[2026-04-02T14:09:11.251+0000] {processor.py:914} INFO - Processing file /opt/airflow/dags/keycloak/setup_keycloak.py for tasks to queue
[2026-04-02T14:09:11.254+0000] {logging_mixin.py:190} INFO - [2026-04-02T14:09:11.253+0000] {dagbag.py:588} INFO - Filling up the DagBag from /opt/airflow/dags/keycloak/setup_keycloak.py
[2026-04-02T14:09:11.322+0000] {processor.py:925} INFO - DAG(s) 'keycloak_setup' retrieved from /opt/airflow/dags/keycloak/setup_keycloak.py
[2026-04-02T14:09:11.364+0000] {logging_mixin.py:190} INFO - [2026-04-02T14:09:11.363+0000] {dag.py:3239} INFO - Sync 1 DAGs
[2026-04-02T14:09:11.392+0000] {logging_mixin.py:190} INFO - [2026-04-02T14:09:11.392+0000] {dag.py:4180} INFO - Setting next_dagrun for keycloak_setup to None, run_after=None
[2026-04-02T14:09:11.422+0000] {processor.py:208} INFO - Processing /opt/airflow/dags/keycloak/setup_keycloak.py took 0.189 seconds
[2026-04-02T14:09:41.644+0000] {processor.py:186} INFO - Started process (PID=7260) to work on /opt/airflow/dags/keycloak/setup_keycloak.py
[2026-04-02T14:09:41.645+0000] {processor.py:914} INFO - Processing file /opt/airflow/dags/keycloak/setup_keycloak.py for tasks to queue
[2026-04-02T14:09:41.646+0000] {logging_mixin.py:190} INFO - [2026-04-02T14:09:41.645+0000] {dagbag.py:588} INFO - Filling up the DagBag from /opt/airflow/dags/keycloak/setup_keycloak.py
[2026-04-02T14:09:41.670+0000] {processor.py:925} INFO - DAG(s) 'keycloak_setup' retrieved from /opt/airflow/dags/keycloak/setup_keycloak.py
[2026-04-02T14:09:41.687+0000] {logging_mixin.py:190} INFO - [2026-04-02T14:09:41.686+0000] {dag.py:3239} INFO - Sync 1 DAGs
[2026-04-02T14:09:41.699+0000] {logging_mixin.py:190} INFO - [2026-04-02T14:09:41.698+0000] {dag.py:4180} INFO - Setting next_dagrun for keycloak_setup to None, run_after=None
[2026-04-02T14:09:41.712+0000] {processor.py:208} INFO - Processing /opt/airflow/dags/keycloak/setup_keycloak.py took 0.074 seconds
[2026-04-02T14:10:11.922+0000] {processor.py:186} INFO - Started process (PID=7300) to work on /opt/airflow/dags/keycloak/setup_keycloak.py
[2026-04-02T14:10:11.923+0000] {processor.py:914} INFO - Processing file /opt/airflow/dags/keycloak/setup_keycloak.py for tasks to queue
[2026-04-02T14:10:11.924+0000] {logging_mixin.py:190} INFO - [2026-04-02T14:10:11.924+0000] {dagbag.py:588} INFO - Filling up the DagBag from /opt/airflow/dags/keycloak/setup_keycloak.py
[2026-04-02T14:10:11.952+0000] {processor.py:925} INFO - DAG(s) 'keycloak_setup' retrieved from /opt/airflow/dags/keycloak/setup_keycloak.py
[2026-04-02T14:10:11.970+0000] {logging_mixin.py:190} INFO - [2026-04-02T14:10:11.970+0000] {dag.py:3239} INFO - Sync 1 DAGs
[2026-04-02T14:10:11.984+0000] {logging_mixin.py:190} INFO - [2026-04-02T14:10:11.984+0000] {dag.py:4180} INFO - Setting next_dagrun for keycloak_setup to None, run_after=None
[2026-04-02T14:10:12.000+0000] {processor.py:208} INFO - Processing /opt/airflow/dags/keycloak/setup_keycloak.py took 0.084 seconds
[2026-04-02T14:10:42.197+0000] {processor.py:186} INFO - Started process (PID=7310) to work on /opt/airflow/dags/keycloak/setup_keycloak.py
[2026-04-02T14:10:42.198+0000] {processor.py:914} INFO - Processing file /opt/airflow/dags/keycloak/setup_keycloak.py for tasks to queue
[2026-04-02T14:10:42.199+0000] {logging_mixin.py:190} INFO - [2026-04-02T14:10:42.199+0000] {dagbag.py:588} INFO - Filling up the DagBag from /opt/airflow/dags/keycloak/setup_keycloak.py
[2026-04-02T14:10:42.221+0000] {processor.py:925} INFO - DAG(s) 'keycloak_setup' retrieved from /opt/airflow/dags/keycloak/setup_keycloak.py
[2026-04-02T14:10:42.235+0000] {logging_mixin.py:190} INFO - [2026-04-02T14:10:42.235+0000] {dag.py:3239} INFO - Sync 1 DAGs
[2026-04-02T14:10:42.247+0000] {logging_mixin.py:190} INFO - [2026-04-02T14:10:42.246+0000] {dag.py:4180} INFO - Setting next_dagrun for keycloak_setup to None, run_after=None
[2026-04-02T14:10:42.261+0000] {processor.py:208} INFO - Processing /opt/airflow/dags/keycloak/setup_keycloak.py took 0.068 seconds
[2026-04-02T14:11:12.465+0000] {processor.py:186} INFO - Started process (PID=7320) to work on /opt/airflow/dags/keycloak/setup_keycloak.py
[2026-04-02T14:11:12.465+0000] {processor.py:914} INFO - Processing file /opt/airflow/dags/keycloak/setup_keycloak.py for tasks to queue
[2026-04-02T14:11:12.466+0000] {logging_mixin.py:190} INFO - [2026-04-02T14:11:12.466+0000] {dagbag.py:588} INFO - Filling up the DagBag from /opt/airflow/dags/keycloak/setup_keycloak.py
[2026-04-02T14:11:12.490+0000] {processor.py:925} INFO - DAG(s) 'keycloak_setup' retrieved from /opt/airflow/dags/keycloak/setup_keycloak.py
[2026-04-02T14:11:12.505+0000] {logging_mixin.py:190} INFO - [2026-04-02T14:11:12.505+0000] {dag.py:3239} INFO - Sync 1 DAGs
[2026-04-02T14:11:12.519+0000] {logging_mixin.py:190} INFO - [2026-04-02T14:11:12.519+0000] {dag.py:4180} INFO - Setting next_dagrun for keycloak_setup to None, run_after=None
[2026-04-02T14:11:12.535+0000] {processor.py:208} INFO - Processing /opt/airflow/dags/keycloak/setup_keycloak.py took 0.075 seconds
